ISO-10303-21;
HEADER;
FILE_DESCRIPTION(('KiCad electronic assembly'),'2;1');
FILE_NAME('VORTAC_TOOLPLATE_REV2.step','2025-11-01T19:29:37',('Pcbnew'),
  ('Kicad'),'Open CASCADE STEP processor 7.8','KiCad to STEP converter',
  'Unknown');
FILE_SCHEMA(('AUTOMOTIVE_DESIGN { 1 0 10303 214 1 1 1 1 }'));
ENDSEC;
DATA;
#1 = APPLICATION_PROTOCOL_DEFINITION('international standard',
  'automotive_design',2000,#2);
#2 = APPLICATION_CONTEXT(
  'core data for automotive mechanical design processes');
#3 = SHAPE_DEFINITION_REPRESENTATION(#4,#10);
#4 = PRODUCT_DEFINITION_SHAPE('','',#5);
#5 = PRODUCT_DEFINITION('design','',#6,#9);
#6 = PRODUCT_DEFINITION_FORMATION('','',#7);
#7 = PRODUCT('VORTAC_TOOLPLATE_REV2 1','VORTAC_TOOLPLATE_REV2 1','',(#8)
  );
#8 = PRODUCT_CONTEXT('',#2,'mechanical');
#9 = PRODUCT_DEFINITION_CONTEXT('part definition',#2,'design');
#10 = SHAPE_REPRESENTATION('',(#11,#15,#19,#23,#27,#31,#35,#39),#43);
#11 = AXIS2_PLACEMENT_3D('',#12,#13,#14);
#12 = CARTESIAN_POINT('',(0.,0.,0.));
#13 = DIRECTION('',(0.,0.,1.));
#14 = DIRECTION('',(1.,0.,-0.));
#15 = AXIS2_PLACEMENT_3D('',#16,#17,#18);
#16 = CARTESIAN_POINT('',(107.04,-103.3175,0.995));
#17 = DIRECTION('',(0.,0.,1.));
#18 = DIRECTION('',(1.,0.,0.));
#19 = AXIS2_PLACEMENT_3D('',#20,#21,#22);
#20 = CARTESIAN_POINT('',(107.04,-94.9425,0.995));
#21 = DIRECTION('',(0.,0.,1.));
#22 = DIRECTION('',(1.,0.,0.));
#23 = AXIS2_PLACEMENT_3D('',#24,#25,#26);
#24 = CARTESIAN_POINT('',(107.04,-105.2175,0.995));
#25 = DIRECTION('',(0.,0.,1.));
#26 = DIRECTION('',(1.,0.,0.));
#27 = AXIS2_PLACEMENT_3D('',#28,#29,#30);
#28 = CARTESIAN_POINT('',(107.04,-96.8425,0.995));
#29 = DIRECTION('',(0.,0.,1.));
#30 = DIRECTION('',(1.,0.,0.));
#31 = AXIS2_PLACEMENT_3D('',#32,#33,#34);
#32 = CARTESIAN_POINT('',(106.43,-99.9975,0.995));
#33 = DIRECTION('',(0.,-0.,1.));
#34 = DIRECTION('',(1.110223024625E-16,1.,0.));
#35 = AXIS2_PLACEMENT_3D('',#36,#37,#38);
#36 = CARTESIAN_POINT('',(0.,0.,0.));
#37 = DIRECTION('',(0.,0.,1.));
#38 = DIRECTION('',(1.,0.,-0.));
#39 = AXIS2_PLACEMENT_3D('',#40,#41,#42);
#40 = CARTESIAN_POINT('',(0.,0.,0.));
#41 = DIRECTION('',(0.,0.,1.));
#42 = DIRECTION('',(1.,0.,-0.));
#43 = ( GEOMETRIC_REPRESENTATION_CONTEXT(3) 
GLOBAL_UNCERTAINTY_ASSIGNED_CONTEXT((#47)) GLOBAL_UNIT_ASSIGNED_CONTEXT(
(#44,#45,#46)) REPRESENTATION_CONTEXT('Context #1',
  '3D Context with UNIT and UNCERTAINTY') );
#44 = ( LENGTH_UNIT() NAMED_UNIT(*) SI_UNIT(.MILLI.,.METRE.) );
#45 = ( NAMED_UNIT(*) PLANE_ANGLE_UNIT() SI_UNIT($,.RADIAN.) );
#46 = ( NAMED_UNIT(*) SI_UNIT($,.STERADIAN.) SOLID_ANGLE_UNIT() );
#47 = UNCERTAINTY_MEASURE_WITH_UNIT(LENGTH_MEASURE(2.E-07),#44,
  'distance_accuracy_value','confusion accuracy');
#48 = PRODUCT_RELATED_PRODUCT_CATEGORY('part',$,(#7));
#49 = SHAPE_DEFINITION_REPRESENTATION(#50,#56);
#50 = PRODUCT_DEFINITION_SHAPE('','',#51);
#51 = PRODUCT_DEFINITION('design','',#52,#55);
#52 = PRODUCT_DEFINITION_FORMATION('','',#53);
#53 = PRODUCT('D_SOD-323','D_SOD-323','',(#54));
#54 = PRODUCT_CONTEXT('',#2,'mechanical');
#55 = PRODUCT_DEFINITION_CONTEXT('part definition',#2,'design');
#56 = ADVANCED_BREP_SHAPE_REPRESENTATION('',(#11,#57),#1857);
#57 = MANIFOLD_SOLID_BREP('',#58);
#58 = CLOSED_SHELL('',(#59,#99,#132,#165,#232,#299,#344,#361,#384,#406,
    #423,#440,#457,#469,#492,#555,#578,#601,#624,#654,#678,#701,#724,
    #769,#792,#809,#832,#849,#872,#895,#926,#949,#972,#1002,#1032,#1065,
    #1082,#1099,#1122,#1145,#1235,#1251,#1274,#1304,#1379,#1454,#1484,
    #1501,#1518,#1535,#1551,#1578,#1594,#1606,#1618,#1649,#1673,#1697,
    #1714,#1731,#1748,#1765,#1782,#1799,#1816,#1833,#1845));
#59 = ADVANCED_FACE('',(#60),#94,.F.);
#60 = FACE_BOUND('',#61,.F.);
#61 = EDGE_LOOP('',(#62,#72,#80,#88));
#62 = ORIENTED_EDGE('',*,*,#63,.T.);
#63 = EDGE_CURVE('',#64,#66,#68,.T.);
#64 = VERTEX_POINT('',#65);
#65 = CARTESIAN_POINT('',(0.92,0.175,0.455));
#66 = VERTEX_POINT('',#67);
#67 = CARTESIAN_POINT('',(0.92,-0.175,0.455));
#68 = LINE('',#69,#70);
#69 = CARTESIAN_POINT('',(0.92,0.175,0.455));
#70 = VECTOR('',#71,1.);
#71 = DIRECTION('',(-2.22044604925E-16,-1.,0.));
#72 = ORIENTED_EDGE('',*,*,#73,.T.);
#73 = EDGE_CURVE('',#66,#74,#76,.T.);
#74 = VERTEX_POINT('',#75);
#75 = CARTESIAN_POINT('',(0.92,-0.175,0.22));
#76 = LINE('',#77,#78);
#77 = CARTESIAN_POINT('',(0.92,-0.175,0.455));
#78 = VECTOR('',#79,1.);
#79 = DIRECTION('',(0.,-0.,-1.));
#80 = ORIENTED_EDGE('',*,*,#81,.F.);
#81 = EDGE_CURVE('',#82,#74,#84,.T.);
#82 = VERTEX_POINT('',#83);
#83 = CARTESIAN_POINT('',(0.92,0.175,0.22));
#84 = LINE('',#85,#86);
#85 = CARTESIAN_POINT('',(0.92,0.175,0.22));
#86 = VECTOR('',#87,1.);
#87 = DIRECTION('',(-2.22044604925E-16,-1.,0.));
#88 = ORIENTED_EDGE('',*,*,#89,.F.);
#89 = EDGE_CURVE('',#64,#82,#90,.T.);
#90 = LINE('',#91,#92);
#91 = CARTESIAN_POINT('',(0.92,0.175,0.455));
#92 = VECTOR('',#93,1.);
#93 = DIRECTION('',(0.,-0.,-1.));
#94 = PLANE('',#95);
#95 = AXIS2_PLACEMENT_3D('',#96,#97,#98);
#96 = CARTESIAN_POINT('',(0.92,0.175,0.455));
#97 = DIRECTION('',(1.,-2.22044604925E-16,0.));
#98 = DIRECTION('',(0.,-0.,-1.));
#99 = ADVANCED_FACE('',(#100),#127,.F.);
#100 = FACE_BOUND('',#101,.F.);
#101 = EDGE_LOOP('',(#102,#112,#119,#120));
#102 = ORIENTED_EDGE('',*,*,#103,.T.);
#103 = EDGE_CURVE('',#104,#106,#108,.T.);
#104 = VERTEX_POINT('',#105);
#105 = CARTESIAN_POINT('',(0.85,0.175,0.525));
#106 = VERTEX_POINT('',#107);
#107 = CARTESIAN_POINT('',(0.85,-0.175,0.525));
#108 = LINE('',#109,#110);
#109 = CARTESIAN_POINT('',(0.85,0.175,0.525));
#110 = VECTOR('',#111,1.);
#111 = DIRECTION('',(-2.22044604925E-16,-1.,0.));
#112 = ORIENTED_EDGE('',*,*,#113,.T.);
#113 = EDGE_CURVE('',#106,#66,#114,.T.);
#114 = CIRCLE('',#115,7.E-02);
#115 = AXIS2_PLACEMENT_3D('',#116,#117,#118);
#116 = CARTESIAN_POINT('',(0.85,-0.175,0.455));
#117 = DIRECTION('',(2.22044604925E-16,1.,-0.));
#118 = DIRECTION('',(0.,0.,1.));
#119 = ORIENTED_EDGE('',*,*,#63,.F.);
#120 = ORIENTED_EDGE('',*,*,#121,.F.);
#121 = EDGE_CURVE('',#104,#64,#122,.T.);
#122 = CIRCLE('',#123,7.E-02);
#123 = AXIS2_PLACEMENT_3D('',#124,#125,#126);
#124 = CARTESIAN_POINT('',(0.85,0.175,0.455));
#125 = DIRECTION('',(2.22044604925E-16,1.,-0.));
#126 = DIRECTION('',(0.,0.,1.));
#127 = CYLINDRICAL_SURFACE('',#128,7.E-02);
#128 = AXIS2_PLACEMENT_3D('',#129,#130,#131);
#129 = CARTESIAN_POINT('',(0.85,0.175,0.455));
#130 = DIRECTION('',(2.22044604925E-16,1.,0.));
#131 = DIRECTION('',(0.,-0.,1.));
#132 = ADVANCED_FACE('',(#133),#160,.T.);
#133 = FACE_BOUND('',#134,.T.);
#134 = EDGE_LOOP('',(#135,#144,#152,#159));
#135 = ORIENTED_EDGE('',*,*,#136,.T.);
#136 = EDGE_CURVE('',#82,#137,#139,.T.);
#137 = VERTEX_POINT('',#138);
#138 = CARTESIAN_POINT('',(1.14,0.175,0.));
#139 = CIRCLE('',#140,0.22);
#140 = AXIS2_PLACEMENT_3D('',#141,#142,#143);
#141 = CARTESIAN_POINT('',(1.14,0.175,0.22));
#142 = DIRECTION('',(-2.22044604925E-16,-1.,0.));
#143 = DIRECTION('',(-1.,2.22044604925E-16,1.261617073438E-16));
#144 = ORIENTED_EDGE('',*,*,#145,.T.);
#145 = EDGE_CURVE('',#137,#146,#148,.T.);
#146 = VERTEX_POINT('',#147);
#147 = CARTESIAN_POINT('',(1.14,-0.175,0.));
#148 = LINE('',#149,#150);
#149 = CARTESIAN_POINT('',(1.14,0.175,0.));
#150 = VECTOR('',#151,1.);
#151 = DIRECTION('',(-2.22044604925E-16,-1.,0.));
#152 = ORIENTED_EDGE('',*,*,#153,.F.);
#153 = EDGE_CURVE('',#74,#146,#154,.T.);
#154 = CIRCLE('',#155,0.22);
#155 = AXIS2_PLACEMENT_3D('',#156,#157,#158);
#156 = CARTESIAN_POINT('',(1.14,-0.175,0.22));
#157 = DIRECTION('',(-2.22044604925E-16,-1.,0.));
#158 = DIRECTION('',(-1.,2.22044604925E-16,1.261617073438E-16));
#159 = ORIENTED_EDGE('',*,*,#81,.F.);
#160 = CYLINDRICAL_SURFACE('',#161,0.22);
#161 = AXIS2_PLACEMENT_3D('',#162,#163,#164);
#162 = CARTESIAN_POINT('',(1.14,0.175,0.22));
#163 = DIRECTION('',(2.22044604925E-16,1.,-0.));
#164 = DIRECTION('',(-1.,2.22044604925E-16,1.261617073438E-16));
#165 = ADVANCED_FACE('',(#166),#227,.F.);
#166 = FACE_BOUND('',#167,.F.);
#167 = EDGE_LOOP('',(#168,#176,#177,#178,#179,#187,#195,#203,#212,#220)
  );
#168 = ORIENTED_EDGE('',*,*,#169,.F.);
#169 = EDGE_CURVE('',#104,#170,#172,.T.);
#170 = VERTEX_POINT('',#171);
#171 = CARTESIAN_POINT('',(0.85,0.175,0.675));
#172 = LINE('',#173,#174);
#173 = CARTESIAN_POINT('',(0.85,0.175,0.498338171534));
#174 = VECTOR('',#175,1.);
#175 = DIRECTION('',(0.,0.,1.));
#176 = ORIENTED_EDGE('',*,*,#121,.T.);
#177 = ORIENTED_EDGE('',*,*,#89,.T.);
#178 = ORIENTED_EDGE('',*,*,#136,.T.);
#179 = ORIENTED_EDGE('',*,*,#180,.T.);
#180 = EDGE_CURVE('',#137,#181,#183,.T.);
#181 = VERTEX_POINT('',#182);
#182 = CARTESIAN_POINT('',(1.25,0.175,0.));
#183 = LINE('',#184,#185);
#184 = CARTESIAN_POINT('',(1.14,0.175,0.));
#185 = VECTOR('',#186,1.);
#186 = DIRECTION('',(1.,-2.22044604925E-16,0.));
#187 = ORIENTED_EDGE('',*,*,#188,.T.);
#188 = EDGE_CURVE('',#181,#189,#191,.T.);
#189 = VERTEX_POINT('',#190);
#190 = CARTESIAN_POINT('',(1.25,0.175,0.15));
#191 = LINE('',#192,#193);
#192 = CARTESIAN_POINT('',(1.25,0.175,0.));
#193 = VECTOR('',#194,1.);
#194 = DIRECTION('',(0.,0.,1.));
#195 = ORIENTED_EDGE('',*,*,#196,.T.);
#196 = EDGE_CURVE('',#189,#197,#199,.T.);
#197 = VERTEX_POINT('',#198);
#198 = CARTESIAN_POINT('',(1.14,0.175,0.15));
#199 = LINE('',#200,#201);
#200 = CARTESIAN_POINT('',(1.25,0.175,0.15));
#201 = VECTOR('',#202,1.);
#202 = DIRECTION('',(-1.,2.22044604925E-16,0.));
#203 = ORIENTED_EDGE('',*,*,#204,.T.);
#204 = EDGE_CURVE('',#197,#205,#207,.T.);
#205 = VERTEX_POINT('',#206);
#206 = CARTESIAN_POINT('',(1.07,0.175,0.22));
#207 = CIRCLE('',#208,7.E-02);
#208 = AXIS2_PLACEMENT_3D('',#209,#210,#211);
#209 = CARTESIAN_POINT('',(1.14,0.175,0.22));
#210 = DIRECTION('',(2.22044604925E-16,1.,0.));
#211 = DIRECTION('',(-1.586032892322E-15,3.521700469737E-31,-1.));
#212 = ORIENTED_EDGE('',*,*,#213,.T.);
#213 = EDGE_CURVE('',#205,#214,#216,.T.);
#214 = VERTEX_POINT('',#215);
#215 = CARTESIAN_POINT('',(1.07,0.175,0.455));
#216 = LINE('',#217,#218);
#217 = CARTESIAN_POINT('',(1.07,0.175,0.22));
#218 = VECTOR('',#219,1.);
#219 = DIRECTION('',(0.,0.,1.));
#220 = ORIENTED_EDGE('',*,*,#221,.T.);
#221 = EDGE_CURVE('',#214,#170,#222,.T.);
#222 = CIRCLE('',#223,0.22);
#223 = AXIS2_PLACEMENT_3D('',#224,#225,#226);
#224 = CARTESIAN_POINT('',(0.85,0.175,0.455));
#225 = DIRECTION('',(-2.22044604925E-16,-1.,0.));
#226 = DIRECTION('',(1.,-2.22044604925E-16,-7.569702440626E-16));
#227 = PLANE('',#228);
#228 = AXIS2_PLACEMENT_3D('',#229,#230,#231);
#229 = CARTESIAN_POINT('',(1.013084179351,0.175,0.321676343068));
#230 = DIRECTION('',(-2.22044604925E-16,-1.,0.));
#231 = DIRECTION('',(0.,0.,1.));
#232 = ADVANCED_FACE('',(#233),#294,.T.);
#233 = FACE_BOUND('',#234,.T.);
#234 = EDGE_LOOP('',(#235,#243,#244,#245,#246,#254,#262,#270,#279,#287)
  );
#235 = ORIENTED_EDGE('',*,*,#236,.F.);
#236 = EDGE_CURVE('',#106,#237,#239,.T.);
#237 = VERTEX_POINT('',#238);
#238 = CARTESIAN_POINT('',(0.85,-0.175,0.675));
#239 = LINE('',#240,#241);
#240 = CARTESIAN_POINT('',(0.85,-0.175,0.498338171534));
#241 = VECTOR('',#242,1.);
#242 = DIRECTION('',(0.,0.,1.));
#243 = ORIENTED_EDGE('',*,*,#113,.T.);
#244 = ORIENTED_EDGE('',*,*,#73,.T.);
#245 = ORIENTED_EDGE('',*,*,#153,.T.);
#246 = ORIENTED_EDGE('',*,*,#247,.T.);
#247 = EDGE_CURVE('',#146,#248,#250,.T.);
#248 = VERTEX_POINT('',#249);
#249 = CARTESIAN_POINT('',(1.25,-0.175,0.));
#250 = LINE('',#251,#252);
#251 = CARTESIAN_POINT('',(1.14,-0.175,0.));
#252 = VECTOR('',#253,1.);
#253 = DIRECTION('',(1.,-2.22044604925E-16,0.));
#254 = ORIENTED_EDGE('',*,*,#255,.T.);
#255 = EDGE_CURVE('',#248,#256,#258,.T.);
#256 = VERTEX_POINT('',#257);
#257 = CARTESIAN_POINT('',(1.25,-0.175,0.15));
#258 = LINE('',#259,#260);
#259 = CARTESIAN_POINT('',(1.25,-0.175,0.));
#260 = VECTOR('',#261,1.);
#261 = DIRECTION('',(0.,0.,1.));
#262 = ORIENTED_EDGE('',*,*,#263,.T.);
#263 = EDGE_CURVE('',#256,#264,#266,.T.);
#264 = VERTEX_POINT('',#265);
#265 = CARTESIAN_POINT('',(1.14,-0.175,0.15));
#266 = LINE('',#267,#268);
#267 = CARTESIAN_POINT('',(1.25,-0.175,0.15));
#268 = VECTOR('',#269,1.);
#269 = DIRECTION('',(-1.,2.22044604925E-16,0.));
#270 = ORIENTED_EDGE('',*,*,#271,.T.);
#271 = EDGE_CURVE('',#264,#272,#274,.T.);
#272 = VERTEX_POINT('',#273);
#273 = CARTESIAN_POINT('',(1.07,-0.175,0.22));
#274 = CIRCLE('',#275,7.E-02);
#275 = AXIS2_PLACEMENT_3D('',#276,#277,#278);
#276 = CARTESIAN_POINT('',(1.14,-0.175,0.22));
#277 = DIRECTION('',(2.22044604925E-16,1.,0.));
#278 = DIRECTION('',(-1.586032892322E-15,3.521700469737E-31,-1.));
#279 = ORIENTED_EDGE('',*,*,#280,.T.);
#280 = EDGE_CURVE('',#272,#281,#283,.T.);
#281 = VERTEX_POINT('',#282);
#282 = CARTESIAN_POINT('',(1.07,-0.175,0.455));
#283 = LINE('',#284,#285);
#284 = CARTESIAN_POINT('',(1.07,-0.175,0.22));
#285 = VECTOR('',#286,1.);
#286 = DIRECTION('',(0.,0.,1.));
#287 = ORIENTED_EDGE('',*,*,#288,.T.);
#288 = EDGE_CURVE('',#281,#237,#289,.T.);
#289 = CIRCLE('',#290,0.22);
#290 = AXIS2_PLACEMENT_3D('',#291,#292,#293);
#291 = CARTESIAN_POINT('',(0.85,-0.175,0.455));
#292 = DIRECTION('',(-2.22044604925E-16,-1.,0.));
#293 = DIRECTION('',(1.,-2.22044604925E-16,-7.569702440626E-16));
#294 = PLANE('',#295);
#295 = AXIS2_PLACEMENT_3D('',#296,#297,#298);
#296 = CARTESIAN_POINT('',(1.013084179351,-0.175,0.321676343068));
#297 = DIRECTION('',(-2.22044604925E-16,-1.,0.));
#298 = DIRECTION('',(0.,0.,1.));
#299 = ADVANCED_FACE('',(#300),#339,.F.);
#300 = FACE_BOUND('',#301,.F.);
#301 = EDGE_LOOP('',(#302,#312,#319,#325,#326,#334));
#302 = ORIENTED_EDGE('',*,*,#303,.T.);
#303 = EDGE_CURVE('',#304,#306,#308,.T.);
#304 = VERTEX_POINT('',#305);
#305 = CARTESIAN_POINT('',(0.790270145251,0.500135072626,0.1));
#306 = VERTEX_POINT('',#307);
#307 = CARTESIAN_POINT('',(0.790270145251,-0.500135072626,0.1));
#308 = LINE('',#309,#310);
#309 = CARTESIAN_POINT('',(0.790270145251,0.500135072626,0.1));
#310 = VECTOR('',#311,1.);
#311 = DIRECTION('',(0.,-1.,0.));
#312 = ORIENTED_EDGE('',*,*,#313,.T.);
#313 = EDGE_CURVE('',#306,#314,#316,.T.);
#314 = VERTEX_POINT('',#315);
#315 = CARTESIAN_POINT('',(0.85,-0.53,0.525));
#316 = B_SPLINE_CURVE_WITH_KNOTS('',1,(#317,#318),.UNSPECIFIED.,.F.,.F.,
  (2,2),(0.,1.),.PIECEWISE_BEZIER_KNOTS.);
#317 = CARTESIAN_POINT('',(0.790270145251,-0.500135072626,0.1));
#318 = CARTESIAN_POINT('',(0.85,-0.53,0.525));
#319 = ORIENTED_EDGE('',*,*,#320,.F.);
#320 = EDGE_CURVE('',#106,#314,#321,.T.);
#321 = LINE('',#322,#323);
#322 = CARTESIAN_POINT('',(0.85,0.53,0.525));
#323 = VECTOR('',#324,1.);
#324 = DIRECTION('',(0.,-1.,0.));
#325 = ORIENTED_EDGE('',*,*,#103,.F.);
#326 = ORIENTED_EDGE('',*,*,#327,.F.);
#327 = EDGE_CURVE('',#328,#104,#330,.T.);
#328 = VERTEX_POINT('',#329);
#329 = CARTESIAN_POINT('',(0.85,0.53,0.525));
#330 = LINE('',#331,#332);
#331 = CARTESIAN_POINT('',(0.85,0.53,0.525));
#332 = VECTOR('',#333,1.);
#333 = DIRECTION('',(0.,-1.,0.));
#334 = ORIENTED_EDGE('',*,*,#335,.F.);
#335 = EDGE_CURVE('',#304,#328,#336,.T.);
#336 = B_SPLINE_CURVE_WITH_KNOTS('',1,(#337,#338),.UNSPECIFIED.,.F.,.F.,
  (2,2),(0.,1.),.PIECEWISE_BEZIER_KNOTS.);
#337 = CARTESIAN_POINT('',(0.790270145251,0.500135072626,0.1));
#338 = CARTESIAN_POINT('',(0.85,0.53,0.525));
#339 = B_SPLINE_SURFACE_WITH_KNOTS('',1,1,(
    (#340,#341)
    ,(#342,#343
    )),.UNSPECIFIED.,.F.,.F.,.F.,(2,2),(2,2),(0.,1.06),(0.,1.),
  .PIECEWISE_BEZIER_KNOTS.);
#340 = CARTESIAN_POINT('',(0.790270145251,0.500135072626,0.1));
#341 = CARTESIAN_POINT('',(0.85,0.53,0.525));
#342 = CARTESIAN_POINT('',(0.790270145251,-0.500135072626,0.1));
#343 = CARTESIAN_POINT('',(0.85,-0.53,0.525));
#344 = ADVANCED_FACE('',(#345),#356,.F.);
#345 = FACE_BOUND('',#346,.F.);
#346 = EDGE_LOOP('',(#347,#348,#349,#355));
#347 = ORIENTED_EDGE('',*,*,#145,.T.);
#348 = ORIENTED_EDGE('',*,*,#247,.T.);
#349 = ORIENTED_EDGE('',*,*,#350,.F.);
#350 = EDGE_CURVE('',#181,#248,#351,.T.);
#351 = LINE('',#352,#353);
#352 = CARTESIAN_POINT('',(1.25,0.175,0.));
#353 = VECTOR('',#354,1.);
#354 = DIRECTION('',(-2.22044604925E-16,-1.,0.));
#355 = ORIENTED_EDGE('',*,*,#180,.F.);
#356 = PLANE('',#357);
#357 = AXIS2_PLACEMENT_3D('',#358,#359,#360);
#358 = CARTESIAN_POINT('',(1.14,0.175,0.));
#359 = DIRECTION('',(0.,0.,1.));
#360 = DIRECTION('',(1.,-2.22044604925E-16,0.));
#361 = ADVANCED_FACE('',(#362),#379,.F.);
#362 = FACE_BOUND('',#363,.F.);
#363 = EDGE_LOOP('',(#364,#371,#372,#373));
#364 = ORIENTED_EDGE('',*,*,#365,.F.);
#365 = EDGE_CURVE('',#328,#366,#368,.T.);
#366 = VERTEX_POINT('',#367);
#367 = CARTESIAN_POINT('',(0.85,0.53,0.675));
#368 = B_SPLINE_CURVE_WITH_KNOTS('',1,(#369,#370),.UNSPECIFIED.,.F.,.F.,
  (2,2),(0.,1.),.PIECEWISE_BEZIER_KNOTS.);
#369 = CARTESIAN_POINT('',(0.85,0.53,0.525));
#370 = CARTESIAN_POINT('',(0.85,0.53,0.675));
#371 = ORIENTED_EDGE('',*,*,#327,.T.);
#372 = ORIENTED_EDGE('',*,*,#169,.T.);
#373 = ORIENTED_EDGE('',*,*,#374,.F.);
#374 = EDGE_CURVE('',#366,#170,#375,.T.);
#375 = LINE('',#376,#377);
#376 = CARTESIAN_POINT('',(0.85,0.53,0.675));
#377 = VECTOR('',#378,1.);
#378 = DIRECTION('',(0.,-1.,0.));
#379 = PLANE('',#380);
#380 = AXIS2_PLACEMENT_3D('',#381,#382,#383);
#381 = CARTESIAN_POINT('',(0.85,0.53,0.675));
#382 = DIRECTION('',(-1.,0.,0.));
#383 = DIRECTION('',(0.,-1.,0.));
#384 = ADVANCED_FACE('',(#385),#401,.T.);
#385 = FACE_BOUND('',#386,.T.);
#386 = EDGE_LOOP('',(#387,#388,#394,#395));
#387 = ORIENTED_EDGE('',*,*,#221,.T.);
#388 = ORIENTED_EDGE('',*,*,#389,.T.);
#389 = EDGE_CURVE('',#170,#237,#390,.T.);
#390 = LINE('',#391,#392);
#391 = CARTESIAN_POINT('',(0.85,0.175,0.675));
#392 = VECTOR('',#393,1.);
#393 = DIRECTION('',(-2.22044604925E-16,-1.,0.));
#394 = ORIENTED_EDGE('',*,*,#288,.F.);
#395 = ORIENTED_EDGE('',*,*,#396,.F.);
#396 = EDGE_CURVE('',#214,#281,#397,.T.);
#397 = LINE('',#398,#399);
#398 = CARTESIAN_POINT('',(1.07,0.175,0.455));
#399 = VECTOR('',#400,1.);
#400 = DIRECTION('',(-2.22044604925E-16,-1.,0.));
#401 = CYLINDRICAL_SURFACE('',#402,0.22);
#402 = AXIS2_PLACEMENT_3D('',#403,#404,#405);
#403 = CARTESIAN_POINT('',(0.85,0.175,0.455));
#404 = DIRECTION('',(2.22044604925E-16,1.,-0.));
#405 = DIRECTION('',(1.,-2.22044604925E-16,-7.569702440626E-16));
#406 = ADVANCED_FACE('',(#407),#418,.F.);
#407 = FACE_BOUND('',#408,.F.);
#408 = EDGE_LOOP('',(#409,#415,#416,#417));
#409 = ORIENTED_EDGE('',*,*,#410,.T.);
#410 = EDGE_CURVE('',#205,#272,#411,.T.);
#411 = LINE('',#412,#413);
#412 = CARTESIAN_POINT('',(1.07,0.175,0.22));
#413 = VECTOR('',#414,1.);
#414 = DIRECTION('',(-2.22044604925E-16,-1.,0.));
#415 = ORIENTED_EDGE('',*,*,#280,.T.);
#416 = ORIENTED_EDGE('',*,*,#396,.F.);
#417 = ORIENTED_EDGE('',*,*,#213,.F.);
#418 = PLANE('',#419);
#419 = AXIS2_PLACEMENT_3D('',#420,#421,#422);
#420 = CARTESIAN_POINT('',(1.07,0.175,0.22));
#421 = DIRECTION('',(-1.,2.22044604925E-16,0.));
#422 = DIRECTION('',(0.,0.,1.));
#423 = ADVANCED_FACE('',(#424),#435,.F.);
#424 = FACE_BOUND('',#425,.F.);
#425 = EDGE_LOOP('',(#426,#432,#433,#434));
#426 = ORIENTED_EDGE('',*,*,#427,.T.);
#427 = EDGE_CURVE('',#197,#264,#428,.T.);
#428 = LINE('',#429,#430);
#429 = CARTESIAN_POINT('',(1.14,0.175,0.15));
#430 = VECTOR('',#431,1.);
#431 = DIRECTION('',(-2.22044604925E-16,-1.,0.));
#432 = ORIENTED_EDGE('',*,*,#271,.T.);
#433 = ORIENTED_EDGE('',*,*,#410,.F.);
#434 = ORIENTED_EDGE('',*,*,#204,.F.);
#435 = CYLINDRICAL_SURFACE('',#436,7.E-02);
#436 = AXIS2_PLACEMENT_3D('',#437,#438,#439);
#437 = CARTESIAN_POINT('',(1.14,0.175,0.22));
#438 = DIRECTION('',(2.22044604925E-16,1.,0.));
#439 = DIRECTION('',(-1.586032892322E-15,3.521700469737E-31,-1.));
#440 = ADVANCED_FACE('',(#441),#452,.F.);
#441 = FACE_BOUND('',#442,.F.);
#442 = EDGE_LOOP('',(#443,#449,#450,#451));
#443 = ORIENTED_EDGE('',*,*,#444,.T.);
#444 = EDGE_CURVE('',#189,#256,#445,.T.);
#445 = LINE('',#446,#447);
#446 = CARTESIAN_POINT('',(1.25,0.175,0.15));
#447 = VECTOR('',#448,1.);
#448 = DIRECTION('',(-2.22044604925E-16,-1.,0.));
#449 = ORIENTED_EDGE('',*,*,#263,.T.);
#450 = ORIENTED_EDGE('',*,*,#427,.F.);
#451 = ORIENTED_EDGE('',*,*,#196,.F.);
#452 = PLANE('',#453);
#453 = AXIS2_PLACEMENT_3D('',#454,#455,#456);
#454 = CARTESIAN_POINT('',(1.25,0.175,0.15));
#455 = DIRECTION('',(0.,-0.,-1.));
#456 = DIRECTION('',(-1.,2.22044604925E-16,-0.));
#457 = ADVANCED_FACE('',(#458),#464,.F.);
#458 = FACE_BOUND('',#459,.F.);
#459 = EDGE_LOOP('',(#460,#461,#462,#463));
#460 = ORIENTED_EDGE('',*,*,#350,.T.);
#461 = ORIENTED_EDGE('',*,*,#255,.T.);
#462 = ORIENTED_EDGE('',*,*,#444,.F.);
#463 = ORIENTED_EDGE('',*,*,#188,.F.);
#464 = PLANE('',#465);
#465 = AXIS2_PLACEMENT_3D('',#466,#467,#468);
#466 = CARTESIAN_POINT('',(1.25,0.175,0.));
#467 = DIRECTION('',(-1.,2.22044604925E-16,0.));
#468 = DIRECTION('',(0.,0.,1.));
#469 = ADVANCED_FACE('',(#470),#487,.F.);
#470 = FACE_BOUND('',#471,.F.);
#471 = EDGE_LOOP('',(#472,#473,#474,#481));
#472 = ORIENTED_EDGE('',*,*,#236,.F.);
#473 = ORIENTED_EDGE('',*,*,#320,.T.);
#474 = ORIENTED_EDGE('',*,*,#475,.T.);
#475 = EDGE_CURVE('',#314,#476,#478,.T.);
#476 = VERTEX_POINT('',#477);
#477 = CARTESIAN_POINT('',(0.85,-0.53,0.675));
#478 = B_SPLINE_CURVE_WITH_KNOTS('',1,(#479,#480),.UNSPECIFIED.,.F.,.F.,
  (2,2),(0.,1.),.PIECEWISE_BEZIER_KNOTS.);
#479 = CARTESIAN_POINT('',(0.85,-0.53,0.525));
#480 = CARTESIAN_POINT('',(0.85,-0.53,0.675));
#481 = ORIENTED_EDGE('',*,*,#482,.F.);
#482 = EDGE_CURVE('',#237,#476,#483,.T.);
#483 = LINE('',#484,#485);
#484 = CARTESIAN_POINT('',(0.85,0.53,0.675));
#485 = VECTOR('',#486,1.);
#486 = DIRECTION('',(0.,-1.,0.));
#487 = PLANE('',#488);
#488 = AXIS2_PLACEMENT_3D('',#489,#490,#491);
#489 = CARTESIAN_POINT('',(0.85,0.53,0.675));
#490 = DIRECTION('',(-1.,0.,0.));
#491 = DIRECTION('',(0.,-1.,0.));
#492 = ADVANCED_FACE('',(#493),#550,.F.);
#493 = FACE_BOUND('',#494,.T.);
#494 = EDGE_LOOP('',(#495,#505,#513,#521,#527,#528,#536,#544));
#495 = ORIENTED_EDGE('',*,*,#496,.T.);
#496 = EDGE_CURVE('',#497,#499,#501,.T.);
#497 = VERTEX_POINT('',#498);
#498 = CARTESIAN_POINT('',(-0.790270145251,-0.500135072626,0.1));
#499 = VERTEX_POINT('',#500);
#500 = CARTESIAN_POINT('',(-0.790270145251,0.500135072626,0.1));
#501 = LINE('',#502,#503);
#502 = CARTESIAN_POINT('',(-0.790270145251,-0.500135072626,0.1));
#503 = VECTOR('',#504,1.);
#504 = DIRECTION('',(0.,1.,0.));
#505 = ORIENTED_EDGE('',*,*,#506,.T.);
#506 = EDGE_CURVE('',#499,#507,#509,.T.);
#507 = VERTEX_POINT('',#508);
#508 = CARTESIAN_POINT('',(-0.725135072626,0.565270145251,0.1));
#509 = LINE('',#510,#511);
#510 = CARTESIAN_POINT('',(-0.790270145251,0.500135072626,0.1));
#511 = VECTOR('',#512,1.);
#512 = DIRECTION('',(0.707106781187,0.707106781187,0.));
#513 = ORIENTED_EDGE('',*,*,#514,.T.);
#514 = EDGE_CURVE('',#507,#515,#517,.T.);
#515 = VERTEX_POINT('',#516);
#516 = CARTESIAN_POINT('',(0.725135072626,0.565270145251,0.1));
#517 = LINE('',#518,#519);
#518 = CARTESIAN_POINT('',(-0.725135072626,0.565270145251,0.1));
#519 = VECTOR('',#520,1.);
#520 = DIRECTION('',(1.,0.,0.));
#521 = ORIENTED_EDGE('',*,*,#522,.T.);
#522 = EDGE_CURVE('',#515,#304,#523,.T.);
#523 = LINE('',#524,#525);
#524 = CARTESIAN_POINT('',(0.725135072626,0.565270145251,0.1));
#525 = VECTOR('',#526,1.);
#526 = DIRECTION('',(0.707106781187,-0.707106781187,0.));
#527 = ORIENTED_EDGE('',*,*,#303,.T.);
#528 = ORIENTED_EDGE('',*,*,#529,.T.);
#529 = EDGE_CURVE('',#306,#530,#532,.T.);
#530 = VERTEX_POINT('',#531);
#531 = CARTESIAN_POINT('',(0.725135072626,-0.565270145251,0.1));
#532 = LINE('',#533,#534);
#533 = CARTESIAN_POINT('',(0.790270145251,-0.500135072626,0.1));
#534 = VECTOR('',#535,1.);
#535 = DIRECTION('',(-0.707106781187,-0.707106781187,0.));
#536 = ORIENTED_EDGE('',*,*,#537,.T.);
#537 = EDGE_CURVE('',#530,#538,#540,.T.);
#538 = VERTEX_POINT('',#539);
#539 = CARTESIAN_POINT('',(-0.725135072626,-0.565270145251,0.1));
#540 = LINE('',#541,#542);
#541 = CARTESIAN_POINT('',(0.725135072626,-0.565270145251,0.1));
#542 = VECTOR('',#543,1.);
#543 = DIRECTION('',(-1.,0.,0.));
#544 = ORIENTED_EDGE('',*,*,#545,.T.);
#545 = EDGE_CURVE('',#538,#497,#546,.T.);
#546 = LINE('',#547,#548);
#547 = CARTESIAN_POINT('',(-0.725135072626,-0.565270145251,0.1));
#548 = VECTOR('',#549,1.);
#549 = DIRECTION('',(-0.707106781187,0.707106781187,0.));
#550 = PLANE('',#551);
#551 = AXIS2_PLACEMENT_3D('',#552,#553,#554);
#552 = CARTESIAN_POINT('',(-0.790270145251,-0.500135072626,0.1));
#553 = DIRECTION('',(0.,0.,1.));
#554 = DIRECTION('',(0.844997546083,0.534770181587,-0.));
#555 = ADVANCED_FACE('',(#556),#573,.F.);
#556 = FACE_BOUND('',#557,.F.);
#557 = EDGE_LOOP('',(#558,#559,#560,#568));
#558 = ORIENTED_EDGE('',*,*,#522,.T.);
#559 = ORIENTED_EDGE('',*,*,#335,.T.);
#560 = ORIENTED_EDGE('',*,*,#561,.F.);
#561 = EDGE_CURVE('',#562,#328,#564,.T.);
#562 = VERTEX_POINT('',#563);
#563 = CARTESIAN_POINT('',(0.755,0.625,0.525));
#564 = LINE('',#565,#566);
#565 = CARTESIAN_POINT('',(0.755,0.625,0.525));
#566 = VECTOR('',#567,1.);
#567 = DIRECTION('',(0.707106781187,-0.707106781187,0.));
#568 = ORIENTED_EDGE('',*,*,#569,.F.);
#569 = EDGE_CURVE('',#515,#562,#570,.T.);
#570 = B_SPLINE_CURVE_WITH_KNOTS('',1,(#571,#572),.UNSPECIFIED.,.F.,.F.,
  (2,2),(0.,1.),.PIECEWISE_BEZIER_KNOTS.);
#571 = CARTESIAN_POINT('',(0.725135072626,0.565270145251,0.1));
#572 = CARTESIAN_POINT('',(0.755,0.625,0.525));
#573 = B_SPLINE_SURFACE_WITH_KNOTS('',1,1,(
    (#574,#575)
    ,(#576,#577
    )),.UNSPECIFIED.,.F.,.F.,.F.,(2,2),(2,2),(0.,0.134350288425),(0.,1.)
  ,.PIECEWISE_BEZIER_KNOTS.);
#574 = CARTESIAN_POINT('',(0.725135072626,0.565270145251,0.1));
#575 = CARTESIAN_POINT('',(0.755,0.625,0.525));
#576 = CARTESIAN_POINT('',(0.790270145251,0.500135072626,0.1));
#577 = CARTESIAN_POINT('',(0.85,0.53,0.525));
#578 = ADVANCED_FACE('',(#579),#596,.F.);
#579 = FACE_BOUND('',#580,.F.);
#580 = EDGE_LOOP('',(#581,#582,#589,#595));
#581 = ORIENTED_EDGE('',*,*,#529,.T.);
#582 = ORIENTED_EDGE('',*,*,#583,.T.);
#583 = EDGE_CURVE('',#530,#584,#586,.T.);
#584 = VERTEX_POINT('',#585);
#585 = CARTESIAN_POINT('',(0.755,-0.625,0.525));
#586 = B_SPLINE_CURVE_WITH_KNOTS('',1,(#587,#588),.UNSPECIFIED.,.F.,.F.,
  (2,2),(0.,1.),.PIECEWISE_BEZIER_KNOTS.);
#587 = CARTESIAN_POINT('',(0.725135072626,-0.565270145251,0.1));
#588 = CARTESIAN_POINT('',(0.755,-0.625,0.525));
#589 = ORIENTED_EDGE('',*,*,#590,.F.);
#590 = EDGE_CURVE('',#314,#584,#591,.T.);
#591 = LINE('',#592,#593);
#592 = CARTESIAN_POINT('',(0.85,-0.53,0.525));
#593 = VECTOR('',#594,1.);
#594 = DIRECTION('',(-0.707106781187,-0.707106781187,0.));
#595 = ORIENTED_EDGE('',*,*,#313,.F.);
#596 = B_SPLINE_SURFACE_WITH_KNOTS('',1,1,(
    (#597,#598)
    ,(#599,#600
    )),.UNSPECIFIED.,.F.,.F.,.F.,(2,2),(2,2),(0.,0.134350288425),(0.,1.)
  ,.PIECEWISE_BEZIER_KNOTS.);
#597 = CARTESIAN_POINT('',(0.790270145251,-0.500135072626,0.1));
#598 = CARTESIAN_POINT('',(0.85,-0.53,0.525));
#599 = CARTESIAN_POINT('',(0.725135072626,-0.565270145251,0.1));
#600 = CARTESIAN_POINT('',(0.755,-0.625,0.525));
#601 = ADVANCED_FACE('',(#602),#619,.F.);
#602 = FACE_BOUND('',#603,.F.);
#603 = EDGE_LOOP('',(#604,#605,#606,#614));
#604 = ORIENTED_EDGE('',*,*,#561,.T.);
#605 = ORIENTED_EDGE('',*,*,#365,.T.);
#606 = ORIENTED_EDGE('',*,*,#607,.F.);
#607 = EDGE_CURVE('',#608,#366,#610,.T.);
#608 = VERTEX_POINT('',#609);
#609 = CARTESIAN_POINT('',(0.755,0.625,0.675));
#610 = LINE('',#611,#612);
#611 = CARTESIAN_POINT('',(0.755,0.625,0.675));
#612 = VECTOR('',#613,1.);
#613 = DIRECTION('',(0.707106781187,-0.707106781187,0.));
#614 = ORIENTED_EDGE('',*,*,#615,.F.);
#615 = EDGE_CURVE('',#562,#608,#616,.T.);
#616 = B_SPLINE_CURVE_WITH_KNOTS('',1,(#617,#618),.UNSPECIFIED.,.F.,.F.,
  (2,2),(0.,1.),.PIECEWISE_BEZIER_KNOTS.);
#617 = CARTESIAN_POINT('',(0.755,0.625,0.525));
#618 = CARTESIAN_POINT('',(0.755,0.625,0.675));
#619 = PLANE('',#620);
#620 = AXIS2_PLACEMENT_3D('',#621,#622,#623);
#621 = CARTESIAN_POINT('',(0.755,0.625,0.675));
#622 = DIRECTION('',(-0.707106781187,-0.707106781187,0.));
#623 = DIRECTION('',(0.707106781187,-0.707106781187,0.));
#624 = ADVANCED_FACE('',(#625),#649,.F.);
#625 = FACE_BOUND('',#626,.F.);
#626 = EDGE_LOOP('',(#627,#634,#635,#643));
#627 = ORIENTED_EDGE('',*,*,#628,.F.);
#628 = EDGE_CURVE('',#366,#629,#631,.T.);
#629 = VERTEX_POINT('',#630);
#630 = CARTESIAN_POINT('',(0.825,0.5175,0.675));
#631 = B_SPLINE_CURVE_WITH_KNOTS('',1,(#632,#633),.UNSPECIFIED.,.F.,.F.,
  (2,2),(0.,1.),.PIECEWISE_BEZIER_KNOTS.);
#632 = CARTESIAN_POINT('',(0.85,0.53,0.675));
#633 = CARTESIAN_POINT('',(0.825,0.5175,0.675));
#634 = ORIENTED_EDGE('',*,*,#374,.T.);
#635 = ORIENTED_EDGE('',*,*,#636,.T.);
#636 = EDGE_CURVE('',#170,#637,#639,.T.);
#637 = VERTEX_POINT('',#638);
#638 = CARTESIAN_POINT('',(0.825,0.175,0.675));
#639 = LINE('',#640,#641);
#640 = CARTESIAN_POINT('',(0.85,0.175,0.675));
#641 = VECTOR('',#642,1.);
#642 = DIRECTION('',(-1.,2.22044604925E-16,0.));
#643 = ORIENTED_EDGE('',*,*,#644,.F.);
#644 = EDGE_CURVE('',#629,#637,#645,.T.);
#645 = LINE('',#646,#647);
#646 = CARTESIAN_POINT('',(0.825,0.5175,0.675));
#647 = VECTOR('',#648,1.);
#648 = DIRECTION('',(0.,-1.,0.));
#649 = B_SPLINE_SURFACE_WITH_KNOTS('',1,1,(
    (#650,#651)
    ,(#652,#653
    )),.UNSPECIFIED.,.F.,.F.,.F.,(2,2),(2,2),(0.,1.06),(0.,1.),
  .PIECEWISE_BEZIER_KNOTS.);
#650 = CARTESIAN_POINT('',(0.85,0.53,0.675));
#651 = CARTESIAN_POINT('',(0.825,0.5175,0.675));
#652 = CARTESIAN_POINT('',(0.85,-0.53,0.675));
#653 = CARTESIAN_POINT('',(0.825,-0.5175,0.675));
#654 = ADVANCED_FACE('',(#655),#673,.F.);
#655 = FACE_BOUND('',#656,.F.);
#656 = EDGE_LOOP('',(#657,#658,#659,#667));
#657 = ORIENTED_EDGE('',*,*,#636,.F.);
#658 = ORIENTED_EDGE('',*,*,#389,.T.);
#659 = ORIENTED_EDGE('',*,*,#660,.T.);
#660 = EDGE_CURVE('',#237,#661,#663,.T.);
#661 = VERTEX_POINT('',#662);
#662 = CARTESIAN_POINT('',(0.825,-0.175,0.675));
#663 = LINE('',#664,#665);
#664 = CARTESIAN_POINT('',(0.85,-0.175,0.675));
#665 = VECTOR('',#666,1.);
#666 = DIRECTION('',(-1.,2.22044604925E-16,0.));
#667 = ORIENTED_EDGE('',*,*,#668,.F.);
#668 = EDGE_CURVE('',#637,#661,#669,.T.);
#669 = LINE('',#670,#671);
#670 = CARTESIAN_POINT('',(0.825,0.5175,0.675));
#671 = VECTOR('',#672,1.);
#672 = DIRECTION('',(0.,-1.,0.));
#673 = PLANE('',#674);
#674 = AXIS2_PLACEMENT_3D('',#675,#676,#677);
#675 = CARTESIAN_POINT('',(0.85,0.175,0.675));
#676 = DIRECTION('',(0.,-0.,-1.));
#677 = DIRECTION('',(-1.,2.22044604925E-16,-0.));
#678 = ADVANCED_FACE('',(#679),#696,.F.);
#679 = FACE_BOUND('',#680,.F.);
#680 = EDGE_LOOP('',(#681,#682,#683,#690));
#681 = ORIENTED_EDGE('',*,*,#660,.F.);
#682 = ORIENTED_EDGE('',*,*,#482,.T.);
#683 = ORIENTED_EDGE('',*,*,#684,.T.);
#684 = EDGE_CURVE('',#476,#685,#687,.T.);
#685 = VERTEX_POINT('',#686);
#686 = CARTESIAN_POINT('',(0.825,-0.5175,0.675));
#687 = B_SPLINE_CURVE_WITH_KNOTS('',1,(#688,#689),.UNSPECIFIED.,.F.,.F.,
  (2,2),(0.,1.),.PIECEWISE_BEZIER_KNOTS.);
#688 = CARTESIAN_POINT('',(0.85,-0.53,0.675));
#689 = CARTESIAN_POINT('',(0.825,-0.5175,0.675));
#690 = ORIENTED_EDGE('',*,*,#691,.F.);
#691 = EDGE_CURVE('',#661,#685,#692,.T.);
#692 = LINE('',#693,#694);
#693 = CARTESIAN_POINT('',(0.825,0.5175,0.675));
#694 = VECTOR('',#695,1.);
#695 = DIRECTION('',(0.,-1.,0.));
#696 = B_SPLINE_SURFACE_WITH_KNOTS('',1,1,(
    (#697,#698)
    ,(#699,#700
    )),.UNSPECIFIED.,.F.,.F.,.F.,(2,2),(2,2),(0.,1.06),(0.,1.),
  .PIECEWISE_BEZIER_KNOTS.);
#697 = CARTESIAN_POINT('',(0.85,0.53,0.675));
#698 = CARTESIAN_POINT('',(0.825,0.5175,0.675));
#699 = CARTESIAN_POINT('',(0.85,-0.53,0.675));
#700 = CARTESIAN_POINT('',(0.825,-0.5175,0.675));
#701 = ADVANCED_FACE('',(#702),#719,.F.);
#702 = FACE_BOUND('',#703,.F.);
#703 = EDGE_LOOP('',(#704,#705,#712,#718));
#704 = ORIENTED_EDGE('',*,*,#590,.T.);
#705 = ORIENTED_EDGE('',*,*,#706,.T.);
#706 = EDGE_CURVE('',#584,#707,#709,.T.);
#707 = VERTEX_POINT('',#708);
#708 = CARTESIAN_POINT('',(0.755,-0.625,0.675));
#709 = B_SPLINE_CURVE_WITH_KNOTS('',1,(#710,#711),.UNSPECIFIED.,.F.,.F.,
  (2,2),(0.,1.),.PIECEWISE_BEZIER_KNOTS.);
#710 = CARTESIAN_POINT('',(0.755,-0.625,0.525));
#711 = CARTESIAN_POINT('',(0.755,-0.625,0.675));
#712 = ORIENTED_EDGE('',*,*,#713,.F.);
#713 = EDGE_CURVE('',#476,#707,#714,.T.);
#714 = LINE('',#715,#716);
#715 = CARTESIAN_POINT('',(0.85,-0.53,0.675));
#716 = VECTOR('',#717,1.);
#717 = DIRECTION('',(-0.707106781187,-0.707106781187,0.));
#718 = ORIENTED_EDGE('',*,*,#475,.F.);
#719 = PLANE('',#720);
#720 = AXIS2_PLACEMENT_3D('',#721,#722,#723);
#721 = CARTESIAN_POINT('',(0.85,-0.53,0.675));
#722 = DIRECTION('',(-0.707106781187,0.707106781187,0.));
#723 = DIRECTION('',(-0.707106781187,-0.707106781187,0.));
#724 = ADVANCED_FACE('',(#725),#764,.F.);
#725 = FACE_BOUND('',#726,.F.);
#726 = EDGE_LOOP('',(#727,#728,#735,#743,#751,#759));
#727 = ORIENTED_EDGE('',*,*,#496,.T.);
#728 = ORIENTED_EDGE('',*,*,#729,.T.);
#729 = EDGE_CURVE('',#499,#730,#732,.T.);
#730 = VERTEX_POINT('',#731);
#731 = CARTESIAN_POINT('',(-0.85,0.53,0.525));
#732 = B_SPLINE_CURVE_WITH_KNOTS('',1,(#733,#734),.UNSPECIFIED.,.F.,.F.,
  (2,2),(0.,1.),.PIECEWISE_BEZIER_KNOTS.);
#733 = CARTESIAN_POINT('',(-0.790270145251,0.500135072626,0.1));
#734 = CARTESIAN_POINT('',(-0.85,0.53,0.525));
#735 = ORIENTED_EDGE('',*,*,#736,.F.);
#736 = EDGE_CURVE('',#737,#730,#739,.T.);
#737 = VERTEX_POINT('',#738);
#738 = CARTESIAN_POINT('',(-0.85,0.175,0.525));
#739 = LINE('',#740,#741);
#740 = CARTESIAN_POINT('',(-0.85,-0.53,0.525));
#741 = VECTOR('',#742,1.);
#742 = DIRECTION('',(0.,1.,0.));
#743 = ORIENTED_EDGE('',*,*,#744,.F.);
#744 = EDGE_CURVE('',#745,#737,#747,.T.);
#745 = VERTEX_POINT('',#746);
#746 = CARTESIAN_POINT('',(-0.85,-0.175,0.525));
#747 = LINE('',#748,#749);
#748 = CARTESIAN_POINT('',(-0.85,-0.175,0.525));
#749 = VECTOR('',#750,1.);
#750 = DIRECTION('',(1.110223024625E-16,1.,0.));
#751 = ORIENTED_EDGE('',*,*,#752,.F.);
#752 = EDGE_CURVE('',#753,#745,#755,.T.);
#753 = VERTEX_POINT('',#754);
#754 = CARTESIAN_POINT('',(-0.85,-0.53,0.525));
#755 = LINE('',#756,#757);
#756 = CARTESIAN_POINT('',(-0.85,-0.53,0.525));
#757 = VECTOR('',#758,1.);
#758 = DIRECTION('',(0.,1.,0.));
#759 = ORIENTED_EDGE('',*,*,#760,.F.);
#760 = EDGE_CURVE('',#497,#753,#761,.T.);
#761 = B_SPLINE_CURVE_WITH_KNOTS('',1,(#762,#763),.UNSPECIFIED.,.F.,.F.,
  (2,2),(0.,1.),.PIECEWISE_BEZIER_KNOTS.);
#762 = CARTESIAN_POINT('',(-0.790270145251,-0.500135072626,0.1));
#763 = CARTESIAN_POINT('',(-0.85,-0.53,0.525));
#764 = B_SPLINE_SURFACE_WITH_KNOTS('',1,1,(
    (#765,#766)
    ,(#767,#768
    )),.UNSPECIFIED.,.F.,.F.,.F.,(2,2),(2,2),(0.,1.06),(0.,1.),
  .PIECEWISE_BEZIER_KNOTS.);
#765 = CARTESIAN_POINT('',(-0.790270145251,-0.500135072626,0.1));
#766 = CARTESIAN_POINT('',(-0.85,-0.53,0.525));
#767 = CARTESIAN_POINT('',(-0.790270145251,0.500135072626,0.1));
#768 = CARTESIAN_POINT('',(-0.85,0.53,0.525));
#769 = ADVANCED_FACE('',(#770),#787,.F.);
#770 = FACE_BOUND('',#771,.F.);
#771 = EDGE_LOOP('',(#772,#773,#780,#786));
#772 = ORIENTED_EDGE('',*,*,#506,.T.);
#773 = ORIENTED_EDGE('',*,*,#774,.T.);
#774 = EDGE_CURVE('',#507,#775,#777,.T.);
#775 = VERTEX_POINT('',#776);
#776 = CARTESIAN_POINT('',(-0.755,0.625,0.525));
#777 = B_SPLINE_CURVE_WITH_KNOTS('',1,(#778,#779),.UNSPECIFIED.,.F.,.F.,
  (2,2),(0.,1.),.PIECEWISE_BEZIER_KNOTS.);
#778 = CARTESIAN_POINT('',(-0.725135072626,0.565270145251,0.1));
#779 = CARTESIAN_POINT('',(-0.755,0.625,0.525));
#780 = ORIENTED_EDGE('',*,*,#781,.F.);
#781 = EDGE_CURVE('',#730,#775,#782,.T.);
#782 = LINE('',#783,#784);
#783 = CARTESIAN_POINT('',(-0.85,0.53,0.525));
#784 = VECTOR('',#785,1.);
#785 = DIRECTION('',(0.707106781187,0.707106781187,0.));
#786 = ORIENTED_EDGE('',*,*,#729,.F.);
#787 = B_SPLINE_SURFACE_WITH_KNOTS('',1,1,(
    (#788,#789)
    ,(#790,#791
    )),.UNSPECIFIED.,.F.,.F.,.F.,(2,2),(2,2),(0.,0.134350288425),(0.,1.)
  ,.PIECEWISE_BEZIER_KNOTS.);
#788 = CARTESIAN_POINT('',(-0.790270145251,0.500135072626,0.1));
#789 = CARTESIAN_POINT('',(-0.85,0.53,0.525));
#790 = CARTESIAN_POINT('',(-0.725135072626,0.565270145251,0.1));
#791 = CARTESIAN_POINT('',(-0.755,0.625,0.525));
#792 = ADVANCED_FACE('',(#793),#804,.F.);
#793 = FACE_BOUND('',#794,.F.);
#794 = EDGE_LOOP('',(#795,#796,#797,#803));
#795 = ORIENTED_EDGE('',*,*,#514,.T.);
#796 = ORIENTED_EDGE('',*,*,#569,.T.);
#797 = ORIENTED_EDGE('',*,*,#798,.F.);
#798 = EDGE_CURVE('',#775,#562,#799,.T.);
#799 = LINE('',#800,#801);
#800 = CARTESIAN_POINT('',(-0.755,0.625,0.525));
#801 = VECTOR('',#802,1.);
#802 = DIRECTION('',(1.,0.,0.));
#803 = ORIENTED_EDGE('',*,*,#774,.F.);
#804 = B_SPLINE_SURFACE_WITH_KNOTS('',1,1,(
    (#805,#806)
    ,(#807,#808
    )),.UNSPECIFIED.,.F.,.F.,.F.,(2,2),(2,2),(0.,1.51),(0.,1.),
  .PIECEWISE_BEZIER_KNOTS.);
#805 = CARTESIAN_POINT('',(-0.725135072626,0.565270145251,0.1));
#806 = CARTESIAN_POINT('',(-0.755,0.625,0.525));
#807 = CARTESIAN_POINT('',(0.725135072626,0.565270145251,0.1));
#808 = CARTESIAN_POINT('',(0.755,0.625,0.525));
#809 = ADVANCED_FACE('',(#810),#827,.F.);
#810 = FACE_BOUND('',#811,.F.);
#811 = EDGE_LOOP('',(#812,#813,#820,#826));
#812 = ORIENTED_EDGE('',*,*,#537,.T.);
#813 = ORIENTED_EDGE('',*,*,#814,.T.);
#814 = EDGE_CURVE('',#538,#815,#817,.T.);
#815 = VERTEX_POINT('',#816);
#816 = CARTESIAN_POINT('',(-0.755,-0.625,0.525));
#817 = B_SPLINE_CURVE_WITH_KNOTS('',1,(#818,#819),.UNSPECIFIED.,.F.,.F.,
  (2,2),(0.,1.),.PIECEWISE_BEZIER_KNOTS.);
#818 = CARTESIAN_POINT('',(-0.725135072626,-0.565270145251,0.1));
#819 = CARTESIAN_POINT('',(-0.755,-0.625,0.525));
#820 = ORIENTED_EDGE('',*,*,#821,.F.);
#821 = EDGE_CURVE('',#584,#815,#822,.T.);
#822 = LINE('',#823,#824);
#823 = CARTESIAN_POINT('',(0.755,-0.625,0.525));
#824 = VECTOR('',#825,1.);
#825 = DIRECTION('',(-1.,0.,0.));
#826 = ORIENTED_EDGE('',*,*,#583,.F.);
#827 = B_SPLINE_SURFACE_WITH_KNOTS('',1,1,(
    (#828,#829)
    ,(#830,#831
    )),.UNSPECIFIED.,.F.,.F.,.F.,(2,2),(2,2),(0.,1.51),(0.,1.),
  .PIECEWISE_BEZIER_KNOTS.);
#828 = CARTESIAN_POINT('',(0.725135072626,-0.565270145251,0.1));
#829 = CARTESIAN_POINT('',(0.755,-0.625,0.525));
#830 = CARTESIAN_POINT('',(-0.725135072626,-0.565270145251,0.1));
#831 = CARTESIAN_POINT('',(-0.755,-0.625,0.525));
#832 = ADVANCED_FACE('',(#833),#844,.F.);
#833 = FACE_BOUND('',#834,.F.);
#834 = EDGE_LOOP('',(#835,#836,#837,#843));
#835 = ORIENTED_EDGE('',*,*,#545,.T.);
#836 = ORIENTED_EDGE('',*,*,#760,.T.);
#837 = ORIENTED_EDGE('',*,*,#838,.F.);
#838 = EDGE_CURVE('',#815,#753,#839,.T.);
#839 = LINE('',#840,#841);
#840 = CARTESIAN_POINT('',(-0.755,-0.625,0.525));
#841 = VECTOR('',#842,1.);
#842 = DIRECTION('',(-0.707106781187,0.707106781187,0.));
#843 = ORIENTED_EDGE('',*,*,#814,.F.);
#844 = B_SPLINE_SURFACE_WITH_KNOTS('',1,1,(
    (#845,#846)
    ,(#847,#848
    )),.UNSPECIFIED.,.F.,.F.,.F.,(2,2),(2,2),(0.,0.134350288425),(0.,1.)
  ,.PIECEWISE_BEZIER_KNOTS.);
#845 = CARTESIAN_POINT('',(-0.725135072626,-0.565270145251,0.1));
#846 = CARTESIAN_POINT('',(-0.755,-0.625,0.525));
#847 = CARTESIAN_POINT('',(-0.790270145251,-0.500135072626,0.1));
#848 = CARTESIAN_POINT('',(-0.85,-0.53,0.525));
#849 = ADVANCED_FACE('',(#850),#867,.F.);
#850 = FACE_BOUND('',#851,.F.);
#851 = EDGE_LOOP('',(#852,#853,#854,#862));
#852 = ORIENTED_EDGE('',*,*,#607,.T.);
#853 = ORIENTED_EDGE('',*,*,#628,.T.);
#854 = ORIENTED_EDGE('',*,*,#855,.F.);
#855 = EDGE_CURVE('',#856,#629,#858,.T.);
#856 = VERTEX_POINT('',#857);
#857 = CARTESIAN_POINT('',(0.7425,0.6,0.675));
#858 = LINE('',#859,#860);
#859 = CARTESIAN_POINT('',(0.7425,0.6,0.675));
#860 = VECTOR('',#861,1.);
#861 = DIRECTION('',(0.707106781187,-0.707106781187,0.));
#862 = ORIENTED_EDGE('',*,*,#863,.F.);
#863 = EDGE_CURVE('',#608,#856,#864,.T.);
#864 = B_SPLINE_CURVE_WITH_KNOTS('',1,(#865,#866),.UNSPECIFIED.,.F.,.F.,
  (2,2),(0.,1.),.PIECEWISE_BEZIER_KNOTS.);
#865 = CARTESIAN_POINT('',(0.755,0.625,0.675));
#866 = CARTESIAN_POINT('',(0.7425,0.6,0.675));
#867 = B_SPLINE_SURFACE_WITH_KNOTS('',1,1,(
    (#868,#869)
    ,(#870,#871
    )),.UNSPECIFIED.,.F.,.F.,.F.,(2,2),(2,2),(0.,0.134350288425),(0.,1.)
  ,.PIECEWISE_BEZIER_KNOTS.);
#868 = CARTESIAN_POINT('',(0.755,0.625,0.675));
#869 = CARTESIAN_POINT('',(0.7425,0.6,0.675));
#870 = CARTESIAN_POINT('',(0.85,0.53,0.675));
#871 = CARTESIAN_POINT('',(0.825,0.5175,0.675));
#872 = ADVANCED_FACE('',(#873),#890,.F.);
#873 = FACE_BOUND('',#874,.F.);
#874 = EDGE_LOOP('',(#875,#876,#877,#885));
#875 = ORIENTED_EDGE('',*,*,#798,.T.);
#876 = ORIENTED_EDGE('',*,*,#615,.T.);
#877 = ORIENTED_EDGE('',*,*,#878,.F.);
#878 = EDGE_CURVE('',#879,#608,#881,.T.);
#879 = VERTEX_POINT('',#880);
#880 = CARTESIAN_POINT('',(-0.755,0.625,0.675));
#881 = LINE('',#882,#883);
#882 = CARTESIAN_POINT('',(-0.755,0.625,0.675));
#883 = VECTOR('',#884,1.);
#884 = DIRECTION('',(1.,0.,0.));
#885 = ORIENTED_EDGE('',*,*,#886,.F.);
#886 = EDGE_CURVE('',#775,#879,#887,.T.);
#887 = B_SPLINE_CURVE_WITH_KNOTS('',1,(#888,#889),.UNSPECIFIED.,.F.,.F.,
  (2,2),(0.,1.),.PIECEWISE_BEZIER_KNOTS.);
#888 = CARTESIAN_POINT('',(-0.755,0.625,0.525));
#889 = CARTESIAN_POINT('',(-0.755,0.625,0.675));
#890 = PLANE('',#891);
#891 = AXIS2_PLACEMENT_3D('',#892,#893,#894);
#892 = CARTESIAN_POINT('',(-0.755,0.625,0.675));
#893 = DIRECTION('',(0.,-1.,0.));
#894 = DIRECTION('',(1.,0.,0.));
#895 = ADVANCED_FACE('',(#896),#921,.F.);
#896 = FACE_BOUND('',#897,.F.);
#897 = EDGE_LOOP('',(#898,#899,#900,#901,#908,#916));
#898 = ORIENTED_EDGE('',*,*,#644,.T.);
#899 = ORIENTED_EDGE('',*,*,#668,.T.);
#900 = ORIENTED_EDGE('',*,*,#691,.T.);
#901 = ORIENTED_EDGE('',*,*,#902,.T.);
#902 = EDGE_CURVE('',#685,#903,#905,.T.);
#903 = VERTEX_POINT('',#904);
#904 = CARTESIAN_POINT('',(0.765270145251,-0.487635072626,1.1));
#905 = B_SPLINE_CURVE_WITH_KNOTS('',1,(#906,#907),.UNSPECIFIED.,.F.,.F.,
  (2,2),(0.,1.),.PIECEWISE_BEZIER_KNOTS.);
#906 = CARTESIAN_POINT('',(0.825,-0.5175,0.675));
#907 = CARTESIAN_POINT('',(0.765270145251,-0.487635072626,1.1));
#908 = ORIENTED_EDGE('',*,*,#909,.F.);
#909 = EDGE_CURVE('',#910,#903,#912,.T.);
#910 = VERTEX_POINT('',#911);
#911 = CARTESIAN_POINT('',(0.765270145251,0.487635072626,1.1));
#912 = LINE('',#913,#914);
#913 = CARTESIAN_POINT('',(0.765270145251,0.487635072626,1.1));
#914 = VECTOR('',#915,1.);
#915 = DIRECTION('',(0.,-1.,0.));
#916 = ORIENTED_EDGE('',*,*,#917,.F.);
#917 = EDGE_CURVE('',#629,#910,#918,.T.);
#918 = B_SPLINE_CURVE_WITH_KNOTS('',1,(#919,#920),.UNSPECIFIED.,.F.,.F.,
  (2,2),(0.,1.),.PIECEWISE_BEZIER_KNOTS.);
#919 = CARTESIAN_POINT('',(0.825,0.5175,0.675));
#920 = CARTESIAN_POINT('',(0.765270145251,0.487635072626,1.1));
#921 = B_SPLINE_SURFACE_WITH_KNOTS('',1,1,(
    (#922,#923)
    ,(#924,#925
    )),.UNSPECIFIED.,.F.,.F.,.F.,(2,2),(2,2),(0.,1.035),(0.,1.),
  .PIECEWISE_BEZIER_KNOTS.);
#922 = CARTESIAN_POINT('',(0.825,0.5175,0.675));
#923 = CARTESIAN_POINT('',(0.765270145251,0.487635072626,1.1));
#924 = CARTESIAN_POINT('',(0.825,-0.5175,0.675));
#925 = CARTESIAN_POINT('',(0.765270145251,-0.487635072626,1.1));
#926 = ADVANCED_FACE('',(#927),#944,.F.);
#927 = FACE_BOUND('',#928,.F.);
#928 = EDGE_LOOP('',(#929,#930,#937,#943));
#929 = ORIENTED_EDGE('',*,*,#713,.T.);
#930 = ORIENTED_EDGE('',*,*,#931,.T.);
#931 = EDGE_CURVE('',#707,#932,#934,.T.);
#932 = VERTEX_POINT('',#933);
#933 = CARTESIAN_POINT('',(0.7425,-0.6,0.675));
#934 = B_SPLINE_CURVE_WITH_KNOTS('',1,(#935,#936),.UNSPECIFIED.,.F.,.F.,
  (2,2),(0.,1.),.PIECEWISE_BEZIER_KNOTS.);
#935 = CARTESIAN_POINT('',(0.755,-0.625,0.675));
#936 = CARTESIAN_POINT('',(0.7425,-0.6,0.675));
#937 = ORIENTED_EDGE('',*,*,#938,.F.);
#938 = EDGE_CURVE('',#685,#932,#939,.T.);
#939 = LINE('',#940,#941);
#940 = CARTESIAN_POINT('',(0.825,-0.5175,0.675));
#941 = VECTOR('',#942,1.);
#942 = DIRECTION('',(-0.707106781187,-0.707106781187,0.));
#943 = ORIENTED_EDGE('',*,*,#684,.F.);
#944 = B_SPLINE_SURFACE_WITH_KNOTS('',1,1,(
    (#945,#946)
    ,(#947,#948
    )),.UNSPECIFIED.,.F.,.F.,.F.,(2,2),(2,2),(0.,0.134350288425),(0.,1.)
  ,.PIECEWISE_BEZIER_KNOTS.);
#945 = CARTESIAN_POINT('',(0.85,-0.53,0.675));
#946 = CARTESIAN_POINT('',(0.825,-0.5175,0.675));
#947 = CARTESIAN_POINT('',(0.755,-0.625,0.675));
#948 = CARTESIAN_POINT('',(0.7425,-0.6,0.675));
#949 = ADVANCED_FACE('',(#950),#967,.F.);
#950 = FACE_BOUND('',#951,.F.);
#951 = EDGE_LOOP('',(#952,#953,#960,#966));
#952 = ORIENTED_EDGE('',*,*,#821,.T.);
#953 = ORIENTED_EDGE('',*,*,#954,.T.);
#954 = EDGE_CURVE('',#815,#955,#957,.T.);
#955 = VERTEX_POINT('',#956);
#956 = CARTESIAN_POINT('',(-0.755,-0.625,0.675));
#957 = B_SPLINE_CURVE_WITH_KNOTS('',1,(#958,#959),.UNSPECIFIED.,.F.,.F.,
  (2,2),(0.,1.),.PIECEWISE_BEZIER_KNOTS.);
#958 = CARTESIAN_POINT('',(-0.755,-0.625,0.525));
#959 = CARTESIAN_POINT('',(-0.755,-0.625,0.675));
#960 = ORIENTED_EDGE('',*,*,#961,.F.);
#961 = EDGE_CURVE('',#707,#955,#962,.T.);
#962 = LINE('',#963,#964);
#963 = CARTESIAN_POINT('',(0.755,-0.625,0.675));
#964 = VECTOR('',#965,1.);
#965 = DIRECTION('',(-1.,0.,0.));
#966 = ORIENTED_EDGE('',*,*,#706,.F.);
#967 = PLANE('',#968);
#968 = AXIS2_PLACEMENT_3D('',#969,#970,#971);
#969 = CARTESIAN_POINT('',(0.755,-0.625,0.675));
#970 = DIRECTION('',(0.,1.,0.));
#971 = DIRECTION('',(-1.,0.,0.));
#972 = ADVANCED_FACE('',(#973),#997,.F.);
#973 = FACE_BOUND('',#974,.F.);
#974 = EDGE_LOOP('',(#975,#982,#983,#991));
#975 = ORIENTED_EDGE('',*,*,#976,.F.);
#976 = EDGE_CURVE('',#753,#977,#979,.T.);
#977 = VERTEX_POINT('',#978);
#978 = CARTESIAN_POINT('',(-0.85,-0.53,0.675));
#979 = B_SPLINE_CURVE_WITH_KNOTS('',1,(#980,#981),.UNSPECIFIED.,.F.,.F.,
  (2,2),(0.,1.),.PIECEWISE_BEZIER_KNOTS.);
#980 = CARTESIAN_POINT('',(-0.85,-0.53,0.525));
#981 = CARTESIAN_POINT('',(-0.85,-0.53,0.675));
#982 = ORIENTED_EDGE('',*,*,#752,.T.);
#983 = ORIENTED_EDGE('',*,*,#984,.T.);
#984 = EDGE_CURVE('',#745,#985,#987,.T.);
#985 = VERTEX_POINT('',#986);
#986 = CARTESIAN_POINT('',(-0.85,-0.175,0.675));
#987 = LINE('',#988,#989);
#988 = CARTESIAN_POINT('',(-0.85,-0.175,0.498338171534));
#989 = VECTOR('',#990,1.);
#990 = DIRECTION('',(0.,0.,1.));
#991 = ORIENTED_EDGE('',*,*,#992,.F.);
#992 = EDGE_CURVE('',#977,#985,#993,.T.);
#993 = LINE('',#994,#995);
#994 = CARTESIAN_POINT('',(-0.85,-0.53,0.675));
#995 = VECTOR('',#996,1.);
#996 = DIRECTION('',(0.,1.,0.));
#997 = PLANE('',#998);
#998 = AXIS2_PLACEMENT_3D('',#999,#1000,#1001);
#999 = CARTESIAN_POINT('',(-0.85,-0.53,0.675));
#1000 = DIRECTION('',(1.,0.,0.));
#1001 = DIRECTION('',(-0.,1.,0.));
#1002 = ADVANCED_FACE('',(#1003),#1027,.F.);
#1003 = FACE_BOUND('',#1004,.F.);
#1004 = EDGE_LOOP('',(#1005,#1013,#1014,#1021));
#1005 = ORIENTED_EDGE('',*,*,#1006,.F.);
#1006 = EDGE_CURVE('',#737,#1007,#1009,.T.);
#1007 = VERTEX_POINT('',#1008);
#1008 = CARTESIAN_POINT('',(-0.85,0.175,0.675));
#1009 = LINE('',#1010,#1011);
#1010 = CARTESIAN_POINT('',(-0.85,0.175,0.498338171534));
#1011 = VECTOR('',#1012,1.);
#1012 = DIRECTION('',(0.,0.,1.));
#1013 = ORIENTED_EDGE('',*,*,#736,.T.);
#1014 = ORIENTED_EDGE('',*,*,#1015,.T.);
#1015 = EDGE_CURVE('',#730,#1016,#1018,.T.);
#1016 = VERTEX_POINT('',#1017);
#1017 = CARTESIAN_POINT('',(-0.85,0.53,0.675));
#1018 = B_SPLINE_CURVE_WITH_KNOTS('',1,(#1019,#1020),.UNSPECIFIED.,.F.,
  .F.,(2,2),(0.,1.),.PIECEWISE_BEZIER_KNOTS.);
#1019 = CARTESIAN_POINT('',(-0.85,0.53,0.525));
#1020 = CARTESIAN_POINT('',(-0.85,0.53,0.675));
#1021 = ORIENTED_EDGE('',*,*,#1022,.F.);
#1022 = EDGE_CURVE('',#1007,#1016,#1023,.T.);
#1023 = LINE('',#1024,#1025);
#1024 = CARTESIAN_POINT('',(-0.85,-0.53,0.675));
#1025 = VECTOR('',#1026,1.);
#1026 = DIRECTION('',(0.,1.,0.));
#1027 = PLANE('',#1028);
#1028 = AXIS2_PLACEMENT_3D('',#1029,#1030,#1031);
#1029 = CARTESIAN_POINT('',(-0.85,-0.53,0.675));
#1030 = DIRECTION('',(1.,0.,0.));
#1031 = DIRECTION('',(-0.,1.,0.));
#1032 = ADVANCED_FACE('',(#1033),#1060,.F.);
#1033 = FACE_BOUND('',#1034,.F.);
#1034 = EDGE_LOOP('',(#1035,#1036,#1045,#1053));
#1035 = ORIENTED_EDGE('',*,*,#744,.T.);
#1036 = ORIENTED_EDGE('',*,*,#1037,.T.);
#1037 = EDGE_CURVE('',#737,#1038,#1040,.T.);
#1038 = VERTEX_POINT('',#1039);
#1039 = CARTESIAN_POINT('',(-0.92,0.175,0.455));
#1040 = CIRCLE('',#1041,7.E-02);
#1041 = AXIS2_PLACEMENT_3D('',#1042,#1043,#1044);
#1042 = CARTESIAN_POINT('',(-0.85,0.175,0.455));
#1043 = DIRECTION('',(-1.110223024625E-16,-1.,0.));
#1044 = DIRECTION('',(0.,0.,1.));
#1045 = ORIENTED_EDGE('',*,*,#1046,.F.);
#1046 = EDGE_CURVE('',#1047,#1038,#1049,.T.);
#1047 = VERTEX_POINT('',#1048);
#1048 = CARTESIAN_POINT('',(-0.92,-0.175,0.455));
#1049 = LINE('',#1050,#1051);
#1050 = CARTESIAN_POINT('',(-0.92,-0.175,0.455));
#1051 = VECTOR('',#1052,1.);
#1052 = DIRECTION('',(1.110223024625E-16,1.,0.));
#1053 = ORIENTED_EDGE('',*,*,#1054,.F.);
#1054 = EDGE_CURVE('',#745,#1047,#1055,.T.);
#1055 = CIRCLE('',#1056,7.E-02);
#1056 = AXIS2_PLACEMENT_3D('',#1057,#1058,#1059);
#1057 = CARTESIAN_POINT('',(-0.85,-0.175,0.455));
#1058 = DIRECTION('',(-1.110223024625E-16,-1.,0.));
#1059 = DIRECTION('',(0.,0.,1.));
#1060 = CYLINDRICAL_SURFACE('',#1061,7.E-02);
#1061 = AXIS2_PLACEMENT_3D('',#1062,#1063,#1064);
#1062 = CARTESIAN_POINT('',(-0.85,-0.175,0.455));
#1063 = DIRECTION('',(-1.110223024625E-16,-1.,0.));
#1064 = DIRECTION('',(0.,0.,1.));
#1065 = ADVANCED_FACE('',(#1066),#1077,.F.);
#1066 = FACE_BOUND('',#1067,.F.);
#1067 = EDGE_LOOP('',(#1068,#1069,#1070,#1076));
#1068 = ORIENTED_EDGE('',*,*,#781,.T.);
#1069 = ORIENTED_EDGE('',*,*,#886,.T.);
#1070 = ORIENTED_EDGE('',*,*,#1071,.F.);
#1071 = EDGE_CURVE('',#1016,#879,#1072,.T.);
#1072 = LINE('',#1073,#1074);
#1073 = CARTESIAN_POINT('',(-0.85,0.53,0.675));
#1074 = VECTOR('',#1075,1.);
#1075 = DIRECTION('',(0.707106781187,0.707106781187,0.));
#1076 = ORIENTED_EDGE('',*,*,#1015,.F.);
#1077 = PLANE('',#1078);
#1078 = AXIS2_PLACEMENT_3D('',#1079,#1080,#1081);
#1079 = CARTESIAN_POINT('',(-0.85,0.53,0.675));
#1080 = DIRECTION('',(0.707106781187,-0.707106781187,0.));
#1081 = DIRECTION('',(0.707106781187,0.707106781187,0.));
#1082 = ADVANCED_FACE('',(#1083),#1094,.F.);
#1083 = FACE_BOUND('',#1084,.F.);
#1084 = EDGE_LOOP('',(#1085,#1086,#1087,#1093));
#1085 = ORIENTED_EDGE('',*,*,#838,.T.);
#1086 = ORIENTED_EDGE('',*,*,#976,.T.);
#1087 = ORIENTED_EDGE('',*,*,#1088,.F.);
#1088 = EDGE_CURVE('',#955,#977,#1089,.T.);
#1089 = LINE('',#1090,#1091);
#1090 = CARTESIAN_POINT('',(-0.755,-0.625,0.675));
#1091 = VECTOR('',#1092,1.);
#1092 = DIRECTION('',(-0.707106781187,0.707106781187,0.));
#1093 = ORIENTED_EDGE('',*,*,#954,.F.);
#1094 = PLANE('',#1095);
#1095 = AXIS2_PLACEMENT_3D('',#1096,#1097,#1098);
#1096 = CARTESIAN_POINT('',(-0.755,-0.625,0.675));
#1097 = DIRECTION('',(0.707106781187,0.707106781187,0.));
#1098 = DIRECTION('',(-0.707106781187,0.707106781187,0.));
#1099 = ADVANCED_FACE('',(#1100),#1117,.F.);
#1100 = FACE_BOUND('',#1101,.F.);
#1101 = EDGE_LOOP('',(#1102,#1103,#1104,#1112));
#1102 = ORIENTED_EDGE('',*,*,#855,.T.);
#1103 = ORIENTED_EDGE('',*,*,#917,.T.);
#1104 = ORIENTED_EDGE('',*,*,#1105,.F.);
#1105 = EDGE_CURVE('',#1106,#910,#1108,.T.);
#1106 = VERTEX_POINT('',#1107);
#1107 = CARTESIAN_POINT('',(0.712635072626,0.540270145251,1.1));
#1108 = LINE('',#1109,#1110);
#1109 = CARTESIAN_POINT('',(0.712635072626,0.540270145251,1.1));
#1110 = VECTOR('',#1111,1.);
#1111 = DIRECTION('',(0.707106781187,-0.707106781187,0.));
#1112 = ORIENTED_EDGE('',*,*,#1113,.F.);
#1113 = EDGE_CURVE('',#856,#1106,#1114,.T.);
#1114 = B_SPLINE_CURVE_WITH_KNOTS('',1,(#1115,#1116),.UNSPECIFIED.,.F.,
  .F.,(2,2),(0.,1.),.PIECEWISE_BEZIER_KNOTS.);
#1115 = CARTESIAN_POINT('',(0.7425,0.6,0.675));
#1116 = CARTESIAN_POINT('',(0.712635072626,0.540270145251,1.1));
#1117 = B_SPLINE_SURFACE_WITH_KNOTS('',1,1,(
    (#1118,#1119)
    ,(#1120,#1121
    )),.UNSPECIFIED.,.F.,.F.,.F.,(2,2),(2,2),(0.,0.116672618896),(0.,1.)
  ,.PIECEWISE_BEZIER_KNOTS.);
#1118 = CARTESIAN_POINT('',(0.7425,0.6,0.675));
#1119 = CARTESIAN_POINT('',(0.712635072626,0.540270145251,1.1));
#1120 = CARTESIAN_POINT('',(0.825,0.5175,0.675));
#1121 = CARTESIAN_POINT('',(0.765270145251,0.487635072626,1.1));
#1122 = ADVANCED_FACE('',(#1123),#1140,.F.);
#1123 = FACE_BOUND('',#1124,.F.);
#1124 = EDGE_LOOP('',(#1125,#1126,#1127,#1135));
#1125 = ORIENTED_EDGE('',*,*,#878,.T.);
#1126 = ORIENTED_EDGE('',*,*,#863,.T.);
#1127 = ORIENTED_EDGE('',*,*,#1128,.F.);
#1128 = EDGE_CURVE('',#1129,#856,#1131,.T.);
#1129 = VERTEX_POINT('',#1130);
#1130 = CARTESIAN_POINT('',(-0.7425,0.6,0.675));
#1131 = LINE('',#1132,#1133);
#1132 = CARTESIAN_POINT('',(-0.7425,0.6,0.675));
#1133 = VECTOR('',#1134,1.);
#1134 = DIRECTION('',(1.,0.,0.));
#1135 = ORIENTED_EDGE('',*,*,#1136,.F.);
#1136 = EDGE_CURVE('',#879,#1129,#1137,.T.);
#1137 = B_SPLINE_CURVE_WITH_KNOTS('',1,(#1138,#1139),.UNSPECIFIED.,.F.,
  .F.,(2,2),(0.,1.),.PIECEWISE_BEZIER_KNOTS.);
#1138 = CARTESIAN_POINT('',(-0.755,0.625,0.675));
#1139 = CARTESIAN_POINT('',(-0.7425,0.6,0.675));
#1140 = B_SPLINE_SURFACE_WITH_KNOTS('',1,1,(
    (#1141,#1142)
    ,(#1143,#1144
    )),.UNSPECIFIED.,.F.,.F.,.F.,(2,2),(2,2),(0.,1.51),(0.,1.),
  .PIECEWISE_BEZIER_KNOTS.);
#1141 = CARTESIAN_POINT('',(-0.755,0.625,0.675));
#1142 = CARTESIAN_POINT('',(-0.7425,0.6,0.675));
#1143 = CARTESIAN_POINT('',(0.755,0.625,0.675));
#1144 = CARTESIAN_POINT('',(0.7425,0.6,0.675));
#1145 = ADVANCED_FACE('',(#1146,#1196),#1230,.T.);
#1146 = FACE_BOUND('',#1147,.T.);
#1147 = EDGE_LOOP('',(#1148,#1158,#1166,#1174,#1180,#1181,#1182,#1190));
#1148 = ORIENTED_EDGE('',*,*,#1149,.F.);
#1149 = EDGE_CURVE('',#1150,#1152,#1154,.T.);
#1150 = VERTEX_POINT('',#1151);
#1151 = CARTESIAN_POINT('',(-0.765270145251,-0.487635072626,1.1));
#1152 = VERTEX_POINT('',#1153);
#1153 = CARTESIAN_POINT('',(-0.765270145251,0.487635072626,1.1));
#1154 = LINE('',#1155,#1156);
#1155 = CARTESIAN_POINT('',(-0.765270145251,-0.487635072626,1.1));
#1156 = VECTOR('',#1157,1.);
#1157 = DIRECTION('',(0.,1.,0.));
#1158 = ORIENTED_EDGE('',*,*,#1159,.F.);
#1159 = EDGE_CURVE('',#1160,#1150,#1162,.T.);
#1160 = VERTEX_POINT('',#1161);
#1161 = CARTESIAN_POINT('',(-0.712635072626,-0.540270145251,1.1));
#1162 = LINE('',#1163,#1164);
#1163 = CARTESIAN_POINT('',(-0.712635072626,-0.540270145251,1.1));
#1164 = VECTOR('',#1165,1.);
#1165 = DIRECTION('',(-0.707106781187,0.707106781187,0.));
#1166 = ORIENTED_EDGE('',*,*,#1167,.F.);
#1167 = EDGE_CURVE('',#1168,#1160,#1170,.T.);
#1168 = VERTEX_POINT('',#1169);
#1169 = CARTESIAN_POINT('',(0.712635072626,-0.540270145251,1.1));
#1170 = LINE('',#1171,#1172);
#1171 = CARTESIAN_POINT('',(0.712635072626,-0.540270145251,1.1));
#1172 = VECTOR('',#1173,1.);
#1173 = DIRECTION('',(-1.,0.,0.));
#1174 = ORIENTED_EDGE('',*,*,#1175,.F.);
#1175 = EDGE_CURVE('',#903,#1168,#1176,.T.);
#1176 = LINE('',#1177,#1178);
#1177 = CARTESIAN_POINT('',(0.765270145251,-0.487635072626,1.1));
#1178 = VECTOR('',#1179,1.);
#1179 = DIRECTION('',(-0.707106781187,-0.707106781187,0.));
#1180 = ORIENTED_EDGE('',*,*,#909,.F.);
#1181 = ORIENTED_EDGE('',*,*,#1105,.F.);
#1182 = ORIENTED_EDGE('',*,*,#1183,.F.);
#1183 = EDGE_CURVE('',#1184,#1106,#1186,.T.);
#1184 = VERTEX_POINT('',#1185);
#1185 = CARTESIAN_POINT('',(-0.712635072626,0.540270145251,1.1));
#1186 = LINE('',#1187,#1188);
#1187 = CARTESIAN_POINT('',(-0.712635072626,0.540270145251,1.1));
#1188 = VECTOR('',#1189,1.);
#1189 = DIRECTION('',(1.,0.,0.));
#1190 = ORIENTED_EDGE('',*,*,#1191,.F.);
#1191 = EDGE_CURVE('',#1152,#1184,#1192,.T.);
#1192 = LINE('',#1193,#1194);
#1193 = CARTESIAN_POINT('',(-0.765270145251,0.487635072626,1.1));
#1194 = VECTOR('',#1195,1.);
#1195 = DIRECTION('',(0.707106781187,0.707106781187,0.));
#1196 = FACE_BOUND('',#1197,.T.);
#1197 = EDGE_LOOP('',(#1198,#1208,#1216,#1224));
#1198 = ORIENTED_EDGE('',*,*,#1199,.T.);
#1199 = EDGE_CURVE('',#1200,#1202,#1204,.T.);
#1200 = VERTEX_POINT('',#1201);
#1201 = CARTESIAN_POINT('',(-0.315270145251,-0.490270145251,1.1));
#1202 = VERTEX_POINT('',#1203);
#1203 = CARTESIAN_POINT('',(-0.715270145251,-0.490270145251,1.1));
#1204 = LINE('',#1205,#1206);
#1205 = CARTESIAN_POINT('',(-0.740270145251,-0.490270145251,1.1));
#1206 = VECTOR('',#1207,1.);
#1207 = DIRECTION('',(-1.,0.,0.));
#1208 = ORIENTED_EDGE('',*,*,#1209,.T.);
#1209 = EDGE_CURVE('',#1202,#1210,#1212,.T.);
#1210 = VERTEX_POINT('',#1211);
#1211 = CARTESIAN_POINT('',(-0.715270145251,0.490270145251,1.1));
#1212 = LINE('',#1213,#1214);
#1213 = CARTESIAN_POINT('',(-0.715270145251,-0.488952608939,1.1));
#1214 = VECTOR('',#1215,1.);
#1215 = DIRECTION('',(0.,1.,0.));
#1216 = ORIENTED_EDGE('',*,*,#1217,.F.);
#1217 = EDGE_CURVE('',#1218,#1210,#1220,.T.);
#1218 = VERTEX_POINT('',#1219);
#1219 = CARTESIAN_POINT('',(-0.315270145251,0.490270145251,1.1));
#1220 = LINE('',#1221,#1222);
#1221 = CARTESIAN_POINT('',(-0.740270145251,0.490270145251,1.1));
#1222 = VECTOR('',#1223,1.);
#1223 = DIRECTION('',(-1.,0.,0.));
#1224 = ORIENTED_EDGE('',*,*,#1225,.F.);
#1225 = EDGE_CURVE('',#1200,#1218,#1226,.T.);
#1226 = LINE('',#1227,#1228);
#1227 = CARTESIAN_POINT('',(-0.315270145251,-0.488952608939,1.1));
#1228 = VECTOR('',#1229,1.);
#1229 = DIRECTION('',(0.,1.,0.));
#1230 = PLANE('',#1231);
#1231 = AXIS2_PLACEMENT_3D('',#1232,#1233,#1234);
#1232 = CARTESIAN_POINT('',(-0.765270145251,-0.487635072626,1.1));
#1233 = DIRECTION('',(0.,0.,1.));
#1234 = DIRECTION('',(0.84333939541,0.537381302382,-0.));
#1235 = ADVANCED_FACE('',(#1236),#1246,.F.);
#1236 = FACE_BOUND('',#1237,.F.);
#1237 = EDGE_LOOP('',(#1238,#1239,#1244,#1245));
#1238 = ORIENTED_EDGE('',*,*,#938,.T.);
#1239 = ORIENTED_EDGE('',*,*,#1240,.T.);
#1240 = EDGE_CURVE('',#932,#1168,#1241,.T.);
#1241 = B_SPLINE_CURVE_WITH_KNOTS('',1,(#1242,#1243),.UNSPECIFIED.,.F.,
  .F.,(2,2),(0.,1.),.PIECEWISE_BEZIER_KNOTS.);
#1242 = CARTESIAN_POINT('',(0.7425,-0.6,0.675));
#1243 = CARTESIAN_POINT('',(0.712635072626,-0.540270145251,1.1));
#1244 = ORIENTED_EDGE('',*,*,#1175,.F.);
#1245 = ORIENTED_EDGE('',*,*,#902,.F.);
#1246 = B_SPLINE_SURFACE_WITH_KNOTS('',1,1,(
    (#1247,#1248)
    ,(#1249,#1250
    )),.UNSPECIFIED.,.F.,.F.,.F.,(2,2),(2,2),(0.,0.116672618896),(0.,1.)
  ,.PIECEWISE_BEZIER_KNOTS.);
#1247 = CARTESIAN_POINT('',(0.825,-0.5175,0.675));
#1248 = CARTESIAN_POINT('',(0.765270145251,-0.487635072626,1.1));
#1249 = CARTESIAN_POINT('',(0.7425,-0.6,0.675));
#1250 = CARTESIAN_POINT('',(0.712635072626,-0.540270145251,1.1));
#1251 = ADVANCED_FACE('',(#1252),#1269,.F.);
#1252 = FACE_BOUND('',#1253,.F.);
#1253 = EDGE_LOOP('',(#1254,#1255,#1262,#1268));
#1254 = ORIENTED_EDGE('',*,*,#961,.T.);
#1255 = ORIENTED_EDGE('',*,*,#1256,.T.);
#1256 = EDGE_CURVE('',#955,#1257,#1259,.T.);
#1257 = VERTEX_POINT('',#1258);
#1258 = CARTESIAN_POINT('',(-0.7425,-0.6,0.675));
#1259 = B_SPLINE_CURVE_WITH_KNOTS('',1,(#1260,#1261),.UNSPECIFIED.,.F.,
  .F.,(2,2),(0.,1.),.PIECEWISE_BEZIER_KNOTS.);
#1260 = CARTESIAN_POINT('',(-0.755,-0.625,0.675));
#1261 = CARTESIAN_POINT('',(-0.7425,-0.6,0.675));
#1262 = ORIENTED_EDGE('',*,*,#1263,.F.);
#1263 = EDGE_CURVE('',#932,#1257,#1264,.T.);
#1264 = LINE('',#1265,#1266);
#1265 = CARTESIAN_POINT('',(0.7425,-0.6,0.675));
#1266 = VECTOR('',#1267,1.);
#1267 = DIRECTION('',(-1.,0.,0.));
#1268 = ORIENTED_EDGE('',*,*,#931,.F.);
#1269 = B_SPLINE_SURFACE_WITH_KNOTS('',1,1,(
    (#1270,#1271)
    ,(#1272,#1273
    )),.UNSPECIFIED.,.F.,.F.,.F.,(2,2),(2,2),(0.,1.51),(0.,1.),
  .PIECEWISE_BEZIER_KNOTS.);
#1270 = CARTESIAN_POINT('',(0.755,-0.625,0.675));
#1271 = CARTESIAN_POINT('',(0.7425,-0.6,0.675));
#1272 = CARTESIAN_POINT('',(-0.755,-0.625,0.675));
#1273 = CARTESIAN_POINT('',(-0.7425,-0.6,0.675));
#1274 = ADVANCED_FACE('',(#1275),#1299,.F.);
#1275 = FACE_BOUND('',#1276,.F.);
#1276 = EDGE_LOOP('',(#1277,#1284,#1285,#1293));
#1277 = ORIENTED_EDGE('',*,*,#1278,.F.);
#1278 = EDGE_CURVE('',#977,#1279,#1281,.T.);
#1279 = VERTEX_POINT('',#1280);
#1280 = CARTESIAN_POINT('',(-0.825,-0.5175,0.675));
#1281 = B_SPLINE_CURVE_WITH_KNOTS('',1,(#1282,#1283),.UNSPECIFIED.,.F.,
  .F.,(2,2),(0.,1.),.PIECEWISE_BEZIER_KNOTS.);
#1282 = CARTESIAN_POINT('',(-0.85,-0.53,0.675));
#1283 = CARTESIAN_POINT('',(-0.825,-0.5175,0.675));
#1284 = ORIENTED_EDGE('',*,*,#992,.T.);
#1285 = ORIENTED_EDGE('',*,*,#1286,.T.);
#1286 = EDGE_CURVE('',#985,#1287,#1289,.T.);
#1287 = VERTEX_POINT('',#1288);
#1288 = CARTESIAN_POINT('',(-0.825,-0.175,0.675));
#1289 = LINE('',#1290,#1291);
#1290 = CARTESIAN_POINT('',(-0.85,-0.175,0.675));
#1291 = VECTOR('',#1292,1.);
#1292 = DIRECTION('',(1.,-1.110223024625E-16,0.));
#1293 = ORIENTED_EDGE('',*,*,#1294,.F.);
#1294 = EDGE_CURVE('',#1279,#1287,#1295,.T.);
#1295 = LINE('',#1296,#1297);
#1296 = CARTESIAN_POINT('',(-0.825,-0.5175,0.675));
#1297 = VECTOR('',#1298,1.);
#1298 = DIRECTION('',(0.,1.,0.));
#1299 = B_SPLINE_SURFACE_WITH_KNOTS('',1,1,(
    (#1300,#1301)
    ,(#1302,#1303
    )),.UNSPECIFIED.,.F.,.F.,.F.,(2,2),(2,2),(0.,1.06),(0.,1.),
  .PIECEWISE_BEZIER_KNOTS.);
#1300 = CARTESIAN_POINT('',(-0.85,-0.53,0.675));
#1301 = CARTESIAN_POINT('',(-0.825,-0.5175,0.675));
#1302 = CARTESIAN_POINT('',(-0.85,0.53,0.675));
#1303 = CARTESIAN_POINT('',(-0.825,0.5175,0.675));
#1304 = ADVANCED_FACE('',(#1305),#1374,.F.);
#1305 = FACE_BOUND('',#1306,.F.);
#1306 = EDGE_LOOP('',(#1307,#1308,#1309,#1317,#1326,#1334,#1342,#1350,
    #1359,#1367));
#1307 = ORIENTED_EDGE('',*,*,#984,.F.);
#1308 = ORIENTED_EDGE('',*,*,#1054,.T.);
#1309 = ORIENTED_EDGE('',*,*,#1310,.T.);
#1310 = EDGE_CURVE('',#1047,#1311,#1313,.T.);
#1311 = VERTEX_POINT('',#1312);
#1312 = CARTESIAN_POINT('',(-0.92,-0.175,0.22));
#1313 = LINE('',#1314,#1315);
#1314 = CARTESIAN_POINT('',(-0.92,-0.175,0.455));
#1315 = VECTOR('',#1316,1.);
#1316 = DIRECTION('',(0.,0.,-1.));
#1317 = ORIENTED_EDGE('',*,*,#1318,.T.);
#1318 = EDGE_CURVE('',#1311,#1319,#1321,.T.);
#1319 = VERTEX_POINT('',#1320);
#1320 = CARTESIAN_POINT('',(-1.14,-0.175,0.));
#1321 = CIRCLE('',#1322,0.22);
#1322 = AXIS2_PLACEMENT_3D('',#1323,#1324,#1325);
#1323 = CARTESIAN_POINT('',(-1.14,-0.175,0.22));
#1324 = DIRECTION('',(1.110223024625E-16,1.,0.));
#1325 = DIRECTION('',(1.,-1.110223024625E-16,1.261617073438E-16));
#1326 = ORIENTED_EDGE('',*,*,#1327,.T.);
#1327 = EDGE_CURVE('',#1319,#1328,#1330,.T.);
#1328 = VERTEX_POINT('',#1329);
#1329 = CARTESIAN_POINT('',(-1.25,-0.175,0.));
#1330 = LINE('',#1331,#1332);
#1331 = CARTESIAN_POINT('',(-1.14,-0.175,0.));
#1332 = VECTOR('',#1333,1.);
#1333 = DIRECTION('',(-1.,1.110223024625E-16,0.));
#1334 = ORIENTED_EDGE('',*,*,#1335,.T.);
#1335 = EDGE_CURVE('',#1328,#1336,#1338,.T.);
#1336 = VERTEX_POINT('',#1337);
#1337 = CARTESIAN_POINT('',(-1.25,-0.175,0.15));
#1338 = LINE('',#1339,#1340);
#1339 = CARTESIAN_POINT('',(-1.25,-0.175,0.));
#1340 = VECTOR('',#1341,1.);
#1341 = DIRECTION('',(0.,0.,1.));
#1342 = ORIENTED_EDGE('',*,*,#1343,.T.);
#1343 = EDGE_CURVE('',#1336,#1344,#1346,.T.);
#1344 = VERTEX_POINT('',#1345);
#1345 = CARTESIAN_POINT('',(-1.14,-0.175,0.15));
#1346 = LINE('',#1347,#1348);
#1347 = CARTESIAN_POINT('',(-1.25,-0.175,0.15));
#1348 = VECTOR('',#1349,1.);
#1349 = DIRECTION('',(1.,-1.110223024625E-16,0.));
#1350 = ORIENTED_EDGE('',*,*,#1351,.T.);
#1351 = EDGE_CURVE('',#1344,#1352,#1354,.T.);
#1352 = VERTEX_POINT('',#1353);
#1353 = CARTESIAN_POINT('',(-1.07,-0.175,0.22));
#1354 = CIRCLE('',#1355,7.E-02);
#1355 = AXIS2_PLACEMENT_3D('',#1356,#1357,#1358);
#1356 = CARTESIAN_POINT('',(-1.14,-0.175,0.22));
#1357 = DIRECTION('',(-1.110223024625E-16,-1.,0.));
#1358 = DIRECTION('',(1.586032892322E-15,-1.760850234868E-31,-1.));
#1359 = ORIENTED_EDGE('',*,*,#1360,.T.);
#1360 = EDGE_CURVE('',#1352,#1361,#1363,.T.);
#1361 = VERTEX_POINT('',#1362);
#1362 = CARTESIAN_POINT('',(-1.07,-0.175,0.455));
#1363 = LINE('',#1364,#1365);
#1364 = CARTESIAN_POINT('',(-1.07,-0.175,0.22));
#1365 = VECTOR('',#1366,1.);
#1366 = DIRECTION('',(0.,0.,1.));
#1367 = ORIENTED_EDGE('',*,*,#1368,.T.);
#1368 = EDGE_CURVE('',#1361,#985,#1369,.T.);
#1369 = CIRCLE('',#1370,0.22);
#1370 = AXIS2_PLACEMENT_3D('',#1371,#1372,#1373);
#1371 = CARTESIAN_POINT('',(-0.85,-0.175,0.455));
#1372 = DIRECTION('',(1.110223024625E-16,1.,0.));
#1373 = DIRECTION('',(-1.,1.110223024625E-16,-7.569702440626E-16));
#1374 = PLANE('',#1375);
#1375 = AXIS2_PLACEMENT_3D('',#1376,#1377,#1378);
#1376 = CARTESIAN_POINT('',(-1.013084179351,-0.175,0.321676343068));
#1377 = DIRECTION('',(1.110223024625E-16,1.,0.));
#1378 = DIRECTION('',(0.,-0.,1.));
#1379 = ADVANCED_FACE('',(#1380),#1449,.T.);
#1380 = FACE_BOUND('',#1381,.T.);
#1381 = EDGE_LOOP('',(#1382,#1383,#1384,#1392,#1401,#1409,#1417,#1425,
    #1434,#1442));
#1382 = ORIENTED_EDGE('',*,*,#1006,.F.);
#1383 = ORIENTED_EDGE('',*,*,#1037,.T.);
#1384 = ORIENTED_EDGE('',*,*,#1385,.T.);
#1385 = EDGE_CURVE('',#1038,#1386,#1388,.T.);
#1386 = VERTEX_POINT('',#1387);
#1387 = CARTESIAN_POINT('',(-0.92,0.175,0.22));
#1388 = LINE('',#1389,#1390);
#1389 = CARTESIAN_POINT('',(-0.92,0.175,0.455));
#1390 = VECTOR('',#1391,1.);
#1391 = DIRECTION('',(0.,0.,-1.));
#1392 = ORIENTED_EDGE('',*,*,#1393,.T.);
#1393 = EDGE_CURVE('',#1386,#1394,#1396,.T.);
#1394 = VERTEX_POINT('',#1395);
#1395 = CARTESIAN_POINT('',(-1.14,0.175,0.));
#1396 = CIRCLE('',#1397,0.22);
#1397 = AXIS2_PLACEMENT_3D('',#1398,#1399,#1400);
#1398 = CARTESIAN_POINT('',(-1.14,0.175,0.22));
#1399 = DIRECTION('',(1.110223024625E-16,1.,0.));
#1400 = DIRECTION('',(1.,-1.110223024625E-16,1.261617073438E-16));
#1401 = ORIENTED_EDGE('',*,*,#1402,.T.);
#1402 = EDGE_CURVE('',#1394,#1403,#1405,.T.);
#1403 = VERTEX_POINT('',#1404);
#1404 = CARTESIAN_POINT('',(-1.25,0.175,0.));
#1405 = LINE('',#1406,#1407);
#1406 = CARTESIAN_POINT('',(-1.14,0.175,0.));
#1407 = VECTOR('',#1408,1.);
#1408 = DIRECTION('',(-1.,1.110223024625E-16,0.));
#1409 = ORIENTED_EDGE('',*,*,#1410,.T.);
#1410 = EDGE_CURVE('',#1403,#1411,#1413,.T.);
#1411 = VERTEX_POINT('',#1412);
#1412 = CARTESIAN_POINT('',(-1.25,0.175,0.15));
#1413 = LINE('',#1414,#1415);
#1414 = CARTESIAN_POINT('',(-1.25,0.175,0.));
#1415 = VECTOR('',#1416,1.);
#1416 = DIRECTION('',(0.,0.,1.));
#1417 = ORIENTED_EDGE('',*,*,#1418,.T.);
#1418 = EDGE_CURVE('',#1411,#1419,#1421,.T.);
#1419 = VERTEX_POINT('',#1420);
#1420 = CARTESIAN_POINT('',(-1.14,0.175,0.15));
#1421 = LINE('',#1422,#1423);
#1422 = CARTESIAN_POINT('',(-1.25,0.175,0.15));
#1423 = VECTOR('',#1424,1.);
#1424 = DIRECTION('',(1.,-1.110223024625E-16,0.));
#1425 = ORIENTED_EDGE('',*,*,#1426,.T.);
#1426 = EDGE_CURVE('',#1419,#1427,#1429,.T.);
#1427 = VERTEX_POINT('',#1428);
#1428 = CARTESIAN_POINT('',(-1.07,0.175,0.22));
#1429 = CIRCLE('',#1430,7.E-02);
#1430 = AXIS2_PLACEMENT_3D('',#1431,#1432,#1433);
#1431 = CARTESIAN_POINT('',(-1.14,0.175,0.22));
#1432 = DIRECTION('',(-1.110223024625E-16,-1.,0.));
#1433 = DIRECTION('',(1.586032892322E-15,-1.760850234868E-31,-1.));
#1434 = ORIENTED_EDGE('',*,*,#1435,.T.);
#1435 = EDGE_CURVE('',#1427,#1436,#1438,.T.);
#1436 = VERTEX_POINT('',#1437);
#1437 = CARTESIAN_POINT('',(-1.07,0.175,0.455));
#1438 = LINE('',#1439,#1440);
#1439 = CARTESIAN_POINT('',(-1.07,0.175,0.22));
#1440 = VECTOR('',#1441,1.);
#1441 = DIRECTION('',(0.,0.,1.));
#1442 = ORIENTED_EDGE('',*,*,#1443,.T.);
#1443 = EDGE_CURVE('',#1436,#1007,#1444,.T.);
#1444 = CIRCLE('',#1445,0.22);
#1445 = AXIS2_PLACEMENT_3D('',#1446,#1447,#1448);
#1446 = CARTESIAN_POINT('',(-0.85,0.175,0.455));
#1447 = DIRECTION('',(1.110223024625E-16,1.,0.));
#1448 = DIRECTION('',(-1.,1.110223024625E-16,-7.569702440626E-16));
#1449 = PLANE('',#1450);
#1450 = AXIS2_PLACEMENT_3D('',#1451,#1452,#1453);
#1451 = CARTESIAN_POINT('',(-1.013084179351,0.175,0.321676343068));
#1452 = DIRECTION('',(1.110223024625E-16,1.,0.));
#1453 = DIRECTION('',(0.,-0.,1.));
#1454 = ADVANCED_FACE('',(#1455),#1479,.F.);
#1455 = FACE_BOUND('',#1456,.F.);
#1456 = EDGE_LOOP('',(#1457,#1465,#1466,#1473));
#1457 = ORIENTED_EDGE('',*,*,#1458,.F.);
#1458 = EDGE_CURVE('',#1007,#1459,#1461,.T.);
#1459 = VERTEX_POINT('',#1460);
#1460 = CARTESIAN_POINT('',(-0.825,0.175,0.675));
#1461 = LINE('',#1462,#1463);
#1462 = CARTESIAN_POINT('',(-0.85,0.175,0.675));
#1463 = VECTOR('',#1464,1.);
#1464 = DIRECTION('',(1.,-1.110223024625E-16,0.));
#1465 = ORIENTED_EDGE('',*,*,#1022,.T.);
#1466 = ORIENTED_EDGE('',*,*,#1467,.T.);
#1467 = EDGE_CURVE('',#1016,#1468,#1470,.T.);
#1468 = VERTEX_POINT('',#1469);
#1469 = CARTESIAN_POINT('',(-0.825,0.5175,0.675));
#1470 = B_SPLINE_CURVE_WITH_KNOTS('',1,(#1471,#1472),.UNSPECIFIED.,.F.,
  .F.,(2,2),(0.,1.),.PIECEWISE_BEZIER_KNOTS.);
#1471 = CARTESIAN_POINT('',(-0.85,0.53,0.675));
#1472 = CARTESIAN_POINT('',(-0.825,0.5175,0.675));
#1473 = ORIENTED_EDGE('',*,*,#1474,.F.);
#1474 = EDGE_CURVE('',#1459,#1468,#1475,.T.);
#1475 = LINE('',#1476,#1477);
#1476 = CARTESIAN_POINT('',(-0.825,-0.5175,0.675));
#1477 = VECTOR('',#1478,1.);
#1478 = DIRECTION('',(0.,1.,0.));
#1479 = B_SPLINE_SURFACE_WITH_KNOTS('',1,1,(
    (#1480,#1481)
    ,(#1482,#1483
    )),.UNSPECIFIED.,.F.,.F.,.F.,(2,2),(2,2),(0.,1.06),(0.,1.),
  .PIECEWISE_BEZIER_KNOTS.);
#1480 = CARTESIAN_POINT('',(-0.85,-0.53,0.675));
#1481 = CARTESIAN_POINT('',(-0.825,-0.5175,0.675));
#1482 = CARTESIAN_POINT('',(-0.85,0.53,0.675));
#1483 = CARTESIAN_POINT('',(-0.825,0.5175,0.675));
#1484 = ADVANCED_FACE('',(#1485),#1496,.F.);
#1485 = FACE_BOUND('',#1486,.F.);
#1486 = EDGE_LOOP('',(#1487,#1488,#1489,#1495));
#1487 = ORIENTED_EDGE('',*,*,#1046,.T.);
#1488 = ORIENTED_EDGE('',*,*,#1385,.T.);
#1489 = ORIENTED_EDGE('',*,*,#1490,.F.);
#1490 = EDGE_CURVE('',#1311,#1386,#1491,.T.);
#1491 = LINE('',#1492,#1493);
#1492 = CARTESIAN_POINT('',(-0.92,-0.175,0.22));
#1493 = VECTOR('',#1494,1.);
#1494 = DIRECTION('',(1.110223024625E-16,1.,0.));
#1495 = ORIENTED_EDGE('',*,*,#1310,.F.);
#1496 = PLANE('',#1497);
#1497 = AXIS2_PLACEMENT_3D('',#1498,#1499,#1500);
#1498 = CARTESIAN_POINT('',(-0.92,-0.175,0.455));
#1499 = DIRECTION('',(-1.,1.110223024625E-16,0.));
#1500 = DIRECTION('',(0.,0.,-1.));
#1501 = ADVANCED_FACE('',(#1502),#1513,.F.);
#1502 = FACE_BOUND('',#1503,.F.);
#1503 = EDGE_LOOP('',(#1504,#1505,#1506,#1512));
#1504 = ORIENTED_EDGE('',*,*,#1071,.T.);
#1505 = ORIENTED_EDGE('',*,*,#1136,.T.);
#1506 = ORIENTED_EDGE('',*,*,#1507,.F.);
#1507 = EDGE_CURVE('',#1468,#1129,#1508,.T.);
#1508 = LINE('',#1509,#1510);
#1509 = CARTESIAN_POINT('',(-0.825,0.5175,0.675));
#1510 = VECTOR('',#1511,1.);
#1511 = DIRECTION('',(0.707106781187,0.707106781187,0.));
#1512 = ORIENTED_EDGE('',*,*,#1467,.F.);
#1513 = B_SPLINE_SURFACE_WITH_KNOTS('',1,1,(
    (#1514,#1515)
    ,(#1516,#1517
    )),.UNSPECIFIED.,.F.,.F.,.F.,(2,2),(2,2),(0.,0.134350288425),(0.,1.)
  ,.PIECEWISE_BEZIER_KNOTS.);
#1514 = CARTESIAN_POINT('',(-0.85,0.53,0.675));
#1515 = CARTESIAN_POINT('',(-0.825,0.5175,0.675));
#1516 = CARTESIAN_POINT('',(-0.755,0.625,0.675));
#1517 = CARTESIAN_POINT('',(-0.7425,0.6,0.675));
#1518 = ADVANCED_FACE('',(#1519),#1530,.F.);
#1519 = FACE_BOUND('',#1520,.F.);
#1520 = EDGE_LOOP('',(#1521,#1522,#1523,#1529));
#1521 = ORIENTED_EDGE('',*,*,#1088,.T.);
#1522 = ORIENTED_EDGE('',*,*,#1278,.T.);
#1523 = ORIENTED_EDGE('',*,*,#1524,.F.);
#1524 = EDGE_CURVE('',#1257,#1279,#1525,.T.);
#1525 = LINE('',#1526,#1527);
#1526 = CARTESIAN_POINT('',(-0.7425,-0.6,0.675));
#1527 = VECTOR('',#1528,1.);
#1528 = DIRECTION('',(-0.707106781187,0.707106781187,0.));
#1529 = ORIENTED_EDGE('',*,*,#1256,.F.);
#1530 = B_SPLINE_SURFACE_WITH_KNOTS('',1,1,(
    (#1531,#1532)
    ,(#1533,#1534
    )),.UNSPECIFIED.,.F.,.F.,.F.,(2,2),(2,2),(0.,0.134350288425),(0.,1.)
  ,.PIECEWISE_BEZIER_KNOTS.);
#1531 = CARTESIAN_POINT('',(-0.755,-0.625,0.675));
#1532 = CARTESIAN_POINT('',(-0.7425,-0.6,0.675));
#1533 = CARTESIAN_POINT('',(-0.85,-0.53,0.675));
#1534 = CARTESIAN_POINT('',(-0.825,-0.5175,0.675));
#1535 = ADVANCED_FACE('',(#1536),#1546,.F.);
#1536 = FACE_BOUND('',#1537,.F.);
#1537 = EDGE_LOOP('',(#1538,#1539,#1540,#1541));
#1538 = ORIENTED_EDGE('',*,*,#1128,.T.);
#1539 = ORIENTED_EDGE('',*,*,#1113,.T.);
#1540 = ORIENTED_EDGE('',*,*,#1183,.F.);
#1541 = ORIENTED_EDGE('',*,*,#1542,.F.);
#1542 = EDGE_CURVE('',#1129,#1184,#1543,.T.);
#1543 = B_SPLINE_CURVE_WITH_KNOTS('',1,(#1544,#1545),.UNSPECIFIED.,.F.,
  .F.,(2,2),(0.,1.),.PIECEWISE_BEZIER_KNOTS.);
#1544 = CARTESIAN_POINT('',(-0.7425,0.6,0.675));
#1545 = CARTESIAN_POINT('',(-0.712635072626,0.540270145251,1.1));
#1546 = B_SPLINE_SURFACE_WITH_KNOTS('',1,1,(
    (#1547,#1548)
    ,(#1549,#1550
    )),.UNSPECIFIED.,.F.,.F.,.F.,(2,2),(2,2),(0.,1.485),(0.,1.),
  .PIECEWISE_BEZIER_KNOTS.);
#1547 = CARTESIAN_POINT('',(-0.7425,0.6,0.675));
#1548 = CARTESIAN_POINT('',(-0.712635072626,0.540270145251,1.1));
#1549 = CARTESIAN_POINT('',(0.7425,0.6,0.675));
#1550 = CARTESIAN_POINT('',(0.712635072626,0.540270145251,1.1));
#1551 = ADVANCED_FACE('',(#1552),#1573,.F.);
#1552 = FACE_BOUND('',#1553,.F.);
#1553 = EDGE_LOOP('',(#1554,#1555,#1561,#1562,#1567,#1568));
#1554 = ORIENTED_EDGE('',*,*,#1294,.T.);
#1555 = ORIENTED_EDGE('',*,*,#1556,.T.);
#1556 = EDGE_CURVE('',#1287,#1459,#1557,.T.);
#1557 = LINE('',#1558,#1559);
#1558 = CARTESIAN_POINT('',(-0.825,-0.5175,0.675));
#1559 = VECTOR('',#1560,1.);
#1560 = DIRECTION('',(0.,1.,0.));
#1561 = ORIENTED_EDGE('',*,*,#1474,.T.);
#1562 = ORIENTED_EDGE('',*,*,#1563,.T.);
#1563 = EDGE_CURVE('',#1468,#1152,#1564,.T.);
#1564 = B_SPLINE_CURVE_WITH_KNOTS('',1,(#1565,#1566),.UNSPECIFIED.,.F.,
  .F.,(2,2),(0.,1.),.PIECEWISE_BEZIER_KNOTS.);
#1565 = CARTESIAN_POINT('',(-0.825,0.5175,0.675));
#1566 = CARTESIAN_POINT('',(-0.765270145251,0.487635072626,1.1));
#1567 = ORIENTED_EDGE('',*,*,#1149,.F.);
#1568 = ORIENTED_EDGE('',*,*,#1569,.F.);
#1569 = EDGE_CURVE('',#1279,#1150,#1570,.T.);
#1570 = B_SPLINE_CURVE_WITH_KNOTS('',1,(#1571,#1572),.UNSPECIFIED.,.F.,
  .F.,(2,2),(0.,1.),.PIECEWISE_BEZIER_KNOTS.);
#1571 = CARTESIAN_POINT('',(-0.825,-0.5175,0.675));
#1572 = CARTESIAN_POINT('',(-0.765270145251,-0.487635072626,1.1));
#1573 = B_SPLINE_SURFACE_WITH_KNOTS('',1,1,(
    (#1574,#1575)
    ,(#1576,#1577
    )),.UNSPECIFIED.,.F.,.F.,.F.,(2,2),(2,2),(0.,1.035),(0.,1.),
  .PIECEWISE_BEZIER_KNOTS.);
#1574 = CARTESIAN_POINT('',(-0.825,-0.5175,0.675));
#1575 = CARTESIAN_POINT('',(-0.765270145251,-0.487635072626,1.1));
#1576 = CARTESIAN_POINT('',(-0.825,0.5175,0.675));
#1577 = CARTESIAN_POINT('',(-0.765270145251,0.487635072626,1.1));
#1578 = ADVANCED_FACE('',(#1579),#1589,.F.);
#1579 = FACE_BOUND('',#1580,.F.);
#1580 = EDGE_LOOP('',(#1581,#1582,#1583,#1584));
#1581 = ORIENTED_EDGE('',*,*,#1524,.T.);
#1582 = ORIENTED_EDGE('',*,*,#1569,.T.);
#1583 = ORIENTED_EDGE('',*,*,#1159,.F.);
#1584 = ORIENTED_EDGE('',*,*,#1585,.F.);
#1585 = EDGE_CURVE('',#1257,#1160,#1586,.T.);
#1586 = B_SPLINE_CURVE_WITH_KNOTS('',1,(#1587,#1588),.UNSPECIFIED.,.F.,
  .F.,(2,2),(0.,1.),.PIECEWISE_BEZIER_KNOTS.);
#1587 = CARTESIAN_POINT('',(-0.7425,-0.6,0.675));
#1588 = CARTESIAN_POINT('',(-0.712635072626,-0.540270145251,1.1));
#1589 = B_SPLINE_SURFACE_WITH_KNOTS('',1,1,(
    (#1590,#1591)
    ,(#1592,#1593
    )),.UNSPECIFIED.,.F.,.F.,.F.,(2,2),(2,2),(0.,0.116672618896),(0.,1.)
  ,.PIECEWISE_BEZIER_KNOTS.);
#1590 = CARTESIAN_POINT('',(-0.7425,-0.6,0.675));
#1591 = CARTESIAN_POINT('',(-0.712635072626,-0.540270145251,1.1));
#1592 = CARTESIAN_POINT('',(-0.825,-0.5175,0.675));
#1593 = CARTESIAN_POINT('',(-0.765270145251,-0.487635072626,1.1));
#1594 = ADVANCED_FACE('',(#1595),#1601,.F.);
#1595 = FACE_BOUND('',#1596,.F.);
#1596 = EDGE_LOOP('',(#1597,#1598,#1599,#1600));
#1597 = ORIENTED_EDGE('',*,*,#1507,.T.);
#1598 = ORIENTED_EDGE('',*,*,#1542,.T.);
#1599 = ORIENTED_EDGE('',*,*,#1191,.F.);
#1600 = ORIENTED_EDGE('',*,*,#1563,.F.);
#1601 = B_SPLINE_SURFACE_WITH_KNOTS('',1,1,(
    (#1602,#1603)
    ,(#1604,#1605
    )),.UNSPECIFIED.,.F.,.F.,.F.,(2,2),(2,2),(0.,0.116672618896),(0.,1.)
  ,.PIECEWISE_BEZIER_KNOTS.);
#1602 = CARTESIAN_POINT('',(-0.825,0.5175,0.675));
#1603 = CARTESIAN_POINT('',(-0.765270145251,0.487635072626,1.1));
#1604 = CARTESIAN_POINT('',(-0.7425,0.6,0.675));
#1605 = CARTESIAN_POINT('',(-0.712635072626,0.540270145251,1.1));
#1606 = ADVANCED_FACE('',(#1607),#1613,.F.);
#1607 = FACE_BOUND('',#1608,.F.);
#1608 = EDGE_LOOP('',(#1609,#1610,#1611,#1612));
#1609 = ORIENTED_EDGE('',*,*,#1263,.T.);
#1610 = ORIENTED_EDGE('',*,*,#1585,.T.);
#1611 = ORIENTED_EDGE('',*,*,#1167,.F.);
#1612 = ORIENTED_EDGE('',*,*,#1240,.F.);
#1613 = B_SPLINE_SURFACE_WITH_KNOTS('',1,1,(
    (#1614,#1615)
    ,(#1616,#1617
    )),.UNSPECIFIED.,.F.,.F.,.F.,(2,2),(2,2),(0.,1.485),(0.,1.),
  .PIECEWISE_BEZIER_KNOTS.);
#1614 = CARTESIAN_POINT('',(0.7425,-0.6,0.675));
#1615 = CARTESIAN_POINT('',(0.712635072626,-0.540270145251,1.1));
#1616 = CARTESIAN_POINT('',(-0.7425,-0.6,0.675));
#1617 = CARTESIAN_POINT('',(-0.712635072626,-0.540270145251,1.1));
#1618 = ADVANCED_FACE('',(#1619),#1644,.T.);
#1619 = FACE_BOUND('',#1620,.T.);
#1620 = EDGE_LOOP('',(#1621,#1629,#1637,#1643));
#1621 = ORIENTED_EDGE('',*,*,#1622,.F.);
#1622 = EDGE_CURVE('',#1623,#1200,#1625,.T.);
#1623 = VERTEX_POINT('',#1624);
#1624 = CARTESIAN_POINT('',(-0.315270145251,-0.490270145251,1.09));
#1625 = LINE('',#1626,#1627);
#1626 = CARTESIAN_POINT('',(-0.315270145251,-0.490270145251,1.09));
#1627 = VECTOR('',#1628,1.);
#1628 = DIRECTION('',(0.,0.,1.));
#1629 = ORIENTED_EDGE('',*,*,#1630,.F.);
#1630 = EDGE_CURVE('',#1631,#1623,#1633,.T.);
#1631 = VERTEX_POINT('',#1632);
#1632 = CARTESIAN_POINT('',(-0.715270145251,-0.490270145251,1.09));
#1633 = LINE('',#1634,#1635);
#1634 = CARTESIAN_POINT('',(-0.715270145251,-0.490270145251,1.09));
#1635 = VECTOR('',#1636,1.);
#1636 = DIRECTION('',(1.,0.,0.));
#1637 = ORIENTED_EDGE('',*,*,#1638,.T.);
#1638 = EDGE_CURVE('',#1631,#1202,#1639,.T.);
#1639 = LINE('',#1640,#1641);
#1640 = CARTESIAN_POINT('',(-0.715270145251,-0.490270145251,1.09));
#1641 = VECTOR('',#1642,1.);
#1642 = DIRECTION('',(0.,0.,1.));
#1643 = ORIENTED_EDGE('',*,*,#1199,.F.);
#1644 = PLANE('',#1645);
#1645 = AXIS2_PLACEMENT_3D('',#1646,#1647,#1648);
#1646 = CARTESIAN_POINT('',(-0.715270145251,-0.490270145251,1.09));
#1647 = DIRECTION('',(0.,1.,0.));
#1648 = DIRECTION('',(0.,-0.,1.));
#1649 = ADVANCED_FACE('',(#1650),#1668,.F.);
#1650 = FACE_BOUND('',#1651,.F.);
#1651 = EDGE_LOOP('',(#1652,#1653,#1661,#1667));
#1652 = ORIENTED_EDGE('',*,*,#1622,.F.);
#1653 = ORIENTED_EDGE('',*,*,#1654,.T.);
#1654 = EDGE_CURVE('',#1623,#1655,#1657,.T.);
#1655 = VERTEX_POINT('',#1656);
#1656 = CARTESIAN_POINT('',(-0.315270145251,0.490270145251,1.09));
#1657 = LINE('',#1658,#1659);
#1658 = CARTESIAN_POINT('',(-0.315270145251,-0.490270145251,1.09));
#1659 = VECTOR('',#1660,1.);
#1660 = DIRECTION('',(0.,1.,0.));
#1661 = ORIENTED_EDGE('',*,*,#1662,.T.);
#1662 = EDGE_CURVE('',#1655,#1218,#1663,.T.);
#1663 = LINE('',#1664,#1665);
#1664 = CARTESIAN_POINT('',(-0.315270145251,0.490270145251,1.09));
#1665 = VECTOR('',#1666,1.);
#1666 = DIRECTION('',(0.,0.,1.));
#1667 = ORIENTED_EDGE('',*,*,#1225,.F.);
#1668 = PLANE('',#1669);
#1669 = AXIS2_PLACEMENT_3D('',#1670,#1671,#1672);
#1670 = CARTESIAN_POINT('',(-0.315270145251,-0.490270145251,1.09));
#1671 = DIRECTION('',(1.,0.,0.));
#1672 = DIRECTION('',(0.,0.,1.));
#1673 = ADVANCED_FACE('',(#1674),#1692,.F.);
#1674 = FACE_BOUND('',#1675,.F.);
#1675 = EDGE_LOOP('',(#1676,#1677,#1685,#1691));
#1676 = ORIENTED_EDGE('',*,*,#1662,.F.);
#1677 = ORIENTED_EDGE('',*,*,#1678,.F.);
#1678 = EDGE_CURVE('',#1679,#1655,#1681,.T.);
#1679 = VERTEX_POINT('',#1680);
#1680 = CARTESIAN_POINT('',(-0.715270145251,0.490270145251,1.09));
#1681 = LINE('',#1682,#1683);
#1682 = CARTESIAN_POINT('',(-0.715270145251,0.490270145251,1.09));
#1683 = VECTOR('',#1684,1.);
#1684 = DIRECTION('',(1.,0.,0.));
#1685 = ORIENTED_EDGE('',*,*,#1686,.T.);
#1686 = EDGE_CURVE('',#1679,#1210,#1687,.T.);
#1687 = LINE('',#1688,#1689);
#1688 = CARTESIAN_POINT('',(-0.715270145251,0.490270145251,1.09));
#1689 = VECTOR('',#1690,1.);
#1690 = DIRECTION('',(0.,0.,1.));
#1691 = ORIENTED_EDGE('',*,*,#1217,.F.);
#1692 = PLANE('',#1693);
#1693 = AXIS2_PLACEMENT_3D('',#1694,#1695,#1696);
#1694 = CARTESIAN_POINT('',(-0.715270145251,0.490270145251,1.09));
#1695 = DIRECTION('',(0.,1.,0.));
#1696 = DIRECTION('',(0.,-0.,1.));
#1697 = ADVANCED_FACE('',(#1698),#1709,.T.);
#1698 = FACE_BOUND('',#1699,.T.);
#1699 = EDGE_LOOP('',(#1700,#1701,#1707,#1708));
#1700 = ORIENTED_EDGE('',*,*,#1638,.F.);
#1701 = ORIENTED_EDGE('',*,*,#1702,.T.);
#1702 = EDGE_CURVE('',#1631,#1679,#1703,.T.);
#1703 = LINE('',#1704,#1705);
#1704 = CARTESIAN_POINT('',(-0.715270145251,-0.490270145251,1.09));
#1705 = VECTOR('',#1706,1.);
#1706 = DIRECTION('',(0.,1.,0.));
#1707 = ORIENTED_EDGE('',*,*,#1686,.T.);
#1708 = ORIENTED_EDGE('',*,*,#1209,.F.);
#1709 = PLANE('',#1710);
#1710 = AXIS2_PLACEMENT_3D('',#1711,#1712,#1713);
#1711 = CARTESIAN_POINT('',(-0.715270145251,-0.490270145251,1.09));
#1712 = DIRECTION('',(1.,0.,0.));
#1713 = DIRECTION('',(0.,0.,1.));
#1714 = ADVANCED_FACE('',(#1715),#1726,.F.);
#1715 = FACE_BOUND('',#1716,.F.);
#1716 = EDGE_LOOP('',(#1717,#1718,#1724,#1725));
#1717 = ORIENTED_EDGE('',*,*,#1286,.F.);
#1718 = ORIENTED_EDGE('',*,*,#1719,.T.);
#1719 = EDGE_CURVE('',#985,#1007,#1720,.T.);
#1720 = LINE('',#1721,#1722);
#1721 = CARTESIAN_POINT('',(-0.85,-0.175,0.675));
#1722 = VECTOR('',#1723,1.);
#1723 = DIRECTION('',(1.110223024625E-16,1.,0.));
#1724 = ORIENTED_EDGE('',*,*,#1458,.T.);
#1725 = ORIENTED_EDGE('',*,*,#1556,.F.);
#1726 = PLANE('',#1727);
#1727 = AXIS2_PLACEMENT_3D('',#1728,#1729,#1730);
#1728 = CARTESIAN_POINT('',(-0.85,-0.175,0.675));
#1729 = DIRECTION('',(0.,0.,-1.));
#1730 = DIRECTION('',(1.,-1.110223024625E-16,0.));
#1731 = ADVANCED_FACE('',(#1732),#1743,.T.);
#1732 = FACE_BOUND('',#1733,.T.);
#1733 = EDGE_LOOP('',(#1734,#1735,#1736,#1737));
#1734 = ORIENTED_EDGE('',*,*,#1368,.T.);
#1735 = ORIENTED_EDGE('',*,*,#1719,.T.);
#1736 = ORIENTED_EDGE('',*,*,#1443,.F.);
#1737 = ORIENTED_EDGE('',*,*,#1738,.F.);
#1738 = EDGE_CURVE('',#1361,#1436,#1739,.T.);
#1739 = LINE('',#1740,#1741);
#1740 = CARTESIAN_POINT('',(-1.07,-0.175,0.455));
#1741 = VECTOR('',#1742,1.);
#1742 = DIRECTION('',(1.110223024625E-16,1.,0.));
#1743 = CYLINDRICAL_SURFACE('',#1744,0.22);
#1744 = AXIS2_PLACEMENT_3D('',#1745,#1746,#1747);
#1745 = CARTESIAN_POINT('',(-0.85,-0.175,0.455));
#1746 = DIRECTION('',(-1.110223024625E-16,-1.,-0.));
#1747 = DIRECTION('',(-1.,1.110223024625E-16,-7.569702440626E-16));
#1748 = ADVANCED_FACE('',(#1749),#1760,.F.);
#1749 = FACE_BOUND('',#1750,.F.);
#1750 = EDGE_LOOP('',(#1751,#1757,#1758,#1759));
#1751 = ORIENTED_EDGE('',*,*,#1752,.T.);
#1752 = EDGE_CURVE('',#1352,#1427,#1753,.T.);
#1753 = LINE('',#1754,#1755);
#1754 = CARTESIAN_POINT('',(-1.07,-0.175,0.22));
#1755 = VECTOR('',#1756,1.);
#1756 = DIRECTION('',(1.110223024625E-16,1.,0.));
#1757 = ORIENTED_EDGE('',*,*,#1435,.T.);
#1758 = ORIENTED_EDGE('',*,*,#1738,.F.);
#1759 = ORIENTED_EDGE('',*,*,#1360,.F.);
#1760 = PLANE('',#1761);
#1761 = AXIS2_PLACEMENT_3D('',#1762,#1763,#1764);
#1762 = CARTESIAN_POINT('',(-1.07,-0.175,0.22));
#1763 = DIRECTION('',(1.,-1.110223024625E-16,0.));
#1764 = DIRECTION('',(0.,0.,1.));
#1765 = ADVANCED_FACE('',(#1766),#1777,.F.);
#1766 = FACE_BOUND('',#1767,.F.);
#1767 = EDGE_LOOP('',(#1768,#1774,#1775,#1776));
#1768 = ORIENTED_EDGE('',*,*,#1769,.T.);
#1769 = EDGE_CURVE('',#1344,#1419,#1770,.T.);
#1770 = LINE('',#1771,#1772);
#1771 = CARTESIAN_POINT('',(-1.14,-0.175,0.15));
#1772 = VECTOR('',#1773,1.);
#1773 = DIRECTION('',(1.110223024625E-16,1.,0.));
#1774 = ORIENTED_EDGE('',*,*,#1426,.T.);
#1775 = ORIENTED_EDGE('',*,*,#1752,.F.);
#1776 = ORIENTED_EDGE('',*,*,#1351,.F.);
#1777 = CYLINDRICAL_SURFACE('',#1778,7.E-02);
#1778 = AXIS2_PLACEMENT_3D('',#1779,#1780,#1781);
#1779 = CARTESIAN_POINT('',(-1.14,-0.175,0.22));
#1780 = DIRECTION('',(-1.110223024625E-16,-1.,0.));
#1781 = DIRECTION('',(1.586032892322E-15,-1.760850234868E-31,-1.));
#1782 = ADVANCED_FACE('',(#1783),#1794,.F.);
#1783 = FACE_BOUND('',#1784,.F.);
#1784 = EDGE_LOOP('',(#1785,#1791,#1792,#1793));
#1785 = ORIENTED_EDGE('',*,*,#1786,.T.);
#1786 = EDGE_CURVE('',#1336,#1411,#1787,.T.);
#1787 = LINE('',#1788,#1789);
#1788 = CARTESIAN_POINT('',(-1.25,-0.175,0.15));
#1789 = VECTOR('',#1790,1.);
#1790 = DIRECTION('',(1.110223024625E-16,1.,0.));
#1791 = ORIENTED_EDGE('',*,*,#1418,.T.);
#1792 = ORIENTED_EDGE('',*,*,#1769,.F.);
#1793 = ORIENTED_EDGE('',*,*,#1343,.F.);
#1794 = PLANE('',#1795);
#1795 = AXIS2_PLACEMENT_3D('',#1796,#1797,#1798);
#1796 = CARTESIAN_POINT('',(-1.25,-0.175,0.15));
#1797 = DIRECTION('',(0.,0.,-1.));
#1798 = DIRECTION('',(1.,-1.110223024625E-16,0.));
#1799 = ADVANCED_FACE('',(#1800),#1811,.F.);
#1800 = FACE_BOUND('',#1801,.F.);
#1801 = EDGE_LOOP('',(#1802,#1808,#1809,#1810));
#1802 = ORIENTED_EDGE('',*,*,#1803,.T.);
#1803 = EDGE_CURVE('',#1328,#1403,#1804,.T.);
#1804 = LINE('',#1805,#1806);
#1805 = CARTESIAN_POINT('',(-1.25,-0.175,0.));
#1806 = VECTOR('',#1807,1.);
#1807 = DIRECTION('',(1.110223024625E-16,1.,0.));
#1808 = ORIENTED_EDGE('',*,*,#1410,.T.);
#1809 = ORIENTED_EDGE('',*,*,#1786,.F.);
#1810 = ORIENTED_EDGE('',*,*,#1335,.F.);
#1811 = PLANE('',#1812);
#1812 = AXIS2_PLACEMENT_3D('',#1813,#1814,#1815);
#1813 = CARTESIAN_POINT('',(-1.25,-0.175,0.));
#1814 = DIRECTION('',(1.,-1.110223024625E-16,0.));
#1815 = DIRECTION('',(0.,0.,1.));
#1816 = ADVANCED_FACE('',(#1817),#1828,.F.);
#1817 = FACE_BOUND('',#1818,.F.);
#1818 = EDGE_LOOP('',(#1819,#1825,#1826,#1827));
#1819 = ORIENTED_EDGE('',*,*,#1820,.T.);
#1820 = EDGE_CURVE('',#1319,#1394,#1821,.T.);
#1821 = LINE('',#1822,#1823);
#1822 = CARTESIAN_POINT('',(-1.14,-0.175,0.));
#1823 = VECTOR('',#1824,1.);
#1824 = DIRECTION('',(1.110223024625E-16,1.,0.));
#1825 = ORIENTED_EDGE('',*,*,#1402,.T.);
#1826 = ORIENTED_EDGE('',*,*,#1803,.F.);
#1827 = ORIENTED_EDGE('',*,*,#1327,.F.);
#1828 = PLANE('',#1829);
#1829 = AXIS2_PLACEMENT_3D('',#1830,#1831,#1832);
#1830 = CARTESIAN_POINT('',(-1.14,-0.175,0.));
#1831 = DIRECTION('',(0.,0.,1.));
#1832 = DIRECTION('',(-1.,1.110223024625E-16,0.));
#1833 = ADVANCED_FACE('',(#1834),#1840,.T.);
#1834 = FACE_BOUND('',#1835,.T.);
#1835 = EDGE_LOOP('',(#1836,#1837,#1838,#1839));
#1836 = ORIENTED_EDGE('',*,*,#1318,.T.);
#1837 = ORIENTED_EDGE('',*,*,#1820,.T.);
#1838 = ORIENTED_EDGE('',*,*,#1393,.F.);
#1839 = ORIENTED_EDGE('',*,*,#1490,.F.);
#1840 = CYLINDRICAL_SURFACE('',#1841,0.22);
#1841 = AXIS2_PLACEMENT_3D('',#1842,#1843,#1844);
#1842 = CARTESIAN_POINT('',(-1.14,-0.175,0.22));
#1843 = DIRECTION('',(-1.110223024625E-16,-1.,-0.));
#1844 = DIRECTION('',(1.,-1.110223024625E-16,1.261617073438E-16));
#1845 = ADVANCED_FACE('',(#1846),#1852,.T.);
#1846 = FACE_BOUND('',#1847,.T.);
#1847 = EDGE_LOOP('',(#1848,#1849,#1850,#1851));
#1848 = ORIENTED_EDGE('',*,*,#1702,.F.);
#1849 = ORIENTED_EDGE('',*,*,#1630,.T.);
#1850 = ORIENTED_EDGE('',*,*,#1654,.T.);
#1851 = ORIENTED_EDGE('',*,*,#1678,.F.);
#1852 = PLANE('',#1853);
#1853 = AXIS2_PLACEMENT_3D('',#1854,#1855,#1856);
#1854 = CARTESIAN_POINT('',(-0.715270145251,-0.490270145251,1.09));
#1855 = DIRECTION('',(0.,0.,1.));
#1856 = DIRECTION('',(1.,0.,-0.));
#1857 = ( GEOMETRIC_REPRESENTATION_CONTEXT(3) 
GLOBAL_UNCERTAINTY_ASSIGNED_CONTEXT((#1861)) 
GLOBAL_UNIT_ASSIGNED_CONTEXT((#1858,#1859,#1860)) REPRESENTATION_CONTEXT
('Context #1','3D Context with UNIT and UNCERTAINTY') );
#1858 = ( LENGTH_UNIT() NAMED_UNIT(*) SI_UNIT(.MILLI.,.METRE.) );
#1859 = ( NAMED_UNIT(*) PLANE_ANGLE_UNIT() SI_UNIT($,.RADIAN.) );
#1860 = ( NAMED_UNIT(*) SI_UNIT($,.STERADIAN.) SOLID_ANGLE_UNIT() );
#1861 = UNCERTAINTY_MEASURE_WITH_UNIT(LENGTH_MEASURE(1.E-07),#1858,
  'distance_accuracy_value','confusion accuracy');
#1862 = CONTEXT_DEPENDENT_SHAPE_REPRESENTATION(#1863,#1865);
#1863 = ( REPRESENTATION_RELATIONSHIP('','',#56,#10) 
REPRESENTATION_RELATIONSHIP_WITH_TRANSFORMATION(#1864) 
SHAPE_REPRESENTATION_RELATIONSHIP() );
#1864 = ITEM_DEFINED_TRANSFORMATION('','',#11,#15);
#1865 = PRODUCT_DEFINITION_SHAPE('Placement','Placement of an item',
  #1866);
#1866 = NEXT_ASSEMBLY_USAGE_OCCURRENCE('1','D1','',#5,#51,$);
#1867 = PRODUCT_RELATED_PRODUCT_CATEGORY('part',$,(#53));
#1868 = CONTEXT_DEPENDENT_SHAPE_REPRESENTATION(#1869,#1871);
#1869 = ( REPRESENTATION_RELATIONSHIP('','',#56,#10) 
REPRESENTATION_RELATIONSHIP_WITH_TRANSFORMATION(#1870) 
SHAPE_REPRESENTATION_RELATIONSHIP() );
#1870 = ITEM_DEFINED_TRANSFORMATION('','',#11,#19);
#1871 = PRODUCT_DEFINITION_SHAPE('Placement','Placement of an item',
  #1872);
#1872 = NEXT_ASSEMBLY_USAGE_OCCURRENCE('2','D3','',#5,#51,$);
#1873 = CONTEXT_DEPENDENT_SHAPE_REPRESENTATION(#1874,#1876);
#1874 = ( REPRESENTATION_RELATIONSHIP('','',#56,#10) 
REPRESENTATION_RELATIONSHIP_WITH_TRANSFORMATION(#1875) 
SHAPE_REPRESENTATION_RELATIONSHIP() );
#1875 = ITEM_DEFINED_TRANSFORMATION('','',#11,#23);
#1876 = PRODUCT_DEFINITION_SHAPE('Placement','Placement of an item',
  #1877);
#1877 = NEXT_ASSEMBLY_USAGE_OCCURRENCE('3','D2','',#5,#51,$);
#1878 = CONTEXT_DEPENDENT_SHAPE_REPRESENTATION(#1879,#1881);
#1879 = ( REPRESENTATION_RELATIONSHIP('','',#56,#10) 
REPRESENTATION_RELATIONSHIP_WITH_TRANSFORMATION(#1880) 
SHAPE_REPRESENTATION_RELATIONSHIP() );
#1880 = ITEM_DEFINED_TRANSFORMATION('','',#11,#27);
#1881 = PRODUCT_DEFINITION_SHAPE('Placement','Placement of an item',
  #1882);
#1882 = NEXT_ASSEMBLY_USAGE_OCCURRENCE('4','D4','',#5,#51,$);
#1883 = SHAPE_DEFINITION_REPRESENTATION(#1884,#1890);
#1884 = PRODUCT_DEFINITION_SHAPE('','',#1885);
#1885 = PRODUCT_DEFINITION('design','',#1886,#1889);
#1886 = PRODUCT_DEFINITION_FORMATION('','',#1887);
#1887 = PRODUCT('D_SOD-123F','D_SOD-123F','',(#1888));
#1888 = PRODUCT_CONTEXT('',#2,'mechanical');
#1889 = PRODUCT_DEFINITION_CONTEXT('part definition',#2,'design');
#1890 = ADVANCED_BREP_SHAPE_REPRESENTATION('',(#11,#1891),#2603);
#1891 = MANIFOLD_SOLID_BREP('',#1892);
#1892 = CLOSED_SHELL('',(#1893,#1933,#1966,#1990,#2016,#2033,#2063,#2101
    ,#2124,#2173,#2196,#2219,#2277,#2300,#2316,#2342,#2373,#2399,#2418,
    #2449,#2473,#2497,#2514,#2538,#2562,#2579,#2591));
#1893 = ADVANCED_FACE('',(#1894),#1928,.T.);
#1894 = FACE_BOUND('',#1895,.T.);
#1895 = EDGE_LOOP('',(#1896,#1906,#1914,#1922));
#1896 = ORIENTED_EDGE('',*,*,#1897,.F.);
#1897 = EDGE_CURVE('',#1898,#1900,#1902,.T.);
#1898 = VERTEX_POINT('',#1899);
#1899 = CARTESIAN_POINT('',(1.75,-0.325,0.));
#1900 = VERTEX_POINT('',#1901);
#1901 = CARTESIAN_POINT('',(1.75,-0.325,0.2));
#1902 = LINE('',#1903,#1904);
#1903 = CARTESIAN_POINT('',(1.75,-0.325,0.));
#1904 = VECTOR('',#1905,1.);
#1905 = DIRECTION('',(0.,0.,1.));
#1906 = ORIENTED_EDGE('',*,*,#1907,.T.);
#1907 = EDGE_CURVE('',#1898,#1908,#1910,.T.);
#1908 = VERTEX_POINT('',#1909);
#1909 = CARTESIAN_POINT('',(1.75,0.325,0.));
#1910 = LINE('',#1911,#1912);
#1911 = CARTESIAN_POINT('',(1.75,-0.325,0.));
#1912 = VECTOR('',#1913,1.);
#1913 = DIRECTION('',(3.330669073875E-16,1.,0.));
#1914 = ORIENTED_EDGE('',*,*,#1915,.T.);
#1915 = EDGE_CURVE('',#1908,#1916,#1918,.T.);
#1916 = VERTEX_POINT('',#1917);
#1917 = CARTESIAN_POINT('',(1.75,0.325,0.2));
#1918 = LINE('',#1919,#1920);
#1919 = CARTESIAN_POINT('',(1.75,0.325,0.));
#1920 = VECTOR('',#1921,1.);
#1921 = DIRECTION('',(0.,0.,1.));
#1922 = ORIENTED_EDGE('',*,*,#1923,.F.);
#1923 = EDGE_CURVE('',#1900,#1916,#1924,.T.);
#1924 = LINE('',#1925,#1926);
#1925 = CARTESIAN_POINT('',(1.75,-0.325,0.2));
#1926 = VECTOR('',#1927,1.);
#1927 = DIRECTION('',(3.330669073875E-16,1.,0.));
#1928 = PLANE('',#1929);
#1929 = AXIS2_PLACEMENT_3D('',#1930,#1931,#1932);
#1930 = CARTESIAN_POINT('',(1.75,-0.325,0.));
#1931 = DIRECTION('',(1.,-3.330669073875E-16,0.));
#1932 = DIRECTION('',(0.,0.,1.));
#1933 = ADVANCED_FACE('',(#1934),#1961,.F.);
#1934 = FACE_BOUND('',#1935,.F.);
#1935 = EDGE_LOOP('',(#1936,#1944,#1954,#1960));
#1936 = ORIENTED_EDGE('',*,*,#1937,.F.);
#1937 = EDGE_CURVE('',#1938,#1898,#1940,.T.);
#1938 = VERTEX_POINT('',#1939);
#1939 = CARTESIAN_POINT('',(1.286014637611,-0.325,0.));
#1940 = LINE('',#1941,#1942);
#1941 = CARTESIAN_POINT('',(1.286014637611,-0.325,0.));
#1942 = VECTOR('',#1943,1.);
#1943 = DIRECTION('',(1.,-3.330669073875E-16,0.));
#1944 = ORIENTED_EDGE('',*,*,#1945,.T.);
#1945 = EDGE_CURVE('',#1938,#1946,#1948,.T.);
#1946 = VERTEX_POINT('',#1947);
#1947 = CARTESIAN_POINT('',(1.3,-0.325,0.2));
#1948 = B_SPLINE_CURVE_WITH_KNOTS('',4,(#1949,#1950,#1951,#1952,#1953),
  .UNSPECIFIED.,.F.,.F.,(5,5),(0.,1.),.PIECEWISE_BEZIER_KNOTS.);
#1949 = CARTESIAN_POINT('',(1.286014637611,-0.325,0.));
#1950 = CARTESIAN_POINT('',(1.289510976465,-0.325,4.999997507219E-02));
#1951 = CARTESIAN_POINT('',(1.293007316516,-0.325,9.999996725694E-02));
#1952 = CARTESIAN_POINT('',(1.29650365771,-0.325,0.149999975794));
#1953 = CARTESIAN_POINT('',(1.3,-0.325,0.2));
#1954 = ORIENTED_EDGE('',*,*,#1955,.T.);
#1955 = EDGE_CURVE('',#1946,#1900,#1956,.T.);
#1956 = LINE('',#1957,#1958);
#1957 = CARTESIAN_POINT('',(1.286014637611,-0.325,0.2));
#1958 = VECTOR('',#1959,1.);
#1959 = DIRECTION('',(1.,-3.330669073875E-16,0.));
#1960 = ORIENTED_EDGE('',*,*,#1897,.F.);
#1961 = PLANE('',#1962);
#1962 = AXIS2_PLACEMENT_3D('',#1963,#1964,#1965);
#1963 = CARTESIAN_POINT('',(1.286014637611,-0.325,0.));
#1964 = DIRECTION('',(3.330669073875E-16,1.,0.));
#1965 = DIRECTION('',(0.,-0.,1.));
#1966 = ADVANCED_FACE('',(#1967),#1985,.T.);
#1967 = FACE_BOUND('',#1968,.T.);
#1968 = EDGE_LOOP('',(#1969,#1977,#1978,#1979));
#1969 = ORIENTED_EDGE('',*,*,#1970,.F.);
#1970 = EDGE_CURVE('',#1946,#1971,#1973,.T.);
#1971 = VERTEX_POINT('',#1972);
#1972 = CARTESIAN_POINT('',(1.3,0.325,0.2));
#1973 = LINE('',#1974,#1975);
#1974 = CARTESIAN_POINT('',(1.3,-0.8,0.2));
#1975 = VECTOR('',#1976,1.);
#1976 = DIRECTION('',(0.,1.,0.));
#1977 = ORIENTED_EDGE('',*,*,#1955,.T.);
#1978 = ORIENTED_EDGE('',*,*,#1923,.T.);
#1979 = ORIENTED_EDGE('',*,*,#1980,.F.);
#1980 = EDGE_CURVE('',#1971,#1916,#1981,.T.);
#1981 = LINE('',#1982,#1983);
#1982 = CARTESIAN_POINT('',(1.286014637611,0.325,0.2));
#1983 = VECTOR('',#1984,1.);
#1984 = DIRECTION('',(1.,-3.330669073875E-16,0.));
#1985 = PLANE('',#1986);
#1986 = AXIS2_PLACEMENT_3D('',#1987,#1988,#1989);
#1987 = CARTESIAN_POINT('',(1.286014637611,-0.325,0.2));
#1988 = DIRECTION('',(0.,0.,1.));
#1989 = DIRECTION('',(1.,-3.330669073875E-16,0.));
#1990 = ADVANCED_FACE('',(#1991),#2011,.T.);
#1991 = FACE_BOUND('',#1992,.T.);
#1992 = EDGE_LOOP('',(#1993,#2001,#2009,#2010));
#1993 = ORIENTED_EDGE('',*,*,#1994,.F.);
#1994 = EDGE_CURVE('',#1995,#1908,#1997,.T.);
#1995 = VERTEX_POINT('',#1996);
#1996 = CARTESIAN_POINT('',(1.286014637611,0.325,0.));
#1997 = LINE('',#1998,#1999);
#1998 = CARTESIAN_POINT('',(1.286014637611,0.325,0.));
#1999 = VECTOR('',#2000,1.);
#2000 = DIRECTION('',(1.,-3.330669073875E-16,0.));
#2001 = ORIENTED_EDGE('',*,*,#2002,.T.);
#2002 = EDGE_CURVE('',#1995,#1971,#2003,.T.);
#2003 = B_SPLINE_CURVE_WITH_KNOTS('',4,(#2004,#2005,#2006,#2007,#2008),
  .UNSPECIFIED.,.F.,.F.,(5,5),(0.,1.),.PIECEWISE_BEZIER_KNOTS.);
#2004 = CARTESIAN_POINT('',(1.286014637611,0.325,0.));
#2005 = CARTESIAN_POINT('',(1.289510976465,0.325,4.999997507219E-02));
#2006 = CARTESIAN_POINT('',(1.293007316516,0.325,9.999996725694E-02));
#2007 = CARTESIAN_POINT('',(1.29650365771,0.325,0.149999975794));
#2008 = CARTESIAN_POINT('',(1.3,0.325,0.2));
#2009 = ORIENTED_EDGE('',*,*,#1980,.T.);
#2010 = ORIENTED_EDGE('',*,*,#1915,.F.);
#2011 = PLANE('',#2012);
#2012 = AXIS2_PLACEMENT_3D('',#2013,#2014,#2015);
#2013 = CARTESIAN_POINT('',(1.286014637611,0.325,0.));
#2014 = DIRECTION('',(3.330669073875E-16,1.,0.));
#2015 = DIRECTION('',(0.,-0.,1.));
#2016 = ADVANCED_FACE('',(#2017),#2028,.F.);
#2017 = FACE_BOUND('',#2018,.F.);
#2018 = EDGE_LOOP('',(#2019,#2025,#2026,#2027));
#2019 = ORIENTED_EDGE('',*,*,#2020,.F.);
#2020 = EDGE_CURVE('',#1938,#1995,#2021,.T.);
#2021 = LINE('',#2022,#2023);
#2022 = CARTESIAN_POINT('',(1.286014637611,-0.325,0.));
#2023 = VECTOR('',#2024,1.);
#2024 = DIRECTION('',(3.330669073875E-16,1.,0.));
#2025 = ORIENTED_EDGE('',*,*,#1937,.T.);
#2026 = ORIENTED_EDGE('',*,*,#1907,.T.);
#2027 = ORIENTED_EDGE('',*,*,#1994,.F.);
#2028 = PLANE('',#2029);
#2029 = AXIS2_PLACEMENT_3D('',#2030,#2031,#2032);
#2030 = CARTESIAN_POINT('',(1.286014637611,-0.325,0.));
#2031 = DIRECTION('',(0.,0.,1.));
#2032 = DIRECTION('',(1.,-3.330669073875E-16,0.));
#2033 = ADVANCED_FACE('',(#2034),#2058,.T.);
#2034 = FACE_BOUND('',#2035,.T.);
#2035 = EDGE_LOOP('',(#2036,#2045,#2051,#2052));
#2036 = ORIENTED_EDGE('',*,*,#2037,.F.);
#2037 = EDGE_CURVE('',#2038,#2040,#2042,.T.);
#2038 = VERTEX_POINT('',#2039);
#2039 = CARTESIAN_POINT('',(1.286014637611,-0.786014637611,0.));
#2040 = VERTEX_POINT('',#2041);
#2041 = CARTESIAN_POINT('',(1.3,-0.8,0.2));
#2042 = B_SPLINE_CURVE_WITH_KNOTS('',1,(#2043,#2044),.UNSPECIFIED.,.F.,
  .F.,(2,2),(0.,1.),.PIECEWISE_BEZIER_KNOTS.);
#2043 = CARTESIAN_POINT('',(1.286014637611,-0.786014637611,0.));
#2044 = CARTESIAN_POINT('',(1.3,-0.8,0.2));
#2045 = ORIENTED_EDGE('',*,*,#2046,.T.);
#2046 = EDGE_CURVE('',#2038,#1938,#2047,.T.);
#2047 = LINE('',#2048,#2049);
#2048 = CARTESIAN_POINT('',(1.286014637611,-0.786014637611,0.));
#2049 = VECTOR('',#2050,1.);
#2050 = DIRECTION('',(0.,1.,0.));
#2051 = ORIENTED_EDGE('',*,*,#1945,.T.);
#2052 = ORIENTED_EDGE('',*,*,#2053,.F.);
#2053 = EDGE_CURVE('',#2040,#1946,#2054,.T.);
#2054 = LINE('',#2055,#2056);
#2055 = CARTESIAN_POINT('',(1.3,-0.8,0.2));
#2056 = VECTOR('',#2057,1.);
#2057 = DIRECTION('',(0.,1.,0.));
#2058 = B_SPLINE_SURFACE_WITH_KNOTS('',1,1,(
    (#2059,#2060)
    ,(#2061,#2062
    )),.UNSPECIFIED.,.F.,.F.,.F.,(2,2),(2,2),(0.,1.6),(0.,1.),
  .PIECEWISE_BEZIER_KNOTS.);
#2059 = CARTESIAN_POINT('',(1.286014637611,-0.786014637611,0.));
#2060 = CARTESIAN_POINT('',(1.3,-0.8,0.2));
#2061 = CARTESIAN_POINT('',(1.286014637611,0.786014637611,0.));
#2062 = CARTESIAN_POINT('',(1.3,0.8,0.2));
#2063 = ADVANCED_FACE('',(#2064),#2096,.T.);
#2064 = FACE_BOUND('',#2065,.T.);
#2065 = EDGE_LOOP('',(#2066,#2067,#2068,#2076,#2083,#2091));
#2066 = ORIENTED_EDGE('',*,*,#2053,.T.);
#2067 = ORIENTED_EDGE('',*,*,#1970,.T.);
#2068 = ORIENTED_EDGE('',*,*,#2069,.T.);
#2069 = EDGE_CURVE('',#1971,#2070,#2072,.T.);
#2070 = VERTEX_POINT('',#2071);
#2071 = CARTESIAN_POINT('',(1.3,0.8,0.2));
#2072 = LINE('',#2073,#2074);
#2073 = CARTESIAN_POINT('',(1.3,-0.8,0.2));
#2074 = VECTOR('',#2075,1.);
#2075 = DIRECTION('',(0.,1.,0.));
#2076 = ORIENTED_EDGE('',*,*,#2077,.T.);
#2077 = EDGE_CURVE('',#2070,#2078,#2080,.T.);
#2078 = VERTEX_POINT('',#2079);
#2079 = CARTESIAN_POINT('',(1.237065869251,0.737065869251,1.1));
#2080 = B_SPLINE_CURVE_WITH_KNOTS('',1,(#2081,#2082),.UNSPECIFIED.,.F.,
  .F.,(2,2),(0.,1.),.PIECEWISE_BEZIER_KNOTS.);
#2081 = CARTESIAN_POINT('',(1.3,0.8,0.2));
#2082 = CARTESIAN_POINT('',(1.237065869251,0.737065869251,1.1));
#2083 = ORIENTED_EDGE('',*,*,#2084,.F.);
#2084 = EDGE_CURVE('',#2085,#2078,#2087,.T.);
#2085 = VERTEX_POINT('',#2086);
#2086 = CARTESIAN_POINT('',(1.237065869251,-0.737065869251,1.1));
#2087 = LINE('',#2088,#2089);
#2088 = CARTESIAN_POINT('',(1.237065869251,-0.737065869251,1.1));
#2089 = VECTOR('',#2090,1.);
#2090 = DIRECTION('',(0.,1.,0.));
#2091 = ORIENTED_EDGE('',*,*,#2092,.F.);
#2092 = EDGE_CURVE('',#2040,#2085,#2093,.T.);
#2093 = B_SPLINE_CURVE_WITH_KNOTS('',1,(#2094,#2095),.UNSPECIFIED.,.F.,
  .F.,(2,2),(0.,1.),.PIECEWISE_BEZIER_KNOTS.);
#2094 = CARTESIAN_POINT('',(1.3,-0.8,0.2));
#2095 = CARTESIAN_POINT('',(1.237065869251,-0.737065869251,1.1));
#2096 = B_SPLINE_SURFACE_WITH_KNOTS('',1,1,(
    (#2097,#2098)
    ,(#2099,#2100
    )),.UNSPECIFIED.,.F.,.F.,.F.,(2,2),(2,2),(0.,1.6),(0.,1.),
  .PIECEWISE_BEZIER_KNOTS.);
#2097 = CARTESIAN_POINT('',(1.3,-0.8,0.2));
#2098 = CARTESIAN_POINT('',(1.237065869251,-0.737065869251,1.1));
#2099 = CARTESIAN_POINT('',(1.3,0.8,0.2));
#2100 = CARTESIAN_POINT('',(1.237065869251,0.737065869251,1.1));
#2101 = ADVANCED_FACE('',(#2102),#2119,.T.);
#2102 = FACE_BOUND('',#2103,.T.);
#2103 = EDGE_LOOP('',(#2104,#2105,#2113,#2118));
#2104 = ORIENTED_EDGE('',*,*,#2002,.F.);
#2105 = ORIENTED_EDGE('',*,*,#2106,.T.);
#2106 = EDGE_CURVE('',#1995,#2107,#2109,.T.);
#2107 = VERTEX_POINT('',#2108);
#2108 = CARTESIAN_POINT('',(1.286014637611,0.786014637611,0.));
#2109 = LINE('',#2110,#2111);
#2110 = CARTESIAN_POINT('',(1.286014637611,-0.786014637611,0.));
#2111 = VECTOR('',#2112,1.);
#2112 = DIRECTION('',(0.,1.,0.));
#2113 = ORIENTED_EDGE('',*,*,#2114,.T.);
#2114 = EDGE_CURVE('',#2107,#2070,#2115,.T.);
#2115 = B_SPLINE_CURVE_WITH_KNOTS('',1,(#2116,#2117),.UNSPECIFIED.,.F.,
  .F.,(2,2),(0.,1.),.PIECEWISE_BEZIER_KNOTS.);
#2116 = CARTESIAN_POINT('',(1.286014637611,0.786014637611,0.));
#2117 = CARTESIAN_POINT('',(1.3,0.8,0.2));
#2118 = ORIENTED_EDGE('',*,*,#2069,.F.);
#2119 = B_SPLINE_SURFACE_WITH_KNOTS('',1,1,(
    (#2120,#2121)
    ,(#2122,#2123
    )),.UNSPECIFIED.,.F.,.F.,.F.,(2,2),(2,2),(0.,1.6),(0.,1.),
  .PIECEWISE_BEZIER_KNOTS.);
#2120 = CARTESIAN_POINT('',(1.286014637611,-0.786014637611,0.));
#2121 = CARTESIAN_POINT('',(1.3,-0.8,0.2));
#2122 = CARTESIAN_POINT('',(1.286014637611,0.786014637611,0.));
#2123 = CARTESIAN_POINT('',(1.3,0.8,0.2));
#2124 = ADVANCED_FACE('',(#2125),#2168,.T.);
#2125 = FACE_BOUND('',#2126,.T.);
#2126 = EDGE_LOOP('',(#2127,#2135,#2143,#2151,#2159,#2165,#2166,#2167));
#2127 = ORIENTED_EDGE('',*,*,#2128,.F.);
#2128 = EDGE_CURVE('',#2129,#2038,#2131,.T.);
#2129 = VERTEX_POINT('',#2130);
#2130 = CARTESIAN_POINT('',(-1.286014637611,-0.786014637611,0.));
#2131 = LINE('',#2132,#2133);
#2132 = CARTESIAN_POINT('',(-1.286014637611,-0.786014637611,0.));
#2133 = VECTOR('',#2134,1.);
#2134 = DIRECTION('',(1.,0.,0.));
#2135 = ORIENTED_EDGE('',*,*,#2136,.F.);
#2136 = EDGE_CURVE('',#2137,#2129,#2139,.T.);
#2137 = VERTEX_POINT('',#2138);
#2138 = CARTESIAN_POINT('',(-1.286014637611,-0.325,0.));
#2139 = LINE('',#2140,#2141);
#2140 = CARTESIAN_POINT('',(-1.286014637611,0.786014637611,0.));
#2141 = VECTOR('',#2142,1.);
#2142 = DIRECTION('',(0.,-1.,0.));
#2143 = ORIENTED_EDGE('',*,*,#2144,.F.);
#2144 = EDGE_CURVE('',#2145,#2137,#2147,.T.);
#2145 = VERTEX_POINT('',#2146);
#2146 = CARTESIAN_POINT('',(-1.286014637611,0.325,0.));
#2147 = LINE('',#2148,#2149);
#2148 = CARTESIAN_POINT('',(-1.286014637611,0.325,0.));
#2149 = VECTOR('',#2150,1.);
#2150 = DIRECTION('',(-2.22044604925E-16,-1.,0.));
#2151 = ORIENTED_EDGE('',*,*,#2152,.F.);
#2152 = EDGE_CURVE('',#2153,#2145,#2155,.T.);
#2153 = VERTEX_POINT('',#2154);
#2154 = CARTESIAN_POINT('',(-1.286014637611,0.786014637611,0.));
#2155 = LINE('',#2156,#2157);
#2156 = CARTESIAN_POINT('',(-1.286014637611,0.786014637611,0.));
#2157 = VECTOR('',#2158,1.);
#2158 = DIRECTION('',(0.,-1.,0.));
#2159 = ORIENTED_EDGE('',*,*,#2160,.F.);
#2160 = EDGE_CURVE('',#2107,#2153,#2161,.T.);
#2161 = LINE('',#2162,#2163);
#2162 = CARTESIAN_POINT('',(1.286014637611,0.786014637611,0.));
#2163 = VECTOR('',#2164,1.);
#2164 = DIRECTION('',(-1.,0.,0.));
#2165 = ORIENTED_EDGE('',*,*,#2106,.F.);
#2166 = ORIENTED_EDGE('',*,*,#2020,.F.);
#2167 = ORIENTED_EDGE('',*,*,#2046,.F.);
#2168 = PLANE('',#2169);
#2169 = AXIS2_PLACEMENT_3D('',#2170,#2171,#2172);
#2170 = CARTESIAN_POINT('',(-1.286014637611,-0.786014637611,0.));
#2171 = DIRECTION('',(0.,0.,-1.));
#2172 = DIRECTION('',(0.85324734997,0.521506433104,0.));
#2173 = ADVANCED_FACE('',(#2174),#2191,.T.);
#2174 = FACE_BOUND('',#2175,.T.);
#2175 = EDGE_LOOP('',(#2176,#2177,#2178,#2186));
#2176 = ORIENTED_EDGE('',*,*,#2128,.T.);
#2177 = ORIENTED_EDGE('',*,*,#2037,.T.);
#2178 = ORIENTED_EDGE('',*,*,#2179,.F.);
#2179 = EDGE_CURVE('',#2180,#2040,#2182,.T.);
#2180 = VERTEX_POINT('',#2181);
#2181 = CARTESIAN_POINT('',(-1.3,-0.8,0.2));
#2182 = LINE('',#2183,#2184);
#2183 = CARTESIAN_POINT('',(-1.3,-0.8,0.2));
#2184 = VECTOR('',#2185,1.);
#2185 = DIRECTION('',(1.,0.,0.));
#2186 = ORIENTED_EDGE('',*,*,#2187,.F.);
#2187 = EDGE_CURVE('',#2129,#2180,#2188,.T.);
#2188 = B_SPLINE_CURVE_WITH_KNOTS('',1,(#2189,#2190),.UNSPECIFIED.,.F.,
  .F.,(2,2),(0.,1.),.PIECEWISE_BEZIER_KNOTS.);
#2189 = CARTESIAN_POINT('',(-1.286014637611,-0.786014637611,0.));
#2190 = CARTESIAN_POINT('',(-1.3,-0.8,0.2));
#2191 = B_SPLINE_SURFACE_WITH_KNOTS('',1,1,(
    (#2192,#2193)
    ,(#2194,#2195
    )),.UNSPECIFIED.,.F.,.F.,.F.,(2,2),(2,2),(0.,2.6),(0.,1.),
  .PIECEWISE_BEZIER_KNOTS.);
#2192 = CARTESIAN_POINT('',(-1.286014637611,-0.786014637611,0.));
#2193 = CARTESIAN_POINT('',(-1.3,-0.8,0.2));
#2194 = CARTESIAN_POINT('',(1.286014637611,-0.786014637611,0.));
#2195 = CARTESIAN_POINT('',(1.3,-0.8,0.2));
#2196 = ADVANCED_FACE('',(#2197),#2214,.T.);
#2197 = FACE_BOUND('',#2198,.T.);
#2198 = EDGE_LOOP('',(#2199,#2200,#2201,#2209));
#2199 = ORIENTED_EDGE('',*,*,#2179,.T.);
#2200 = ORIENTED_EDGE('',*,*,#2092,.T.);
#2201 = ORIENTED_EDGE('',*,*,#2202,.F.);
#2202 = EDGE_CURVE('',#2203,#2085,#2205,.T.);
#2203 = VERTEX_POINT('',#2204);
#2204 = CARTESIAN_POINT('',(-1.237065869251,-0.737065869251,1.1));
#2205 = LINE('',#2206,#2207);
#2206 = CARTESIAN_POINT('',(-1.237065869251,-0.737065869251,1.1));
#2207 = VECTOR('',#2208,1.);
#2208 = DIRECTION('',(1.,0.,0.));
#2209 = ORIENTED_EDGE('',*,*,#2210,.F.);
#2210 = EDGE_CURVE('',#2180,#2203,#2211,.T.);
#2211 = B_SPLINE_CURVE_WITH_KNOTS('',1,(#2212,#2213),.UNSPECIFIED.,.F.,
  .F.,(2,2),(0.,1.),.PIECEWISE_BEZIER_KNOTS.);
#2212 = CARTESIAN_POINT('',(-1.3,-0.8,0.2));
#2213 = CARTESIAN_POINT('',(-1.237065869251,-0.737065869251,1.1));
#2214 = B_SPLINE_SURFACE_WITH_KNOTS('',1,1,(
    (#2215,#2216)
    ,(#2217,#2218
    )),.UNSPECIFIED.,.F.,.F.,.F.,(2,2),(2,2),(0.,2.6),(0.,1.),
  .PIECEWISE_BEZIER_KNOTS.);
#2215 = CARTESIAN_POINT('',(-1.3,-0.8,0.2));
#2216 = CARTESIAN_POINT('',(-1.237065869251,-0.737065869251,1.1));
#2217 = CARTESIAN_POINT('',(1.3,-0.8,0.2));
#2218 = CARTESIAN_POINT('',(1.237065869251,-0.737065869251,1.1));
#2219 = ADVANCED_FACE('',(#2220,#2238),#2272,.F.);
#2220 = FACE_BOUND('',#2221,.F.);
#2221 = EDGE_LOOP('',(#2222,#2223,#2231,#2237));
#2222 = ORIENTED_EDGE('',*,*,#2202,.F.);
#2223 = ORIENTED_EDGE('',*,*,#2224,.F.);
#2224 = EDGE_CURVE('',#2225,#2203,#2227,.T.);
#2225 = VERTEX_POINT('',#2226);
#2226 = CARTESIAN_POINT('',(-1.237065869251,0.737065869251,1.1));
#2227 = LINE('',#2228,#2229);
#2228 = CARTESIAN_POINT('',(-1.237065869251,0.737065869251,1.1));
#2229 = VECTOR('',#2230,1.);
#2230 = DIRECTION('',(0.,-1.,0.));
#2231 = ORIENTED_EDGE('',*,*,#2232,.F.);
#2232 = EDGE_CURVE('',#2078,#2225,#2233,.T.);
#2233 = LINE('',#2234,#2235);
#2234 = CARTESIAN_POINT('',(1.237065869251,0.737065869251,1.1));
#2235 = VECTOR('',#2236,1.);
#2236 = DIRECTION('',(-1.,0.,0.));
#2237 = ORIENTED_EDGE('',*,*,#2084,.F.);
#2238 = FACE_BOUND('',#2239,.F.);
#2239 = EDGE_LOOP('',(#2240,#2250,#2258,#2266));
#2240 = ORIENTED_EDGE('',*,*,#2241,.F.);
#2241 = EDGE_CURVE('',#2242,#2244,#2246,.T.);
#2242 = VERTEX_POINT('',#2243);
#2243 = CARTESIAN_POINT('',(-0.787065869251,0.687065869251,1.1));
#2244 = VERTEX_POINT('',#2245);
#2245 = CARTESIAN_POINT('',(-0.787065869251,-0.687065869251,1.1));
#2246 = LINE('',#2247,#2248);
#2247 = CARTESIAN_POINT('',(-0.787065869251,-0.712065869251,1.1));
#2248 = VECTOR('',#2249,1.);
#2249 = DIRECTION('',(0.,-1.,0.));
#2250 = ORIENTED_EDGE('',*,*,#2251,.F.);
#2251 = EDGE_CURVE('',#2252,#2242,#2254,.T.);
#2252 = VERTEX_POINT('',#2253);
#2253 = CARTESIAN_POINT('',(-1.187065869251,0.687065869251,1.1));
#2254 = LINE('',#2255,#2256);
#2255 = CARTESIAN_POINT('',(-1.212065869251,0.687065869251,1.1));
#2256 = VECTOR('',#2257,1.);
#2257 = DIRECTION('',(1.,0.,0.));
#2258 = ORIENTED_EDGE('',*,*,#2259,.T.);
#2259 = EDGE_CURVE('',#2252,#2260,#2262,.T.);
#2260 = VERTEX_POINT('',#2261);
#2261 = CARTESIAN_POINT('',(-1.187065869251,-0.687065869251,1.1));
#2262 = LINE('',#2263,#2264);
#2263 = CARTESIAN_POINT('',(-1.187065869251,-0.712065869251,1.1));
#2264 = VECTOR('',#2265,1.);
#2265 = DIRECTION('',(0.,-1.,0.));
#2266 = ORIENTED_EDGE('',*,*,#2267,.T.);
#2267 = EDGE_CURVE('',#2260,#2244,#2268,.T.);
#2268 = LINE('',#2269,#2270);
#2269 = CARTESIAN_POINT('',(-1.212065869251,-0.687065869251,1.1));
#2270 = VECTOR('',#2271,1.);
#2271 = DIRECTION('',(1.,0.,0.));
#2272 = PLANE('',#2273);
#2273 = AXIS2_PLACEMENT_3D('',#2274,#2275,#2276);
#2274 = CARTESIAN_POINT('',(-1.237065869251,-0.737065869251,1.1));
#2275 = DIRECTION('',(0.,0.,-1.));
#2276 = DIRECTION('',(0.859073922076,0.511851537468,0.));
#2277 = ADVANCED_FACE('',(#2278),#2295,.T.);
#2278 = FACE_BOUND('',#2279,.T.);
#2279 = EDGE_LOOP('',(#2280,#2288,#2293,#2294));
#2280 = ORIENTED_EDGE('',*,*,#2281,.T.);
#2281 = EDGE_CURVE('',#2070,#2282,#2284,.T.);
#2282 = VERTEX_POINT('',#2283);
#2283 = CARTESIAN_POINT('',(-1.3,0.8,0.2));
#2284 = LINE('',#2285,#2286);
#2285 = CARTESIAN_POINT('',(1.3,0.8,0.2));
#2286 = VECTOR('',#2287,1.);
#2287 = DIRECTION('',(-1.,0.,0.));
#2288 = ORIENTED_EDGE('',*,*,#2289,.T.);
#2289 = EDGE_CURVE('',#2282,#2225,#2290,.T.);
#2290 = B_SPLINE_CURVE_WITH_KNOTS('',1,(#2291,#2292),.UNSPECIFIED.,.F.,
  .F.,(2,2),(0.,1.),.PIECEWISE_BEZIER_KNOTS.);
#2291 = CARTESIAN_POINT('',(-1.3,0.8,0.2));
#2292 = CARTESIAN_POINT('',(-1.237065869251,0.737065869251,1.1));
#2293 = ORIENTED_EDGE('',*,*,#2232,.F.);
#2294 = ORIENTED_EDGE('',*,*,#2077,.F.);
#2295 = B_SPLINE_SURFACE_WITH_KNOTS('',1,1,(
    (#2296,#2297)
    ,(#2298,#2299
    )),.UNSPECIFIED.,.F.,.F.,.F.,(2,2),(2,2),(0.,2.6),(0.,1.),
  .PIECEWISE_BEZIER_KNOTS.);
#2296 = CARTESIAN_POINT('',(1.3,0.8,0.2));
#2297 = CARTESIAN_POINT('',(1.237065869251,0.737065869251,1.1));
#2298 = CARTESIAN_POINT('',(-1.3,0.8,0.2));
#2299 = CARTESIAN_POINT('',(-1.237065869251,0.737065869251,1.1));
#2300 = ADVANCED_FACE('',(#2301),#2311,.T.);
#2301 = FACE_BOUND('',#2302,.T.);
#2302 = EDGE_LOOP('',(#2303,#2304,#2309,#2310));
#2303 = ORIENTED_EDGE('',*,*,#2160,.T.);
#2304 = ORIENTED_EDGE('',*,*,#2305,.T.);
#2305 = EDGE_CURVE('',#2153,#2282,#2306,.T.);
#2306 = B_SPLINE_CURVE_WITH_KNOTS('',1,(#2307,#2308),.UNSPECIFIED.,.F.,
  .F.,(2,2),(0.,1.),.PIECEWISE_BEZIER_KNOTS.);
#2307 = CARTESIAN_POINT('',(-1.286014637611,0.786014637611,0.));
#2308 = CARTESIAN_POINT('',(-1.3,0.8,0.2));
#2309 = ORIENTED_EDGE('',*,*,#2281,.F.);
#2310 = ORIENTED_EDGE('',*,*,#2114,.F.);
#2311 = B_SPLINE_SURFACE_WITH_KNOTS('',1,1,(
    (#2312,#2313)
    ,(#2314,#2315
    )),.UNSPECIFIED.,.F.,.F.,.F.,(2,2),(2,2),(0.,2.6),(0.,1.),
  .PIECEWISE_BEZIER_KNOTS.);
#2312 = CARTESIAN_POINT('',(1.286014637611,0.786014637611,0.));
#2313 = CARTESIAN_POINT('',(1.3,0.8,0.2));
#2314 = CARTESIAN_POINT('',(-1.286014637611,0.786014637611,0.));
#2315 = CARTESIAN_POINT('',(-1.3,0.8,0.2));
#2316 = ADVANCED_FACE('',(#2317),#2337,.T.);
#2317 = FACE_BOUND('',#2318,.T.);
#2318 = EDGE_LOOP('',(#2319,#2329,#2330,#2331));
#2319 = ORIENTED_EDGE('',*,*,#2320,.F.);
#2320 = EDGE_CURVE('',#2137,#2321,#2323,.T.);
#2321 = VERTEX_POINT('',#2322);
#2322 = CARTESIAN_POINT('',(-1.3,-0.325,0.2));
#2323 = B_SPLINE_CURVE_WITH_KNOTS('',4,(#2324,#2325,#2326,#2327,#2328),
  .UNSPECIFIED.,.F.,.F.,(5,5),(0.,1.),.PIECEWISE_BEZIER_KNOTS.);
#2324 = CARTESIAN_POINT('',(-1.286014637611,-0.325,0.));
#2325 = CARTESIAN_POINT('',(-1.289510976465,-0.325,4.999997507219E-02));
#2326 = CARTESIAN_POINT('',(-1.293007316516,-0.325,9.999996725694E-02));
#2327 = CARTESIAN_POINT('',(-1.29650365771,-0.325,0.149999975794));
#2328 = CARTESIAN_POINT('',(-1.3,-0.325,0.2));
#2329 = ORIENTED_EDGE('',*,*,#2136,.T.);
#2330 = ORIENTED_EDGE('',*,*,#2187,.T.);
#2331 = ORIENTED_EDGE('',*,*,#2332,.F.);
#2332 = EDGE_CURVE('',#2321,#2180,#2333,.T.);
#2333 = LINE('',#2334,#2335);
#2334 = CARTESIAN_POINT('',(-1.3,0.8,0.2));
#2335 = VECTOR('',#2336,1.);
#2336 = DIRECTION('',(0.,-1.,0.));
#2337 = B_SPLINE_SURFACE_WITH_KNOTS('',1,1,(
    (#2338,#2339)
    ,(#2340,#2341
    )),.UNSPECIFIED.,.F.,.F.,.F.,(2,2),(2,2),(0.,1.6),(0.,1.),
  .PIECEWISE_BEZIER_KNOTS.);
#2338 = CARTESIAN_POINT('',(-1.286014637611,0.786014637611,0.));
#2339 = CARTESIAN_POINT('',(-1.3,0.8,0.2));
#2340 = CARTESIAN_POINT('',(-1.286014637611,-0.786014637611,0.));
#2341 = CARTESIAN_POINT('',(-1.3,-0.8,0.2));
#2342 = ADVANCED_FACE('',(#2343),#2368,.F.);
#2343 = FACE_BOUND('',#2344,.F.);
#2344 = EDGE_LOOP('',(#2345,#2346,#2354,#2362));
#2345 = ORIENTED_EDGE('',*,*,#2144,.F.);
#2346 = ORIENTED_EDGE('',*,*,#2347,.T.);
#2347 = EDGE_CURVE('',#2145,#2348,#2350,.T.);
#2348 = VERTEX_POINT('',#2349);
#2349 = CARTESIAN_POINT('',(-1.75,0.325,0.));
#2350 = LINE('',#2351,#2352);
#2351 = CARTESIAN_POINT('',(-1.286014637611,0.325,0.));
#2352 = VECTOR('',#2353,1.);
#2353 = DIRECTION('',(-1.,2.22044604925E-16,0.));
#2354 = ORIENTED_EDGE('',*,*,#2355,.T.);
#2355 = EDGE_CURVE('',#2348,#2356,#2358,.T.);
#2356 = VERTEX_POINT('',#2357);
#2357 = CARTESIAN_POINT('',(-1.75,-0.325,0.));
#2358 = LINE('',#2359,#2360);
#2359 = CARTESIAN_POINT('',(-1.75,0.325,0.));
#2360 = VECTOR('',#2361,1.);
#2361 = DIRECTION('',(-2.22044604925E-16,-1.,0.));
#2362 = ORIENTED_EDGE('',*,*,#2363,.F.);
#2363 = EDGE_CURVE('',#2137,#2356,#2364,.T.);
#2364 = LINE('',#2365,#2366);
#2365 = CARTESIAN_POINT('',(-1.286014637611,-0.325,0.));
#2366 = VECTOR('',#2367,1.);
#2367 = DIRECTION('',(-1.,2.22044604925E-16,0.));
#2368 = PLANE('',#2369);
#2369 = AXIS2_PLACEMENT_3D('',#2370,#2371,#2372);
#2370 = CARTESIAN_POINT('',(-1.286014637611,0.325,0.));
#2371 = DIRECTION('',(0.,0.,1.));
#2372 = DIRECTION('',(-1.,2.22044604925E-16,0.));
#2373 = ADVANCED_FACE('',(#2374),#2394,.T.);
#2374 = FACE_BOUND('',#2375,.T.);
#2375 = EDGE_LOOP('',(#2376,#2377,#2378,#2388));
#2376 = ORIENTED_EDGE('',*,*,#2305,.F.);
#2377 = ORIENTED_EDGE('',*,*,#2152,.T.);
#2378 = ORIENTED_EDGE('',*,*,#2379,.T.);
#2379 = EDGE_CURVE('',#2145,#2380,#2382,.T.);
#2380 = VERTEX_POINT('',#2381);
#2381 = CARTESIAN_POINT('',(-1.3,0.325,0.2));
#2382 = B_SPLINE_CURVE_WITH_KNOTS('',4,(#2383,#2384,#2385,#2386,#2387),
  .UNSPECIFIED.,.F.,.F.,(5,5),(0.,1.),.PIECEWISE_BEZIER_KNOTS.);
#2383 = CARTESIAN_POINT('',(-1.286014637611,0.325,0.));
#2384 = CARTESIAN_POINT('',(-1.289510976465,0.325,4.999997507219E-02));
#2385 = CARTESIAN_POINT('',(-1.293007316516,0.325,9.999996725694E-02));
#2386 = CARTESIAN_POINT('',(-1.29650365771,0.325,0.149999975794));
#2387 = CARTESIAN_POINT('',(-1.3,0.325,0.2));
#2388 = ORIENTED_EDGE('',*,*,#2389,.F.);
#2389 = EDGE_CURVE('',#2282,#2380,#2390,.T.);
#2390 = LINE('',#2391,#2392);
#2391 = CARTESIAN_POINT('',(-1.3,0.8,0.2));
#2392 = VECTOR('',#2393,1.);
#2393 = DIRECTION('',(0.,-1.,0.));
#2394 = B_SPLINE_SURFACE_WITH_KNOTS('',1,1,(
    (#2395,#2396)
    ,(#2397,#2398
    )),.UNSPECIFIED.,.F.,.F.,.F.,(2,2),(2,2),(0.,1.6),(0.,1.),
  .PIECEWISE_BEZIER_KNOTS.);
#2395 = CARTESIAN_POINT('',(-1.286014637611,0.786014637611,0.));
#2396 = CARTESIAN_POINT('',(-1.3,0.8,0.2));
#2397 = CARTESIAN_POINT('',(-1.286014637611,-0.786014637611,0.));
#2398 = CARTESIAN_POINT('',(-1.3,-0.8,0.2));
#2399 = ADVANCED_FACE('',(#2400),#2413,.T.);
#2400 = FACE_BOUND('',#2401,.T.);
#2401 = EDGE_LOOP('',(#2402,#2403,#2409,#2410,#2411,#2412));
#2402 = ORIENTED_EDGE('',*,*,#2389,.T.);
#2403 = ORIENTED_EDGE('',*,*,#2404,.T.);
#2404 = EDGE_CURVE('',#2380,#2321,#2405,.T.);
#2405 = LINE('',#2406,#2407);
#2406 = CARTESIAN_POINT('',(-1.3,0.8,0.2));
#2407 = VECTOR('',#2408,1.);
#2408 = DIRECTION('',(0.,-1.,0.));
#2409 = ORIENTED_EDGE('',*,*,#2332,.T.);
#2410 = ORIENTED_EDGE('',*,*,#2210,.T.);
#2411 = ORIENTED_EDGE('',*,*,#2224,.F.);
#2412 = ORIENTED_EDGE('',*,*,#2289,.F.);
#2413 = B_SPLINE_SURFACE_WITH_KNOTS('',1,1,(
    (#2414,#2415)
    ,(#2416,#2417
    )),.UNSPECIFIED.,.F.,.F.,.F.,(2,2),(2,2),(0.,1.6),(0.,1.),
  .PIECEWISE_BEZIER_KNOTS.);
#2414 = CARTESIAN_POINT('',(-1.3,0.8,0.2));
#2415 = CARTESIAN_POINT('',(-1.237065869251,0.737065869251,1.1));
#2416 = CARTESIAN_POINT('',(-1.3,-0.8,0.2));
#2417 = CARTESIAN_POINT('',(-1.237065869251,-0.737065869251,1.1));
#2418 = ADVANCED_FACE('',(#2419),#2444,.F.);
#2419 = FACE_BOUND('',#2420,.F.);
#2420 = EDGE_LOOP('',(#2421,#2429,#2437,#2443));
#2421 = ORIENTED_EDGE('',*,*,#2422,.F.);
#2422 = EDGE_CURVE('',#2423,#2244,#2425,.T.);
#2423 = VERTEX_POINT('',#2424);
#2424 = CARTESIAN_POINT('',(-0.787065869251,-0.687065869251,1.09));
#2425 = LINE('',#2426,#2427);
#2426 = CARTESIAN_POINT('',(-0.787065869251,-0.687065869251,1.09));
#2427 = VECTOR('',#2428,1.);
#2428 = DIRECTION('',(0.,0.,1.));
#2429 = ORIENTED_EDGE('',*,*,#2430,.T.);
#2430 = EDGE_CURVE('',#2423,#2431,#2433,.T.);
#2431 = VERTEX_POINT('',#2432);
#2432 = CARTESIAN_POINT('',(-0.787065869251,0.687065869251,1.09));
#2433 = LINE('',#2434,#2435);
#2434 = CARTESIAN_POINT('',(-0.787065869251,-0.687065869251,1.09));
#2435 = VECTOR('',#2436,1.);
#2436 = DIRECTION('',(0.,1.,0.));
#2437 = ORIENTED_EDGE('',*,*,#2438,.T.);
#2438 = EDGE_CURVE('',#2431,#2242,#2439,.T.);
#2439 = LINE('',#2440,#2441);
#2440 = CARTESIAN_POINT('',(-0.787065869251,0.687065869251,1.09));
#2441 = VECTOR('',#2442,1.);
#2442 = DIRECTION('',(0.,0.,1.));
#2443 = ORIENTED_EDGE('',*,*,#2241,.T.);
#2444 = PLANE('',#2445);
#2445 = AXIS2_PLACEMENT_3D('',#2446,#2447,#2448);
#2446 = CARTESIAN_POINT('',(-0.787065869251,-0.687065869251,1.09));
#2447 = DIRECTION('',(1.,0.,0.));
#2448 = DIRECTION('',(0.,0.,1.));
#2449 = ADVANCED_FACE('',(#2450),#2468,.T.);
#2450 = FACE_BOUND('',#2451,.T.);
#2451 = EDGE_LOOP('',(#2452,#2453,#2461,#2467));
#2452 = ORIENTED_EDGE('',*,*,#2422,.F.);
#2453 = ORIENTED_EDGE('',*,*,#2454,.F.);
#2454 = EDGE_CURVE('',#2455,#2423,#2457,.T.);
#2455 = VERTEX_POINT('',#2456);
#2456 = CARTESIAN_POINT('',(-1.187065869251,-0.687065869251,1.09));
#2457 = LINE('',#2458,#2459);
#2458 = CARTESIAN_POINT('',(-1.187065869251,-0.687065869251,1.09));
#2459 = VECTOR('',#2460,1.);
#2460 = DIRECTION('',(1.,0.,0.));
#2461 = ORIENTED_EDGE('',*,*,#2462,.T.);
#2462 = EDGE_CURVE('',#2455,#2260,#2463,.T.);
#2463 = LINE('',#2464,#2465);
#2464 = CARTESIAN_POINT('',(-1.187065869251,-0.687065869251,1.09));
#2465 = VECTOR('',#2466,1.);
#2466 = DIRECTION('',(0.,0.,1.));
#2467 = ORIENTED_EDGE('',*,*,#2267,.T.);
#2468 = PLANE('',#2469);
#2469 = AXIS2_PLACEMENT_3D('',#2470,#2471,#2472);
#2470 = CARTESIAN_POINT('',(-1.187065869251,-0.687065869251,1.09));
#2471 = DIRECTION('',(0.,1.,0.));
#2472 = DIRECTION('',(0.,-0.,1.));
#2473 = ADVANCED_FACE('',(#2474),#2492,.T.);
#2474 = FACE_BOUND('',#2475,.T.);
#2475 = EDGE_LOOP('',(#2476,#2477,#2485,#2491));
#2476 = ORIENTED_EDGE('',*,*,#2462,.F.);
#2477 = ORIENTED_EDGE('',*,*,#2478,.T.);
#2478 = EDGE_CURVE('',#2455,#2479,#2481,.T.);
#2479 = VERTEX_POINT('',#2480);
#2480 = CARTESIAN_POINT('',(-1.187065869251,0.687065869251,1.09));
#2481 = LINE('',#2482,#2483);
#2482 = CARTESIAN_POINT('',(-1.187065869251,-0.687065869251,1.09));
#2483 = VECTOR('',#2484,1.);
#2484 = DIRECTION('',(0.,1.,0.));
#2485 = ORIENTED_EDGE('',*,*,#2486,.T.);
#2486 = EDGE_CURVE('',#2479,#2252,#2487,.T.);
#2487 = LINE('',#2488,#2489);
#2488 = CARTESIAN_POINT('',(-1.187065869251,0.687065869251,1.09));
#2489 = VECTOR('',#2490,1.);
#2490 = DIRECTION('',(0.,0.,1.));
#2491 = ORIENTED_EDGE('',*,*,#2259,.T.);
#2492 = PLANE('',#2493);
#2493 = AXIS2_PLACEMENT_3D('',#2494,#2495,#2496);
#2494 = CARTESIAN_POINT('',(-1.187065869251,-0.687065869251,1.09));
#2495 = DIRECTION('',(1.,0.,0.));
#2496 = DIRECTION('',(0.,0.,1.));
#2497 = ADVANCED_FACE('',(#2498),#2509,.F.);
#2498 = FACE_BOUND('',#2499,.F.);
#2499 = EDGE_LOOP('',(#2500,#2501,#2507,#2508));
#2500 = ORIENTED_EDGE('',*,*,#2438,.F.);
#2501 = ORIENTED_EDGE('',*,*,#2502,.F.);
#2502 = EDGE_CURVE('',#2479,#2431,#2503,.T.);
#2503 = LINE('',#2504,#2505);
#2504 = CARTESIAN_POINT('',(-1.187065869251,0.687065869251,1.09));
#2505 = VECTOR('',#2506,1.);
#2506 = DIRECTION('',(1.,0.,0.));
#2507 = ORIENTED_EDGE('',*,*,#2486,.T.);
#2508 = ORIENTED_EDGE('',*,*,#2251,.T.);
#2509 = PLANE('',#2510);
#2510 = AXIS2_PLACEMENT_3D('',#2511,#2512,#2513);
#2511 = CARTESIAN_POINT('',(-1.187065869251,0.687065869251,1.09));
#2512 = DIRECTION('',(0.,1.,0.));
#2513 = DIRECTION('',(0.,-0.,1.));
#2514 = ADVANCED_FACE('',(#2515),#2533,.T.);
#2515 = FACE_BOUND('',#2516,.T.);
#2516 = EDGE_LOOP('',(#2517,#2518,#2519,#2527));
#2517 = ORIENTED_EDGE('',*,*,#2363,.F.);
#2518 = ORIENTED_EDGE('',*,*,#2320,.T.);
#2519 = ORIENTED_EDGE('',*,*,#2520,.T.);
#2520 = EDGE_CURVE('',#2321,#2521,#2523,.T.);
#2521 = VERTEX_POINT('',#2522);
#2522 = CARTESIAN_POINT('',(-1.75,-0.325,0.2));
#2523 = LINE('',#2524,#2525);
#2524 = CARTESIAN_POINT('',(-1.286014637611,-0.325,0.2));
#2525 = VECTOR('',#2526,1.);
#2526 = DIRECTION('',(-1.,2.22044604925E-16,0.));
#2527 = ORIENTED_EDGE('',*,*,#2528,.F.);
#2528 = EDGE_CURVE('',#2356,#2521,#2529,.T.);
#2529 = LINE('',#2530,#2531);
#2530 = CARTESIAN_POINT('',(-1.75,-0.325,0.));
#2531 = VECTOR('',#2532,1.);
#2532 = DIRECTION('',(0.,0.,1.));
#2533 = PLANE('',#2534);
#2534 = AXIS2_PLACEMENT_3D('',#2535,#2536,#2537);
#2535 = CARTESIAN_POINT('',(-1.286014637611,-0.325,0.));
#2536 = DIRECTION('',(-2.22044604925E-16,-1.,0.));
#2537 = DIRECTION('',(0.,0.,1.));
#2538 = ADVANCED_FACE('',(#2539),#2557,.F.);
#2539 = FACE_BOUND('',#2540,.F.);
#2540 = EDGE_LOOP('',(#2541,#2542,#2543,#2551));
#2541 = ORIENTED_EDGE('',*,*,#2347,.F.);
#2542 = ORIENTED_EDGE('',*,*,#2379,.T.);
#2543 = ORIENTED_EDGE('',*,*,#2544,.T.);
#2544 = EDGE_CURVE('',#2380,#2545,#2547,.T.);
#2545 = VERTEX_POINT('',#2546);
#2546 = CARTESIAN_POINT('',(-1.75,0.325,0.2));
#2547 = LINE('',#2548,#2549);
#2548 = CARTESIAN_POINT('',(-1.286014637611,0.325,0.2));
#2549 = VECTOR('',#2550,1.);
#2550 = DIRECTION('',(-1.,2.22044604925E-16,0.));
#2551 = ORIENTED_EDGE('',*,*,#2552,.F.);
#2552 = EDGE_CURVE('',#2348,#2545,#2553,.T.);
#2553 = LINE('',#2554,#2555);
#2554 = CARTESIAN_POINT('',(-1.75,0.325,0.));
#2555 = VECTOR('',#2556,1.);
#2556 = DIRECTION('',(0.,0.,1.));
#2557 = PLANE('',#2558);
#2558 = AXIS2_PLACEMENT_3D('',#2559,#2560,#2561);
#2559 = CARTESIAN_POINT('',(-1.286014637611,0.325,0.));
#2560 = DIRECTION('',(-2.22044604925E-16,-1.,0.));
#2561 = DIRECTION('',(0.,0.,1.));
#2562 = ADVANCED_FACE('',(#2563),#2574,.T.);
#2563 = FACE_BOUND('',#2564,.T.);
#2564 = EDGE_LOOP('',(#2565,#2566,#2567,#2568));
#2565 = ORIENTED_EDGE('',*,*,#2552,.F.);
#2566 = ORIENTED_EDGE('',*,*,#2355,.T.);
#2567 = ORIENTED_EDGE('',*,*,#2528,.T.);
#2568 = ORIENTED_EDGE('',*,*,#2569,.F.);
#2569 = EDGE_CURVE('',#2545,#2521,#2570,.T.);
#2570 = LINE('',#2571,#2572);
#2571 = CARTESIAN_POINT('',(-1.75,0.325,0.2));
#2572 = VECTOR('',#2573,1.);
#2573 = DIRECTION('',(-2.22044604925E-16,-1.,0.));
#2574 = PLANE('',#2575);
#2575 = AXIS2_PLACEMENT_3D('',#2576,#2577,#2578);
#2576 = CARTESIAN_POINT('',(-1.75,0.325,0.));
#2577 = DIRECTION('',(-1.,2.22044604925E-16,0.));
#2578 = DIRECTION('',(0.,0.,1.));
#2579 = ADVANCED_FACE('',(#2580),#2586,.T.);
#2580 = FACE_BOUND('',#2581,.T.);
#2581 = EDGE_LOOP('',(#2582,#2583,#2584,#2585));
#2582 = ORIENTED_EDGE('',*,*,#2404,.F.);
#2583 = ORIENTED_EDGE('',*,*,#2544,.T.);
#2584 = ORIENTED_EDGE('',*,*,#2569,.T.);
#2585 = ORIENTED_EDGE('',*,*,#2520,.F.);
#2586 = PLANE('',#2587);
#2587 = AXIS2_PLACEMENT_3D('',#2588,#2589,#2590);
#2588 = CARTESIAN_POINT('',(-1.286014637611,0.325,0.2));
#2589 = DIRECTION('',(0.,0.,1.));
#2590 = DIRECTION('',(-1.,2.22044604925E-16,0.));
#2591 = ADVANCED_FACE('',(#2592),#2598,.T.);
#2592 = FACE_BOUND('',#2593,.T.);
#2593 = EDGE_LOOP('',(#2594,#2595,#2596,#2597));
#2594 = ORIENTED_EDGE('',*,*,#2478,.F.);
#2595 = ORIENTED_EDGE('',*,*,#2454,.T.);
#2596 = ORIENTED_EDGE('',*,*,#2430,.T.);
#2597 = ORIENTED_EDGE('',*,*,#2502,.F.);
#2598 = PLANE('',#2599);
#2599 = AXIS2_PLACEMENT_3D('',#2600,#2601,#2602);
#2600 = CARTESIAN_POINT('',(-1.187065869251,-0.687065869251,1.09));
#2601 = DIRECTION('',(0.,0.,1.));
#2602 = DIRECTION('',(1.,0.,-0.));
#2603 = ( GEOMETRIC_REPRESENTATION_CONTEXT(3) 
GLOBAL_UNCERTAINTY_ASSIGNED_CONTEXT((#2607)) 
GLOBAL_UNIT_ASSIGNED_CONTEXT((#2604,#2605,#2606)) REPRESENTATION_CONTEXT
('Context #1','3D Context with UNIT and UNCERTAINTY') );
#2604 = ( LENGTH_UNIT() NAMED_UNIT(*) SI_UNIT(.MILLI.,.METRE.) );
#2605 = ( NAMED_UNIT(*) PLANE_ANGLE_UNIT() SI_UNIT($,.RADIAN.) );
#2606 = ( NAMED_UNIT(*) SI_UNIT($,.STERADIAN.) SOLID_ANGLE_UNIT() );
#2607 = UNCERTAINTY_MEASURE_WITH_UNIT(LENGTH_MEASURE(5.E-06),#2604,
  'distance_accuracy_value','confusion accuracy');
#2608 = CONTEXT_DEPENDENT_SHAPE_REPRESENTATION(#2609,#2611);
#2609 = ( REPRESENTATION_RELATIONSHIP('','',#1890,#10) 
REPRESENTATION_RELATIONSHIP_WITH_TRANSFORMATION(#2610) 
SHAPE_REPRESENTATION_RELATIONSHIP() );
#2610 = ITEM_DEFINED_TRANSFORMATION('','',#11,#31);
#2611 = PRODUCT_DEFINITION_SHAPE('Placement','Placement of an item',
  #2612);
#2612 = NEXT_ASSEMBLY_USAGE_OCCURRENCE('5','D9','',#5,#1885,$);
#2613 = PRODUCT_RELATED_PRODUCT_CATEGORY('part',$,(#1887));
#2614 = SHAPE_DEFINITION_REPRESENTATION(#2615,#2621);
#2615 = PRODUCT_DEFINITION_SHAPE('','',#2616);
#2616 = PRODUCT_DEFINITION('design','',#2617,#2620);
#2617 = PRODUCT_DEFINITION_FORMATION('','',#2618);
#2618 = PRODUCT('VORTAC_TOOLPLATE_REV2_pad','VORTAC_TOOLPLATE_REV2_pad',
  '',(#2619));
#2619 = PRODUCT_CONTEXT('',#2,'mechanical');
#2620 = PRODUCT_DEFINITION_CONTEXT('part definition',#2,'design');
#2621 = SHAPE_REPRESENTATION('',(#11,#2622,#2912,#3202,#3531,#3860,#3952
    ,#4044,#4136,#4228,#4518,#4808,#5098,#5388,#5480,#5572,#5664,#5756,
    #5848,#5940,#6032,#6124,#6216,#6308,#6400,#6492,#6584,#6676,#6768,
    #7058,#7348,#7440,#7532,#7624,#7716,#7808,#7900,#7992,#8084,#8176,
    #8268,#8360,#8452,#8544,#8636,#8728,#8820,#8912,#9004,#9096,#9188,
    #9280,#9570),#9860);
#2622 = MANIFOLD_SOLID_BREP('',#2623);
#2623 = CLOSED_SHELL('',(#2624,#2666,#2697,#2730,#2761,#2794,#2825,#2858
    ,#2880,#2896));
#2624 = ADVANCED_FACE('',(#2625),#2661,.T.);
#2625 = FACE_BOUND('',#2626,.T.);
#2626 = EDGE_LOOP('',(#2627,#2637,#2646,#2654));
#2627 = ORIENTED_EDGE('',*,*,#2628,.T.);
#2628 = EDGE_CURVE('',#2629,#2631,#2633,.T.);
#2629 = VERTEX_POINT('',#2630);
#2630 = CARTESIAN_POINT('',(105.69,-103.205,0.91));
#2631 = VERTEX_POINT('',#2632);
#2632 = CARTESIAN_POINT('',(105.69,-103.205,0.95));
#2633 = LINE('',#2634,#2635);
#2634 = CARTESIAN_POINT('',(105.69,-103.205,0.91));
#2635 = VECTOR('',#2636,1.);
#2636 = DIRECTION('',(0.,0.,1.));
#2637 = ORIENTED_EDGE('',*,*,#2638,.T.);
#2638 = EDGE_CURVE('',#2631,#2639,#2641,.T.);
#2639 = VERTEX_POINT('',#2640);
#2640 = CARTESIAN_POINT('',(105.8025,-103.0925,0.95));
#2641 = CIRCLE('',#2642,0.112498336922);
#2642 = AXIS2_PLACEMENT_3D('',#2643,#2644,#2645);
#2643 = CARTESIAN_POINT('',(105.80249833691,-103.2049983369,0.95));
#2644 = DIRECTION('',(0.,0.,-1.));
#2645 = DIRECTION('',(-0.999999999891,-1.478324205583E-05,-0.));
#2646 = ORIENTED_EDGE('',*,*,#2647,.F.);
#2647 = EDGE_CURVE('',#2648,#2639,#2650,.T.);
#2648 = VERTEX_POINT('',#2649);
#2649 = CARTESIAN_POINT('',(105.8025,-103.0925,0.91));
#2650 = LINE('',#2651,#2652);
#2651 = CARTESIAN_POINT('',(105.8025,-103.0925,0.91));
#2652 = VECTOR('',#2653,1.);
#2653 = DIRECTION('',(0.,0.,1.));
#2654 = ORIENTED_EDGE('',*,*,#2655,.F.);
#2655 = EDGE_CURVE('',#2629,#2648,#2656,.T.);
#2656 = CIRCLE('',#2657,0.112498336922);
#2657 = AXIS2_PLACEMENT_3D('',#2658,#2659,#2660);
#2658 = CARTESIAN_POINT('',(105.80249833691,-103.2049983369,0.91));
#2659 = DIRECTION('',(0.,0.,-1.));
#2660 = DIRECTION('',(-0.999999999891,-1.478324205583E-05,-0.));
#2661 = CYLINDRICAL_SURFACE('',#2662,0.112498336922);
#2662 = AXIS2_PLACEMENT_3D('',#2663,#2664,#2665);
#2663 = CARTESIAN_POINT('',(105.80249833691,-103.2049983369,0.91));
#2664 = DIRECTION('',(0.,0.,-1.));
#2665 = DIRECTION('',(-0.999999999891,-1.478324205583E-05,-0.));
#2666 = ADVANCED_FACE('',(#2667),#2692,.T.);
#2667 = FACE_BOUND('',#2668,.T.);
#2668 = EDGE_LOOP('',(#2669,#2670,#2678,#2686));
#2669 = ORIENTED_EDGE('',*,*,#2647,.T.);
#2670 = ORIENTED_EDGE('',*,*,#2671,.T.);
#2671 = EDGE_CURVE('',#2639,#2672,#2674,.T.);
#2672 = VERTEX_POINT('',#2673);
#2673 = CARTESIAN_POINT('',(106.1775,-103.0925,0.95));
#2674 = LINE('',#2675,#2676);
#2675 = CARTESIAN_POINT('',(105.8025,-103.0925,0.95));
#2676 = VECTOR('',#2677,1.);
#2677 = DIRECTION('',(1.,0.,0.));
#2678 = ORIENTED_EDGE('',*,*,#2679,.F.);
#2679 = EDGE_CURVE('',#2680,#2672,#2682,.T.);
#2680 = VERTEX_POINT('',#2681);
#2681 = CARTESIAN_POINT('',(106.1775,-103.0925,0.91));
#2682 = LINE('',#2683,#2684);
#2683 = CARTESIAN_POINT('',(106.1775,-103.0925,0.91));
#2684 = VECTOR('',#2685,1.);
#2685 = DIRECTION('',(0.,0.,1.));
#2686 = ORIENTED_EDGE('',*,*,#2687,.F.);
#2687 = EDGE_CURVE('',#2648,#2680,#2688,.T.);
#2688 = LINE('',#2689,#2690);
#2689 = CARTESIAN_POINT('',(105.8025,-103.0925,0.91));
#2690 = VECTOR('',#2691,1.);
#2691 = DIRECTION('',(1.,0.,0.));
#2692 = PLANE('',#2693);
#2693 = AXIS2_PLACEMENT_3D('',#2694,#2695,#2696);
#2694 = CARTESIAN_POINT('',(105.8025,-103.0925,0.91));
#2695 = DIRECTION('',(0.,1.,0.));
#2696 = DIRECTION('',(1.,0.,0.));
#2697 = ADVANCED_FACE('',(#2698),#2725,.T.);
#2698 = FACE_BOUND('',#2699,.T.);
#2699 = EDGE_LOOP('',(#2700,#2701,#2710,#2718));
#2700 = ORIENTED_EDGE('',*,*,#2679,.T.);
#2701 = ORIENTED_EDGE('',*,*,#2702,.T.);
#2702 = EDGE_CURVE('',#2672,#2703,#2705,.T.);
#2703 = VERTEX_POINT('',#2704);
#2704 = CARTESIAN_POINT('',(106.29,-103.205,0.95));
#2705 = CIRCLE('',#2706,0.112498336922);
#2706 = AXIS2_PLACEMENT_3D('',#2707,#2708,#2709);
#2707 = CARTESIAN_POINT('',(106.17750166309,-103.2049983369,0.95));
#2708 = DIRECTION('',(0.,0.,-1.));
#2709 = DIRECTION('',(-1.478324205583E-05,0.999999999891,0.));
#2710 = ORIENTED_EDGE('',*,*,#2711,.F.);
#2711 = EDGE_CURVE('',#2712,#2703,#2714,.T.);
#2712 = VERTEX_POINT('',#2713);
#2713 = CARTESIAN_POINT('',(106.29,-103.205,0.91));
#2714 = LINE('',#2715,#2716);
#2715 = CARTESIAN_POINT('',(106.29,-103.205,0.91));
#2716 = VECTOR('',#2717,1.);
#2717 = DIRECTION('',(0.,0.,1.));
#2718 = ORIENTED_EDGE('',*,*,#2719,.F.);
#2719 = EDGE_CURVE('',#2680,#2712,#2720,.T.);
#2720 = CIRCLE('',#2721,0.112498336922);
#2721 = AXIS2_PLACEMENT_3D('',#2722,#2723,#2724);
#2722 = CARTESIAN_POINT('',(106.17750166309,-103.2049983369,0.91));
#2723 = DIRECTION('',(0.,0.,-1.));
#2724 = DIRECTION('',(-1.478324205583E-05,0.999999999891,0.));
#2725 = CYLINDRICAL_SURFACE('',#2726,0.112498336922);
#2726 = AXIS2_PLACEMENT_3D('',#2727,#2728,#2729);
#2727 = CARTESIAN_POINT('',(106.17750166309,-103.2049983369,0.91));
#2728 = DIRECTION('',(0.,0.,-1.));
#2729 = DIRECTION('',(-1.478324205583E-05,0.999999999891,0.));
#2730 = ADVANCED_FACE('',(#2731),#2756,.T.);
#2731 = FACE_BOUND('',#2732,.T.);
#2732 = EDGE_LOOP('',(#2733,#2734,#2742,#2750));
#2733 = ORIENTED_EDGE('',*,*,#2711,.T.);
#2734 = ORIENTED_EDGE('',*,*,#2735,.T.);
#2735 = EDGE_CURVE('',#2703,#2736,#2738,.T.);
#2736 = VERTEX_POINT('',#2737);
#2737 = CARTESIAN_POINT('',(106.29,-103.43,0.95));
#2738 = LINE('',#2739,#2740);
#2739 = CARTESIAN_POINT('',(106.29,-103.205,0.95));
#2740 = VECTOR('',#2741,1.);
#2741 = DIRECTION('',(0.,-1.,0.));
#2742 = ORIENTED_EDGE('',*,*,#2743,.F.);
#2743 = EDGE_CURVE('',#2744,#2736,#2746,.T.);
#2744 = VERTEX_POINT('',#2745);
#2745 = CARTESIAN_POINT('',(106.29,-103.43,0.91));
#2746 = LINE('',#2747,#2748);
#2747 = CARTESIAN_POINT('',(106.29,-103.43,0.91));
#2748 = VECTOR('',#2749,1.);
#2749 = DIRECTION('',(0.,0.,1.));
#2750 = ORIENTED_EDGE('',*,*,#2751,.F.);
#2751 = EDGE_CURVE('',#2712,#2744,#2752,.T.);
#2752 = LINE('',#2753,#2754);
#2753 = CARTESIAN_POINT('',(106.29,-103.205,0.91));
#2754 = VECTOR('',#2755,1.);
#2755 = DIRECTION('',(0.,-1.,0.));
#2756 = PLANE('',#2757);
#2757 = AXIS2_PLACEMENT_3D('',#2758,#2759,#2760);
#2758 = CARTESIAN_POINT('',(106.29,-103.205,0.91));
#2759 = DIRECTION('',(1.,0.,-0.));
#2760 = DIRECTION('',(0.,-1.,0.));
#2761 = ADVANCED_FACE('',(#2762),#2789,.T.);
#2762 = FACE_BOUND('',#2763,.T.);
#2763 = EDGE_LOOP('',(#2764,#2765,#2774,#2782));
#2764 = ORIENTED_EDGE('',*,*,#2743,.T.);
#2765 = ORIENTED_EDGE('',*,*,#2766,.T.);
#2766 = EDGE_CURVE('',#2736,#2767,#2769,.T.);
#2767 = VERTEX_POINT('',#2768);
#2768 = CARTESIAN_POINT('',(106.1775,-103.5425,0.95));
#2769 = CIRCLE('',#2770,0.112498336922);
#2770 = AXIS2_PLACEMENT_3D('',#2771,#2772,#2773);
#2771 = CARTESIAN_POINT('',(106.17750166309,-103.430001663,0.95));
#2772 = DIRECTION('',(0.,0.,-1.));
#2773 = DIRECTION('',(0.999999999891,1.478324180318E-05,0.));
#2774 = ORIENTED_EDGE('',*,*,#2775,.F.);
#2775 = EDGE_CURVE('',#2776,#2767,#2778,.T.);
#2776 = VERTEX_POINT('',#2777);
#2777 = CARTESIAN_POINT('',(106.1775,-103.5425,0.91));
#2778 = LINE('',#2779,#2780);
#2779 = CARTESIAN_POINT('',(106.1775,-103.5425,0.91));
#2780 = VECTOR('',#2781,1.);
#2781 = DIRECTION('',(0.,0.,1.));
#2782 = ORIENTED_EDGE('',*,*,#2783,.F.);
#2783 = EDGE_CURVE('',#2744,#2776,#2784,.T.);
#2784 = CIRCLE('',#2785,0.112498336922);
#2785 = AXIS2_PLACEMENT_3D('',#2786,#2787,#2788);
#2786 = CARTESIAN_POINT('',(106.17750166309,-103.430001663,0.91));
#2787 = DIRECTION('',(0.,0.,-1.));
#2788 = DIRECTION('',(0.999999999891,1.478324180318E-05,0.));
#2789 = CYLINDRICAL_SURFACE('',#2790,0.112498336922);
#2790 = AXIS2_PLACEMENT_3D('',#2791,#2792,#2793);
#2791 = CARTESIAN_POINT('',(106.17750166309,-103.430001663,0.91));
#2792 = DIRECTION('',(0.,0.,-1.));
#2793 = DIRECTION('',(0.999999999891,1.478324180318E-05,0.));
#2794 = ADVANCED_FACE('',(#2795),#2820,.T.);
#2795 = FACE_BOUND('',#2796,.T.);
#2796 = EDGE_LOOP('',(#2797,#2798,#2806,#2814));
#2797 = ORIENTED_EDGE('',*,*,#2775,.T.);
#2798 = ORIENTED_EDGE('',*,*,#2799,.T.);
#2799 = EDGE_CURVE('',#2767,#2800,#2802,.T.);
#2800 = VERTEX_POINT('',#2801);
#2801 = CARTESIAN_POINT('',(105.8025,-103.5425,0.95));
#2802 = LINE('',#2803,#2804);
#2803 = CARTESIAN_POINT('',(106.1775,-103.5425,0.95));
#2804 = VECTOR('',#2805,1.);
#2805 = DIRECTION('',(-1.,0.,0.));
#2806 = ORIENTED_EDGE('',*,*,#2807,.F.);
#2807 = EDGE_CURVE('',#2808,#2800,#2810,.T.);
#2808 = VERTEX_POINT('',#2809);
#2809 = CARTESIAN_POINT('',(105.8025,-103.5425,0.91));
#2810 = LINE('',#2811,#2812);
#2811 = CARTESIAN_POINT('',(105.8025,-103.5425,0.91));
#2812 = VECTOR('',#2813,1.);
#2813 = DIRECTION('',(0.,0.,1.));
#2814 = ORIENTED_EDGE('',*,*,#2815,.F.);
#2815 = EDGE_CURVE('',#2776,#2808,#2816,.T.);
#2816 = LINE('',#2817,#2818);
#2817 = CARTESIAN_POINT('',(106.1775,-103.5425,0.91));
#2818 = VECTOR('',#2819,1.);
#2819 = DIRECTION('',(-1.,0.,0.));
#2820 = PLANE('',#2821);
#2821 = AXIS2_PLACEMENT_3D('',#2822,#2823,#2824);
#2822 = CARTESIAN_POINT('',(106.1775,-103.5425,0.91));
#2823 = DIRECTION('',(0.,-1.,0.));
#2824 = DIRECTION('',(-1.,0.,0.));
#2825 = ADVANCED_FACE('',(#2826),#2853,.T.);
#2826 = FACE_BOUND('',#2827,.T.);
#2827 = EDGE_LOOP('',(#2828,#2829,#2838,#2846));
#2828 = ORIENTED_EDGE('',*,*,#2807,.T.);
#2829 = ORIENTED_EDGE('',*,*,#2830,.T.);
#2830 = EDGE_CURVE('',#2800,#2831,#2833,.T.);
#2831 = VERTEX_POINT('',#2832);
#2832 = CARTESIAN_POINT('',(105.69,-103.43,0.95));
#2833 = CIRCLE('',#2834,0.112498336922);
#2834 = AXIS2_PLACEMENT_3D('',#2835,#2836,#2837);
#2835 = CARTESIAN_POINT('',(105.80249833691,-103.430001663,0.95));
#2836 = DIRECTION('',(0.,0.,-1.));
#2837 = DIRECTION('',(1.47832419295E-05,-0.999999999891,0.));
#2838 = ORIENTED_EDGE('',*,*,#2839,.F.);
#2839 = EDGE_CURVE('',#2840,#2831,#2842,.T.);
#2840 = VERTEX_POINT('',#2841);
#2841 = CARTESIAN_POINT('',(105.69,-103.43,0.91));
#2842 = LINE('',#2843,#2844);
#2843 = CARTESIAN_POINT('',(105.69,-103.43,0.91));
#2844 = VECTOR('',#2845,1.);
#2845 = DIRECTION('',(0.,0.,1.));
#2846 = ORIENTED_EDGE('',*,*,#2847,.F.);
#2847 = EDGE_CURVE('',#2808,#2840,#2848,.T.);
#2848 = CIRCLE('',#2849,0.112498336922);
#2849 = AXIS2_PLACEMENT_3D('',#2850,#2851,#2852);
#2850 = CARTESIAN_POINT('',(105.80249833691,-103.430001663,0.91));
#2851 = DIRECTION('',(0.,0.,-1.));
#2852 = DIRECTION('',(1.47832419295E-05,-0.999999999891,0.));
#2853 = CYLINDRICAL_SURFACE('',#2854,0.112498336922);
#2854 = AXIS2_PLACEMENT_3D('',#2855,#2856,#2857);
#2855 = CARTESIAN_POINT('',(105.80249833691,-103.430001663,0.91));
#2856 = DIRECTION('',(0.,0.,-1.));
#2857 = DIRECTION('',(1.47832419295E-05,-0.999999999891,0.));
#2858 = ADVANCED_FACE('',(#2859),#2875,.T.);
#2859 = FACE_BOUND('',#2860,.T.);
#2860 = EDGE_LOOP('',(#2861,#2862,#2868,#2869));
#2861 = ORIENTED_EDGE('',*,*,#2839,.T.);
#2862 = ORIENTED_EDGE('',*,*,#2863,.T.);
#2863 = EDGE_CURVE('',#2831,#2631,#2864,.T.);
#2864 = LINE('',#2865,#2866);
#2865 = CARTESIAN_POINT('',(105.69,-103.43,0.95));
#2866 = VECTOR('',#2867,1.);
#2867 = DIRECTION('',(0.,1.,0.));
#2868 = ORIENTED_EDGE('',*,*,#2628,.F.);
#2869 = ORIENTED_EDGE('',*,*,#2870,.F.);
#2870 = EDGE_CURVE('',#2840,#2629,#2871,.T.);
#2871 = LINE('',#2872,#2873);
#2872 = CARTESIAN_POINT('',(105.69,-103.43,0.91));
#2873 = VECTOR('',#2874,1.);
#2874 = DIRECTION('',(0.,1.,0.));
#2875 = PLANE('',#2876);
#2876 = AXIS2_PLACEMENT_3D('',#2877,#2878,#2879);
#2877 = CARTESIAN_POINT('',(105.69,-103.43,0.91));
#2878 = DIRECTION('',(-1.,0.,0.));
#2879 = DIRECTION('',(0.,1.,0.));
#2880 = ADVANCED_FACE('',(#2881),#2891,.F.);
#2881 = FACE_BOUND('',#2882,.T.);
#2882 = EDGE_LOOP('',(#2883,#2884,#2885,#2886,#2887,#2888,#2889,#2890));
#2883 = ORIENTED_EDGE('',*,*,#2655,.T.);
#2884 = ORIENTED_EDGE('',*,*,#2687,.T.);
#2885 = ORIENTED_EDGE('',*,*,#2719,.T.);
#2886 = ORIENTED_EDGE('',*,*,#2751,.T.);
#2887 = ORIENTED_EDGE('',*,*,#2783,.T.);
#2888 = ORIENTED_EDGE('',*,*,#2815,.T.);
#2889 = ORIENTED_EDGE('',*,*,#2847,.T.);
#2890 = ORIENTED_EDGE('',*,*,#2870,.T.);
#2891 = PLANE('',#2892);
#2892 = AXIS2_PLACEMENT_3D('',#2893,#2894,#2895);
#2893 = CARTESIAN_POINT('',(0.,0.,0.91));
#2894 = DIRECTION('',(0.,0.,1.));
#2895 = DIRECTION('',(1.,0.,-0.));
#2896 = ADVANCED_FACE('',(#2897),#2907,.T.);
#2897 = FACE_BOUND('',#2898,.F.);
#2898 = EDGE_LOOP('',(#2899,#2900,#2901,#2902,#2903,#2904,#2905,#2906));
#2899 = ORIENTED_EDGE('',*,*,#2638,.T.);
#2900 = ORIENTED_EDGE('',*,*,#2671,.T.);
#2901 = ORIENTED_EDGE('',*,*,#2702,.T.);
#2902 = ORIENTED_EDGE('',*,*,#2735,.T.);
#2903 = ORIENTED_EDGE('',*,*,#2766,.T.);
#2904 = ORIENTED_EDGE('',*,*,#2799,.T.);
#2905 = ORIENTED_EDGE('',*,*,#2830,.T.);
#2906 = ORIENTED_EDGE('',*,*,#2863,.T.);
#2907 = PLANE('',#2908);
#2908 = AXIS2_PLACEMENT_3D('',#2909,#2910,#2911);
#2909 = CARTESIAN_POINT('',(0.,0.,0.95));
#2910 = DIRECTION('',(0.,0.,1.));
#2911 = DIRECTION('',(1.,0.,-0.));
#2912 = MANIFOLD_SOLID_BREP('',#2913);
#2913 = CLOSED_SHELL('',(#2914,#2956,#2987,#3020,#3051,#3084,#3115,#3148
    ,#3170,#3186));
#2914 = ADVANCED_FACE('',(#2915),#2951,.T.);
#2915 = FACE_BOUND('',#2916,.T.);
#2916 = EDGE_LOOP('',(#2917,#2927,#2936,#2944));
#2917 = ORIENTED_EDGE('',*,*,#2918,.T.);
#2918 = EDGE_CURVE('',#2919,#2921,#2923,.T.);
#2919 = VERTEX_POINT('',#2920);
#2920 = CARTESIAN_POINT('',(107.79,-103.205,0.91));
#2921 = VERTEX_POINT('',#2922);
#2922 = CARTESIAN_POINT('',(107.79,-103.205,0.95));
#2923 = LINE('',#2924,#2925);
#2924 = CARTESIAN_POINT('',(107.79,-103.205,0.91));
#2925 = VECTOR('',#2926,1.);
#2926 = DIRECTION('',(0.,0.,1.));
#2927 = ORIENTED_EDGE('',*,*,#2928,.T.);
#2928 = EDGE_CURVE('',#2921,#2929,#2931,.T.);
#2929 = VERTEX_POINT('',#2930);
#2930 = CARTESIAN_POINT('',(107.9025,-103.0925,0.95));
#2931 = CIRCLE('',#2932,0.112498336922);
#2932 = AXIS2_PLACEMENT_3D('',#2933,#2934,#2935);
#2933 = CARTESIAN_POINT('',(107.90249833691,-103.2049983369,0.95));
#2934 = DIRECTION('',(0.,0.,-1.));
#2935 = DIRECTION('',(-0.999999999891,-1.47832419295E-05,-0.));
#2936 = ORIENTED_EDGE('',*,*,#2937,.F.);
#2937 = EDGE_CURVE('',#2938,#2929,#2940,.T.);
#2938 = VERTEX_POINT('',#2939);
#2939 = CARTESIAN_POINT('',(107.9025,-103.0925,0.91));
#2940 = LINE('',#2941,#2942);
#2941 = CARTESIAN_POINT('',(107.9025,-103.0925,0.91));
#2942 = VECTOR('',#2943,1.);
#2943 = DIRECTION('',(0.,0.,1.));
#2944 = ORIENTED_EDGE('',*,*,#2945,.F.);
#2945 = EDGE_CURVE('',#2919,#2938,#2946,.T.);
#2946 = CIRCLE('',#2947,0.112498336922);
#2947 = AXIS2_PLACEMENT_3D('',#2948,#2949,#2950);
#2948 = CARTESIAN_POINT('',(107.90249833691,-103.2049983369,0.91));
#2949 = DIRECTION('',(0.,0.,-1.));
#2950 = DIRECTION('',(-0.999999999891,-1.47832419295E-05,-0.));
#2951 = CYLINDRICAL_SURFACE('',#2952,0.112498336922);
#2952 = AXIS2_PLACEMENT_3D('',#2953,#2954,#2955);
#2953 = CARTESIAN_POINT('',(107.90249833691,-103.2049983369,0.91));
#2954 = DIRECTION('',(0.,0.,-1.));
#2955 = DIRECTION('',(-0.999999999891,-1.47832419295E-05,-0.));
#2956 = ADVANCED_FACE('',(#2957),#2982,.T.);
#2957 = FACE_BOUND('',#2958,.T.);
#2958 = EDGE_LOOP('',(#2959,#2960,#2968,#2976));
#2959 = ORIENTED_EDGE('',*,*,#2937,.T.);
#2960 = ORIENTED_EDGE('',*,*,#2961,.T.);
#2961 = EDGE_CURVE('',#2929,#2962,#2964,.T.);
#2962 = VERTEX_POINT('',#2963);
#2963 = CARTESIAN_POINT('',(108.2775,-103.0925,0.95));
#2964 = LINE('',#2965,#2966);
#2965 = CARTESIAN_POINT('',(107.9025,-103.0925,0.95));
#2966 = VECTOR('',#2967,1.);
#2967 = DIRECTION('',(1.,0.,0.));
#2968 = ORIENTED_EDGE('',*,*,#2969,.F.);
#2969 = EDGE_CURVE('',#2970,#2962,#2972,.T.);
#2970 = VERTEX_POINT('',#2971);
#2971 = CARTESIAN_POINT('',(108.2775,-103.0925,0.91));
#2972 = LINE('',#2973,#2974);
#2973 = CARTESIAN_POINT('',(108.2775,-103.0925,0.91));
#2974 = VECTOR('',#2975,1.);
#2975 = DIRECTION('',(0.,0.,1.));
#2976 = ORIENTED_EDGE('',*,*,#2977,.F.);
#2977 = EDGE_CURVE('',#2938,#2970,#2978,.T.);
#2978 = LINE('',#2979,#2980);
#2979 = CARTESIAN_POINT('',(107.9025,-103.0925,0.91));
#2980 = VECTOR('',#2981,1.);
#2981 = DIRECTION('',(1.,0.,0.));
#2982 = PLANE('',#2983);
#2983 = AXIS2_PLACEMENT_3D('',#2984,#2985,#2986);
#2984 = CARTESIAN_POINT('',(107.9025,-103.0925,0.91));
#2985 = DIRECTION('',(0.,1.,0.));
#2986 = DIRECTION('',(1.,0.,0.));
#2987 = ADVANCED_FACE('',(#2988),#3015,.T.);
#2988 = FACE_BOUND('',#2989,.T.);
#2989 = EDGE_LOOP('',(#2990,#2991,#3000,#3008));
#2990 = ORIENTED_EDGE('',*,*,#2969,.T.);
#2991 = ORIENTED_EDGE('',*,*,#2992,.T.);
#2992 = EDGE_CURVE('',#2962,#2993,#2995,.T.);
#2993 = VERTEX_POINT('',#2994);
#2994 = CARTESIAN_POINT('',(108.39,-103.205,0.95));
#2995 = CIRCLE('',#2996,0.112498336922);
#2996 = AXIS2_PLACEMENT_3D('',#2997,#2998,#2999);
#2997 = CARTESIAN_POINT('',(108.27750166309,-103.2049983369,0.95));
#2998 = DIRECTION('',(0.,0.,-1.));
#2999 = DIRECTION('',(-1.478324180319E-05,0.999999999891,0.));
#3000 = ORIENTED_EDGE('',*,*,#3001,.F.);
#3001 = EDGE_CURVE('',#3002,#2993,#3004,.T.);
#3002 = VERTEX_POINT('',#3003);
#3003 = CARTESIAN_POINT('',(108.39,-103.205,0.91));
#3004 = LINE('',#3005,#3006);
#3005 = CARTESIAN_POINT('',(108.39,-103.205,0.91));
#3006 = VECTOR('',#3007,1.);
#3007 = DIRECTION('',(0.,0.,1.));
#3008 = ORIENTED_EDGE('',*,*,#3009,.F.);
#3009 = EDGE_CURVE('',#2970,#3002,#3010,.T.);
#3010 = CIRCLE('',#3011,0.112498336922);
#3011 = AXIS2_PLACEMENT_3D('',#3012,#3013,#3014);
#3012 = CARTESIAN_POINT('',(108.27750166309,-103.2049983369,0.91));
#3013 = DIRECTION('',(0.,0.,-1.));
#3014 = DIRECTION('',(-1.478324180319E-05,0.999999999891,0.));
#3015 = CYLINDRICAL_SURFACE('',#3016,0.112498336922);
#3016 = AXIS2_PLACEMENT_3D('',#3017,#3018,#3019);
#3017 = CARTESIAN_POINT('',(108.27750166309,-103.2049983369,0.91));
#3018 = DIRECTION('',(0.,0.,-1.));
#3019 = DIRECTION('',(-1.478324180319E-05,0.999999999891,0.));
#3020 = ADVANCED_FACE('',(#3021),#3046,.T.);
#3021 = FACE_BOUND('',#3022,.T.);
#3022 = EDGE_LOOP('',(#3023,#3024,#3032,#3040));
#3023 = ORIENTED_EDGE('',*,*,#3001,.T.);
#3024 = ORIENTED_EDGE('',*,*,#3025,.T.);
#3025 = EDGE_CURVE('',#2993,#3026,#3028,.T.);
#3026 = VERTEX_POINT('',#3027);
#3027 = CARTESIAN_POINT('',(108.39,-103.43,0.95));
#3028 = LINE('',#3029,#3030);
#3029 = CARTESIAN_POINT('',(108.39,-103.205,0.95));
#3030 = VECTOR('',#3031,1.);
#3031 = DIRECTION('',(0.,-1.,0.));
#3032 = ORIENTED_EDGE('',*,*,#3033,.F.);
#3033 = EDGE_CURVE('',#3034,#3026,#3036,.T.);
#3034 = VERTEX_POINT('',#3035);
#3035 = CARTESIAN_POINT('',(108.39,-103.43,0.91));
#3036 = LINE('',#3037,#3038);
#3037 = CARTESIAN_POINT('',(108.39,-103.43,0.91));
#3038 = VECTOR('',#3039,1.);
#3039 = DIRECTION('',(0.,0.,1.));
#3040 = ORIENTED_EDGE('',*,*,#3041,.F.);
#3041 = EDGE_CURVE('',#3002,#3034,#3042,.T.);
#3042 = LINE('',#3043,#3044);
#3043 = CARTESIAN_POINT('',(108.39,-103.205,0.91));
#3044 = VECTOR('',#3045,1.);
#3045 = DIRECTION('',(0.,-1.,0.));
#3046 = PLANE('',#3047);
#3047 = AXIS2_PLACEMENT_3D('',#3048,#3049,#3050);
#3048 = CARTESIAN_POINT('',(108.39,-103.205,0.91));
#3049 = DIRECTION('',(1.,0.,-0.));
#3050 = DIRECTION('',(0.,-1.,0.));
#3051 = ADVANCED_FACE('',(#3052),#3079,.T.);
#3052 = FACE_BOUND('',#3053,.T.);
#3053 = EDGE_LOOP('',(#3054,#3055,#3064,#3072));
#3054 = ORIENTED_EDGE('',*,*,#3033,.T.);
#3055 = ORIENTED_EDGE('',*,*,#3056,.T.);
#3056 = EDGE_CURVE('',#3026,#3057,#3059,.T.);
#3057 = VERTEX_POINT('',#3058);
#3058 = CARTESIAN_POINT('',(108.2775,-103.5425,0.95));
#3059 = CIRCLE('',#3060,0.112498336922);
#3060 = AXIS2_PLACEMENT_3D('',#3061,#3062,#3063);
#3061 = CARTESIAN_POINT('',(108.27750166309,-103.430001663,0.95));
#3062 = DIRECTION('',(0.,0.,-1.));
#3063 = DIRECTION('',(0.999999999891,1.478324180318E-05,0.));
#3064 = ORIENTED_EDGE('',*,*,#3065,.F.);
#3065 = EDGE_CURVE('',#3066,#3057,#3068,.T.);
#3066 = VERTEX_POINT('',#3067);
#3067 = CARTESIAN_POINT('',(108.2775,-103.5425,0.91));
#3068 = LINE('',#3069,#3070);
#3069 = CARTESIAN_POINT('',(108.2775,-103.5425,0.91));
#3070 = VECTOR('',#3071,1.);
#3071 = DIRECTION('',(0.,0.,1.));
#3072 = ORIENTED_EDGE('',*,*,#3073,.F.);
#3073 = EDGE_CURVE('',#3034,#3066,#3074,.T.);
#3074 = CIRCLE('',#3075,0.112498336922);
#3075 = AXIS2_PLACEMENT_3D('',#3076,#3077,#3078);
#3076 = CARTESIAN_POINT('',(108.27750166309,-103.430001663,0.91));
#3077 = DIRECTION('',(0.,0.,-1.));
#3078 = DIRECTION('',(0.999999999891,1.478324180318E-05,0.));
#3079 = CYLINDRICAL_SURFACE('',#3080,0.112498336922);
#3080 = AXIS2_PLACEMENT_3D('',#3081,#3082,#3083);
#3081 = CARTESIAN_POINT('',(108.27750166309,-103.430001663,0.91));
#3082 = DIRECTION('',(0.,0.,-1.));
#3083 = DIRECTION('',(0.999999999891,1.478324180318E-05,0.));
#3084 = ADVANCED_FACE('',(#3085),#3110,.T.);
#3085 = FACE_BOUND('',#3086,.T.);
#3086 = EDGE_LOOP('',(#3087,#3088,#3096,#3104));
#3087 = ORIENTED_EDGE('',*,*,#3065,.T.);
#3088 = ORIENTED_EDGE('',*,*,#3089,.T.);
#3089 = EDGE_CURVE('',#3057,#3090,#3092,.T.);
#3090 = VERTEX_POINT('',#3091);
#3091 = CARTESIAN_POINT('',(107.9025,-103.5425,0.95));
#3092 = LINE('',#3093,#3094);
#3093 = CARTESIAN_POINT('',(108.2775,-103.5425,0.95));
#3094 = VECTOR('',#3095,1.);
#3095 = DIRECTION('',(-1.,0.,0.));
#3096 = ORIENTED_EDGE('',*,*,#3097,.F.);
#3097 = EDGE_CURVE('',#3098,#3090,#3100,.T.);
#3098 = VERTEX_POINT('',#3099);
#3099 = CARTESIAN_POINT('',(107.9025,-103.5425,0.91));
#3100 = LINE('',#3101,#3102);
#3101 = CARTESIAN_POINT('',(107.9025,-103.5425,0.91));
#3102 = VECTOR('',#3103,1.);
#3103 = DIRECTION('',(0.,0.,1.));
#3104 = ORIENTED_EDGE('',*,*,#3105,.F.);
#3105 = EDGE_CURVE('',#3066,#3098,#3106,.T.);
#3106 = LINE('',#3107,#3108);
#3107 = CARTESIAN_POINT('',(108.2775,-103.5425,0.91));
#3108 = VECTOR('',#3109,1.);
#3109 = DIRECTION('',(-1.,0.,0.));
#3110 = PLANE('',#3111);
#3111 = AXIS2_PLACEMENT_3D('',#3112,#3113,#3114);
#3112 = CARTESIAN_POINT('',(108.2775,-103.5425,0.91));
#3113 = DIRECTION('',(0.,-1.,0.));
#3114 = DIRECTION('',(-1.,0.,0.));
#3115 = ADVANCED_FACE('',(#3116),#3143,.T.);
#3116 = FACE_BOUND('',#3117,.T.);
#3117 = EDGE_LOOP('',(#3118,#3119,#3128,#3136));
#3118 = ORIENTED_EDGE('',*,*,#3097,.T.);
#3119 = ORIENTED_EDGE('',*,*,#3120,.T.);
#3120 = EDGE_CURVE('',#3090,#3121,#3123,.T.);
#3121 = VERTEX_POINT('',#3122);
#3122 = CARTESIAN_POINT('',(107.79,-103.43,0.95));
#3123 = CIRCLE('',#3124,0.112498336922);
#3124 = AXIS2_PLACEMENT_3D('',#3125,#3126,#3127);
#3125 = CARTESIAN_POINT('',(107.90249833691,-103.430001663,0.95));
#3126 = DIRECTION('',(0.,0.,-1.));
#3127 = DIRECTION('',(1.478324180318E-05,-0.999999999891,0.));
#3128 = ORIENTED_EDGE('',*,*,#3129,.F.);
#3129 = EDGE_CURVE('',#3130,#3121,#3132,.T.);
#3130 = VERTEX_POINT('',#3131);
#3131 = CARTESIAN_POINT('',(107.79,-103.43,0.91));
#3132 = LINE('',#3133,#3134);
#3133 = CARTESIAN_POINT('',(107.79,-103.43,0.91));
#3134 = VECTOR('',#3135,1.);
#3135 = DIRECTION('',(0.,0.,1.));
#3136 = ORIENTED_EDGE('',*,*,#3137,.F.);
#3137 = EDGE_CURVE('',#3098,#3130,#3138,.T.);
#3138 = CIRCLE('',#3139,0.112498336922);
#3139 = AXIS2_PLACEMENT_3D('',#3140,#3141,#3142);
#3140 = CARTESIAN_POINT('',(107.90249833691,-103.430001663,0.91));
#3141 = DIRECTION('',(0.,0.,-1.));
#3142 = DIRECTION('',(1.478324180318E-05,-0.999999999891,0.));
#3143 = CYLINDRICAL_SURFACE('',#3144,0.112498336922);
#3144 = AXIS2_PLACEMENT_3D('',#3145,#3146,#3147);
#3145 = CARTESIAN_POINT('',(107.90249833691,-103.430001663,0.91));
#3146 = DIRECTION('',(0.,0.,-1.));
#3147 = DIRECTION('',(1.478324180318E-05,-0.999999999891,0.));
#3148 = ADVANCED_FACE('',(#3149),#3165,.T.);
#3149 = FACE_BOUND('',#3150,.T.);
#3150 = EDGE_LOOP('',(#3151,#3152,#3158,#3159));
#3151 = ORIENTED_EDGE('',*,*,#3129,.T.);
#3152 = ORIENTED_EDGE('',*,*,#3153,.T.);
#3153 = EDGE_CURVE('',#3121,#2921,#3154,.T.);
#3154 = LINE('',#3155,#3156);
#3155 = CARTESIAN_POINT('',(107.79,-103.43,0.95));
#3156 = VECTOR('',#3157,1.);
#3157 = DIRECTION('',(0.,1.,0.));
#3158 = ORIENTED_EDGE('',*,*,#2918,.F.);
#3159 = ORIENTED_EDGE('',*,*,#3160,.F.);
#3160 = EDGE_CURVE('',#3130,#2919,#3161,.T.);
#3161 = LINE('',#3162,#3163);
#3162 = CARTESIAN_POINT('',(107.79,-103.43,0.91));
#3163 = VECTOR('',#3164,1.);
#3164 = DIRECTION('',(0.,1.,0.));
#3165 = PLANE('',#3166);
#3166 = AXIS2_PLACEMENT_3D('',#3167,#3168,#3169);
#3167 = CARTESIAN_POINT('',(107.79,-103.43,0.91));
#3168 = DIRECTION('',(-1.,0.,0.));
#3169 = DIRECTION('',(0.,1.,0.));
#3170 = ADVANCED_FACE('',(#3171),#3181,.F.);
#3171 = FACE_BOUND('',#3172,.T.);
#3172 = EDGE_LOOP('',(#3173,#3174,#3175,#3176,#3177,#3178,#3179,#3180));
#3173 = ORIENTED_EDGE('',*,*,#2945,.T.);
#3174 = ORIENTED_EDGE('',*,*,#2977,.T.);
#3175 = ORIENTED_EDGE('',*,*,#3009,.T.);
#3176 = ORIENTED_EDGE('',*,*,#3041,.T.);
#3177 = ORIENTED_EDGE('',*,*,#3073,.T.);
#3178 = ORIENTED_EDGE('',*,*,#3105,.T.);
#3179 = ORIENTED_EDGE('',*,*,#3137,.T.);
#3180 = ORIENTED_EDGE('',*,*,#3160,.T.);
#3181 = PLANE('',#3182);
#3182 = AXIS2_PLACEMENT_3D('',#3183,#3184,#3185);
#3183 = CARTESIAN_POINT('',(0.,0.,0.91));
#3184 = DIRECTION('',(0.,0.,1.));
#3185 = DIRECTION('',(1.,0.,-0.));
#3186 = ADVANCED_FACE('',(#3187),#3197,.T.);
#3187 = FACE_BOUND('',#3188,.F.);
#3188 = EDGE_LOOP('',(#3189,#3190,#3191,#3192,#3193,#3194,#3195,#3196));
#3189 = ORIENTED_EDGE('',*,*,#2928,.T.);
#3190 = ORIENTED_EDGE('',*,*,#2961,.T.);
#3191 = ORIENTED_EDGE('',*,*,#2992,.T.);
#3192 = ORIENTED_EDGE('',*,*,#3025,.T.);
#3193 = ORIENTED_EDGE('',*,*,#3056,.T.);
#3194 = ORIENTED_EDGE('',*,*,#3089,.T.);
#3195 = ORIENTED_EDGE('',*,*,#3120,.T.);
#3196 = ORIENTED_EDGE('',*,*,#3153,.T.);
#3197 = PLANE('',#3198);
#3198 = AXIS2_PLACEMENT_3D('',#3199,#3200,#3201);
#3199 = CARTESIAN_POINT('',(0.,0.,0.95));
#3200 = DIRECTION('',(0.,0.,1.));
#3201 = DIRECTION('',(1.,0.,-0.));
#3202 = MANIFOLD_SOLID_BREP('',#3203);
#3203 = CLOSED_SHELL('',(#3204,#3246,#3277,#3308,#3371,#3434,#3451,#3468
    ,#3485,#3502,#3514));
#3204 = ADVANCED_FACE('',(#3205),#3241,.T.);
#3205 = FACE_BOUND('',#3206,.T.);
#3206 = EDGE_LOOP('',(#3207,#3217,#3226,#3234));
#3207 = ORIENTED_EDGE('',*,*,#3208,.T.);
#3208 = EDGE_CURVE('',#3209,#3211,#3213,.T.);
#3209 = VERTEX_POINT('',#3210);
#3210 = CARTESIAN_POINT('',(114.95,-96.911667,0.91));
#3211 = VERTEX_POINT('',#3212);
#3212 = CARTESIAN_POINT('',(114.95,-96.911667,0.95));
#3213 = LINE('',#3214,#3215);
#3214 = CARTESIAN_POINT('',(114.95,-96.911667,0.91));
#3215 = VECTOR('',#3216,1.);
#3216 = DIRECTION('',(0.,0.,1.));
#3217 = ORIENTED_EDGE('',*,*,#3218,.T.);
#3218 = EDGE_CURVE('',#3211,#3219,#3221,.T.);
#3219 = VERTEX_POINT('',#3220);
#3220 = CARTESIAN_POINT('',(115.241668,-96.620001,0.95));
#3221 = CIRCLE('',#3222,0.291664057668);
#3222 = AXIS2_PLACEMENT_3D('',#3223,#3224,#3225);
#3223 = CARTESIAN_POINT('',(115.24166405766,-96.91166505764,0.95));
#3224 = DIRECTION('',(0.,0.,-1.));
#3225 = DIRECTION('',(-0.999999999978,-6.659574311611E-06,-0.));
#3226 = ORIENTED_EDGE('',*,*,#3227,.F.);
#3227 = EDGE_CURVE('',#3228,#3219,#3230,.T.);
#3228 = VERTEX_POINT('',#3229);
#3229 = CARTESIAN_POINT('',(115.241668,-96.620001,0.91));
#3230 = LINE('',#3231,#3232);
#3231 = CARTESIAN_POINT('',(115.241668,-96.620001,0.91));
#3232 = VECTOR('',#3233,1.);
#3233 = DIRECTION('',(0.,0.,1.));
#3234 = ORIENTED_EDGE('',*,*,#3235,.F.);
#3235 = EDGE_CURVE('',#3209,#3228,#3236,.T.);
#3236 = CIRCLE('',#3237,0.291664057668);
#3237 = AXIS2_PLACEMENT_3D('',#3238,#3239,#3240);
#3238 = CARTESIAN_POINT('',(115.24166405766,-96.91166505764,0.91));
#3239 = DIRECTION('',(0.,0.,-1.));
#3240 = DIRECTION('',(-0.999999999978,-6.659574311611E-06,-0.));
#3241 = CYLINDRICAL_SURFACE('',#3242,0.291664057668);
#3242 = AXIS2_PLACEMENT_3D('',#3243,#3244,#3245);
#3243 = CARTESIAN_POINT('',(115.24166405766,-96.91166505764,0.91));
#3244 = DIRECTION('',(0.,0.,-1.));
#3245 = DIRECTION('',(-0.999999999978,-6.659574311611E-06,-0.));
#3246 = ADVANCED_FACE('',(#3247),#3272,.T.);
#3247 = FACE_BOUND('',#3248,.T.);
#3248 = EDGE_LOOP('',(#3249,#3259,#3265,#3266));
#3249 = ORIENTED_EDGE('',*,*,#3250,.T.);
#3250 = EDGE_CURVE('',#3251,#3253,#3255,.T.);
#3251 = VERTEX_POINT('',#3252);
#3252 = CARTESIAN_POINT('',(114.950001,-98.428332,0.91));
#3253 = VERTEX_POINT('',#3254);
#3254 = CARTESIAN_POINT('',(114.950001,-98.428332,0.95));
#3255 = LINE('',#3256,#3257);
#3256 = CARTESIAN_POINT('',(114.950001,-98.428332,0.91));
#3257 = VECTOR('',#3258,1.);
#3258 = DIRECTION('',(0.,0.,1.));
#3259 = ORIENTED_EDGE('',*,*,#3260,.T.);
#3260 = EDGE_CURVE('',#3253,#3211,#3261,.T.);
#3261 = LINE('',#3262,#3263);
#3262 = CARTESIAN_POINT('',(114.950001,-98.428332,0.95));
#3263 = VECTOR('',#3264,1.);
#3264 = DIRECTION('',(-6.593413822268E-07,1.,0.));
#3265 = ORIENTED_EDGE('',*,*,#3208,.F.);
#3266 = ORIENTED_EDGE('',*,*,#3267,.F.);
#3267 = EDGE_CURVE('',#3251,#3209,#3268,.T.);
#3268 = LINE('',#3269,#3270);
#3269 = CARTESIAN_POINT('',(114.950001,-98.428332,0.91));
#3270 = VECTOR('',#3271,1.);
#3271 = DIRECTION('',(-6.593413822268E-07,1.,0.));
#3272 = PLANE('',#3273);
#3273 = AXIS2_PLACEMENT_3D('',#3274,#3275,#3276);
#3274 = CARTESIAN_POINT('',(114.950001,-98.428332,0.91));
#3275 = DIRECTION('',(-1.,-6.593413822268E-07,0.));
#3276 = DIRECTION('',(-6.593413822268E-07,1.,0.));
#3277 = ADVANCED_FACE('',(#3278),#3303,.T.);
#3278 = FACE_BOUND('',#3279,.T.);
#3279 = EDGE_LOOP('',(#3280,#3281,#3289,#3297));
#3280 = ORIENTED_EDGE('',*,*,#3227,.T.);
#3281 = ORIENTED_EDGE('',*,*,#3282,.T.);
#3282 = EDGE_CURVE('',#3219,#3283,#3285,.T.);
#3283 = VERTEX_POINT('',#3284);
#3284 = CARTESIAN_POINT('',(116.758333,-96.62,0.95));
#3285 = LINE('',#3286,#3287);
#3286 = CARTESIAN_POINT('',(115.241668,-96.620001,0.95));
#3287 = VECTOR('',#3288,1.);
#3288 = DIRECTION('',(1.,6.593413822268E-07,0.));
#3289 = ORIENTED_EDGE('',*,*,#3290,.F.);
#3290 = EDGE_CURVE('',#3291,#3283,#3293,.T.);
#3291 = VERTEX_POINT('',#3292);
#3292 = CARTESIAN_POINT('',(116.758333,-96.62,0.91));
#3293 = LINE('',#3294,#3295);
#3294 = CARTESIAN_POINT('',(116.758333,-96.62,0.91));
#3295 = VECTOR('',#3296,1.);
#3296 = DIRECTION('',(0.,0.,1.));
#3297 = ORIENTED_EDGE('',*,*,#3298,.F.);
#3298 = EDGE_CURVE('',#3228,#3291,#3299,.T.);
#3299 = LINE('',#3300,#3301);
#3300 = CARTESIAN_POINT('',(115.241668,-96.620001,0.91));
#3301 = VECTOR('',#3302,1.);
#3302 = DIRECTION('',(1.,6.593413822268E-07,0.));
#3303 = PLANE('',#3304);
#3304 = AXIS2_PLACEMENT_3D('',#3305,#3306,#3307);
#3305 = CARTESIAN_POINT('',(115.241668,-96.620001,0.91));
#3306 = DIRECTION('',(-6.593413822268E-07,1.,0.));
#3307 = DIRECTION('',(1.,6.593413822268E-07,0.));
#3308 = ADVANCED_FACE('',(#3309,#3355),#3366,.F.);
#3309 = FACE_BOUND('',#3310,.F.);
#3310 = EDGE_LOOP('',(#3311,#3312,#3313,#3322,#3330,#3339,#3347,#3354));
#3311 = ORIENTED_EDGE('',*,*,#3235,.F.);
#3312 = ORIENTED_EDGE('',*,*,#3267,.F.);
#3313 = ORIENTED_EDGE('',*,*,#3314,.F.);
#3314 = EDGE_CURVE('',#3315,#3251,#3317,.T.);
#3315 = VERTEX_POINT('',#3316);
#3316 = CARTESIAN_POINT('',(115.241667,-98.72,0.91));
#3317 = CIRCLE('',#3318,0.291664057668);
#3318 = AXIS2_PLACEMENT_3D('',#3319,#3320,#3321);
#3319 = CARTESIAN_POINT('',(115.24166505764,-98.42833594233,0.91));
#3320 = DIRECTION('',(0.,0.,-1.));
#3321 = DIRECTION('',(6.659574311611E-06,-0.999999999978,0.));
#3322 = ORIENTED_EDGE('',*,*,#3323,.F.);
#3323 = EDGE_CURVE('',#3324,#3315,#3326,.T.);
#3324 = VERTEX_POINT('',#3325);
#3325 = CARTESIAN_POINT('',(116.758332,-98.719999,0.91));
#3326 = LINE('',#3327,#3328);
#3327 = CARTESIAN_POINT('',(116.758332,-98.719999,0.91));
#3328 = VECTOR('',#3329,1.);
#3329 = DIRECTION('',(-1.,-6.593413822268E-07,0.));
#3330 = ORIENTED_EDGE('',*,*,#3331,.F.);
#3331 = EDGE_CURVE('',#3332,#3324,#3334,.T.);
#3332 = VERTEX_POINT('',#3333);
#3333 = CARTESIAN_POINT('',(117.05,-98.428333,0.91));
#3334 = CIRCLE('',#3335,0.291664057668);
#3335 = AXIS2_PLACEMENT_3D('',#3336,#3337,#3338);
#3336 = CARTESIAN_POINT('',(116.75833594233,-98.42833494235,0.91));
#3337 = DIRECTION('',(0.,0.,-1.));
#3338 = DIRECTION('',(0.999999999978,6.659574409058E-06,0.));
#3339 = ORIENTED_EDGE('',*,*,#3340,.F.);
#3340 = EDGE_CURVE('',#3341,#3332,#3343,.T.);
#3341 = VERTEX_POINT('',#3342);
#3342 = CARTESIAN_POINT('',(117.049999,-96.911668,0.91));
#3343 = LINE('',#3344,#3345);
#3344 = CARTESIAN_POINT('',(117.049999,-96.911668,0.91));
#3345 = VECTOR('',#3346,1.);
#3346 = DIRECTION('',(6.593413822268E-07,-1.,0.));
#3347 = ORIENTED_EDGE('',*,*,#3348,.F.);
#3348 = EDGE_CURVE('',#3291,#3341,#3349,.T.);
#3349 = CIRCLE('',#3350,0.291664057668);
#3350 = AXIS2_PLACEMENT_3D('',#3351,#3352,#3353);
#3351 = CARTESIAN_POINT('',(116.75833494235,-96.91166405766,0.91));
#3352 = DIRECTION('',(0.,0.,-1.));
#3353 = DIRECTION('',(-6.659574311611E-06,0.999999999978,0.));
#3354 = ORIENTED_EDGE('',*,*,#3298,.F.);
#3355 = FACE_BOUND('',#3356,.F.);
#3356 = EDGE_LOOP('',(#3357));
#3357 = ORIENTED_EDGE('',*,*,#3358,.T.);
#3358 = EDGE_CURVE('',#3359,#3359,#3361,.T.);
#3359 = VERTEX_POINT('',#3360);
#3360 = CARTESIAN_POINT('',(116.,-98.345,0.91));
#3361 = CIRCLE('',#3362,0.675);
#3362 = AXIS2_PLACEMENT_3D('',#3363,#3364,#3365);
#3363 = CARTESIAN_POINT('',(116.,-97.67,0.91));
#3364 = DIRECTION('',(-0.,0.,-1.));
#3365 = DIRECTION('',(-0.,-1.,0.));
#3366 = PLANE('',#3367);
#3367 = AXIS2_PLACEMENT_3D('',#3368,#3369,#3370);
#3368 = CARTESIAN_POINT('',(0.,0.,0.91));
#3369 = DIRECTION('',(0.,0.,1.));
#3370 = DIRECTION('',(1.,0.,-0.));
#3371 = ADVANCED_FACE('',(#3372,#3418),#3429,.T.);
#3372 = FACE_BOUND('',#3373,.T.);
#3373 = EDGE_LOOP('',(#3374,#3375,#3376,#3385,#3393,#3402,#3410,#3417));
#3374 = ORIENTED_EDGE('',*,*,#3218,.F.);
#3375 = ORIENTED_EDGE('',*,*,#3260,.F.);
#3376 = ORIENTED_EDGE('',*,*,#3377,.F.);
#3377 = EDGE_CURVE('',#3378,#3253,#3380,.T.);
#3378 = VERTEX_POINT('',#3379);
#3379 = CARTESIAN_POINT('',(115.241667,-98.72,0.95));
#3380 = CIRCLE('',#3381,0.291664057668);
#3381 = AXIS2_PLACEMENT_3D('',#3382,#3383,#3384);
#3382 = CARTESIAN_POINT('',(115.24166505764,-98.42833594233,0.95));
#3383 = DIRECTION('',(0.,0.,-1.));
#3384 = DIRECTION('',(6.659574311611E-06,-0.999999999978,0.));
#3385 = ORIENTED_EDGE('',*,*,#3386,.F.);
#3386 = EDGE_CURVE('',#3387,#3378,#3389,.T.);
#3387 = VERTEX_POINT('',#3388);
#3388 = CARTESIAN_POINT('',(116.758332,-98.719999,0.95));
#3389 = LINE('',#3390,#3391);
#3390 = CARTESIAN_POINT('',(116.758332,-98.719999,0.95));
#3391 = VECTOR('',#3392,1.);
#3392 = DIRECTION('',(-1.,-6.593413822268E-07,0.));
#3393 = ORIENTED_EDGE('',*,*,#3394,.F.);
#3394 = EDGE_CURVE('',#3395,#3387,#3397,.T.);
#3395 = VERTEX_POINT('',#3396);
#3396 = CARTESIAN_POINT('',(117.05,-98.428333,0.95));
#3397 = CIRCLE('',#3398,0.291664057668);
#3398 = AXIS2_PLACEMENT_3D('',#3399,#3400,#3401);
#3399 = CARTESIAN_POINT('',(116.75833594233,-98.42833494235,0.95));
#3400 = DIRECTION('',(0.,0.,-1.));
#3401 = DIRECTION('',(0.999999999978,6.659574409058E-06,0.));
#3402 = ORIENTED_EDGE('',*,*,#3403,.F.);
#3403 = EDGE_CURVE('',#3404,#3395,#3406,.T.);
#3404 = VERTEX_POINT('',#3405);
#3405 = CARTESIAN_POINT('',(117.049999,-96.911668,0.95));
#3406 = LINE('',#3407,#3408);
#3407 = CARTESIAN_POINT('',(117.049999,-96.911668,0.95));
#3408 = VECTOR('',#3409,1.);
#3409 = DIRECTION('',(6.593413822268E-07,-1.,0.));
#3410 = ORIENTED_EDGE('',*,*,#3411,.F.);
#3411 = EDGE_CURVE('',#3283,#3404,#3412,.T.);
#3412 = CIRCLE('',#3413,0.291664057668);
#3413 = AXIS2_PLACEMENT_3D('',#3414,#3415,#3416);
#3414 = CARTESIAN_POINT('',(116.75833494235,-96.91166405766,0.95));
#3415 = DIRECTION('',(0.,0.,-1.));
#3416 = DIRECTION('',(-6.659574311611E-06,0.999999999978,0.));
#3417 = ORIENTED_EDGE('',*,*,#3282,.F.);
#3418 = FACE_BOUND('',#3419,.T.);
#3419 = EDGE_LOOP('',(#3420));
#3420 = ORIENTED_EDGE('',*,*,#3421,.T.);
#3421 = EDGE_CURVE('',#3422,#3422,#3424,.T.);
#3422 = VERTEX_POINT('',#3423);
#3423 = CARTESIAN_POINT('',(116.,-98.345,0.95));
#3424 = CIRCLE('',#3425,0.675);
#3425 = AXIS2_PLACEMENT_3D('',#3426,#3427,#3428);
#3426 = CARTESIAN_POINT('',(116.,-97.67,0.95));
#3427 = DIRECTION('',(-0.,0.,-1.));
#3428 = DIRECTION('',(-0.,-1.,0.));
#3429 = PLANE('',#3430);
#3430 = AXIS2_PLACEMENT_3D('',#3431,#3432,#3433);
#3431 = CARTESIAN_POINT('',(0.,0.,0.95));
#3432 = DIRECTION('',(0.,0.,1.));
#3433 = DIRECTION('',(1.,0.,-0.));
#3434 = ADVANCED_FACE('',(#3435),#3446,.T.);
#3435 = FACE_BOUND('',#3436,.T.);
#3436 = EDGE_LOOP('',(#3437,#3443,#3444,#3445));
#3437 = ORIENTED_EDGE('',*,*,#3438,.T.);
#3438 = EDGE_CURVE('',#3315,#3378,#3439,.T.);
#3439 = LINE('',#3440,#3441);
#3440 = CARTESIAN_POINT('',(115.241667,-98.72,0.91));
#3441 = VECTOR('',#3442,1.);
#3442 = DIRECTION('',(0.,0.,1.));
#3443 = ORIENTED_EDGE('',*,*,#3377,.T.);
#3444 = ORIENTED_EDGE('',*,*,#3250,.F.);
#3445 = ORIENTED_EDGE('',*,*,#3314,.F.);
#3446 = CYLINDRICAL_SURFACE('',#3447,0.291664057668);
#3447 = AXIS2_PLACEMENT_3D('',#3448,#3449,#3450);
#3448 = CARTESIAN_POINT('',(115.24166505764,-98.42833594233,0.91));
#3449 = DIRECTION('',(0.,0.,-1.));
#3450 = DIRECTION('',(6.659574311611E-06,-0.999999999978,0.));
#3451 = ADVANCED_FACE('',(#3452),#3463,.T.);
#3452 = FACE_BOUND('',#3453,.T.);
#3453 = EDGE_LOOP('',(#3454,#3455,#3456,#3462));
#3454 = ORIENTED_EDGE('',*,*,#3290,.T.);
#3455 = ORIENTED_EDGE('',*,*,#3411,.T.);
#3456 = ORIENTED_EDGE('',*,*,#3457,.F.);
#3457 = EDGE_CURVE('',#3341,#3404,#3458,.T.);
#3458 = LINE('',#3459,#3460);
#3459 = CARTESIAN_POINT('',(117.049999,-96.911668,0.91));
#3460 = VECTOR('',#3461,1.);
#3461 = DIRECTION('',(0.,0.,1.));
#3462 = ORIENTED_EDGE('',*,*,#3348,.F.);
#3463 = CYLINDRICAL_SURFACE('',#3464,0.291664057668);
#3464 = AXIS2_PLACEMENT_3D('',#3465,#3466,#3467);
#3465 = CARTESIAN_POINT('',(116.75833494235,-96.91166405766,0.91));
#3466 = DIRECTION('',(0.,0.,-1.));
#3467 = DIRECTION('',(-6.659574311611E-06,0.999999999978,0.));
#3468 = ADVANCED_FACE('',(#3469),#3480,.T.);
#3469 = FACE_BOUND('',#3470,.T.);
#3470 = EDGE_LOOP('',(#3471,#3477,#3478,#3479));
#3471 = ORIENTED_EDGE('',*,*,#3472,.T.);
#3472 = EDGE_CURVE('',#3324,#3387,#3473,.T.);
#3473 = LINE('',#3474,#3475);
#3474 = CARTESIAN_POINT('',(116.758332,-98.719999,0.91));
#3475 = VECTOR('',#3476,1.);
#3476 = DIRECTION('',(0.,0.,1.));
#3477 = ORIENTED_EDGE('',*,*,#3386,.T.);
#3478 = ORIENTED_EDGE('',*,*,#3438,.F.);
#3479 = ORIENTED_EDGE('',*,*,#3323,.F.);
#3480 = PLANE('',#3481);
#3481 = AXIS2_PLACEMENT_3D('',#3482,#3483,#3484);
#3482 = CARTESIAN_POINT('',(116.758332,-98.719999,0.91));
#3483 = DIRECTION('',(6.593413822268E-07,-1.,0.));
#3484 = DIRECTION('',(-1.,-6.593413822268E-07,0.));
#3485 = ADVANCED_FACE('',(#3486),#3497,.T.);
#3486 = FACE_BOUND('',#3487,.T.);
#3487 = EDGE_LOOP('',(#3488,#3489,#3490,#3496));
#3488 = ORIENTED_EDGE('',*,*,#3457,.T.);
#3489 = ORIENTED_EDGE('',*,*,#3403,.T.);
#3490 = ORIENTED_EDGE('',*,*,#3491,.F.);
#3491 = EDGE_CURVE('',#3332,#3395,#3492,.T.);
#3492 = LINE('',#3493,#3494);
#3493 = CARTESIAN_POINT('',(117.05,-98.428333,0.91));
#3494 = VECTOR('',#3495,1.);
#3495 = DIRECTION('',(0.,0.,1.));
#3496 = ORIENTED_EDGE('',*,*,#3340,.F.);
#3497 = PLANE('',#3498);
#3498 = AXIS2_PLACEMENT_3D('',#3499,#3500,#3501);
#3499 = CARTESIAN_POINT('',(117.049999,-96.911668,0.91));
#3500 = DIRECTION('',(1.,6.593413822268E-07,-0.));
#3501 = DIRECTION('',(6.593413822268E-07,-1.,0.));
#3502 = ADVANCED_FACE('',(#3503),#3509,.T.);
#3503 = FACE_BOUND('',#3504,.T.);
#3504 = EDGE_LOOP('',(#3505,#3506,#3507,#3508));
#3505 = ORIENTED_EDGE('',*,*,#3491,.T.);
#3506 = ORIENTED_EDGE('',*,*,#3394,.T.);
#3507 = ORIENTED_EDGE('',*,*,#3472,.F.);
#3508 = ORIENTED_EDGE('',*,*,#3331,.F.);
#3509 = CYLINDRICAL_SURFACE('',#3510,0.291664057668);
#3510 = AXIS2_PLACEMENT_3D('',#3511,#3512,#3513);
#3511 = CARTESIAN_POINT('',(116.75833594233,-98.42833494235,0.91));
#3512 = DIRECTION('',(0.,0.,-1.));
#3513 = DIRECTION('',(0.999999999978,6.659574409058E-06,0.));
#3514 = ADVANCED_FACE('',(#3515),#3526,.F.);
#3515 = FACE_BOUND('',#3516,.T.);
#3516 = EDGE_LOOP('',(#3517,#3518,#3524,#3525));
#3517 = ORIENTED_EDGE('',*,*,#3358,.T.);
#3518 = ORIENTED_EDGE('',*,*,#3519,.T.);
#3519 = EDGE_CURVE('',#3359,#3422,#3520,.T.);
#3520 = LINE('',#3521,#3522);
#3521 = CARTESIAN_POINT('',(116.,-98.345,-4.6E-02));
#3522 = VECTOR('',#3523,1.);
#3523 = DIRECTION('',(0.,0.,1.));
#3524 = ORIENTED_EDGE('',*,*,#3421,.F.);
#3525 = ORIENTED_EDGE('',*,*,#3519,.F.);
#3526 = CYLINDRICAL_SURFACE('',#3527,0.675);
#3527 = AXIS2_PLACEMENT_3D('',#3528,#3529,#3530);
#3528 = CARTESIAN_POINT('',(116.,-97.67,-4.6E-02));
#3529 = DIRECTION('',(-0.,-0.,-1.));
#3530 = DIRECTION('',(-0.,-1.,0.));
#3531 = MANIFOLD_SOLID_BREP('',#3532);
#3532 = CLOSED_SHELL('',(#3533,#3575,#3606,#3637,#3700,#3763,#3780,#3797
    ,#3814,#3831,#3843));
#3533 = ADVANCED_FACE('',(#3534),#3570,.T.);
#3534 = FACE_BOUND('',#3535,.F.);
#3535 = EDGE_LOOP('',(#3536,#3546,#3555,#3563));
#3536 = ORIENTED_EDGE('',*,*,#3537,.T.);
#3537 = EDGE_CURVE('',#3538,#3540,#3542,.T.);
#3538 = VERTEX_POINT('',#3539);
#3539 = CARTESIAN_POINT('',(114.95,-96.911667,0.));
#3540 = VERTEX_POINT('',#3541);
#3541 = CARTESIAN_POINT('',(114.95,-96.911667,-4.E-02));
#3542 = LINE('',#3543,#3544);
#3543 = CARTESIAN_POINT('',(114.95,-96.911667,0.));
#3544 = VECTOR('',#3545,1.);
#3545 = DIRECTION('',(0.,0.,-1.));
#3546 = ORIENTED_EDGE('',*,*,#3547,.T.);
#3547 = EDGE_CURVE('',#3540,#3548,#3550,.T.);
#3548 = VERTEX_POINT('',#3549);
#3549 = CARTESIAN_POINT('',(115.241668,-96.620001,-4.E-02));
#3550 = CIRCLE('',#3551,0.291664057668);
#3551 = AXIS2_PLACEMENT_3D('',#3552,#3553,#3554);
#3552 = CARTESIAN_POINT('',(115.24166405766,-96.91166505764,-4.E-02));
#3553 = DIRECTION('',(0.,0.,-1.));
#3554 = DIRECTION('',(-0.999999999978,-6.659574311611E-06,-0.));
#3555 = ORIENTED_EDGE('',*,*,#3556,.F.);
#3556 = EDGE_CURVE('',#3557,#3548,#3559,.T.);
#3557 = VERTEX_POINT('',#3558);
#3558 = CARTESIAN_POINT('',(115.241668,-96.620001,0.));
#3559 = LINE('',#3560,#3561);
#3560 = CARTESIAN_POINT('',(115.241668,-96.620001,0.));
#3561 = VECTOR('',#3562,1.);
#3562 = DIRECTION('',(0.,0.,-1.));
#3563 = ORIENTED_EDGE('',*,*,#3564,.F.);
#3564 = EDGE_CURVE('',#3538,#3557,#3565,.T.);
#3565 = CIRCLE('',#3566,0.291664057668);
#3566 = AXIS2_PLACEMENT_3D('',#3567,#3568,#3569);
#3567 = CARTESIAN_POINT('',(115.24166405766,-96.91166505764,0.));
#3568 = DIRECTION('',(0.,0.,-1.));
#3569 = DIRECTION('',(-0.999999999978,-6.659574311611E-06,-0.));
#3570 = CYLINDRICAL_SURFACE('',#3571,0.291664057668);
#3571 = AXIS2_PLACEMENT_3D('',#3572,#3573,#3574);
#3572 = CARTESIAN_POINT('',(115.24166405766,-96.91166505764,0.));
#3573 = DIRECTION('',(-0.,-0.,1.));
#3574 = DIRECTION('',(-0.999999999978,-6.659574311611E-06,-0.));
#3575 = ADVANCED_FACE('',(#3576),#3601,.F.);
#3576 = FACE_BOUND('',#3577,.F.);
#3577 = EDGE_LOOP('',(#3578,#3588,#3594,#3595));
#3578 = ORIENTED_EDGE('',*,*,#3579,.T.);
#3579 = EDGE_CURVE('',#3580,#3582,#3584,.T.);
#3580 = VERTEX_POINT('',#3581);
#3581 = CARTESIAN_POINT('',(114.950001,-98.428332,0.));
#3582 = VERTEX_POINT('',#3583);
#3583 = CARTESIAN_POINT('',(114.950001,-98.428332,-4.E-02));
#3584 = LINE('',#3585,#3586);
#3585 = CARTESIAN_POINT('',(114.950001,-98.428332,0.));
#3586 = VECTOR('',#3587,1.);
#3587 = DIRECTION('',(0.,0.,-1.));
#3588 = ORIENTED_EDGE('',*,*,#3589,.T.);
#3589 = EDGE_CURVE('',#3582,#3540,#3590,.T.);
#3590 = LINE('',#3591,#3592);
#3591 = CARTESIAN_POINT('',(114.950001,-98.428332,-4.E-02));
#3592 = VECTOR('',#3593,1.);
#3593 = DIRECTION('',(-6.593413822268E-07,1.,0.));
#3594 = ORIENTED_EDGE('',*,*,#3537,.F.);
#3595 = ORIENTED_EDGE('',*,*,#3596,.F.);
#3596 = EDGE_CURVE('',#3580,#3538,#3597,.T.);
#3597 = LINE('',#3598,#3599);
#3598 = CARTESIAN_POINT('',(114.950001,-98.428332,0.));
#3599 = VECTOR('',#3600,1.);
#3600 = DIRECTION('',(-6.593413822268E-07,1.,0.));
#3601 = PLANE('',#3602);
#3602 = AXIS2_PLACEMENT_3D('',#3603,#3604,#3605);
#3603 = CARTESIAN_POINT('',(114.950001,-98.428332,0.));
#3604 = DIRECTION('',(1.,6.593413822268E-07,0.));
#3605 = DIRECTION('',(-6.593413822268E-07,1.,0.));
#3606 = ADVANCED_FACE('',(#3607),#3632,.F.);
#3607 = FACE_BOUND('',#3608,.F.);
#3608 = EDGE_LOOP('',(#3609,#3610,#3618,#3626));
#3609 = ORIENTED_EDGE('',*,*,#3556,.T.);
#3610 = ORIENTED_EDGE('',*,*,#3611,.T.);
#3611 = EDGE_CURVE('',#3548,#3612,#3614,.T.);
#3612 = VERTEX_POINT('',#3613);
#3613 = CARTESIAN_POINT('',(116.758333,-96.62,-4.E-02));
#3614 = LINE('',#3615,#3616);
#3615 = CARTESIAN_POINT('',(115.241668,-96.620001,-4.E-02));
#3616 = VECTOR('',#3617,1.);
#3617 = DIRECTION('',(1.,6.593413822268E-07,0.));
#3618 = ORIENTED_EDGE('',*,*,#3619,.F.);
#3619 = EDGE_CURVE('',#3620,#3612,#3622,.T.);
#3620 = VERTEX_POINT('',#3621);
#3621 = CARTESIAN_POINT('',(116.758333,-96.62,0.));
#3622 = LINE('',#3623,#3624);
#3623 = CARTESIAN_POINT('',(116.758333,-96.62,0.));
#3624 = VECTOR('',#3625,1.);
#3625 = DIRECTION('',(0.,0.,-1.));
#3626 = ORIENTED_EDGE('',*,*,#3627,.F.);
#3627 = EDGE_CURVE('',#3557,#3620,#3628,.T.);
#3628 = LINE('',#3629,#3630);
#3629 = CARTESIAN_POINT('',(115.241668,-96.620001,0.));
#3630 = VECTOR('',#3631,1.);
#3631 = DIRECTION('',(1.,6.593413822268E-07,0.));
#3632 = PLANE('',#3633);
#3633 = AXIS2_PLACEMENT_3D('',#3634,#3635,#3636);
#3634 = CARTESIAN_POINT('',(115.241668,-96.620001,0.));
#3635 = DIRECTION('',(6.593413822268E-07,-1.,0.));
#3636 = DIRECTION('',(1.,6.593413822268E-07,0.));
#3637 = ADVANCED_FACE('',(#3638,#3684),#3695,.F.);
#3638 = FACE_BOUND('',#3639,.F.);
#3639 = EDGE_LOOP('',(#3640,#3641,#3642,#3651,#3659,#3668,#3676,#3683));
#3640 = ORIENTED_EDGE('',*,*,#3564,.T.);
#3641 = ORIENTED_EDGE('',*,*,#3627,.T.);
#3642 = ORIENTED_EDGE('',*,*,#3643,.T.);
#3643 = EDGE_CURVE('',#3620,#3644,#3646,.T.);
#3644 = VERTEX_POINT('',#3645);
#3645 = CARTESIAN_POINT('',(117.049999,-96.911668,0.));
#3646 = CIRCLE('',#3647,0.291664057668);
#3647 = AXIS2_PLACEMENT_3D('',#3648,#3649,#3650);
#3648 = CARTESIAN_POINT('',(116.75833494235,-96.91166405766,0.));
#3649 = DIRECTION('',(0.,0.,-1.));
#3650 = DIRECTION('',(-6.659574311611E-06,0.999999999978,0.));
#3651 = ORIENTED_EDGE('',*,*,#3652,.T.);
#3652 = EDGE_CURVE('',#3644,#3653,#3655,.T.);
#3653 = VERTEX_POINT('',#3654);
#3654 = CARTESIAN_POINT('',(117.05,-98.428333,0.));
#3655 = LINE('',#3656,#3657);
#3656 = CARTESIAN_POINT('',(117.049999,-96.911668,0.));
#3657 = VECTOR('',#3658,1.);
#3658 = DIRECTION('',(6.593413822268E-07,-1.,0.));
#3659 = ORIENTED_EDGE('',*,*,#3660,.T.);
#3660 = EDGE_CURVE('',#3653,#3661,#3663,.T.);
#3661 = VERTEX_POINT('',#3662);
#3662 = CARTESIAN_POINT('',(116.758332,-98.719999,0.));
#3663 = CIRCLE('',#3664,0.291664057668);
#3664 = AXIS2_PLACEMENT_3D('',#3665,#3666,#3667);
#3665 = CARTESIAN_POINT('',(116.75833594233,-98.42833494235,0.));
#3666 = DIRECTION('',(0.,0.,-1.));
#3667 = DIRECTION('',(0.999999999978,6.659574409058E-06,0.));
#3668 = ORIENTED_EDGE('',*,*,#3669,.T.);
#3669 = EDGE_CURVE('',#3661,#3670,#3672,.T.);
#3670 = VERTEX_POINT('',#3671);
#3671 = CARTESIAN_POINT('',(115.241667,-98.72,0.));
#3672 = LINE('',#3673,#3674);
#3673 = CARTESIAN_POINT('',(116.758332,-98.719999,0.));
#3674 = VECTOR('',#3675,1.);
#3675 = DIRECTION('',(-1.,-6.593413822268E-07,0.));
#3676 = ORIENTED_EDGE('',*,*,#3677,.T.);
#3677 = EDGE_CURVE('',#3670,#3580,#3678,.T.);
#3678 = CIRCLE('',#3679,0.291664057668);
#3679 = AXIS2_PLACEMENT_3D('',#3680,#3681,#3682);
#3680 = CARTESIAN_POINT('',(115.24166505764,-98.42833594233,0.));
#3681 = DIRECTION('',(0.,0.,-1.));
#3682 = DIRECTION('',(6.659574311611E-06,-0.999999999978,0.));
#3683 = ORIENTED_EDGE('',*,*,#3596,.T.);
#3684 = FACE_BOUND('',#3685,.F.);
#3685 = EDGE_LOOP('',(#3686));
#3686 = ORIENTED_EDGE('',*,*,#3687,.F.);
#3687 = EDGE_CURVE('',#3688,#3688,#3690,.T.);
#3688 = VERTEX_POINT('',#3689);
#3689 = CARTESIAN_POINT('',(116.,-98.345,0.));
#3690 = CIRCLE('',#3691,0.675);
#3691 = AXIS2_PLACEMENT_3D('',#3692,#3693,#3694);
#3692 = CARTESIAN_POINT('',(116.,-97.67,0.));
#3693 = DIRECTION('',(-0.,0.,-1.));
#3694 = DIRECTION('',(-0.,-1.,0.));
#3695 = PLANE('',#3696);
#3696 = AXIS2_PLACEMENT_3D('',#3697,#3698,#3699);
#3697 = CARTESIAN_POINT('',(0.,0.,0.));
#3698 = DIRECTION('',(-0.,-0.,-1.));
#3699 = DIRECTION('',(-1.,0.,0.));
#3700 = ADVANCED_FACE('',(#3701,#3747),#3758,.T.);
#3701 = FACE_BOUND('',#3702,.T.);
#3702 = EDGE_LOOP('',(#3703,#3704,#3705,#3714,#3722,#3731,#3739,#3746));
#3703 = ORIENTED_EDGE('',*,*,#3547,.T.);
#3704 = ORIENTED_EDGE('',*,*,#3611,.T.);
#3705 = ORIENTED_EDGE('',*,*,#3706,.T.);
#3706 = EDGE_CURVE('',#3612,#3707,#3709,.T.);
#3707 = VERTEX_POINT('',#3708);
#3708 = CARTESIAN_POINT('',(117.049999,-96.911668,-4.E-02));
#3709 = CIRCLE('',#3710,0.291664057668);
#3710 = AXIS2_PLACEMENT_3D('',#3711,#3712,#3713);
#3711 = CARTESIAN_POINT('',(116.75833494235,-96.91166405766,-4.E-02));
#3712 = DIRECTION('',(0.,0.,-1.));
#3713 = DIRECTION('',(-6.659574311611E-06,0.999999999978,0.));
#3714 = ORIENTED_EDGE('',*,*,#3715,.T.);
#3715 = EDGE_CURVE('',#3707,#3716,#3718,.T.);
#3716 = VERTEX_POINT('',#3717);
#3717 = CARTESIAN_POINT('',(117.05,-98.428333,-4.E-02));
#3718 = LINE('',#3719,#3720);
#3719 = CARTESIAN_POINT('',(117.049999,-96.911668,-4.E-02));
#3720 = VECTOR('',#3721,1.);
#3721 = DIRECTION('',(6.593413822268E-07,-1.,0.));
#3722 = ORIENTED_EDGE('',*,*,#3723,.T.);
#3723 = EDGE_CURVE('',#3716,#3724,#3726,.T.);
#3724 = VERTEX_POINT('',#3725);
#3725 = CARTESIAN_POINT('',(116.758332,-98.719999,-4.E-02));
#3726 = CIRCLE('',#3727,0.291664057668);
#3727 = AXIS2_PLACEMENT_3D('',#3728,#3729,#3730);
#3728 = CARTESIAN_POINT('',(116.75833594233,-98.42833494235,-4.E-02));
#3729 = DIRECTION('',(0.,0.,-1.));
#3730 = DIRECTION('',(0.999999999978,6.659574409058E-06,0.));
#3731 = ORIENTED_EDGE('',*,*,#3732,.T.);
#3732 = EDGE_CURVE('',#3724,#3733,#3735,.T.);
#3733 = VERTEX_POINT('',#3734);
#3734 = CARTESIAN_POINT('',(115.241667,-98.72,-4.E-02));
#3735 = LINE('',#3736,#3737);
#3736 = CARTESIAN_POINT('',(116.758332,-98.719999,-4.E-02));
#3737 = VECTOR('',#3738,1.);
#3738 = DIRECTION('',(-1.,-6.593413822268E-07,0.));
#3739 = ORIENTED_EDGE('',*,*,#3740,.T.);
#3740 = EDGE_CURVE('',#3733,#3582,#3741,.T.);
#3741 = CIRCLE('',#3742,0.291664057668);
#3742 = AXIS2_PLACEMENT_3D('',#3743,#3744,#3745);
#3743 = CARTESIAN_POINT('',(115.24166505764,-98.42833594233,-4.E-02));
#3744 = DIRECTION('',(0.,0.,-1.));
#3745 = DIRECTION('',(6.659574311611E-06,-0.999999999978,0.));
#3746 = ORIENTED_EDGE('',*,*,#3589,.T.);
#3747 = FACE_BOUND('',#3748,.T.);
#3748 = EDGE_LOOP('',(#3749));
#3749 = ORIENTED_EDGE('',*,*,#3750,.F.);
#3750 = EDGE_CURVE('',#3751,#3751,#3753,.T.);
#3751 = VERTEX_POINT('',#3752);
#3752 = CARTESIAN_POINT('',(116.,-98.345,-4.E-02));
#3753 = CIRCLE('',#3754,0.675);
#3754 = AXIS2_PLACEMENT_3D('',#3755,#3756,#3757);
#3755 = CARTESIAN_POINT('',(116.,-97.67,-4.E-02));
#3756 = DIRECTION('',(-0.,0.,-1.));
#3757 = DIRECTION('',(-0.,-1.,0.));
#3758 = PLANE('',#3759);
#3759 = AXIS2_PLACEMENT_3D('',#3760,#3761,#3762);
#3760 = CARTESIAN_POINT('',(0.,0.,-4.E-02));
#3761 = DIRECTION('',(-0.,-0.,-1.));
#3762 = DIRECTION('',(-1.,0.,0.));
#3763 = ADVANCED_FACE('',(#3764),#3775,.T.);
#3764 = FACE_BOUND('',#3765,.F.);
#3765 = EDGE_LOOP('',(#3766,#3772,#3773,#3774));
#3766 = ORIENTED_EDGE('',*,*,#3767,.T.);
#3767 = EDGE_CURVE('',#3670,#3733,#3768,.T.);
#3768 = LINE('',#3769,#3770);
#3769 = CARTESIAN_POINT('',(115.241667,-98.72,0.));
#3770 = VECTOR('',#3771,1.);
#3771 = DIRECTION('',(0.,0.,-1.));
#3772 = ORIENTED_EDGE('',*,*,#3740,.T.);
#3773 = ORIENTED_EDGE('',*,*,#3579,.F.);
#3774 = ORIENTED_EDGE('',*,*,#3677,.F.);
#3775 = CYLINDRICAL_SURFACE('',#3776,0.291664057668);
#3776 = AXIS2_PLACEMENT_3D('',#3777,#3778,#3779);
#3777 = CARTESIAN_POINT('',(115.24166505764,-98.42833594233,0.));
#3778 = DIRECTION('',(-0.,-0.,1.));
#3779 = DIRECTION('',(6.659574311611E-06,-0.999999999978,0.));
#3780 = ADVANCED_FACE('',(#3781),#3792,.T.);
#3781 = FACE_BOUND('',#3782,.F.);
#3782 = EDGE_LOOP('',(#3783,#3784,#3785,#3791));
#3783 = ORIENTED_EDGE('',*,*,#3619,.T.);
#3784 = ORIENTED_EDGE('',*,*,#3706,.T.);
#3785 = ORIENTED_EDGE('',*,*,#3786,.F.);
#3786 = EDGE_CURVE('',#3644,#3707,#3787,.T.);
#3787 = LINE('',#3788,#3789);
#3788 = CARTESIAN_POINT('',(117.049999,-96.911668,0.));
#3789 = VECTOR('',#3790,1.);
#3790 = DIRECTION('',(0.,0.,-1.));
#3791 = ORIENTED_EDGE('',*,*,#3643,.F.);
#3792 = CYLINDRICAL_SURFACE('',#3793,0.291664057668);
#3793 = AXIS2_PLACEMENT_3D('',#3794,#3795,#3796);
#3794 = CARTESIAN_POINT('',(116.75833494235,-96.91166405766,0.));
#3795 = DIRECTION('',(-0.,-0.,1.));
#3796 = DIRECTION('',(-6.659574311611E-06,0.999999999978,0.));
#3797 = ADVANCED_FACE('',(#3798),#3809,.F.);
#3798 = FACE_BOUND('',#3799,.F.);
#3799 = EDGE_LOOP('',(#3800,#3806,#3807,#3808));
#3800 = ORIENTED_EDGE('',*,*,#3801,.T.);
#3801 = EDGE_CURVE('',#3661,#3724,#3802,.T.);
#3802 = LINE('',#3803,#3804);
#3803 = CARTESIAN_POINT('',(116.758332,-98.719999,0.));
#3804 = VECTOR('',#3805,1.);
#3805 = DIRECTION('',(0.,0.,-1.));
#3806 = ORIENTED_EDGE('',*,*,#3732,.T.);
#3807 = ORIENTED_EDGE('',*,*,#3767,.F.);
#3808 = ORIENTED_EDGE('',*,*,#3669,.F.);
#3809 = PLANE('',#3810);
#3810 = AXIS2_PLACEMENT_3D('',#3811,#3812,#3813);
#3811 = CARTESIAN_POINT('',(116.758332,-98.719999,0.));
#3812 = DIRECTION('',(-6.593413822268E-07,1.,0.));
#3813 = DIRECTION('',(-1.,-6.593413822268E-07,0.));
#3814 = ADVANCED_FACE('',(#3815),#3826,.F.);
#3815 = FACE_BOUND('',#3816,.F.);
#3816 = EDGE_LOOP('',(#3817,#3818,#3819,#3825));
#3817 = ORIENTED_EDGE('',*,*,#3786,.T.);
#3818 = ORIENTED_EDGE('',*,*,#3715,.T.);
#3819 = ORIENTED_EDGE('',*,*,#3820,.F.);
#3820 = EDGE_CURVE('',#3653,#3716,#3821,.T.);
#3821 = LINE('',#3822,#3823);
#3822 = CARTESIAN_POINT('',(117.05,-98.428333,0.));
#3823 = VECTOR('',#3824,1.);
#3824 = DIRECTION('',(0.,0.,-1.));
#3825 = ORIENTED_EDGE('',*,*,#3652,.F.);
#3826 = PLANE('',#3827);
#3827 = AXIS2_PLACEMENT_3D('',#3828,#3829,#3830);
#3828 = CARTESIAN_POINT('',(117.049999,-96.911668,0.));
#3829 = DIRECTION('',(-1.,-6.593413822268E-07,-0.));
#3830 = DIRECTION('',(6.593413822268E-07,-1.,0.));
#3831 = ADVANCED_FACE('',(#3832),#3838,.T.);
#3832 = FACE_BOUND('',#3833,.F.);
#3833 = EDGE_LOOP('',(#3834,#3835,#3836,#3837));
#3834 = ORIENTED_EDGE('',*,*,#3820,.T.);
#3835 = ORIENTED_EDGE('',*,*,#3723,.T.);
#3836 = ORIENTED_EDGE('',*,*,#3801,.F.);
#3837 = ORIENTED_EDGE('',*,*,#3660,.F.);
#3838 = CYLINDRICAL_SURFACE('',#3839,0.291664057668);
#3839 = AXIS2_PLACEMENT_3D('',#3840,#3841,#3842);
#3840 = CARTESIAN_POINT('',(116.75833594233,-98.42833494235,0.));
#3841 = DIRECTION('',(-0.,-0.,1.));
#3842 = DIRECTION('',(0.999999999978,6.659574409058E-06,0.));
#3843 = ADVANCED_FACE('',(#3844),#3855,.F.);
#3844 = FACE_BOUND('',#3845,.T.);
#3845 = EDGE_LOOP('',(#3846,#3847,#3853,#3854));
#3846 = ORIENTED_EDGE('',*,*,#3750,.T.);
#3847 = ORIENTED_EDGE('',*,*,#3848,.T.);
#3848 = EDGE_CURVE('',#3751,#3688,#3849,.T.);
#3849 = LINE('',#3850,#3851);
#3850 = CARTESIAN_POINT('',(116.,-98.345,-4.6E-02));
#3851 = VECTOR('',#3852,1.);
#3852 = DIRECTION('',(0.,0.,1.));
#3853 = ORIENTED_EDGE('',*,*,#3687,.F.);
#3854 = ORIENTED_EDGE('',*,*,#3848,.F.);
#3855 = CYLINDRICAL_SURFACE('',#3856,0.675);
#3856 = AXIS2_PLACEMENT_3D('',#3857,#3858,#3859);
#3857 = CARTESIAN_POINT('',(116.,-97.67,-4.6E-02));
#3858 = DIRECTION('',(-0.,-0.,-1.));
#3859 = DIRECTION('',(-0.,-1.,0.));
#3860 = MANIFOLD_SOLID_BREP('',#3861);
#3861 = CLOSED_SHELL('',(#3862,#3895,#3915,#3935));
#3862 = ADVANCED_FACE('',(#3863),#3890,.T.);
#3863 = FACE_BOUND('',#3864,.F.);
#3864 = EDGE_LOOP('',(#3865,#3875,#3882,#3883));
#3865 = ORIENTED_EDGE('',*,*,#3866,.T.);
#3866 = EDGE_CURVE('',#3867,#3869,#3871,.T.);
#3867 = VERTEX_POINT('',#3868);
#3868 = CARTESIAN_POINT('',(116.,-98.37,-3.5E-02));
#3869 = VERTEX_POINT('',#3870);
#3870 = CARTESIAN_POINT('',(116.,-98.37,0.945));
#3871 = LINE('',#3872,#3873);
#3872 = CARTESIAN_POINT('',(116.,-98.37,-3.5E-02));
#3873 = VECTOR('',#3874,1.);
#3874 = DIRECTION('',(0.,0.,1.));
#3875 = ORIENTED_EDGE('',*,*,#3876,.T.);
#3876 = EDGE_CURVE('',#3869,#3869,#3877,.T.);
#3877 = CIRCLE('',#3878,0.7);
#3878 = AXIS2_PLACEMENT_3D('',#3879,#3880,#3881);
#3879 = CARTESIAN_POINT('',(116.,-97.67,0.945));
#3880 = DIRECTION('',(0.,0.,1.));
#3881 = DIRECTION('',(-0.,-1.,0.));
#3882 = ORIENTED_EDGE('',*,*,#3866,.F.);
#3883 = ORIENTED_EDGE('',*,*,#3884,.F.);
#3884 = EDGE_CURVE('',#3867,#3867,#3885,.T.);
#3885 = CIRCLE('',#3886,0.7);
#3886 = AXIS2_PLACEMENT_3D('',#3887,#3888,#3889);
#3887 = CARTESIAN_POINT('',(116.,-97.67,-3.5E-02));
#3888 = DIRECTION('',(0.,0.,1.));
#3889 = DIRECTION('',(-0.,-1.,0.));
#3890 = CYLINDRICAL_SURFACE('',#3891,0.7);
#3891 = AXIS2_PLACEMENT_3D('',#3892,#3893,#3894);
#3892 = CARTESIAN_POINT('',(116.,-97.67,-3.5E-02));
#3893 = DIRECTION('',(-0.,-0.,-1.));
#3894 = DIRECTION('',(-0.,-1.,0.));
#3895 = ADVANCED_FACE('',(#3896,#3899),#3910,.F.);
#3896 = FACE_BOUND('',#3897,.F.);
#3897 = EDGE_LOOP('',(#3898));
#3898 = ORIENTED_EDGE('',*,*,#3884,.T.);
#3899 = FACE_BOUND('',#3900,.F.);
#3900 = EDGE_LOOP('',(#3901));
#3901 = ORIENTED_EDGE('',*,*,#3902,.T.);
#3902 = EDGE_CURVE('',#3903,#3903,#3905,.T.);
#3903 = VERTEX_POINT('',#3904);
#3904 = CARTESIAN_POINT('',(116.,-98.345,-3.5E-02));
#3905 = CIRCLE('',#3906,0.675);
#3906 = AXIS2_PLACEMENT_3D('',#3907,#3908,#3909);
#3907 = CARTESIAN_POINT('',(116.,-97.67,-3.5E-02));
#3908 = DIRECTION('',(-0.,0.,-1.));
#3909 = DIRECTION('',(-0.,-1.,0.));
#3910 = PLANE('',#3911);
#3911 = AXIS2_PLACEMENT_3D('',#3912,#3913,#3914);
#3912 = CARTESIAN_POINT('',(116.,-98.37,-3.5E-02));
#3913 = DIRECTION('',(0.,0.,1.));
#3914 = DIRECTION('',(1.,0.,-0.));
#3915 = ADVANCED_FACE('',(#3916,#3919),#3930,.T.);
#3916 = FACE_BOUND('',#3917,.T.);
#3917 = EDGE_LOOP('',(#3918));
#3918 = ORIENTED_EDGE('',*,*,#3876,.T.);
#3919 = FACE_BOUND('',#3920,.T.);
#3920 = EDGE_LOOP('',(#3921));
#3921 = ORIENTED_EDGE('',*,*,#3922,.T.);
#3922 = EDGE_CURVE('',#3923,#3923,#3925,.T.);
#3923 = VERTEX_POINT('',#3924);
#3924 = CARTESIAN_POINT('',(116.,-98.345,0.945));
#3925 = CIRCLE('',#3926,0.675);
#3926 = AXIS2_PLACEMENT_3D('',#3927,#3928,#3929);
#3927 = CARTESIAN_POINT('',(116.,-97.67,0.945));
#3928 = DIRECTION('',(-0.,0.,-1.));
#3929 = DIRECTION('',(-0.,-1.,0.));
#3930 = PLANE('',#3931);
#3931 = AXIS2_PLACEMENT_3D('',#3932,#3933,#3934);
#3932 = CARTESIAN_POINT('',(116.,-98.37,0.945));
#3933 = DIRECTION('',(0.,0.,1.));
#3934 = DIRECTION('',(1.,0.,-0.));
#3935 = ADVANCED_FACE('',(#3936),#3947,.F.);
#3936 = FACE_BOUND('',#3937,.T.);
#3937 = EDGE_LOOP('',(#3938,#3939,#3945,#3946));
#3938 = ORIENTED_EDGE('',*,*,#3902,.T.);
#3939 = ORIENTED_EDGE('',*,*,#3940,.T.);
#3940 = EDGE_CURVE('',#3903,#3923,#3941,.T.);
#3941 = LINE('',#3942,#3943);
#3942 = CARTESIAN_POINT('',(116.,-98.345,-4.6E-02));
#3943 = VECTOR('',#3944,1.);
#3944 = DIRECTION('',(0.,0.,1.));
#3945 = ORIENTED_EDGE('',*,*,#3922,.F.);
#3946 = ORIENTED_EDGE('',*,*,#3940,.F.);
#3947 = CYLINDRICAL_SURFACE('',#3948,0.675);
#3948 = AXIS2_PLACEMENT_3D('',#3949,#3950,#3951);
#3949 = CARTESIAN_POINT('',(116.,-97.67,-4.6E-02));
#3950 = DIRECTION('',(-0.,-0.,-1.));
#3951 = DIRECTION('',(-0.,-1.,0.));
#3952 = MANIFOLD_SOLID_BREP('',#3953);
#3953 = CLOSED_SHELL('',(#3954,#3987,#4007,#4027));
#3954 = ADVANCED_FACE('',(#3955),#3982,.T.);
#3955 = FACE_BOUND('',#3956,.F.);
#3956 = EDGE_LOOP('',(#3957,#3967,#3974,#3975));
#3957 = ORIENTED_EDGE('',*,*,#3958,.T.);
#3958 = EDGE_CURVE('',#3959,#3961,#3963,.T.);
#3959 = VERTEX_POINT('',#3960);
#3960 = CARTESIAN_POINT('',(117.049999,-100.27,0.91));
#3961 = VERTEX_POINT('',#3962);
#3962 = CARTESIAN_POINT('',(117.049999,-100.27,0.95));
#3963 = LINE('',#3964,#3965);
#3964 = CARTESIAN_POINT('',(117.049999,-100.27,0.91));
#3965 = VECTOR('',#3966,1.);
#3966 = DIRECTION('',(0.,0.,1.));
#3967 = ORIENTED_EDGE('',*,*,#3968,.T.);
#3968 = EDGE_CURVE('',#3961,#3961,#3969,.T.);
#3969 = CIRCLE('',#3970,1.049999);
#3970 = AXIS2_PLACEMENT_3D('',#3971,#3972,#3973);
#3971 = CARTESIAN_POINT('',(116.,-100.27,0.95));
#3972 = DIRECTION('',(0.,0.,1.));
#3973 = DIRECTION('',(1.,0.,-0.));
#3974 = ORIENTED_EDGE('',*,*,#3958,.F.);
#3975 = ORIENTED_EDGE('',*,*,#3976,.F.);
#3976 = EDGE_CURVE('',#3959,#3959,#3977,.T.);
#3977 = CIRCLE('',#3978,1.049999);
#3978 = AXIS2_PLACEMENT_3D('',#3979,#3980,#3981);
#3979 = CARTESIAN_POINT('',(116.,-100.27,0.91));
#3980 = DIRECTION('',(0.,0.,1.));
#3981 = DIRECTION('',(1.,0.,-0.));
#3982 = CYLINDRICAL_SURFACE('',#3983,1.049999);
#3983 = AXIS2_PLACEMENT_3D('',#3984,#3985,#3986);
#3984 = CARTESIAN_POINT('',(116.,-100.27,0.91));
#3985 = DIRECTION('',(-0.,-0.,-1.));
#3986 = DIRECTION('',(1.,0.,-0.));
#3987 = ADVANCED_FACE('',(#3988,#3991),#4002,.F.);
#3988 = FACE_BOUND('',#3989,.F.);
#3989 = EDGE_LOOP('',(#3990));
#3990 = ORIENTED_EDGE('',*,*,#3976,.T.);
#3991 = FACE_BOUND('',#3992,.F.);
#3992 = EDGE_LOOP('',(#3993));
#3993 = ORIENTED_EDGE('',*,*,#3994,.T.);
#3994 = EDGE_CURVE('',#3995,#3995,#3997,.T.);
#3995 = VERTEX_POINT('',#3996);
#3996 = CARTESIAN_POINT('',(116.,-100.945,0.91));
#3997 = CIRCLE('',#3998,0.675);
#3998 = AXIS2_PLACEMENT_3D('',#3999,#4000,#4001);
#3999 = CARTESIAN_POINT('',(116.,-100.27,0.91));
#4000 = DIRECTION('',(-0.,0.,-1.));
#4001 = DIRECTION('',(-0.,-1.,0.));
#4002 = PLANE('',#4003);
#4003 = AXIS2_PLACEMENT_3D('',#4004,#4005,#4006);
#4004 = CARTESIAN_POINT('',(0.,0.,0.91));
#4005 = DIRECTION('',(0.,0.,1.));
#4006 = DIRECTION('',(1.,0.,-0.));
#4007 = ADVANCED_FACE('',(#4008,#4011),#4022,.T.);
#4008 = FACE_BOUND('',#4009,.T.);
#4009 = EDGE_LOOP('',(#4010));
#4010 = ORIENTED_EDGE('',*,*,#3968,.T.);
#4011 = FACE_BOUND('',#4012,.T.);
#4012 = EDGE_LOOP('',(#4013));
#4013 = ORIENTED_EDGE('',*,*,#4014,.T.);
#4014 = EDGE_CURVE('',#4015,#4015,#4017,.T.);
#4015 = VERTEX_POINT('',#4016);
#4016 = CARTESIAN_POINT('',(116.,-100.945,0.95));
#4017 = CIRCLE('',#4018,0.675);
#4018 = AXIS2_PLACEMENT_3D('',#4019,#4020,#4021);
#4019 = CARTESIAN_POINT('',(116.,-100.27,0.95));
#4020 = DIRECTION('',(-0.,0.,-1.));
#4021 = DIRECTION('',(-0.,-1.,0.));
#4022 = PLANE('',#4023);
#4023 = AXIS2_PLACEMENT_3D('',#4024,#4025,#4026);
#4024 = CARTESIAN_POINT('',(0.,0.,0.95));
#4025 = DIRECTION('',(0.,0.,1.));
#4026 = DIRECTION('',(1.,0.,-0.));
#4027 = ADVANCED_FACE('',(#4028),#4039,.F.);
#4028 = FACE_BOUND('',#4029,.T.);
#4029 = EDGE_LOOP('',(#4030,#4031,#4037,#4038));
#4030 = ORIENTED_EDGE('',*,*,#3994,.T.);
#4031 = ORIENTED_EDGE('',*,*,#4032,.T.);
#4032 = EDGE_CURVE('',#3995,#4015,#4033,.T.);
#4033 = LINE('',#4034,#4035);
#4034 = CARTESIAN_POINT('',(116.,-100.945,-4.6E-02));
#4035 = VECTOR('',#4036,1.);
#4036 = DIRECTION('',(0.,0.,1.));
#4037 = ORIENTED_EDGE('',*,*,#4014,.F.);
#4038 = ORIENTED_EDGE('',*,*,#4032,.F.);
#4039 = CYLINDRICAL_SURFACE('',#4040,0.675);
#4040 = AXIS2_PLACEMENT_3D('',#4041,#4042,#4043);
#4041 = CARTESIAN_POINT('',(116.,-100.27,-4.6E-02));
#4042 = DIRECTION('',(-0.,-0.,-1.));
#4043 = DIRECTION('',(-0.,-1.,0.));
#4044 = MANIFOLD_SOLID_BREP('',#4045);
#4045 = CLOSED_SHELL('',(#4046,#4079,#4099,#4119));
#4046 = ADVANCED_FACE('',(#4047),#4074,.T.);
#4047 = FACE_BOUND('',#4048,.T.);
#4048 = EDGE_LOOP('',(#4049,#4059,#4066,#4067));
#4049 = ORIENTED_EDGE('',*,*,#4050,.T.);
#4050 = EDGE_CURVE('',#4051,#4053,#4055,.T.);
#4051 = VERTEX_POINT('',#4052);
#4052 = CARTESIAN_POINT('',(117.049999,-100.27,0.));
#4053 = VERTEX_POINT('',#4054);
#4054 = CARTESIAN_POINT('',(117.049999,-100.27,-4.E-02));
#4055 = LINE('',#4056,#4057);
#4056 = CARTESIAN_POINT('',(117.049999,-100.27,0.));
#4057 = VECTOR('',#4058,1.);
#4058 = DIRECTION('',(0.,0.,-1.));
#4059 = ORIENTED_EDGE('',*,*,#4060,.T.);
#4060 = EDGE_CURVE('',#4053,#4053,#4061,.T.);
#4061 = CIRCLE('',#4062,1.049999);
#4062 = AXIS2_PLACEMENT_3D('',#4063,#4064,#4065);
#4063 = CARTESIAN_POINT('',(116.,-100.27,-4.E-02));
#4064 = DIRECTION('',(0.,0.,1.));
#4065 = DIRECTION('',(1.,0.,-0.));
#4066 = ORIENTED_EDGE('',*,*,#4050,.F.);
#4067 = ORIENTED_EDGE('',*,*,#4068,.F.);
#4068 = EDGE_CURVE('',#4051,#4051,#4069,.T.);
#4069 = CIRCLE('',#4070,1.049999);
#4070 = AXIS2_PLACEMENT_3D('',#4071,#4072,#4073);
#4071 = CARTESIAN_POINT('',(116.,-100.27,0.));
#4072 = DIRECTION('',(0.,0.,1.));
#4073 = DIRECTION('',(1.,0.,-0.));
#4074 = CYLINDRICAL_SURFACE('',#4075,1.049999);
#4075 = AXIS2_PLACEMENT_3D('',#4076,#4077,#4078);
#4076 = CARTESIAN_POINT('',(116.,-100.27,0.));
#4077 = DIRECTION('',(0.,0.,1.));
#4078 = DIRECTION('',(1.,0.,-0.));
#4079 = ADVANCED_FACE('',(#4080,#4083),#4094,.F.);
#4080 = FACE_BOUND('',#4081,.F.);
#4081 = EDGE_LOOP('',(#4082));
#4082 = ORIENTED_EDGE('',*,*,#4068,.F.);
#4083 = FACE_BOUND('',#4084,.F.);
#4084 = EDGE_LOOP('',(#4085));
#4085 = ORIENTED_EDGE('',*,*,#4086,.F.);
#4086 = EDGE_CURVE('',#4087,#4087,#4089,.T.);
#4087 = VERTEX_POINT('',#4088);
#4088 = CARTESIAN_POINT('',(116.,-100.945,0.));
#4089 = CIRCLE('',#4090,0.675);
#4090 = AXIS2_PLACEMENT_3D('',#4091,#4092,#4093);
#4091 = CARTESIAN_POINT('',(116.,-100.27,0.));
#4092 = DIRECTION('',(-0.,0.,-1.));
#4093 = DIRECTION('',(-0.,-1.,0.));
#4094 = PLANE('',#4095);
#4095 = AXIS2_PLACEMENT_3D('',#4096,#4097,#4098);
#4096 = CARTESIAN_POINT('',(0.,0.,0.));
#4097 = DIRECTION('',(-0.,-0.,-1.));
#4098 = DIRECTION('',(-1.,0.,0.));
#4099 = ADVANCED_FACE('',(#4100,#4103),#4114,.T.);
#4100 = FACE_BOUND('',#4101,.T.);
#4101 = EDGE_LOOP('',(#4102));
#4102 = ORIENTED_EDGE('',*,*,#4060,.F.);
#4103 = FACE_BOUND('',#4104,.T.);
#4104 = EDGE_LOOP('',(#4105));
#4105 = ORIENTED_EDGE('',*,*,#4106,.F.);
#4106 = EDGE_CURVE('',#4107,#4107,#4109,.T.);
#4107 = VERTEX_POINT('',#4108);
#4108 = CARTESIAN_POINT('',(116.,-100.945,-4.E-02));
#4109 = CIRCLE('',#4110,0.675);
#4110 = AXIS2_PLACEMENT_3D('',#4111,#4112,#4113);
#4111 = CARTESIAN_POINT('',(116.,-100.27,-4.E-02));
#4112 = DIRECTION('',(-0.,0.,-1.));
#4113 = DIRECTION('',(-0.,-1.,0.));
#4114 = PLANE('',#4115);
#4115 = AXIS2_PLACEMENT_3D('',#4116,#4117,#4118);
#4116 = CARTESIAN_POINT('',(0.,0.,-4.E-02));
#4117 = DIRECTION('',(-0.,-0.,-1.));
#4118 = DIRECTION('',(-1.,0.,0.));
#4119 = ADVANCED_FACE('',(#4120),#4131,.F.);
#4120 = FACE_BOUND('',#4121,.T.);
#4121 = EDGE_LOOP('',(#4122,#4123,#4129,#4130));
#4122 = ORIENTED_EDGE('',*,*,#4106,.T.);
#4123 = ORIENTED_EDGE('',*,*,#4124,.T.);
#4124 = EDGE_CURVE('',#4107,#4087,#4125,.T.);
#4125 = LINE('',#4126,#4127);
#4126 = CARTESIAN_POINT('',(116.,-100.945,-4.6E-02));
#4127 = VECTOR('',#4128,1.);
#4128 = DIRECTION('',(0.,0.,1.));
#4129 = ORIENTED_EDGE('',*,*,#4086,.F.);
#4130 = ORIENTED_EDGE('',*,*,#4124,.F.);
#4131 = CYLINDRICAL_SURFACE('',#4132,0.675);
#4132 = AXIS2_PLACEMENT_3D('',#4133,#4134,#4135);
#4133 = CARTESIAN_POINT('',(116.,-100.27,-4.6E-02));
#4134 = DIRECTION('',(-0.,-0.,-1.));
#4135 = DIRECTION('',(-0.,-1.,0.));
#4136 = MANIFOLD_SOLID_BREP('',#4137);
#4137 = CLOSED_SHELL('',(#4138,#4171,#4191,#4211));
#4138 = ADVANCED_FACE('',(#4139),#4166,.T.);
#4139 = FACE_BOUND('',#4140,.F.);
#4140 = EDGE_LOOP('',(#4141,#4151,#4158,#4159));
#4141 = ORIENTED_EDGE('',*,*,#4142,.T.);
#4142 = EDGE_CURVE('',#4143,#4145,#4147,.T.);
#4143 = VERTEX_POINT('',#4144);
#4144 = CARTESIAN_POINT('',(116.,-100.97,-3.5E-02));
#4145 = VERTEX_POINT('',#4146);
#4146 = CARTESIAN_POINT('',(116.,-100.97,0.945));
#4147 = LINE('',#4148,#4149);
#4148 = CARTESIAN_POINT('',(116.,-100.97,-3.5E-02));
#4149 = VECTOR('',#4150,1.);
#4150 = DIRECTION('',(0.,0.,1.));
#4151 = ORIENTED_EDGE('',*,*,#4152,.T.);
#4152 = EDGE_CURVE('',#4145,#4145,#4153,.T.);
#4153 = CIRCLE('',#4154,0.7);
#4154 = AXIS2_PLACEMENT_3D('',#4155,#4156,#4157);
#4155 = CARTESIAN_POINT('',(116.,-100.27,0.945));
#4156 = DIRECTION('',(0.,0.,1.));
#4157 = DIRECTION('',(-0.,-1.,0.));
#4158 = ORIENTED_EDGE('',*,*,#4142,.F.);
#4159 = ORIENTED_EDGE('',*,*,#4160,.F.);
#4160 = EDGE_CURVE('',#4143,#4143,#4161,.T.);
#4161 = CIRCLE('',#4162,0.7);
#4162 = AXIS2_PLACEMENT_3D('',#4163,#4164,#4165);
#4163 = CARTESIAN_POINT('',(116.,-100.27,-3.5E-02));
#4164 = DIRECTION('',(0.,0.,1.));
#4165 = DIRECTION('',(-0.,-1.,0.));
#4166 = CYLINDRICAL_SURFACE('',#4167,0.7);
#4167 = AXIS2_PLACEMENT_3D('',#4168,#4169,#4170);
#4168 = CARTESIAN_POINT('',(116.,-100.27,-3.5E-02));
#4169 = DIRECTION('',(-0.,-0.,-1.));
#4170 = DIRECTION('',(-0.,-1.,0.));
#4171 = ADVANCED_FACE('',(#4172,#4175),#4186,.F.);
#4172 = FACE_BOUND('',#4173,.F.);
#4173 = EDGE_LOOP('',(#4174));
#4174 = ORIENTED_EDGE('',*,*,#4160,.T.);
#4175 = FACE_BOUND('',#4176,.F.);
#4176 = EDGE_LOOP('',(#4177));
#4177 = ORIENTED_EDGE('',*,*,#4178,.T.);
#4178 = EDGE_CURVE('',#4179,#4179,#4181,.T.);
#4179 = VERTEX_POINT('',#4180);
#4180 = CARTESIAN_POINT('',(116.,-100.945,-3.5E-02));
#4181 = CIRCLE('',#4182,0.675);
#4182 = AXIS2_PLACEMENT_3D('',#4183,#4184,#4185);
#4183 = CARTESIAN_POINT('',(116.,-100.27,-3.5E-02));
#4184 = DIRECTION('',(-0.,0.,-1.));
#4185 = DIRECTION('',(-0.,-1.,0.));
#4186 = PLANE('',#4187);
#4187 = AXIS2_PLACEMENT_3D('',#4188,#4189,#4190);
#4188 = CARTESIAN_POINT('',(116.,-100.97,-3.5E-02));
#4189 = DIRECTION('',(0.,0.,1.));
#4190 = DIRECTION('',(1.,0.,-0.));
#4191 = ADVANCED_FACE('',(#4192,#4195),#4206,.T.);
#4192 = FACE_BOUND('',#4193,.T.);
#4193 = EDGE_LOOP('',(#4194));
#4194 = ORIENTED_EDGE('',*,*,#4152,.T.);
#4195 = FACE_BOUND('',#4196,.T.);
#4196 = EDGE_LOOP('',(#4197));
#4197 = ORIENTED_EDGE('',*,*,#4198,.T.);
#4198 = EDGE_CURVE('',#4199,#4199,#4201,.T.);
#4199 = VERTEX_POINT('',#4200);
#4200 = CARTESIAN_POINT('',(116.,-100.945,0.945));
#4201 = CIRCLE('',#4202,0.675);
#4202 = AXIS2_PLACEMENT_3D('',#4203,#4204,#4205);
#4203 = CARTESIAN_POINT('',(116.,-100.27,0.945));
#4204 = DIRECTION('',(-0.,0.,-1.));
#4205 = DIRECTION('',(-0.,-1.,0.));
#4206 = PLANE('',#4207);
#4207 = AXIS2_PLACEMENT_3D('',#4208,#4209,#4210);
#4208 = CARTESIAN_POINT('',(116.,-100.97,0.945));
#4209 = DIRECTION('',(0.,0.,1.));
#4210 = DIRECTION('',(1.,0.,-0.));
#4211 = ADVANCED_FACE('',(#4212),#4223,.F.);
#4212 = FACE_BOUND('',#4213,.T.);
#4213 = EDGE_LOOP('',(#4214,#4215,#4221,#4222));
#4214 = ORIENTED_EDGE('',*,*,#4178,.T.);
#4215 = ORIENTED_EDGE('',*,*,#4216,.T.);
#4216 = EDGE_CURVE('',#4179,#4199,#4217,.T.);
#4217 = LINE('',#4218,#4219);
#4218 = CARTESIAN_POINT('',(116.,-100.945,-4.6E-02));
#4219 = VECTOR('',#4220,1.);
#4220 = DIRECTION('',(0.,0.,1.));
#4221 = ORIENTED_EDGE('',*,*,#4198,.F.);
#4222 = ORIENTED_EDGE('',*,*,#4216,.F.);
#4223 = CYLINDRICAL_SURFACE('',#4224,0.675);
#4224 = AXIS2_PLACEMENT_3D('',#4225,#4226,#4227);
#4225 = CARTESIAN_POINT('',(116.,-100.27,-4.6E-02));
#4226 = DIRECTION('',(-0.,-0.,-1.));
#4227 = DIRECTION('',(-0.,-1.,0.));
#4228 = MANIFOLD_SOLID_BREP('',#4229);
#4229 = CLOSED_SHELL('',(#4230,#4272,#4303,#4336,#4367,#4400,#4431,#4464
    ,#4486,#4502));
#4230 = ADVANCED_FACE('',(#4231),#4267,.T.);
#4231 = FACE_BOUND('',#4232,.T.);
#4232 = EDGE_LOOP('',(#4233,#4243,#4252,#4260));
#4233 = ORIENTED_EDGE('',*,*,#4234,.T.);
#4234 = EDGE_CURVE('',#4235,#4237,#4239,.T.);
#4235 = VERTEX_POINT('',#4236);
#4236 = CARTESIAN_POINT('',(105.69,-94.83,0.91));
#4237 = VERTEX_POINT('',#4238);
#4238 = CARTESIAN_POINT('',(105.69,-94.83,0.95));
#4239 = LINE('',#4240,#4241);
#4240 = CARTESIAN_POINT('',(105.69,-94.83,0.91));
#4241 = VECTOR('',#4242,1.);
#4242 = DIRECTION('',(0.,0.,1.));
#4243 = ORIENTED_EDGE('',*,*,#4244,.T.);
#4244 = EDGE_CURVE('',#4237,#4245,#4247,.T.);
#4245 = VERTEX_POINT('',#4246);
#4246 = CARTESIAN_POINT('',(105.8025,-94.7175,0.95));
#4247 = CIRCLE('',#4248,0.112498336922);
#4248 = AXIS2_PLACEMENT_3D('',#4249,#4250,#4251);
#4249 = CARTESIAN_POINT('',(105.80249833691,-94.82999833691,0.95));
#4250 = DIRECTION('',(0.,0.,-1.));
#4251 = DIRECTION('',(-0.999999999891,-1.478324205583E-05,-0.));
#4252 = ORIENTED_EDGE('',*,*,#4253,.F.);
#4253 = EDGE_CURVE('',#4254,#4245,#4256,.T.);
#4254 = VERTEX_POINT('',#4255);
#4255 = CARTESIAN_POINT('',(105.8025,-94.7175,0.91));
#4256 = LINE('',#4257,#4258);
#4257 = CARTESIAN_POINT('',(105.8025,-94.7175,0.91));
#4258 = VECTOR('',#4259,1.);
#4259 = DIRECTION('',(0.,0.,1.));
#4260 = ORIENTED_EDGE('',*,*,#4261,.F.);
#4261 = EDGE_CURVE('',#4235,#4254,#4262,.T.);
#4262 = CIRCLE('',#4263,0.112498336922);
#4263 = AXIS2_PLACEMENT_3D('',#4264,#4265,#4266);
#4264 = CARTESIAN_POINT('',(105.80249833691,-94.82999833691,0.91));
#4265 = DIRECTION('',(0.,0.,-1.));
#4266 = DIRECTION('',(-0.999999999891,-1.478324205583E-05,-0.));
#4267 = CYLINDRICAL_SURFACE('',#4268,0.112498336922);
#4268 = AXIS2_PLACEMENT_3D('',#4269,#4270,#4271);
#4269 = CARTESIAN_POINT('',(105.80249833691,-94.82999833691,0.91));
#4270 = DIRECTION('',(0.,0.,-1.));
#4271 = DIRECTION('',(-0.999999999891,-1.478324205583E-05,-0.));
#4272 = ADVANCED_FACE('',(#4273),#4298,.T.);
#4273 = FACE_BOUND('',#4274,.T.);
#4274 = EDGE_LOOP('',(#4275,#4276,#4284,#4292));
#4275 = ORIENTED_EDGE('',*,*,#4253,.T.);
#4276 = ORIENTED_EDGE('',*,*,#4277,.T.);
#4277 = EDGE_CURVE('',#4245,#4278,#4280,.T.);
#4278 = VERTEX_POINT('',#4279);
#4279 = CARTESIAN_POINT('',(106.1775,-94.7175,0.95));
#4280 = LINE('',#4281,#4282);
#4281 = CARTESIAN_POINT('',(105.8025,-94.7175,0.95));
#4282 = VECTOR('',#4283,1.);
#4283 = DIRECTION('',(1.,0.,0.));
#4284 = ORIENTED_EDGE('',*,*,#4285,.F.);
#4285 = EDGE_CURVE('',#4286,#4278,#4288,.T.);
#4286 = VERTEX_POINT('',#4287);
#4287 = CARTESIAN_POINT('',(106.1775,-94.7175,0.91));
#4288 = LINE('',#4289,#4290);
#4289 = CARTESIAN_POINT('',(106.1775,-94.7175,0.91));
#4290 = VECTOR('',#4291,1.);
#4291 = DIRECTION('',(0.,0.,1.));
#4292 = ORIENTED_EDGE('',*,*,#4293,.F.);
#4293 = EDGE_CURVE('',#4254,#4286,#4294,.T.);
#4294 = LINE('',#4295,#4296);
#4295 = CARTESIAN_POINT('',(105.8025,-94.7175,0.91));
#4296 = VECTOR('',#4297,1.);
#4297 = DIRECTION('',(1.,0.,0.));
#4298 = PLANE('',#4299);
#4299 = AXIS2_PLACEMENT_3D('',#4300,#4301,#4302);
#4300 = CARTESIAN_POINT('',(105.8025,-94.7175,0.91));
#4301 = DIRECTION('',(0.,1.,0.));
#4302 = DIRECTION('',(1.,0.,0.));
#4303 = ADVANCED_FACE('',(#4304),#4331,.T.);
#4304 = FACE_BOUND('',#4305,.T.);
#4305 = EDGE_LOOP('',(#4306,#4307,#4316,#4324));
#4306 = ORIENTED_EDGE('',*,*,#4285,.T.);
#4307 = ORIENTED_EDGE('',*,*,#4308,.T.);
#4308 = EDGE_CURVE('',#4278,#4309,#4311,.T.);
#4309 = VERTEX_POINT('',#4310);
#4310 = CARTESIAN_POINT('',(106.29,-94.83,0.95));
#4311 = CIRCLE('',#4312,0.112498336922);
#4312 = AXIS2_PLACEMENT_3D('',#4313,#4314,#4315);
#4313 = CARTESIAN_POINT('',(106.17750166309,-94.82999833691,0.95));
#4314 = DIRECTION('',(0.,0.,-1.));
#4315 = DIRECTION('',(-1.478324205583E-05,0.999999999891,0.));
#4316 = ORIENTED_EDGE('',*,*,#4317,.F.);
#4317 = EDGE_CURVE('',#4318,#4309,#4320,.T.);
#4318 = VERTEX_POINT('',#4319);
#4319 = CARTESIAN_POINT('',(106.29,-94.83,0.91));
#4320 = LINE('',#4321,#4322);
#4321 = CARTESIAN_POINT('',(106.29,-94.83,0.91));
#4322 = VECTOR('',#4323,1.);
#4323 = DIRECTION('',(0.,0.,1.));
#4324 = ORIENTED_EDGE('',*,*,#4325,.F.);
#4325 = EDGE_CURVE('',#4286,#4318,#4326,.T.);
#4326 = CIRCLE('',#4327,0.112498336922);
#4327 = AXIS2_PLACEMENT_3D('',#4328,#4329,#4330);
#4328 = CARTESIAN_POINT('',(106.17750166309,-94.82999833691,0.91));
#4329 = DIRECTION('',(0.,0.,-1.));
#4330 = DIRECTION('',(-1.478324205583E-05,0.999999999891,0.));
#4331 = CYLINDRICAL_SURFACE('',#4332,0.112498336922);
#4332 = AXIS2_PLACEMENT_3D('',#4333,#4334,#4335);
#4333 = CARTESIAN_POINT('',(106.17750166309,-94.82999833691,0.91));
#4334 = DIRECTION('',(0.,0.,-1.));
#4335 = DIRECTION('',(-1.478324205583E-05,0.999999999891,0.));
#4336 = ADVANCED_FACE('',(#4337),#4362,.T.);
#4337 = FACE_BOUND('',#4338,.T.);
#4338 = EDGE_LOOP('',(#4339,#4340,#4348,#4356));
#4339 = ORIENTED_EDGE('',*,*,#4317,.T.);
#4340 = ORIENTED_EDGE('',*,*,#4341,.T.);
#4341 = EDGE_CURVE('',#4309,#4342,#4344,.T.);
#4342 = VERTEX_POINT('',#4343);
#4343 = CARTESIAN_POINT('',(106.29,-95.055,0.95));
#4344 = LINE('',#4345,#4346);
#4345 = CARTESIAN_POINT('',(106.29,-94.83,0.95));
#4346 = VECTOR('',#4347,1.);
#4347 = DIRECTION('',(0.,-1.,0.));
#4348 = ORIENTED_EDGE('',*,*,#4349,.F.);
#4349 = EDGE_CURVE('',#4350,#4342,#4352,.T.);
#4350 = VERTEX_POINT('',#4351);
#4351 = CARTESIAN_POINT('',(106.29,-95.055,0.91));
#4352 = LINE('',#4353,#4354);
#4353 = CARTESIAN_POINT('',(106.29,-95.055,0.91));
#4354 = VECTOR('',#4355,1.);
#4355 = DIRECTION('',(0.,0.,1.));
#4356 = ORIENTED_EDGE('',*,*,#4357,.F.);
#4357 = EDGE_CURVE('',#4318,#4350,#4358,.T.);
#4358 = LINE('',#4359,#4360);
#4359 = CARTESIAN_POINT('',(106.29,-94.83,0.91));
#4360 = VECTOR('',#4361,1.);
#4361 = DIRECTION('',(0.,-1.,0.));
#4362 = PLANE('',#4363);
#4363 = AXIS2_PLACEMENT_3D('',#4364,#4365,#4366);
#4364 = CARTESIAN_POINT('',(106.29,-94.83,0.91));
#4365 = DIRECTION('',(1.,0.,-0.));
#4366 = DIRECTION('',(0.,-1.,0.));
#4367 = ADVANCED_FACE('',(#4368),#4395,.T.);
#4368 = FACE_BOUND('',#4369,.T.);
#4369 = EDGE_LOOP('',(#4370,#4371,#4380,#4388));
#4370 = ORIENTED_EDGE('',*,*,#4349,.T.);
#4371 = ORIENTED_EDGE('',*,*,#4372,.T.);
#4372 = EDGE_CURVE('',#4342,#4373,#4375,.T.);
#4373 = VERTEX_POINT('',#4374);
#4374 = CARTESIAN_POINT('',(106.1775,-95.1675,0.95));
#4375 = CIRCLE('',#4376,0.112498336922);
#4376 = AXIS2_PLACEMENT_3D('',#4377,#4378,#4379);
#4377 = CARTESIAN_POINT('',(106.17750166309,-95.05500166309,0.95));
#4378 = DIRECTION('',(0.,0.,-1.));
#4379 = DIRECTION('',(0.999999999891,1.478324180318E-05,0.));
#4380 = ORIENTED_EDGE('',*,*,#4381,.F.);
#4381 = EDGE_CURVE('',#4382,#4373,#4384,.T.);
#4382 = VERTEX_POINT('',#4383);
#4383 = CARTESIAN_POINT('',(106.1775,-95.1675,0.91));
#4384 = LINE('',#4385,#4386);
#4385 = CARTESIAN_POINT('',(106.1775,-95.1675,0.91));
#4386 = VECTOR('',#4387,1.);
#4387 = DIRECTION('',(0.,0.,1.));
#4388 = ORIENTED_EDGE('',*,*,#4389,.F.);
#4389 = EDGE_CURVE('',#4350,#4382,#4390,.T.);
#4390 = CIRCLE('',#4391,0.112498336922);
#4391 = AXIS2_PLACEMENT_3D('',#4392,#4393,#4394);
#4392 = CARTESIAN_POINT('',(106.17750166309,-95.05500166309,0.91));
#4393 = DIRECTION('',(0.,0.,-1.));
#4394 = DIRECTION('',(0.999999999891,1.478324180318E-05,0.));
#4395 = CYLINDRICAL_SURFACE('',#4396,0.112498336922);
#4396 = AXIS2_PLACEMENT_3D('',#4397,#4398,#4399);
#4397 = CARTESIAN_POINT('',(106.17750166309,-95.05500166309,0.91));
#4398 = DIRECTION('',(0.,0.,-1.));
#4399 = DIRECTION('',(0.999999999891,1.478324180318E-05,0.));
#4400 = ADVANCED_FACE('',(#4401),#4426,.T.);
#4401 = FACE_BOUND('',#4402,.T.);
#4402 = EDGE_LOOP('',(#4403,#4404,#4412,#4420));
#4403 = ORIENTED_EDGE('',*,*,#4381,.T.);
#4404 = ORIENTED_EDGE('',*,*,#4405,.T.);
#4405 = EDGE_CURVE('',#4373,#4406,#4408,.T.);
#4406 = VERTEX_POINT('',#4407);
#4407 = CARTESIAN_POINT('',(105.8025,-95.1675,0.95));
#4408 = LINE('',#4409,#4410);
#4409 = CARTESIAN_POINT('',(106.1775,-95.1675,0.95));
#4410 = VECTOR('',#4411,1.);
#4411 = DIRECTION('',(-1.,0.,0.));
#4412 = ORIENTED_EDGE('',*,*,#4413,.F.);
#4413 = EDGE_CURVE('',#4414,#4406,#4416,.T.);
#4414 = VERTEX_POINT('',#4415);
#4415 = CARTESIAN_POINT('',(105.8025,-95.1675,0.91));
#4416 = LINE('',#4417,#4418);
#4417 = CARTESIAN_POINT('',(105.8025,-95.1675,0.91));
#4418 = VECTOR('',#4419,1.);
#4419 = DIRECTION('',(0.,0.,1.));
#4420 = ORIENTED_EDGE('',*,*,#4421,.F.);
#4421 = EDGE_CURVE('',#4382,#4414,#4422,.T.);
#4422 = LINE('',#4423,#4424);
#4423 = CARTESIAN_POINT('',(106.1775,-95.1675,0.91));
#4424 = VECTOR('',#4425,1.);
#4425 = DIRECTION('',(-1.,0.,0.));
#4426 = PLANE('',#4427);
#4427 = AXIS2_PLACEMENT_3D('',#4428,#4429,#4430);
#4428 = CARTESIAN_POINT('',(106.1775,-95.1675,0.91));
#4429 = DIRECTION('',(0.,-1.,0.));
#4430 = DIRECTION('',(-1.,0.,0.));
#4431 = ADVANCED_FACE('',(#4432),#4459,.T.);
#4432 = FACE_BOUND('',#4433,.T.);
#4433 = EDGE_LOOP('',(#4434,#4435,#4444,#4452));
#4434 = ORIENTED_EDGE('',*,*,#4413,.T.);
#4435 = ORIENTED_EDGE('',*,*,#4436,.T.);
#4436 = EDGE_CURVE('',#4406,#4437,#4439,.T.);
#4437 = VERTEX_POINT('',#4438);
#4438 = CARTESIAN_POINT('',(105.69,-95.055,0.95));
#4439 = CIRCLE('',#4440,0.112498336922);
#4440 = AXIS2_PLACEMENT_3D('',#4441,#4442,#4443);
#4441 = CARTESIAN_POINT('',(105.80249833691,-95.05500166309,0.95));
#4442 = DIRECTION('',(0.,0.,-1.));
#4443 = DIRECTION('',(1.47832419295E-05,-0.999999999891,0.));
#4444 = ORIENTED_EDGE('',*,*,#4445,.F.);
#4445 = EDGE_CURVE('',#4446,#4437,#4448,.T.);
#4446 = VERTEX_POINT('',#4447);
#4447 = CARTESIAN_POINT('',(105.69,-95.055,0.91));
#4448 = LINE('',#4449,#4450);
#4449 = CARTESIAN_POINT('',(105.69,-95.055,0.91));
#4450 = VECTOR('',#4451,1.);
#4451 = DIRECTION('',(0.,0.,1.));
#4452 = ORIENTED_EDGE('',*,*,#4453,.F.);
#4453 = EDGE_CURVE('',#4414,#4446,#4454,.T.);
#4454 = CIRCLE('',#4455,0.112498336922);
#4455 = AXIS2_PLACEMENT_3D('',#4456,#4457,#4458);
#4456 = CARTESIAN_POINT('',(105.80249833691,-95.05500166309,0.91));
#4457 = DIRECTION('',(0.,0.,-1.));
#4458 = DIRECTION('',(1.47832419295E-05,-0.999999999891,0.));
#4459 = CYLINDRICAL_SURFACE('',#4460,0.112498336922);
#4460 = AXIS2_PLACEMENT_3D('',#4461,#4462,#4463);
#4461 = CARTESIAN_POINT('',(105.80249833691,-95.05500166309,0.91));
#4462 = DIRECTION('',(0.,0.,-1.));
#4463 = DIRECTION('',(1.47832419295E-05,-0.999999999891,0.));
#4464 = ADVANCED_FACE('',(#4465),#4481,.T.);
#4465 = FACE_BOUND('',#4466,.T.);
#4466 = EDGE_LOOP('',(#4467,#4468,#4474,#4475));
#4467 = ORIENTED_EDGE('',*,*,#4445,.T.);
#4468 = ORIENTED_EDGE('',*,*,#4469,.T.);
#4469 = EDGE_CURVE('',#4437,#4237,#4470,.T.);
#4470 = LINE('',#4471,#4472);
#4471 = CARTESIAN_POINT('',(105.69,-95.055,0.95));
#4472 = VECTOR('',#4473,1.);
#4473 = DIRECTION('',(0.,1.,0.));
#4474 = ORIENTED_EDGE('',*,*,#4234,.F.);
#4475 = ORIENTED_EDGE('',*,*,#4476,.F.);
#4476 = EDGE_CURVE('',#4446,#4235,#4477,.T.);
#4477 = LINE('',#4478,#4479);
#4478 = CARTESIAN_POINT('',(105.69,-95.055,0.91));
#4479 = VECTOR('',#4480,1.);
#4480 = DIRECTION('',(0.,1.,0.));
#4481 = PLANE('',#4482);
#4482 = AXIS2_PLACEMENT_3D('',#4483,#4484,#4485);
#4483 = CARTESIAN_POINT('',(105.69,-95.055,0.91));
#4484 = DIRECTION('',(-1.,0.,0.));
#4485 = DIRECTION('',(0.,1.,0.));
#4486 = ADVANCED_FACE('',(#4487),#4497,.F.);
#4487 = FACE_BOUND('',#4488,.T.);
#4488 = EDGE_LOOP('',(#4489,#4490,#4491,#4492,#4493,#4494,#4495,#4496));
#4489 = ORIENTED_EDGE('',*,*,#4261,.T.);
#4490 = ORIENTED_EDGE('',*,*,#4293,.T.);
#4491 = ORIENTED_EDGE('',*,*,#4325,.T.);
#4492 = ORIENTED_EDGE('',*,*,#4357,.T.);
#4493 = ORIENTED_EDGE('',*,*,#4389,.T.);
#4494 = ORIENTED_EDGE('',*,*,#4421,.T.);
#4495 = ORIENTED_EDGE('',*,*,#4453,.T.);
#4496 = ORIENTED_EDGE('',*,*,#4476,.T.);
#4497 = PLANE('',#4498);
#4498 = AXIS2_PLACEMENT_3D('',#4499,#4500,#4501);
#4499 = CARTESIAN_POINT('',(0.,0.,0.91));
#4500 = DIRECTION('',(0.,0.,1.));
#4501 = DIRECTION('',(1.,0.,-0.));
#4502 = ADVANCED_FACE('',(#4503),#4513,.T.);
#4503 = FACE_BOUND('',#4504,.F.);
#4504 = EDGE_LOOP('',(#4505,#4506,#4507,#4508,#4509,#4510,#4511,#4512));
#4505 = ORIENTED_EDGE('',*,*,#4244,.T.);
#4506 = ORIENTED_EDGE('',*,*,#4277,.T.);
#4507 = ORIENTED_EDGE('',*,*,#4308,.T.);
#4508 = ORIENTED_EDGE('',*,*,#4341,.T.);
#4509 = ORIENTED_EDGE('',*,*,#4372,.T.);
#4510 = ORIENTED_EDGE('',*,*,#4405,.T.);
#4511 = ORIENTED_EDGE('',*,*,#4436,.T.);
#4512 = ORIENTED_EDGE('',*,*,#4469,.T.);
#4513 = PLANE('',#4514);
#4514 = AXIS2_PLACEMENT_3D('',#4515,#4516,#4517);
#4515 = CARTESIAN_POINT('',(0.,0.,0.95));
#4516 = DIRECTION('',(0.,0.,1.));
#4517 = DIRECTION('',(1.,0.,-0.));
#4518 = MANIFOLD_SOLID_BREP('',#4519);
#4519 = CLOSED_SHELL('',(#4520,#4562,#4593,#4626,#4657,#4690,#4721,#4754
    ,#4776,#4792));
#4520 = ADVANCED_FACE('',(#4521),#4557,.T.);
#4521 = FACE_BOUND('',#4522,.T.);
#4522 = EDGE_LOOP('',(#4523,#4533,#4542,#4550));
#4523 = ORIENTED_EDGE('',*,*,#4524,.T.);
#4524 = EDGE_CURVE('',#4525,#4527,#4529,.T.);
#4525 = VERTEX_POINT('',#4526);
#4526 = CARTESIAN_POINT('',(107.79,-94.83,0.91));
#4527 = VERTEX_POINT('',#4528);
#4528 = CARTESIAN_POINT('',(107.79,-94.83,0.95));
#4529 = LINE('',#4530,#4531);
#4530 = CARTESIAN_POINT('',(107.79,-94.83,0.91));
#4531 = VECTOR('',#4532,1.);
#4532 = DIRECTION('',(0.,0.,1.));
#4533 = ORIENTED_EDGE('',*,*,#4534,.T.);
#4534 = EDGE_CURVE('',#4527,#4535,#4537,.T.);
#4535 = VERTEX_POINT('',#4536);
#4536 = CARTESIAN_POINT('',(107.9025,-94.7175,0.95));
#4537 = CIRCLE('',#4538,0.112498336922);
#4538 = AXIS2_PLACEMENT_3D('',#4539,#4540,#4541);
#4539 = CARTESIAN_POINT('',(107.90249833691,-94.82999833691,0.95));
#4540 = DIRECTION('',(0.,0.,-1.));
#4541 = DIRECTION('',(-0.999999999891,-1.47832419295E-05,-0.));
#4542 = ORIENTED_EDGE('',*,*,#4543,.F.);
#4543 = EDGE_CURVE('',#4544,#4535,#4546,.T.);
#4544 = VERTEX_POINT('',#4545);
#4545 = CARTESIAN_POINT('',(107.9025,-94.7175,0.91));
#4546 = LINE('',#4547,#4548);
#4547 = CARTESIAN_POINT('',(107.9025,-94.7175,0.91));
#4548 = VECTOR('',#4549,1.);
#4549 = DIRECTION('',(0.,0.,1.));
#4550 = ORIENTED_EDGE('',*,*,#4551,.F.);
#4551 = EDGE_CURVE('',#4525,#4544,#4552,.T.);
#4552 = CIRCLE('',#4553,0.112498336922);
#4553 = AXIS2_PLACEMENT_3D('',#4554,#4555,#4556);
#4554 = CARTESIAN_POINT('',(107.90249833691,-94.82999833691,0.91));
#4555 = DIRECTION('',(0.,0.,-1.));
#4556 = DIRECTION('',(-0.999999999891,-1.47832419295E-05,-0.));
#4557 = CYLINDRICAL_SURFACE('',#4558,0.112498336922);
#4558 = AXIS2_PLACEMENT_3D('',#4559,#4560,#4561);
#4559 = CARTESIAN_POINT('',(107.90249833691,-94.82999833691,0.91));
#4560 = DIRECTION('',(0.,0.,-1.));
#4561 = DIRECTION('',(-0.999999999891,-1.47832419295E-05,-0.));
#4562 = ADVANCED_FACE('',(#4563),#4588,.T.);
#4563 = FACE_BOUND('',#4564,.T.);
#4564 = EDGE_LOOP('',(#4565,#4566,#4574,#4582));
#4565 = ORIENTED_EDGE('',*,*,#4543,.T.);
#4566 = ORIENTED_EDGE('',*,*,#4567,.T.);
#4567 = EDGE_CURVE('',#4535,#4568,#4570,.T.);
#4568 = VERTEX_POINT('',#4569);
#4569 = CARTESIAN_POINT('',(108.2775,-94.7175,0.95));
#4570 = LINE('',#4571,#4572);
#4571 = CARTESIAN_POINT('',(107.9025,-94.7175,0.95));
#4572 = VECTOR('',#4573,1.);
#4573 = DIRECTION('',(1.,0.,0.));
#4574 = ORIENTED_EDGE('',*,*,#4575,.F.);
#4575 = EDGE_CURVE('',#4576,#4568,#4578,.T.);
#4576 = VERTEX_POINT('',#4577);
#4577 = CARTESIAN_POINT('',(108.2775,-94.7175,0.91));
#4578 = LINE('',#4579,#4580);
#4579 = CARTESIAN_POINT('',(108.2775,-94.7175,0.91));
#4580 = VECTOR('',#4581,1.);
#4581 = DIRECTION('',(0.,0.,1.));
#4582 = ORIENTED_EDGE('',*,*,#4583,.F.);
#4583 = EDGE_CURVE('',#4544,#4576,#4584,.T.);
#4584 = LINE('',#4585,#4586);
#4585 = CARTESIAN_POINT('',(107.9025,-94.7175,0.91));
#4586 = VECTOR('',#4587,1.);
#4587 = DIRECTION('',(1.,0.,0.));
#4588 = PLANE('',#4589);
#4589 = AXIS2_PLACEMENT_3D('',#4590,#4591,#4592);
#4590 = CARTESIAN_POINT('',(107.9025,-94.7175,0.91));
#4591 = DIRECTION('',(0.,1.,0.));
#4592 = DIRECTION('',(1.,0.,0.));
#4593 = ADVANCED_FACE('',(#4594),#4621,.T.);
#4594 = FACE_BOUND('',#4595,.T.);
#4595 = EDGE_LOOP('',(#4596,#4597,#4606,#4614));
#4596 = ORIENTED_EDGE('',*,*,#4575,.T.);
#4597 = ORIENTED_EDGE('',*,*,#4598,.T.);
#4598 = EDGE_CURVE('',#4568,#4599,#4601,.T.);
#4599 = VERTEX_POINT('',#4600);
#4600 = CARTESIAN_POINT('',(108.39,-94.83,0.95));
#4601 = CIRCLE('',#4602,0.112498336922);
#4602 = AXIS2_PLACEMENT_3D('',#4603,#4604,#4605);
#4603 = CARTESIAN_POINT('',(108.27750166309,-94.82999833691,0.95));
#4604 = DIRECTION('',(0.,0.,-1.));
#4605 = DIRECTION('',(-1.478324180319E-05,0.999999999891,0.));
#4606 = ORIENTED_EDGE('',*,*,#4607,.F.);
#4607 = EDGE_CURVE('',#4608,#4599,#4610,.T.);
#4608 = VERTEX_POINT('',#4609);
#4609 = CARTESIAN_POINT('',(108.39,-94.83,0.91));
#4610 = LINE('',#4611,#4612);
#4611 = CARTESIAN_POINT('',(108.39,-94.83,0.91));
#4612 = VECTOR('',#4613,1.);
#4613 = DIRECTION('',(0.,0.,1.));
#4614 = ORIENTED_EDGE('',*,*,#4615,.F.);
#4615 = EDGE_CURVE('',#4576,#4608,#4616,.T.);
#4616 = CIRCLE('',#4617,0.112498336922);
#4617 = AXIS2_PLACEMENT_3D('',#4618,#4619,#4620);
#4618 = CARTESIAN_POINT('',(108.27750166309,-94.82999833691,0.91));
#4619 = DIRECTION('',(0.,0.,-1.));
#4620 = DIRECTION('',(-1.478324180319E-05,0.999999999891,0.));
#4621 = CYLINDRICAL_SURFACE('',#4622,0.112498336922);
#4622 = AXIS2_PLACEMENT_3D('',#4623,#4624,#4625);
#4623 = CARTESIAN_POINT('',(108.27750166309,-94.82999833691,0.91));
#4624 = DIRECTION('',(0.,0.,-1.));
#4625 = DIRECTION('',(-1.478324180319E-05,0.999999999891,0.));
#4626 = ADVANCED_FACE('',(#4627),#4652,.T.);
#4627 = FACE_BOUND('',#4628,.T.);
#4628 = EDGE_LOOP('',(#4629,#4630,#4638,#4646));
#4629 = ORIENTED_EDGE('',*,*,#4607,.T.);
#4630 = ORIENTED_EDGE('',*,*,#4631,.T.);
#4631 = EDGE_CURVE('',#4599,#4632,#4634,.T.);
#4632 = VERTEX_POINT('',#4633);
#4633 = CARTESIAN_POINT('',(108.39,-95.055,0.95));
#4634 = LINE('',#4635,#4636);
#4635 = CARTESIAN_POINT('',(108.39,-94.83,0.95));
#4636 = VECTOR('',#4637,1.);
#4637 = DIRECTION('',(0.,-1.,0.));
#4638 = ORIENTED_EDGE('',*,*,#4639,.F.);
#4639 = EDGE_CURVE('',#4640,#4632,#4642,.T.);
#4640 = VERTEX_POINT('',#4641);
#4641 = CARTESIAN_POINT('',(108.39,-95.055,0.91));
#4642 = LINE('',#4643,#4644);
#4643 = CARTESIAN_POINT('',(108.39,-95.055,0.91));
#4644 = VECTOR('',#4645,1.);
#4645 = DIRECTION('',(0.,0.,1.));
#4646 = ORIENTED_EDGE('',*,*,#4647,.F.);
#4647 = EDGE_CURVE('',#4608,#4640,#4648,.T.);
#4648 = LINE('',#4649,#4650);
#4649 = CARTESIAN_POINT('',(108.39,-94.83,0.91));
#4650 = VECTOR('',#4651,1.);
#4651 = DIRECTION('',(0.,-1.,0.));
#4652 = PLANE('',#4653);
#4653 = AXIS2_PLACEMENT_3D('',#4654,#4655,#4656);
#4654 = CARTESIAN_POINT('',(108.39,-94.83,0.91));
#4655 = DIRECTION('',(1.,0.,-0.));
#4656 = DIRECTION('',(0.,-1.,0.));
#4657 = ADVANCED_FACE('',(#4658),#4685,.T.);
#4658 = FACE_BOUND('',#4659,.T.);
#4659 = EDGE_LOOP('',(#4660,#4661,#4670,#4678));
#4660 = ORIENTED_EDGE('',*,*,#4639,.T.);
#4661 = ORIENTED_EDGE('',*,*,#4662,.T.);
#4662 = EDGE_CURVE('',#4632,#4663,#4665,.T.);
#4663 = VERTEX_POINT('',#4664);
#4664 = CARTESIAN_POINT('',(108.2775,-95.1675,0.95));
#4665 = CIRCLE('',#4666,0.112498336922);
#4666 = AXIS2_PLACEMENT_3D('',#4667,#4668,#4669);
#4667 = CARTESIAN_POINT('',(108.27750166309,-95.05500166309,0.95));
#4668 = DIRECTION('',(0.,0.,-1.));
#4669 = DIRECTION('',(0.999999999891,1.478324180318E-05,0.));
#4670 = ORIENTED_EDGE('',*,*,#4671,.F.);
#4671 = EDGE_CURVE('',#4672,#4663,#4674,.T.);
#4672 = VERTEX_POINT('',#4673);
#4673 = CARTESIAN_POINT('',(108.2775,-95.1675,0.91));
#4674 = LINE('',#4675,#4676);
#4675 = CARTESIAN_POINT('',(108.2775,-95.1675,0.91));
#4676 = VECTOR('',#4677,1.);
#4677 = DIRECTION('',(0.,0.,1.));
#4678 = ORIENTED_EDGE('',*,*,#4679,.F.);
#4679 = EDGE_CURVE('',#4640,#4672,#4680,.T.);
#4680 = CIRCLE('',#4681,0.112498336922);
#4681 = AXIS2_PLACEMENT_3D('',#4682,#4683,#4684);
#4682 = CARTESIAN_POINT('',(108.27750166309,-95.05500166309,0.91));
#4683 = DIRECTION('',(0.,0.,-1.));
#4684 = DIRECTION('',(0.999999999891,1.478324180318E-05,0.));
#4685 = CYLINDRICAL_SURFACE('',#4686,0.112498336922);
#4686 = AXIS2_PLACEMENT_3D('',#4687,#4688,#4689);
#4687 = CARTESIAN_POINT('',(108.27750166309,-95.05500166309,0.91));
#4688 = DIRECTION('',(0.,0.,-1.));
#4689 = DIRECTION('',(0.999999999891,1.478324180318E-05,0.));
#4690 = ADVANCED_FACE('',(#4691),#4716,.T.);
#4691 = FACE_BOUND('',#4692,.T.);
#4692 = EDGE_LOOP('',(#4693,#4694,#4702,#4710));
#4693 = ORIENTED_EDGE('',*,*,#4671,.T.);
#4694 = ORIENTED_EDGE('',*,*,#4695,.T.);
#4695 = EDGE_CURVE('',#4663,#4696,#4698,.T.);
#4696 = VERTEX_POINT('',#4697);
#4697 = CARTESIAN_POINT('',(107.9025,-95.1675,0.95));
#4698 = LINE('',#4699,#4700);
#4699 = CARTESIAN_POINT('',(108.2775,-95.1675,0.95));
#4700 = VECTOR('',#4701,1.);
#4701 = DIRECTION('',(-1.,0.,0.));
#4702 = ORIENTED_EDGE('',*,*,#4703,.F.);
#4703 = EDGE_CURVE('',#4704,#4696,#4706,.T.);
#4704 = VERTEX_POINT('',#4705);
#4705 = CARTESIAN_POINT('',(107.9025,-95.1675,0.91));
#4706 = LINE('',#4707,#4708);
#4707 = CARTESIAN_POINT('',(107.9025,-95.1675,0.91));
#4708 = VECTOR('',#4709,1.);
#4709 = DIRECTION('',(0.,0.,1.));
#4710 = ORIENTED_EDGE('',*,*,#4711,.F.);
#4711 = EDGE_CURVE('',#4672,#4704,#4712,.T.);
#4712 = LINE('',#4713,#4714);
#4713 = CARTESIAN_POINT('',(108.2775,-95.1675,0.91));
#4714 = VECTOR('',#4715,1.);
#4715 = DIRECTION('',(-1.,0.,0.));
#4716 = PLANE('',#4717);
#4717 = AXIS2_PLACEMENT_3D('',#4718,#4719,#4720);
#4718 = CARTESIAN_POINT('',(108.2775,-95.1675,0.91));
#4719 = DIRECTION('',(0.,-1.,0.));
#4720 = DIRECTION('',(-1.,0.,0.));
#4721 = ADVANCED_FACE('',(#4722),#4749,.T.);
#4722 = FACE_BOUND('',#4723,.T.);
#4723 = EDGE_LOOP('',(#4724,#4725,#4734,#4742));
#4724 = ORIENTED_EDGE('',*,*,#4703,.T.);
#4725 = ORIENTED_EDGE('',*,*,#4726,.T.);
#4726 = EDGE_CURVE('',#4696,#4727,#4729,.T.);
#4727 = VERTEX_POINT('',#4728);
#4728 = CARTESIAN_POINT('',(107.79,-95.055,0.95));
#4729 = CIRCLE('',#4730,0.112498336922);
#4730 = AXIS2_PLACEMENT_3D('',#4731,#4732,#4733);
#4731 = CARTESIAN_POINT('',(107.90249833691,-95.05500166309,0.95));
#4732 = DIRECTION('',(0.,0.,-1.));
#4733 = DIRECTION('',(1.478324180318E-05,-0.999999999891,0.));
#4734 = ORIENTED_EDGE('',*,*,#4735,.F.);
#4735 = EDGE_CURVE('',#4736,#4727,#4738,.T.);
#4736 = VERTEX_POINT('',#4737);
#4737 = CARTESIAN_POINT('',(107.79,-95.055,0.91));
#4738 = LINE('',#4739,#4740);
#4739 = CARTESIAN_POINT('',(107.79,-95.055,0.91));
#4740 = VECTOR('',#4741,1.);
#4741 = DIRECTION('',(0.,0.,1.));
#4742 = ORIENTED_EDGE('',*,*,#4743,.F.);
#4743 = EDGE_CURVE('',#4704,#4736,#4744,.T.);
#4744 = CIRCLE('',#4745,0.112498336922);
#4745 = AXIS2_PLACEMENT_3D('',#4746,#4747,#4748);
#4746 = CARTESIAN_POINT('',(107.90249833691,-95.05500166309,0.91));
#4747 = DIRECTION('',(0.,0.,-1.));
#4748 = DIRECTION('',(1.478324180318E-05,-0.999999999891,0.));
#4749 = CYLINDRICAL_SURFACE('',#4750,0.112498336922);
#4750 = AXIS2_PLACEMENT_3D('',#4751,#4752,#4753);
#4751 = CARTESIAN_POINT('',(107.90249833691,-95.05500166309,0.91));
#4752 = DIRECTION('',(0.,0.,-1.));
#4753 = DIRECTION('',(1.478324180318E-05,-0.999999999891,0.));
#4754 = ADVANCED_FACE('',(#4755),#4771,.T.);
#4755 = FACE_BOUND('',#4756,.T.);
#4756 = EDGE_LOOP('',(#4757,#4758,#4764,#4765));
#4757 = ORIENTED_EDGE('',*,*,#4735,.T.);
#4758 = ORIENTED_EDGE('',*,*,#4759,.T.);
#4759 = EDGE_CURVE('',#4727,#4527,#4760,.T.);
#4760 = LINE('',#4761,#4762);
#4761 = CARTESIAN_POINT('',(107.79,-95.055,0.95));
#4762 = VECTOR('',#4763,1.);
#4763 = DIRECTION('',(0.,1.,0.));
#4764 = ORIENTED_EDGE('',*,*,#4524,.F.);
#4765 = ORIENTED_EDGE('',*,*,#4766,.F.);
#4766 = EDGE_CURVE('',#4736,#4525,#4767,.T.);
#4767 = LINE('',#4768,#4769);
#4768 = CARTESIAN_POINT('',(107.79,-95.055,0.91));
#4769 = VECTOR('',#4770,1.);
#4770 = DIRECTION('',(0.,1.,0.));
#4771 = PLANE('',#4772);
#4772 = AXIS2_PLACEMENT_3D('',#4773,#4774,#4775);
#4773 = CARTESIAN_POINT('',(107.79,-95.055,0.91));
#4774 = DIRECTION('',(-1.,0.,0.));
#4775 = DIRECTION('',(0.,1.,0.));
#4776 = ADVANCED_FACE('',(#4777),#4787,.F.);
#4777 = FACE_BOUND('',#4778,.T.);
#4778 = EDGE_LOOP('',(#4779,#4780,#4781,#4782,#4783,#4784,#4785,#4786));
#4779 = ORIENTED_EDGE('',*,*,#4551,.T.);
#4780 = ORIENTED_EDGE('',*,*,#4583,.T.);
#4781 = ORIENTED_EDGE('',*,*,#4615,.T.);
#4782 = ORIENTED_EDGE('',*,*,#4647,.T.);
#4783 = ORIENTED_EDGE('',*,*,#4679,.T.);
#4784 = ORIENTED_EDGE('',*,*,#4711,.T.);
#4785 = ORIENTED_EDGE('',*,*,#4743,.T.);
#4786 = ORIENTED_EDGE('',*,*,#4766,.T.);
#4787 = PLANE('',#4788);
#4788 = AXIS2_PLACEMENT_3D('',#4789,#4790,#4791);
#4789 = CARTESIAN_POINT('',(0.,0.,0.91));
#4790 = DIRECTION('',(0.,0.,1.));
#4791 = DIRECTION('',(1.,0.,-0.));
#4792 = ADVANCED_FACE('',(#4793),#4803,.T.);
#4793 = FACE_BOUND('',#4794,.F.);
#4794 = EDGE_LOOP('',(#4795,#4796,#4797,#4798,#4799,#4800,#4801,#4802));
#4795 = ORIENTED_EDGE('',*,*,#4534,.T.);
#4796 = ORIENTED_EDGE('',*,*,#4567,.T.);
#4797 = ORIENTED_EDGE('',*,*,#4598,.T.);
#4798 = ORIENTED_EDGE('',*,*,#4631,.T.);
#4799 = ORIENTED_EDGE('',*,*,#4662,.T.);
#4800 = ORIENTED_EDGE('',*,*,#4695,.T.);
#4801 = ORIENTED_EDGE('',*,*,#4726,.T.);
#4802 = ORIENTED_EDGE('',*,*,#4759,.T.);
#4803 = PLANE('',#4804);
#4804 = AXIS2_PLACEMENT_3D('',#4805,#4806,#4807);
#4805 = CARTESIAN_POINT('',(0.,0.,0.95));
#4806 = DIRECTION('',(0.,0.,1.));
#4807 = DIRECTION('',(1.,0.,-0.));
#4808 = MANIFOLD_SOLID_BREP('',#4809);
#4809 = CLOSED_SHELL('',(#4810,#4852,#4883,#4916,#4947,#4980,#5011,#5044
    ,#5066,#5082));
#4810 = ADVANCED_FACE('',(#4811),#4847,.T.);
#4811 = FACE_BOUND('',#4812,.T.);
#4812 = EDGE_LOOP('',(#4813,#4823,#4832,#4840));
#4813 = ORIENTED_EDGE('',*,*,#4814,.T.);
#4814 = EDGE_CURVE('',#4815,#4817,#4819,.T.);
#4815 = VERTEX_POINT('',#4816);
#4816 = CARTESIAN_POINT('',(105.69,-105.105,0.91));
#4817 = VERTEX_POINT('',#4818);
#4818 = CARTESIAN_POINT('',(105.69,-105.105,0.95));
#4819 = LINE('',#4820,#4821);
#4820 = CARTESIAN_POINT('',(105.69,-105.105,0.91));
#4821 = VECTOR('',#4822,1.);
#4822 = DIRECTION('',(0.,0.,1.));
#4823 = ORIENTED_EDGE('',*,*,#4824,.T.);
#4824 = EDGE_CURVE('',#4817,#4825,#4827,.T.);
#4825 = VERTEX_POINT('',#4826);
#4826 = CARTESIAN_POINT('',(105.8025,-104.9925,0.95));
#4827 = CIRCLE('',#4828,0.112498336922);
#4828 = AXIS2_PLACEMENT_3D('',#4829,#4830,#4831);
#4829 = CARTESIAN_POINT('',(105.80249833691,-105.1049983369,0.95));
#4830 = DIRECTION('',(0.,0.,-1.));
#4831 = DIRECTION('',(-0.999999999891,-1.478324205583E-05,-0.));
#4832 = ORIENTED_EDGE('',*,*,#4833,.F.);
#4833 = EDGE_CURVE('',#4834,#4825,#4836,.T.);
#4834 = VERTEX_POINT('',#4835);
#4835 = CARTESIAN_POINT('',(105.8025,-104.9925,0.91));
#4836 = LINE('',#4837,#4838);
#4837 = CARTESIAN_POINT('',(105.8025,-104.9925,0.91));
#4838 = VECTOR('',#4839,1.);
#4839 = DIRECTION('',(0.,0.,1.));
#4840 = ORIENTED_EDGE('',*,*,#4841,.F.);
#4841 = EDGE_CURVE('',#4815,#4834,#4842,.T.);
#4842 = CIRCLE('',#4843,0.112498336922);
#4843 = AXIS2_PLACEMENT_3D('',#4844,#4845,#4846);
#4844 = CARTESIAN_POINT('',(105.80249833691,-105.1049983369,0.91));
#4845 = DIRECTION('',(0.,0.,-1.));
#4846 = DIRECTION('',(-0.999999999891,-1.478324205583E-05,-0.));
#4847 = CYLINDRICAL_SURFACE('',#4848,0.112498336922);
#4848 = AXIS2_PLACEMENT_3D('',#4849,#4850,#4851);
#4849 = CARTESIAN_POINT('',(105.80249833691,-105.1049983369,0.91));
#4850 = DIRECTION('',(0.,0.,-1.));
#4851 = DIRECTION('',(-0.999999999891,-1.478324205583E-05,-0.));
#4852 = ADVANCED_FACE('',(#4853),#4878,.T.);
#4853 = FACE_BOUND('',#4854,.T.);
#4854 = EDGE_LOOP('',(#4855,#4856,#4864,#4872));
#4855 = ORIENTED_EDGE('',*,*,#4833,.T.);
#4856 = ORIENTED_EDGE('',*,*,#4857,.T.);
#4857 = EDGE_CURVE('',#4825,#4858,#4860,.T.);
#4858 = VERTEX_POINT('',#4859);
#4859 = CARTESIAN_POINT('',(106.1775,-104.9925,0.95));
#4860 = LINE('',#4861,#4862);
#4861 = CARTESIAN_POINT('',(105.8025,-104.9925,0.95));
#4862 = VECTOR('',#4863,1.);
#4863 = DIRECTION('',(1.,0.,0.));
#4864 = ORIENTED_EDGE('',*,*,#4865,.F.);
#4865 = EDGE_CURVE('',#4866,#4858,#4868,.T.);
#4866 = VERTEX_POINT('',#4867);
#4867 = CARTESIAN_POINT('',(106.1775,-104.9925,0.91));
#4868 = LINE('',#4869,#4870);
#4869 = CARTESIAN_POINT('',(106.1775,-104.9925,0.91));
#4870 = VECTOR('',#4871,1.);
#4871 = DIRECTION('',(0.,0.,1.));
#4872 = ORIENTED_EDGE('',*,*,#4873,.F.);
#4873 = EDGE_CURVE('',#4834,#4866,#4874,.T.);
#4874 = LINE('',#4875,#4876);
#4875 = CARTESIAN_POINT('',(105.8025,-104.9925,0.91));
#4876 = VECTOR('',#4877,1.);
#4877 = DIRECTION('',(1.,0.,0.));
#4878 = PLANE('',#4879);
#4879 = AXIS2_PLACEMENT_3D('',#4880,#4881,#4882);
#4880 = CARTESIAN_POINT('',(105.8025,-104.9925,0.91));
#4881 = DIRECTION('',(0.,1.,0.));
#4882 = DIRECTION('',(1.,0.,0.));
#4883 = ADVANCED_FACE('',(#4884),#4911,.T.);
#4884 = FACE_BOUND('',#4885,.T.);
#4885 = EDGE_LOOP('',(#4886,#4887,#4896,#4904));
#4886 = ORIENTED_EDGE('',*,*,#4865,.T.);
#4887 = ORIENTED_EDGE('',*,*,#4888,.T.);
#4888 = EDGE_CURVE('',#4858,#4889,#4891,.T.);
#4889 = VERTEX_POINT('',#4890);
#4890 = CARTESIAN_POINT('',(106.29,-105.105,0.95));
#4891 = CIRCLE('',#4892,0.112498336922);
#4892 = AXIS2_PLACEMENT_3D('',#4893,#4894,#4895);
#4893 = CARTESIAN_POINT('',(106.17750166309,-105.1049983369,0.95));
#4894 = DIRECTION('',(0.,0.,-1.));
#4895 = DIRECTION('',(-1.478324205583E-05,0.999999999891,0.));
#4896 = ORIENTED_EDGE('',*,*,#4897,.F.);
#4897 = EDGE_CURVE('',#4898,#4889,#4900,.T.);
#4898 = VERTEX_POINT('',#4899);
#4899 = CARTESIAN_POINT('',(106.29,-105.105,0.91));
#4900 = LINE('',#4901,#4902);
#4901 = CARTESIAN_POINT('',(106.29,-105.105,0.91));
#4902 = VECTOR('',#4903,1.);
#4903 = DIRECTION('',(0.,0.,1.));
#4904 = ORIENTED_EDGE('',*,*,#4905,.F.);
#4905 = EDGE_CURVE('',#4866,#4898,#4906,.T.);
#4906 = CIRCLE('',#4907,0.112498336922);
#4907 = AXIS2_PLACEMENT_3D('',#4908,#4909,#4910);
#4908 = CARTESIAN_POINT('',(106.17750166309,-105.1049983369,0.91));
#4909 = DIRECTION('',(0.,0.,-1.));
#4910 = DIRECTION('',(-1.478324205583E-05,0.999999999891,0.));
#4911 = CYLINDRICAL_SURFACE('',#4912,0.112498336922);
#4912 = AXIS2_PLACEMENT_3D('',#4913,#4914,#4915);
#4913 = CARTESIAN_POINT('',(106.17750166309,-105.1049983369,0.91));
#4914 = DIRECTION('',(0.,0.,-1.));
#4915 = DIRECTION('',(-1.478324205583E-05,0.999999999891,0.));
#4916 = ADVANCED_FACE('',(#4917),#4942,.T.);
#4917 = FACE_BOUND('',#4918,.T.);
#4918 = EDGE_LOOP('',(#4919,#4920,#4928,#4936));
#4919 = ORIENTED_EDGE('',*,*,#4897,.T.);
#4920 = ORIENTED_EDGE('',*,*,#4921,.T.);
#4921 = EDGE_CURVE('',#4889,#4922,#4924,.T.);
#4922 = VERTEX_POINT('',#4923);
#4923 = CARTESIAN_POINT('',(106.29,-105.33,0.95));
#4924 = LINE('',#4925,#4926);
#4925 = CARTESIAN_POINT('',(106.29,-105.105,0.95));
#4926 = VECTOR('',#4927,1.);
#4927 = DIRECTION('',(0.,-1.,0.));
#4928 = ORIENTED_EDGE('',*,*,#4929,.F.);
#4929 = EDGE_CURVE('',#4930,#4922,#4932,.T.);
#4930 = VERTEX_POINT('',#4931);
#4931 = CARTESIAN_POINT('',(106.29,-105.33,0.91));
#4932 = LINE('',#4933,#4934);
#4933 = CARTESIAN_POINT('',(106.29,-105.33,0.91));
#4934 = VECTOR('',#4935,1.);
#4935 = DIRECTION('',(0.,0.,1.));
#4936 = ORIENTED_EDGE('',*,*,#4937,.F.);
#4937 = EDGE_CURVE('',#4898,#4930,#4938,.T.);
#4938 = LINE('',#4939,#4940);
#4939 = CARTESIAN_POINT('',(106.29,-105.105,0.91));
#4940 = VECTOR('',#4941,1.);
#4941 = DIRECTION('',(0.,-1.,0.));
#4942 = PLANE('',#4943);
#4943 = AXIS2_PLACEMENT_3D('',#4944,#4945,#4946);
#4944 = CARTESIAN_POINT('',(106.29,-105.105,0.91));
#4945 = DIRECTION('',(1.,0.,-0.));
#4946 = DIRECTION('',(0.,-1.,0.));
#4947 = ADVANCED_FACE('',(#4948),#4975,.T.);
#4948 = FACE_BOUND('',#4949,.T.);
#4949 = EDGE_LOOP('',(#4950,#4951,#4960,#4968));
#4950 = ORIENTED_EDGE('',*,*,#4929,.T.);
#4951 = ORIENTED_EDGE('',*,*,#4952,.T.);
#4952 = EDGE_CURVE('',#4922,#4953,#4955,.T.);
#4953 = VERTEX_POINT('',#4954);
#4954 = CARTESIAN_POINT('',(106.1775,-105.4425,0.95));
#4955 = CIRCLE('',#4956,0.112498336922);
#4956 = AXIS2_PLACEMENT_3D('',#4957,#4958,#4959);
#4957 = CARTESIAN_POINT('',(106.17750166309,-105.330001663,0.95));
#4958 = DIRECTION('',(0.,0.,-1.));
#4959 = DIRECTION('',(0.999999999891,1.478324192951E-05,0.));
#4960 = ORIENTED_EDGE('',*,*,#4961,.F.);
#4961 = EDGE_CURVE('',#4962,#4953,#4964,.T.);
#4962 = VERTEX_POINT('',#4963);
#4963 = CARTESIAN_POINT('',(106.1775,-105.4425,0.91));
#4964 = LINE('',#4965,#4966);
#4965 = CARTESIAN_POINT('',(106.1775,-105.4425,0.91));
#4966 = VECTOR('',#4967,1.);
#4967 = DIRECTION('',(0.,0.,1.));
#4968 = ORIENTED_EDGE('',*,*,#4969,.F.);
#4969 = EDGE_CURVE('',#4930,#4962,#4970,.T.);
#4970 = CIRCLE('',#4971,0.112498336922);
#4971 = AXIS2_PLACEMENT_3D('',#4972,#4973,#4974);
#4972 = CARTESIAN_POINT('',(106.17750166309,-105.330001663,0.91));
#4973 = DIRECTION('',(0.,0.,-1.));
#4974 = DIRECTION('',(0.999999999891,1.478324192951E-05,0.));
#4975 = CYLINDRICAL_SURFACE('',#4976,0.112498336922);
#4976 = AXIS2_PLACEMENT_3D('',#4977,#4978,#4979);
#4977 = CARTESIAN_POINT('',(106.17750166309,-105.330001663,0.91));
#4978 = DIRECTION('',(0.,0.,-1.));
#4979 = DIRECTION('',(0.999999999891,1.478324192951E-05,0.));
#4980 = ADVANCED_FACE('',(#4981),#5006,.T.);
#4981 = FACE_BOUND('',#4982,.T.);
#4982 = EDGE_LOOP('',(#4983,#4984,#4992,#5000));
#4983 = ORIENTED_EDGE('',*,*,#4961,.T.);
#4984 = ORIENTED_EDGE('',*,*,#4985,.T.);
#4985 = EDGE_CURVE('',#4953,#4986,#4988,.T.);
#4986 = VERTEX_POINT('',#4987);
#4987 = CARTESIAN_POINT('',(105.8025,-105.4425,0.95));
#4988 = LINE('',#4989,#4990);
#4989 = CARTESIAN_POINT('',(106.1775,-105.4425,0.95));
#4990 = VECTOR('',#4991,1.);
#4991 = DIRECTION('',(-1.,0.,0.));
#4992 = ORIENTED_EDGE('',*,*,#4993,.F.);
#4993 = EDGE_CURVE('',#4994,#4986,#4996,.T.);
#4994 = VERTEX_POINT('',#4995);
#4995 = CARTESIAN_POINT('',(105.8025,-105.4425,0.91));
#4996 = LINE('',#4997,#4998);
#4997 = CARTESIAN_POINT('',(105.8025,-105.4425,0.91));
#4998 = VECTOR('',#4999,1.);
#4999 = DIRECTION('',(0.,0.,1.));
#5000 = ORIENTED_EDGE('',*,*,#5001,.F.);
#5001 = EDGE_CURVE('',#4962,#4994,#5002,.T.);
#5002 = LINE('',#5003,#5004);
#5003 = CARTESIAN_POINT('',(106.1775,-105.4425,0.91));
#5004 = VECTOR('',#5005,1.);
#5005 = DIRECTION('',(-1.,0.,0.));
#5006 = PLANE('',#5007);
#5007 = AXIS2_PLACEMENT_3D('',#5008,#5009,#5010);
#5008 = CARTESIAN_POINT('',(106.1775,-105.4425,0.91));
#5009 = DIRECTION('',(0.,-1.,0.));
#5010 = DIRECTION('',(-1.,0.,0.));
#5011 = ADVANCED_FACE('',(#5012),#5039,.T.);
#5012 = FACE_BOUND('',#5013,.T.);
#5013 = EDGE_LOOP('',(#5014,#5015,#5024,#5032));
#5014 = ORIENTED_EDGE('',*,*,#4993,.T.);
#5015 = ORIENTED_EDGE('',*,*,#5016,.T.);
#5016 = EDGE_CURVE('',#4986,#5017,#5019,.T.);
#5017 = VERTEX_POINT('',#5018);
#5018 = CARTESIAN_POINT('',(105.69,-105.33,0.95));
#5019 = CIRCLE('',#5020,0.112498336922);
#5020 = AXIS2_PLACEMENT_3D('',#5021,#5022,#5023);
#5021 = CARTESIAN_POINT('',(105.80249833691,-105.330001663,0.95));
#5022 = DIRECTION('',(0.,0.,-1.));
#5023 = DIRECTION('',(1.478324205583E-05,-0.999999999891,0.));
#5024 = ORIENTED_EDGE('',*,*,#5025,.F.);
#5025 = EDGE_CURVE('',#5026,#5017,#5028,.T.);
#5026 = VERTEX_POINT('',#5027);
#5027 = CARTESIAN_POINT('',(105.69,-105.33,0.91));
#5028 = LINE('',#5029,#5030);
#5029 = CARTESIAN_POINT('',(105.69,-105.33,0.91));
#5030 = VECTOR('',#5031,1.);
#5031 = DIRECTION('',(0.,0.,1.));
#5032 = ORIENTED_EDGE('',*,*,#5033,.F.);
#5033 = EDGE_CURVE('',#4994,#5026,#5034,.T.);
#5034 = CIRCLE('',#5035,0.112498336922);
#5035 = AXIS2_PLACEMENT_3D('',#5036,#5037,#5038);
#5036 = CARTESIAN_POINT('',(105.80249833691,-105.330001663,0.91));
#5037 = DIRECTION('',(0.,0.,-1.));
#5038 = DIRECTION('',(1.478324205583E-05,-0.999999999891,0.));
#5039 = CYLINDRICAL_SURFACE('',#5040,0.112498336922);
#5040 = AXIS2_PLACEMENT_3D('',#5041,#5042,#5043);
#5041 = CARTESIAN_POINT('',(105.80249833691,-105.330001663,0.91));
#5042 = DIRECTION('',(0.,0.,-1.));
#5043 = DIRECTION('',(1.478324205583E-05,-0.999999999891,0.));
#5044 = ADVANCED_FACE('',(#5045),#5061,.T.);
#5045 = FACE_BOUND('',#5046,.T.);
#5046 = EDGE_LOOP('',(#5047,#5048,#5054,#5055));
#5047 = ORIENTED_EDGE('',*,*,#5025,.T.);
#5048 = ORIENTED_EDGE('',*,*,#5049,.T.);
#5049 = EDGE_CURVE('',#5017,#4817,#5050,.T.);
#5050 = LINE('',#5051,#5052);
#5051 = CARTESIAN_POINT('',(105.69,-105.33,0.95));
#5052 = VECTOR('',#5053,1.);
#5053 = DIRECTION('',(0.,1.,0.));
#5054 = ORIENTED_EDGE('',*,*,#4814,.F.);
#5055 = ORIENTED_EDGE('',*,*,#5056,.F.);
#5056 = EDGE_CURVE('',#5026,#4815,#5057,.T.);
#5057 = LINE('',#5058,#5059);
#5058 = CARTESIAN_POINT('',(105.69,-105.33,0.91));
#5059 = VECTOR('',#5060,1.);
#5060 = DIRECTION('',(0.,1.,0.));
#5061 = PLANE('',#5062);
#5062 = AXIS2_PLACEMENT_3D('',#5063,#5064,#5065);
#5063 = CARTESIAN_POINT('',(105.69,-105.33,0.91));
#5064 = DIRECTION('',(-1.,0.,0.));
#5065 = DIRECTION('',(0.,1.,0.));
#5066 = ADVANCED_FACE('',(#5067),#5077,.F.);
#5067 = FACE_BOUND('',#5068,.T.);
#5068 = EDGE_LOOP('',(#5069,#5070,#5071,#5072,#5073,#5074,#5075,#5076));
#5069 = ORIENTED_EDGE('',*,*,#4841,.T.);
#5070 = ORIENTED_EDGE('',*,*,#4873,.T.);
#5071 = ORIENTED_EDGE('',*,*,#4905,.T.);
#5072 = ORIENTED_EDGE('',*,*,#4937,.T.);
#5073 = ORIENTED_EDGE('',*,*,#4969,.T.);
#5074 = ORIENTED_EDGE('',*,*,#5001,.T.);
#5075 = ORIENTED_EDGE('',*,*,#5033,.T.);
#5076 = ORIENTED_EDGE('',*,*,#5056,.T.);
#5077 = PLANE('',#5078);
#5078 = AXIS2_PLACEMENT_3D('',#5079,#5080,#5081);
#5079 = CARTESIAN_POINT('',(0.,0.,0.91));
#5080 = DIRECTION('',(0.,0.,1.));
#5081 = DIRECTION('',(1.,0.,-0.));
#5082 = ADVANCED_FACE('',(#5083),#5093,.T.);
#5083 = FACE_BOUND('',#5084,.F.);
#5084 = EDGE_LOOP('',(#5085,#5086,#5087,#5088,#5089,#5090,#5091,#5092));
#5085 = ORIENTED_EDGE('',*,*,#4824,.T.);
#5086 = ORIENTED_EDGE('',*,*,#4857,.T.);
#5087 = ORIENTED_EDGE('',*,*,#4888,.T.);
#5088 = ORIENTED_EDGE('',*,*,#4921,.T.);
#5089 = ORIENTED_EDGE('',*,*,#4952,.T.);
#5090 = ORIENTED_EDGE('',*,*,#4985,.T.);
#5091 = ORIENTED_EDGE('',*,*,#5016,.T.);
#5092 = ORIENTED_EDGE('',*,*,#5049,.T.);
#5093 = PLANE('',#5094);
#5094 = AXIS2_PLACEMENT_3D('',#5095,#5096,#5097);
#5095 = CARTESIAN_POINT('',(0.,0.,0.95));
#5096 = DIRECTION('',(0.,0.,1.));
#5097 = DIRECTION('',(1.,0.,-0.));
#5098 = MANIFOLD_SOLID_BREP('',#5099);
#5099 = CLOSED_SHELL('',(#5100,#5142,#5173,#5206,#5237,#5270,#5301,#5334
    ,#5356,#5372));
#5100 = ADVANCED_FACE('',(#5101),#5137,.T.);
#5101 = FACE_BOUND('',#5102,.T.);
#5102 = EDGE_LOOP('',(#5103,#5113,#5122,#5130));
#5103 = ORIENTED_EDGE('',*,*,#5104,.T.);
#5104 = EDGE_CURVE('',#5105,#5107,#5109,.T.);
#5105 = VERTEX_POINT('',#5106);
#5106 = CARTESIAN_POINT('',(107.79,-105.105,0.91));
#5107 = VERTEX_POINT('',#5108);
#5108 = CARTESIAN_POINT('',(107.79,-105.105,0.95));
#5109 = LINE('',#5110,#5111);
#5110 = CARTESIAN_POINT('',(107.79,-105.105,0.91));
#5111 = VECTOR('',#5112,1.);
#5112 = DIRECTION('',(0.,0.,1.));
#5113 = ORIENTED_EDGE('',*,*,#5114,.T.);
#5114 = EDGE_CURVE('',#5107,#5115,#5117,.T.);
#5115 = VERTEX_POINT('',#5116);
#5116 = CARTESIAN_POINT('',(107.9025,-104.9925,0.95));
#5117 = CIRCLE('',#5118,0.112498336922);
#5118 = AXIS2_PLACEMENT_3D('',#5119,#5120,#5121);
#5119 = CARTESIAN_POINT('',(107.90249833691,-105.1049983369,0.95));
#5120 = DIRECTION('',(0.,0.,-1.));
#5121 = DIRECTION('',(-0.999999999891,-1.47832419295E-05,-0.));
#5122 = ORIENTED_EDGE('',*,*,#5123,.F.);
#5123 = EDGE_CURVE('',#5124,#5115,#5126,.T.);
#5124 = VERTEX_POINT('',#5125);
#5125 = CARTESIAN_POINT('',(107.9025,-104.9925,0.91));
#5126 = LINE('',#5127,#5128);
#5127 = CARTESIAN_POINT('',(107.9025,-104.9925,0.91));
#5128 = VECTOR('',#5129,1.);
#5129 = DIRECTION('',(0.,0.,1.));
#5130 = ORIENTED_EDGE('',*,*,#5131,.F.);
#5131 = EDGE_CURVE('',#5105,#5124,#5132,.T.);
#5132 = CIRCLE('',#5133,0.112498336922);
#5133 = AXIS2_PLACEMENT_3D('',#5134,#5135,#5136);
#5134 = CARTESIAN_POINT('',(107.90249833691,-105.1049983369,0.91));
#5135 = DIRECTION('',(0.,0.,-1.));
#5136 = DIRECTION('',(-0.999999999891,-1.47832419295E-05,-0.));
#5137 = CYLINDRICAL_SURFACE('',#5138,0.112498336922);
#5138 = AXIS2_PLACEMENT_3D('',#5139,#5140,#5141);
#5139 = CARTESIAN_POINT('',(107.90249833691,-105.1049983369,0.91));
#5140 = DIRECTION('',(0.,0.,-1.));
#5141 = DIRECTION('',(-0.999999999891,-1.47832419295E-05,-0.));
#5142 = ADVANCED_FACE('',(#5143),#5168,.T.);
#5143 = FACE_BOUND('',#5144,.T.);
#5144 = EDGE_LOOP('',(#5145,#5146,#5154,#5162));
#5145 = ORIENTED_EDGE('',*,*,#5123,.T.);
#5146 = ORIENTED_EDGE('',*,*,#5147,.T.);
#5147 = EDGE_CURVE('',#5115,#5148,#5150,.T.);
#5148 = VERTEX_POINT('',#5149);
#5149 = CARTESIAN_POINT('',(108.2775,-104.9925,0.95));
#5150 = LINE('',#5151,#5152);
#5151 = CARTESIAN_POINT('',(107.9025,-104.9925,0.95));
#5152 = VECTOR('',#5153,1.);
#5153 = DIRECTION('',(1.,0.,0.));
#5154 = ORIENTED_EDGE('',*,*,#5155,.F.);
#5155 = EDGE_CURVE('',#5156,#5148,#5158,.T.);
#5156 = VERTEX_POINT('',#5157);
#5157 = CARTESIAN_POINT('',(108.2775,-104.9925,0.91));
#5158 = LINE('',#5159,#5160);
#5159 = CARTESIAN_POINT('',(108.2775,-104.9925,0.91));
#5160 = VECTOR('',#5161,1.);
#5161 = DIRECTION('',(0.,0.,1.));
#5162 = ORIENTED_EDGE('',*,*,#5163,.F.);
#5163 = EDGE_CURVE('',#5124,#5156,#5164,.T.);
#5164 = LINE('',#5165,#5166);
#5165 = CARTESIAN_POINT('',(107.9025,-104.9925,0.91));
#5166 = VECTOR('',#5167,1.);
#5167 = DIRECTION('',(1.,0.,0.));
#5168 = PLANE('',#5169);
#5169 = AXIS2_PLACEMENT_3D('',#5170,#5171,#5172);
#5170 = CARTESIAN_POINT('',(107.9025,-104.9925,0.91));
#5171 = DIRECTION('',(0.,1.,0.));
#5172 = DIRECTION('',(1.,0.,0.));
#5173 = ADVANCED_FACE('',(#5174),#5201,.T.);
#5174 = FACE_BOUND('',#5175,.T.);
#5175 = EDGE_LOOP('',(#5176,#5177,#5186,#5194));
#5176 = ORIENTED_EDGE('',*,*,#5155,.T.);
#5177 = ORIENTED_EDGE('',*,*,#5178,.T.);
#5178 = EDGE_CURVE('',#5148,#5179,#5181,.T.);
#5179 = VERTEX_POINT('',#5180);
#5180 = CARTESIAN_POINT('',(108.39,-105.105,0.95));
#5181 = CIRCLE('',#5182,0.112498336922);
#5182 = AXIS2_PLACEMENT_3D('',#5183,#5184,#5185);
#5183 = CARTESIAN_POINT('',(108.27750166309,-105.1049983369,0.95));
#5184 = DIRECTION('',(0.,0.,-1.));
#5185 = DIRECTION('',(-1.478324180319E-05,0.999999999891,0.));
#5186 = ORIENTED_EDGE('',*,*,#5187,.F.);
#5187 = EDGE_CURVE('',#5188,#5179,#5190,.T.);
#5188 = VERTEX_POINT('',#5189);
#5189 = CARTESIAN_POINT('',(108.39,-105.105,0.91));
#5190 = LINE('',#5191,#5192);
#5191 = CARTESIAN_POINT('',(108.39,-105.105,0.91));
#5192 = VECTOR('',#5193,1.);
#5193 = DIRECTION('',(0.,0.,1.));
#5194 = ORIENTED_EDGE('',*,*,#5195,.F.);
#5195 = EDGE_CURVE('',#5156,#5188,#5196,.T.);
#5196 = CIRCLE('',#5197,0.112498336922);
#5197 = AXIS2_PLACEMENT_3D('',#5198,#5199,#5200);
#5198 = CARTESIAN_POINT('',(108.27750166309,-105.1049983369,0.91));
#5199 = DIRECTION('',(0.,0.,-1.));
#5200 = DIRECTION('',(-1.478324180319E-05,0.999999999891,0.));
#5201 = CYLINDRICAL_SURFACE('',#5202,0.112498336922);
#5202 = AXIS2_PLACEMENT_3D('',#5203,#5204,#5205);
#5203 = CARTESIAN_POINT('',(108.27750166309,-105.1049983369,0.91));
#5204 = DIRECTION('',(0.,0.,-1.));
#5205 = DIRECTION('',(-1.478324180319E-05,0.999999999891,0.));
#5206 = ADVANCED_FACE('',(#5207),#5232,.T.);
#5207 = FACE_BOUND('',#5208,.T.);
#5208 = EDGE_LOOP('',(#5209,#5210,#5218,#5226));
#5209 = ORIENTED_EDGE('',*,*,#5187,.T.);
#5210 = ORIENTED_EDGE('',*,*,#5211,.T.);
#5211 = EDGE_CURVE('',#5179,#5212,#5214,.T.);
#5212 = VERTEX_POINT('',#5213);
#5213 = CARTESIAN_POINT('',(108.39,-105.33,0.95));
#5214 = LINE('',#5215,#5216);
#5215 = CARTESIAN_POINT('',(108.39,-105.105,0.95));
#5216 = VECTOR('',#5217,1.);
#5217 = DIRECTION('',(0.,-1.,0.));
#5218 = ORIENTED_EDGE('',*,*,#5219,.F.);
#5219 = EDGE_CURVE('',#5220,#5212,#5222,.T.);
#5220 = VERTEX_POINT('',#5221);
#5221 = CARTESIAN_POINT('',(108.39,-105.33,0.91));
#5222 = LINE('',#5223,#5224);
#5223 = CARTESIAN_POINT('',(108.39,-105.33,0.91));
#5224 = VECTOR('',#5225,1.);
#5225 = DIRECTION('',(0.,0.,1.));
#5226 = ORIENTED_EDGE('',*,*,#5227,.F.);
#5227 = EDGE_CURVE('',#5188,#5220,#5228,.T.);
#5228 = LINE('',#5229,#5230);
#5229 = CARTESIAN_POINT('',(108.39,-105.105,0.91));
#5230 = VECTOR('',#5231,1.);
#5231 = DIRECTION('',(0.,-1.,0.));
#5232 = PLANE('',#5233);
#5233 = AXIS2_PLACEMENT_3D('',#5234,#5235,#5236);
#5234 = CARTESIAN_POINT('',(108.39,-105.105,0.91));
#5235 = DIRECTION('',(1.,0.,-0.));
#5236 = DIRECTION('',(0.,-1.,0.));
#5237 = ADVANCED_FACE('',(#5238),#5265,.T.);
#5238 = FACE_BOUND('',#5239,.T.);
#5239 = EDGE_LOOP('',(#5240,#5241,#5250,#5258));
#5240 = ORIENTED_EDGE('',*,*,#5219,.T.);
#5241 = ORIENTED_EDGE('',*,*,#5242,.T.);
#5242 = EDGE_CURVE('',#5212,#5243,#5245,.T.);
#5243 = VERTEX_POINT('',#5244);
#5244 = CARTESIAN_POINT('',(108.2775,-105.4425,0.95));
#5245 = CIRCLE('',#5246,0.112498336922);
#5246 = AXIS2_PLACEMENT_3D('',#5247,#5248,#5249);
#5247 = CARTESIAN_POINT('',(108.27750166309,-105.330001663,0.95));
#5248 = DIRECTION('',(0.,0.,-1.));
#5249 = DIRECTION('',(0.999999999891,1.47832419295E-05,0.));
#5250 = ORIENTED_EDGE('',*,*,#5251,.F.);
#5251 = EDGE_CURVE('',#5252,#5243,#5254,.T.);
#5252 = VERTEX_POINT('',#5253);
#5253 = CARTESIAN_POINT('',(108.2775,-105.4425,0.91));
#5254 = LINE('',#5255,#5256);
#5255 = CARTESIAN_POINT('',(108.2775,-105.4425,0.91));
#5256 = VECTOR('',#5257,1.);
#5257 = DIRECTION('',(0.,0.,1.));
#5258 = ORIENTED_EDGE('',*,*,#5259,.F.);
#5259 = EDGE_CURVE('',#5220,#5252,#5260,.T.);
#5260 = CIRCLE('',#5261,0.112498336922);
#5261 = AXIS2_PLACEMENT_3D('',#5262,#5263,#5264);
#5262 = CARTESIAN_POINT('',(108.27750166309,-105.330001663,0.91));
#5263 = DIRECTION('',(0.,0.,-1.));
#5264 = DIRECTION('',(0.999999999891,1.47832419295E-05,0.));
#5265 = CYLINDRICAL_SURFACE('',#5266,0.112498336922);
#5266 = AXIS2_PLACEMENT_3D('',#5267,#5268,#5269);
#5267 = CARTESIAN_POINT('',(108.27750166309,-105.330001663,0.91));
#5268 = DIRECTION('',(0.,0.,-1.));
#5269 = DIRECTION('',(0.999999999891,1.47832419295E-05,0.));
#5270 = ADVANCED_FACE('',(#5271),#5296,.T.);
#5271 = FACE_BOUND('',#5272,.T.);
#5272 = EDGE_LOOP('',(#5273,#5274,#5282,#5290));
#5273 = ORIENTED_EDGE('',*,*,#5251,.T.);
#5274 = ORIENTED_EDGE('',*,*,#5275,.T.);
#5275 = EDGE_CURVE('',#5243,#5276,#5278,.T.);
#5276 = VERTEX_POINT('',#5277);
#5277 = CARTESIAN_POINT('',(107.9025,-105.4425,0.95));
#5278 = LINE('',#5279,#5280);
#5279 = CARTESIAN_POINT('',(108.2775,-105.4425,0.95));
#5280 = VECTOR('',#5281,1.);
#5281 = DIRECTION('',(-1.,0.,0.));
#5282 = ORIENTED_EDGE('',*,*,#5283,.F.);
#5283 = EDGE_CURVE('',#5284,#5276,#5286,.T.);
#5284 = VERTEX_POINT('',#5285);
#5285 = CARTESIAN_POINT('',(107.9025,-105.4425,0.91));
#5286 = LINE('',#5287,#5288);
#5287 = CARTESIAN_POINT('',(107.9025,-105.4425,0.91));
#5288 = VECTOR('',#5289,1.);
#5289 = DIRECTION('',(0.,0.,1.));
#5290 = ORIENTED_EDGE('',*,*,#5291,.F.);
#5291 = EDGE_CURVE('',#5252,#5284,#5292,.T.);
#5292 = LINE('',#5293,#5294);
#5293 = CARTESIAN_POINT('',(108.2775,-105.4425,0.91));
#5294 = VECTOR('',#5295,1.);
#5295 = DIRECTION('',(-1.,0.,0.));
#5296 = PLANE('',#5297);
#5297 = AXIS2_PLACEMENT_3D('',#5298,#5299,#5300);
#5298 = CARTESIAN_POINT('',(108.2775,-105.4425,0.91));
#5299 = DIRECTION('',(0.,-1.,0.));
#5300 = DIRECTION('',(-1.,0.,0.));
#5301 = ADVANCED_FACE('',(#5302),#5329,.T.);
#5302 = FACE_BOUND('',#5303,.T.);
#5303 = EDGE_LOOP('',(#5304,#5305,#5314,#5322));
#5304 = ORIENTED_EDGE('',*,*,#5283,.T.);
#5305 = ORIENTED_EDGE('',*,*,#5306,.T.);
#5306 = EDGE_CURVE('',#5276,#5307,#5309,.T.);
#5307 = VERTEX_POINT('',#5308);
#5308 = CARTESIAN_POINT('',(107.79,-105.33,0.95));
#5309 = CIRCLE('',#5310,0.112498336922);
#5310 = AXIS2_PLACEMENT_3D('',#5311,#5312,#5313);
#5311 = CARTESIAN_POINT('',(107.90249833691,-105.330001663,0.95));
#5312 = DIRECTION('',(0.,0.,-1.));
#5313 = DIRECTION('',(1.478324180319E-05,-0.999999999891,0.));
#5314 = ORIENTED_EDGE('',*,*,#5315,.F.);
#5315 = EDGE_CURVE('',#5316,#5307,#5318,.T.);
#5316 = VERTEX_POINT('',#5317);
#5317 = CARTESIAN_POINT('',(107.79,-105.33,0.91));
#5318 = LINE('',#5319,#5320);
#5319 = CARTESIAN_POINT('',(107.79,-105.33,0.91));
#5320 = VECTOR('',#5321,1.);
#5321 = DIRECTION('',(0.,0.,1.));
#5322 = ORIENTED_EDGE('',*,*,#5323,.F.);
#5323 = EDGE_CURVE('',#5284,#5316,#5324,.T.);
#5324 = CIRCLE('',#5325,0.112498336922);
#5325 = AXIS2_PLACEMENT_3D('',#5326,#5327,#5328);
#5326 = CARTESIAN_POINT('',(107.90249833691,-105.330001663,0.91));
#5327 = DIRECTION('',(0.,0.,-1.));
#5328 = DIRECTION('',(1.478324180319E-05,-0.999999999891,0.));
#5329 = CYLINDRICAL_SURFACE('',#5330,0.112498336922);
#5330 = AXIS2_PLACEMENT_3D('',#5331,#5332,#5333);
#5331 = CARTESIAN_POINT('',(107.90249833691,-105.330001663,0.91));
#5332 = DIRECTION('',(0.,0.,-1.));
#5333 = DIRECTION('',(1.478324180319E-05,-0.999999999891,0.));
#5334 = ADVANCED_FACE('',(#5335),#5351,.T.);
#5335 = FACE_BOUND('',#5336,.T.);
#5336 = EDGE_LOOP('',(#5337,#5338,#5344,#5345));
#5337 = ORIENTED_EDGE('',*,*,#5315,.T.);
#5338 = ORIENTED_EDGE('',*,*,#5339,.T.);
#5339 = EDGE_CURVE('',#5307,#5107,#5340,.T.);
#5340 = LINE('',#5341,#5342);
#5341 = CARTESIAN_POINT('',(107.79,-105.33,0.95));
#5342 = VECTOR('',#5343,1.);
#5343 = DIRECTION('',(0.,1.,0.));
#5344 = ORIENTED_EDGE('',*,*,#5104,.F.);
#5345 = ORIENTED_EDGE('',*,*,#5346,.F.);
#5346 = EDGE_CURVE('',#5316,#5105,#5347,.T.);
#5347 = LINE('',#5348,#5349);
#5348 = CARTESIAN_POINT('',(107.79,-105.33,0.91));
#5349 = VECTOR('',#5350,1.);
#5350 = DIRECTION('',(0.,1.,0.));
#5351 = PLANE('',#5352);
#5352 = AXIS2_PLACEMENT_3D('',#5353,#5354,#5355);
#5353 = CARTESIAN_POINT('',(107.79,-105.33,0.91));
#5354 = DIRECTION('',(-1.,0.,0.));
#5355 = DIRECTION('',(0.,1.,0.));
#5356 = ADVANCED_FACE('',(#5357),#5367,.F.);
#5357 = FACE_BOUND('',#5358,.T.);
#5358 = EDGE_LOOP('',(#5359,#5360,#5361,#5362,#5363,#5364,#5365,#5366));
#5359 = ORIENTED_EDGE('',*,*,#5131,.T.);
#5360 = ORIENTED_EDGE('',*,*,#5163,.T.);
#5361 = ORIENTED_EDGE('',*,*,#5195,.T.);
#5362 = ORIENTED_EDGE('',*,*,#5227,.T.);
#5363 = ORIENTED_EDGE('',*,*,#5259,.T.);
#5364 = ORIENTED_EDGE('',*,*,#5291,.T.);
#5365 = ORIENTED_EDGE('',*,*,#5323,.T.);
#5366 = ORIENTED_EDGE('',*,*,#5346,.T.);
#5367 = PLANE('',#5368);
#5368 = AXIS2_PLACEMENT_3D('',#5369,#5370,#5371);
#5369 = CARTESIAN_POINT('',(0.,0.,0.91));
#5370 = DIRECTION('',(0.,0.,1.));
#5371 = DIRECTION('',(1.,0.,-0.));
#5372 = ADVANCED_FACE('',(#5373),#5383,.T.);
#5373 = FACE_BOUND('',#5374,.F.);
#5374 = EDGE_LOOP('',(#5375,#5376,#5377,#5378,#5379,#5380,#5381,#5382));
#5375 = ORIENTED_EDGE('',*,*,#5114,.T.);
#5376 = ORIENTED_EDGE('',*,*,#5147,.T.);
#5377 = ORIENTED_EDGE('',*,*,#5178,.T.);
#5378 = ORIENTED_EDGE('',*,*,#5211,.T.);
#5379 = ORIENTED_EDGE('',*,*,#5242,.T.);
#5380 = ORIENTED_EDGE('',*,*,#5275,.T.);
#5381 = ORIENTED_EDGE('',*,*,#5306,.T.);
#5382 = ORIENTED_EDGE('',*,*,#5339,.T.);
#5383 = PLANE('',#5384);
#5384 = AXIS2_PLACEMENT_3D('',#5385,#5386,#5387);
#5385 = CARTESIAN_POINT('',(0.,0.,0.95));
#5386 = DIRECTION('',(0.,0.,1.));
#5387 = DIRECTION('',(1.,0.,-0.));
#5388 = MANIFOLD_SOLID_BREP('',#5389);
#5389 = CLOSED_SHELL('',(#5390,#5423,#5443,#5463));
#5390 = ADVANCED_FACE('',(#5391),#5418,.T.);
#5391 = FACE_BOUND('',#5392,.F.);
#5392 = EDGE_LOOP('',(#5393,#5403,#5410,#5411));
#5393 = ORIENTED_EDGE('',*,*,#5394,.T.);
#5394 = EDGE_CURVE('',#5395,#5397,#5399,.T.);
#5395 = VERTEX_POINT('',#5396);
#5396 = CARTESIAN_POINT('',(117.049999,-102.6,0.91));
#5397 = VERTEX_POINT('',#5398);
#5398 = CARTESIAN_POINT('',(117.049999,-102.6,0.95));
#5399 = LINE('',#5400,#5401);
#5400 = CARTESIAN_POINT('',(117.049999,-102.6,0.91));
#5401 = VECTOR('',#5402,1.);
#5402 = DIRECTION('',(0.,0.,1.));
#5403 = ORIENTED_EDGE('',*,*,#5404,.T.);
#5404 = EDGE_CURVE('',#5397,#5397,#5405,.T.);
#5405 = CIRCLE('',#5406,0.849999);
#5406 = AXIS2_PLACEMENT_3D('',#5407,#5408,#5409);
#5407 = CARTESIAN_POINT('',(116.2,-102.6,0.95));
#5408 = DIRECTION('',(0.,0.,1.));
#5409 = DIRECTION('',(1.,0.,-0.));
#5410 = ORIENTED_EDGE('',*,*,#5394,.F.);
#5411 = ORIENTED_EDGE('',*,*,#5412,.F.);
#5412 = EDGE_CURVE('',#5395,#5395,#5413,.T.);
#5413 = CIRCLE('',#5414,0.849999);
#5414 = AXIS2_PLACEMENT_3D('',#5415,#5416,#5417);
#5415 = CARTESIAN_POINT('',(116.2,-102.6,0.91));
#5416 = DIRECTION('',(0.,0.,1.));
#5417 = DIRECTION('',(1.,0.,-0.));
#5418 = CYLINDRICAL_SURFACE('',#5419,0.849999);
#5419 = AXIS2_PLACEMENT_3D('',#5420,#5421,#5422);
#5420 = CARTESIAN_POINT('',(116.2,-102.6,0.91));
#5421 = DIRECTION('',(-0.,-0.,-1.));
#5422 = DIRECTION('',(1.,0.,-0.));
#5423 = ADVANCED_FACE('',(#5424,#5427),#5438,.F.);
#5424 = FACE_BOUND('',#5425,.F.);
#5425 = EDGE_LOOP('',(#5426));
#5426 = ORIENTED_EDGE('',*,*,#5412,.T.);
#5427 = FACE_BOUND('',#5428,.F.);
#5428 = EDGE_LOOP('',(#5429));
#5429 = ORIENTED_EDGE('',*,*,#5430,.T.);
#5430 = EDGE_CURVE('',#5431,#5431,#5433,.T.);
#5431 = VERTEX_POINT('',#5432);
#5432 = CARTESIAN_POINT('',(116.2,-103.075,0.91));
#5433 = CIRCLE('',#5434,0.475);
#5434 = AXIS2_PLACEMENT_3D('',#5435,#5436,#5437);
#5435 = CARTESIAN_POINT('',(116.2,-102.6,0.91));
#5436 = DIRECTION('',(-0.,0.,-1.));
#5437 = DIRECTION('',(2.991758887411E-14,-1.,-0.));
#5438 = PLANE('',#5439);
#5439 = AXIS2_PLACEMENT_3D('',#5440,#5441,#5442);
#5440 = CARTESIAN_POINT('',(0.,0.,0.91));
#5441 = DIRECTION('',(0.,0.,1.));
#5442 = DIRECTION('',(1.,0.,-0.));
#5443 = ADVANCED_FACE('',(#5444,#5447),#5458,.T.);
#5444 = FACE_BOUND('',#5445,.T.);
#5445 = EDGE_LOOP('',(#5446));
#5446 = ORIENTED_EDGE('',*,*,#5404,.T.);
#5447 = FACE_BOUND('',#5448,.T.);
#5448 = EDGE_LOOP('',(#5449));
#5449 = ORIENTED_EDGE('',*,*,#5450,.T.);
#5450 = EDGE_CURVE('',#5451,#5451,#5453,.T.);
#5451 = VERTEX_POINT('',#5452);
#5452 = CARTESIAN_POINT('',(116.2,-103.075,0.95));
#5453 = CIRCLE('',#5454,0.475);
#5454 = AXIS2_PLACEMENT_3D('',#5455,#5456,#5457);
#5455 = CARTESIAN_POINT('',(116.2,-102.6,0.95));
#5456 = DIRECTION('',(-0.,0.,-1.));
#5457 = DIRECTION('',(2.991758887411E-14,-1.,-0.));
#5458 = PLANE('',#5459);
#5459 = AXIS2_PLACEMENT_3D('',#5460,#5461,#5462);
#5460 = CARTESIAN_POINT('',(0.,0.,0.95));
#5461 = DIRECTION('',(0.,0.,1.));
#5462 = DIRECTION('',(1.,0.,-0.));
#5463 = ADVANCED_FACE('',(#5464),#5475,.F.);
#5464 = FACE_BOUND('',#5465,.T.);
#5465 = EDGE_LOOP('',(#5466,#5467,#5473,#5474));
#5466 = ORIENTED_EDGE('',*,*,#5430,.T.);
#5467 = ORIENTED_EDGE('',*,*,#5468,.T.);
#5468 = EDGE_CURVE('',#5431,#5451,#5469,.T.);
#5469 = LINE('',#5470,#5471);
#5470 = CARTESIAN_POINT('',(116.2,-103.075,-4.6E-02));
#5471 = VECTOR('',#5472,1.);
#5472 = DIRECTION('',(0.,0.,1.));
#5473 = ORIENTED_EDGE('',*,*,#5450,.F.);
#5474 = ORIENTED_EDGE('',*,*,#5468,.F.);
#5475 = CYLINDRICAL_SURFACE('',#5476,0.475);
#5476 = AXIS2_PLACEMENT_3D('',#5477,#5478,#5479);
#5477 = CARTESIAN_POINT('',(116.2,-102.6,-4.6E-02));
#5478 = DIRECTION('',(-0.,0.,-1.));
#5479 = DIRECTION('',(2.991758887411E-14,-1.,-0.));
#5480 = MANIFOLD_SOLID_BREP('',#5481);
#5481 = CLOSED_SHELL('',(#5482,#5515,#5535,#5555));
#5482 = ADVANCED_FACE('',(#5483),#5510,.T.);
#5483 = FACE_BOUND('',#5484,.T.);
#5484 = EDGE_LOOP('',(#5485,#5495,#5502,#5503));
#5485 = ORIENTED_EDGE('',*,*,#5486,.T.);
#5486 = EDGE_CURVE('',#5487,#5489,#5491,.T.);
#5487 = VERTEX_POINT('',#5488);
#5488 = CARTESIAN_POINT('',(117.049999,-102.6,0.));
#5489 = VERTEX_POINT('',#5490);
#5490 = CARTESIAN_POINT('',(117.049999,-102.6,-4.E-02));
#5491 = LINE('',#5492,#5493);
#5492 = CARTESIAN_POINT('',(117.049999,-102.6,0.));
#5493 = VECTOR('',#5494,1.);
#5494 = DIRECTION('',(0.,0.,-1.));
#5495 = ORIENTED_EDGE('',*,*,#5496,.T.);
#5496 = EDGE_CURVE('',#5489,#5489,#5497,.T.);
#5497 = CIRCLE('',#5498,0.849999);
#5498 = AXIS2_PLACEMENT_3D('',#5499,#5500,#5501);
#5499 = CARTESIAN_POINT('',(116.2,-102.6,-4.E-02));
#5500 = DIRECTION('',(0.,0.,1.));
#5501 = DIRECTION('',(1.,0.,-0.));
#5502 = ORIENTED_EDGE('',*,*,#5486,.F.);
#5503 = ORIENTED_EDGE('',*,*,#5504,.F.);
#5504 = EDGE_CURVE('',#5487,#5487,#5505,.T.);
#5505 = CIRCLE('',#5506,0.849999);
#5506 = AXIS2_PLACEMENT_3D('',#5507,#5508,#5509);
#5507 = CARTESIAN_POINT('',(116.2,-102.6,0.));
#5508 = DIRECTION('',(0.,0.,1.));
#5509 = DIRECTION('',(1.,0.,-0.));
#5510 = CYLINDRICAL_SURFACE('',#5511,0.849999);
#5511 = AXIS2_PLACEMENT_3D('',#5512,#5513,#5514);
#5512 = CARTESIAN_POINT('',(116.2,-102.6,0.));
#5513 = DIRECTION('',(0.,0.,1.));
#5514 = DIRECTION('',(1.,0.,-0.));
#5515 = ADVANCED_FACE('',(#5516,#5519),#5530,.F.);
#5516 = FACE_BOUND('',#5517,.F.);
#5517 = EDGE_LOOP('',(#5518));
#5518 = ORIENTED_EDGE('',*,*,#5504,.F.);
#5519 = FACE_BOUND('',#5520,.F.);
#5520 = EDGE_LOOP('',(#5521));
#5521 = ORIENTED_EDGE('',*,*,#5522,.F.);
#5522 = EDGE_CURVE('',#5523,#5523,#5525,.T.);
#5523 = VERTEX_POINT('',#5524);
#5524 = CARTESIAN_POINT('',(116.2,-103.075,0.));
#5525 = CIRCLE('',#5526,0.475);
#5526 = AXIS2_PLACEMENT_3D('',#5527,#5528,#5529);
#5527 = CARTESIAN_POINT('',(116.2,-102.6,0.));
#5528 = DIRECTION('',(-0.,0.,-1.));
#5529 = DIRECTION('',(2.991758887411E-14,-1.,-0.));
#5530 = PLANE('',#5531);
#5531 = AXIS2_PLACEMENT_3D('',#5532,#5533,#5534);
#5532 = CARTESIAN_POINT('',(0.,0.,0.));
#5533 = DIRECTION('',(-0.,-0.,-1.));
#5534 = DIRECTION('',(-1.,0.,0.));
#5535 = ADVANCED_FACE('',(#5536,#5539),#5550,.T.);
#5536 = FACE_BOUND('',#5537,.T.);
#5537 = EDGE_LOOP('',(#5538));
#5538 = ORIENTED_EDGE('',*,*,#5496,.F.);
#5539 = FACE_BOUND('',#5540,.T.);
#5540 = EDGE_LOOP('',(#5541));
#5541 = ORIENTED_EDGE('',*,*,#5542,.F.);
#5542 = EDGE_CURVE('',#5543,#5543,#5545,.T.);
#5543 = VERTEX_POINT('',#5544);
#5544 = CARTESIAN_POINT('',(116.2,-103.075,-4.E-02));
#5545 = CIRCLE('',#5546,0.475);
#5546 = AXIS2_PLACEMENT_3D('',#5547,#5548,#5549);
#5547 = CARTESIAN_POINT('',(116.2,-102.6,-4.E-02));
#5548 = DIRECTION('',(-0.,0.,-1.));
#5549 = DIRECTION('',(2.991758887411E-14,-1.,-0.));
#5550 = PLANE('',#5551);
#5551 = AXIS2_PLACEMENT_3D('',#5552,#5553,#5554);
#5552 = CARTESIAN_POINT('',(0.,0.,-4.E-02));
#5553 = DIRECTION('',(-0.,-0.,-1.));
#5554 = DIRECTION('',(-1.,0.,0.));
#5555 = ADVANCED_FACE('',(#5556),#5567,.F.);
#5556 = FACE_BOUND('',#5557,.T.);
#5557 = EDGE_LOOP('',(#5558,#5559,#5565,#5566));
#5558 = ORIENTED_EDGE('',*,*,#5542,.T.);
#5559 = ORIENTED_EDGE('',*,*,#5560,.T.);
#5560 = EDGE_CURVE('',#5543,#5523,#5561,.T.);
#5561 = LINE('',#5562,#5563);
#5562 = CARTESIAN_POINT('',(116.2,-103.075,-4.6E-02));
#5563 = VECTOR('',#5564,1.);
#5564 = DIRECTION('',(0.,0.,1.));
#5565 = ORIENTED_EDGE('',*,*,#5522,.F.);
#5566 = ORIENTED_EDGE('',*,*,#5560,.F.);
#5567 = CYLINDRICAL_SURFACE('',#5568,0.475);
#5568 = AXIS2_PLACEMENT_3D('',#5569,#5570,#5571);
#5569 = CARTESIAN_POINT('',(116.2,-102.6,-4.6E-02));
#5570 = DIRECTION('',(-0.,0.,-1.));
#5571 = DIRECTION('',(2.991758887411E-14,-1.,-0.));
#5572 = MANIFOLD_SOLID_BREP('',#5573);
#5573 = CLOSED_SHELL('',(#5574,#5607,#5627,#5647));
#5574 = ADVANCED_FACE('',(#5575),#5602,.T.);
#5575 = FACE_BOUND('',#5576,.F.);
#5576 = EDGE_LOOP('',(#5577,#5587,#5594,#5595));
#5577 = ORIENTED_EDGE('',*,*,#5578,.T.);
#5578 = EDGE_CURVE('',#5579,#5581,#5583,.T.);
#5579 = VERTEX_POINT('',#5580);
#5580 = CARTESIAN_POINT('',(116.2,-103.1,-3.5E-02));
#5581 = VERTEX_POINT('',#5582);
#5582 = CARTESIAN_POINT('',(116.2,-103.1,0.945));
#5583 = LINE('',#5584,#5585);
#5584 = CARTESIAN_POINT('',(116.2,-103.1,-3.5E-02));
#5585 = VECTOR('',#5586,1.);
#5586 = DIRECTION('',(0.,0.,1.));
#5587 = ORIENTED_EDGE('',*,*,#5588,.T.);
#5588 = EDGE_CURVE('',#5581,#5581,#5589,.T.);
#5589 = CIRCLE('',#5590,0.5);
#5590 = AXIS2_PLACEMENT_3D('',#5591,#5592,#5593);
#5591 = CARTESIAN_POINT('',(116.2,-102.6,0.945));
#5592 = DIRECTION('',(0.,0.,1.));
#5593 = DIRECTION('',(-0.,-1.,0.));
#5594 = ORIENTED_EDGE('',*,*,#5578,.F.);
#5595 = ORIENTED_EDGE('',*,*,#5596,.F.);
#5596 = EDGE_CURVE('',#5579,#5579,#5597,.T.);
#5597 = CIRCLE('',#5598,0.5);
#5598 = AXIS2_PLACEMENT_3D('',#5599,#5600,#5601);
#5599 = CARTESIAN_POINT('',(116.2,-102.6,-3.5E-02));
#5600 = DIRECTION('',(0.,0.,1.));
#5601 = DIRECTION('',(-0.,-1.,0.));
#5602 = CYLINDRICAL_SURFACE('',#5603,0.5);
#5603 = AXIS2_PLACEMENT_3D('',#5604,#5605,#5606);
#5604 = CARTESIAN_POINT('',(116.2,-102.6,-3.5E-02));
#5605 = DIRECTION('',(-0.,-0.,-1.));
#5606 = DIRECTION('',(-0.,-1.,0.));
#5607 = ADVANCED_FACE('',(#5608,#5611),#5622,.F.);
#5608 = FACE_BOUND('',#5609,.F.);
#5609 = EDGE_LOOP('',(#5610));
#5610 = ORIENTED_EDGE('',*,*,#5596,.T.);
#5611 = FACE_BOUND('',#5612,.F.);
#5612 = EDGE_LOOP('',(#5613));
#5613 = ORIENTED_EDGE('',*,*,#5614,.T.);
#5614 = EDGE_CURVE('',#5615,#5615,#5617,.T.);
#5615 = VERTEX_POINT('',#5616);
#5616 = CARTESIAN_POINT('',(116.2,-103.075,-3.5E-02));
#5617 = CIRCLE('',#5618,0.475);
#5618 = AXIS2_PLACEMENT_3D('',#5619,#5620,#5621);
#5619 = CARTESIAN_POINT('',(116.2,-102.6,-3.5E-02));
#5620 = DIRECTION('',(-0.,0.,-1.));
#5621 = DIRECTION('',(2.991758887411E-14,-1.,-0.));
#5622 = PLANE('',#5623);
#5623 = AXIS2_PLACEMENT_3D('',#5624,#5625,#5626);
#5624 = CARTESIAN_POINT('',(116.2,-103.1,-3.5E-02));
#5625 = DIRECTION('',(0.,0.,1.));
#5626 = DIRECTION('',(1.,0.,-0.));
#5627 = ADVANCED_FACE('',(#5628,#5631),#5642,.T.);
#5628 = FACE_BOUND('',#5629,.T.);
#5629 = EDGE_LOOP('',(#5630));
#5630 = ORIENTED_EDGE('',*,*,#5588,.T.);
#5631 = FACE_BOUND('',#5632,.T.);
#5632 = EDGE_LOOP('',(#5633));
#5633 = ORIENTED_EDGE('',*,*,#5634,.T.);
#5634 = EDGE_CURVE('',#5635,#5635,#5637,.T.);
#5635 = VERTEX_POINT('',#5636);
#5636 = CARTESIAN_POINT('',(116.2,-103.075,0.945));
#5637 = CIRCLE('',#5638,0.475);
#5638 = AXIS2_PLACEMENT_3D('',#5639,#5640,#5641);
#5639 = CARTESIAN_POINT('',(116.2,-102.6,0.945));
#5640 = DIRECTION('',(-0.,0.,-1.));
#5641 = DIRECTION('',(2.991758887411E-14,-1.,-0.));
#5642 = PLANE('',#5643);
#5643 = AXIS2_PLACEMENT_3D('',#5644,#5645,#5646);
#5644 = CARTESIAN_POINT('',(116.2,-103.1,0.945));
#5645 = DIRECTION('',(0.,0.,1.));
#5646 = DIRECTION('',(1.,0.,-0.));
#5647 = ADVANCED_FACE('',(#5648),#5659,.F.);
#5648 = FACE_BOUND('',#5649,.T.);
#5649 = EDGE_LOOP('',(#5650,#5651,#5657,#5658));
#5650 = ORIENTED_EDGE('',*,*,#5614,.T.);
#5651 = ORIENTED_EDGE('',*,*,#5652,.T.);
#5652 = EDGE_CURVE('',#5615,#5635,#5653,.T.);
#5653 = LINE('',#5654,#5655);
#5654 = CARTESIAN_POINT('',(116.2,-103.075,-4.6E-02));
#5655 = VECTOR('',#5656,1.);
#5656 = DIRECTION('',(0.,0.,1.));
#5657 = ORIENTED_EDGE('',*,*,#5634,.F.);
#5658 = ORIENTED_EDGE('',*,*,#5652,.F.);
#5659 = CYLINDRICAL_SURFACE('',#5660,0.475);
#5660 = AXIS2_PLACEMENT_3D('',#5661,#5662,#5663);
#5661 = CARTESIAN_POINT('',(116.2,-102.6,-4.6E-02));
#5662 = DIRECTION('',(-0.,0.,-1.));
#5663 = DIRECTION('',(2.991758887411E-14,-1.,-0.));
#5664 = MANIFOLD_SOLID_BREP('',#5665);
#5665 = CLOSED_SHELL('',(#5666,#5699,#5719,#5739));
#5666 = ADVANCED_FACE('',(#5667),#5694,.T.);
#5667 = FACE_BOUND('',#5668,.F.);
#5668 = EDGE_LOOP('',(#5669,#5679,#5686,#5687));
#5669 = ORIENTED_EDGE('',*,*,#5670,.T.);
#5670 = EDGE_CURVE('',#5671,#5673,#5675,.T.);
#5671 = VERTEX_POINT('',#5672);
#5672 = CARTESIAN_POINT('',(117.049999,-104.6,0.91));
#5673 = VERTEX_POINT('',#5674);
#5674 = CARTESIAN_POINT('',(117.049999,-104.6,0.95));
#5675 = LINE('',#5676,#5677);
#5676 = CARTESIAN_POINT('',(117.049999,-104.6,0.91));
#5677 = VECTOR('',#5678,1.);
#5678 = DIRECTION('',(0.,0.,1.));
#5679 = ORIENTED_EDGE('',*,*,#5680,.T.);
#5680 = EDGE_CURVE('',#5673,#5673,#5681,.T.);
#5681 = CIRCLE('',#5682,0.849999);
#5682 = AXIS2_PLACEMENT_3D('',#5683,#5684,#5685);
#5683 = CARTESIAN_POINT('',(116.2,-104.6,0.95));
#5684 = DIRECTION('',(0.,0.,1.));
#5685 = DIRECTION('',(1.,0.,-0.));
#5686 = ORIENTED_EDGE('',*,*,#5670,.F.);
#5687 = ORIENTED_EDGE('',*,*,#5688,.F.);
#5688 = EDGE_CURVE('',#5671,#5671,#5689,.T.);
#5689 = CIRCLE('',#5690,0.849999);
#5690 = AXIS2_PLACEMENT_3D('',#5691,#5692,#5693);
#5691 = CARTESIAN_POINT('',(116.2,-104.6,0.91));
#5692 = DIRECTION('',(0.,0.,1.));
#5693 = DIRECTION('',(1.,0.,-0.));
#5694 = CYLINDRICAL_SURFACE('',#5695,0.849999);
#5695 = AXIS2_PLACEMENT_3D('',#5696,#5697,#5698);
#5696 = CARTESIAN_POINT('',(116.2,-104.6,0.91));
#5697 = DIRECTION('',(-0.,-0.,-1.));
#5698 = DIRECTION('',(1.,0.,-0.));
#5699 = ADVANCED_FACE('',(#5700,#5703),#5714,.F.);
#5700 = FACE_BOUND('',#5701,.F.);
#5701 = EDGE_LOOP('',(#5702));
#5702 = ORIENTED_EDGE('',*,*,#5688,.T.);
#5703 = FACE_BOUND('',#5704,.F.);
#5704 = EDGE_LOOP('',(#5705));
#5705 = ORIENTED_EDGE('',*,*,#5706,.T.);
#5706 = EDGE_CURVE('',#5707,#5707,#5709,.T.);
#5707 = VERTEX_POINT('',#5708);
#5708 = CARTESIAN_POINT('',(116.2,-105.075,0.91));
#5709 = CIRCLE('',#5710,0.475);
#5710 = AXIS2_PLACEMENT_3D('',#5711,#5712,#5713);
#5711 = CARTESIAN_POINT('',(116.2,-104.6,0.91));
#5712 = DIRECTION('',(-0.,0.,-1.));
#5713 = DIRECTION('',(2.991758887411E-14,-1.,-0.));
#5714 = PLANE('',#5715);
#5715 = AXIS2_PLACEMENT_3D('',#5716,#5717,#5718);
#5716 = CARTESIAN_POINT('',(0.,0.,0.91));
#5717 = DIRECTION('',(0.,0.,1.));
#5718 = DIRECTION('',(1.,0.,-0.));
#5719 = ADVANCED_FACE('',(#5720,#5723),#5734,.T.);
#5720 = FACE_BOUND('',#5721,.T.);
#5721 = EDGE_LOOP('',(#5722));
#5722 = ORIENTED_EDGE('',*,*,#5680,.T.);
#5723 = FACE_BOUND('',#5724,.T.);
#5724 = EDGE_LOOP('',(#5725));
#5725 = ORIENTED_EDGE('',*,*,#5726,.T.);
#5726 = EDGE_CURVE('',#5727,#5727,#5729,.T.);
#5727 = VERTEX_POINT('',#5728);
#5728 = CARTESIAN_POINT('',(116.2,-105.075,0.95));
#5729 = CIRCLE('',#5730,0.475);
#5730 = AXIS2_PLACEMENT_3D('',#5731,#5732,#5733);
#5731 = CARTESIAN_POINT('',(116.2,-104.6,0.95));
#5732 = DIRECTION('',(-0.,0.,-1.));
#5733 = DIRECTION('',(2.991758887411E-14,-1.,-0.));
#5734 = PLANE('',#5735);
#5735 = AXIS2_PLACEMENT_3D('',#5736,#5737,#5738);
#5736 = CARTESIAN_POINT('',(0.,0.,0.95));
#5737 = DIRECTION('',(0.,0.,1.));
#5738 = DIRECTION('',(1.,0.,-0.));
#5739 = ADVANCED_FACE('',(#5740),#5751,.F.);
#5740 = FACE_BOUND('',#5741,.T.);
#5741 = EDGE_LOOP('',(#5742,#5743,#5749,#5750));
#5742 = ORIENTED_EDGE('',*,*,#5706,.T.);
#5743 = ORIENTED_EDGE('',*,*,#5744,.T.);
#5744 = EDGE_CURVE('',#5707,#5727,#5745,.T.);
#5745 = LINE('',#5746,#5747);
#5746 = CARTESIAN_POINT('',(116.2,-105.075,-4.6E-02));
#5747 = VECTOR('',#5748,1.);
#5748 = DIRECTION('',(0.,0.,1.));
#5749 = ORIENTED_EDGE('',*,*,#5726,.F.);
#5750 = ORIENTED_EDGE('',*,*,#5744,.F.);
#5751 = CYLINDRICAL_SURFACE('',#5752,0.475);
#5752 = AXIS2_PLACEMENT_3D('',#5753,#5754,#5755);
#5753 = CARTESIAN_POINT('',(116.2,-104.6,-4.6E-02));
#5754 = DIRECTION('',(-0.,0.,-1.));
#5755 = DIRECTION('',(2.991758887411E-14,-1.,-0.));
#5756 = MANIFOLD_SOLID_BREP('',#5757);
#5757 = CLOSED_SHELL('',(#5758,#5791,#5811,#5831));
#5758 = ADVANCED_FACE('',(#5759),#5786,.T.);
#5759 = FACE_BOUND('',#5760,.T.);
#5760 = EDGE_LOOP('',(#5761,#5771,#5778,#5779));
#5761 = ORIENTED_EDGE('',*,*,#5762,.T.);
#5762 = EDGE_CURVE('',#5763,#5765,#5767,.T.);
#5763 = VERTEX_POINT('',#5764);
#5764 = CARTESIAN_POINT('',(117.049999,-104.6,0.));
#5765 = VERTEX_POINT('',#5766);
#5766 = CARTESIAN_POINT('',(117.049999,-104.6,-4.E-02));
#5767 = LINE('',#5768,#5769);
#5768 = CARTESIAN_POINT('',(117.049999,-104.6,0.));
#5769 = VECTOR('',#5770,1.);
#5770 = DIRECTION('',(0.,0.,-1.));
#5771 = ORIENTED_EDGE('',*,*,#5772,.T.);
#5772 = EDGE_CURVE('',#5765,#5765,#5773,.T.);
#5773 = CIRCLE('',#5774,0.849999);
#5774 = AXIS2_PLACEMENT_3D('',#5775,#5776,#5777);
#5775 = CARTESIAN_POINT('',(116.2,-104.6,-4.E-02));
#5776 = DIRECTION('',(0.,0.,1.));
#5777 = DIRECTION('',(1.,0.,-0.));
#5778 = ORIENTED_EDGE('',*,*,#5762,.F.);
#5779 = ORIENTED_EDGE('',*,*,#5780,.F.);
#5780 = EDGE_CURVE('',#5763,#5763,#5781,.T.);
#5781 = CIRCLE('',#5782,0.849999);
#5782 = AXIS2_PLACEMENT_3D('',#5783,#5784,#5785);
#5783 = CARTESIAN_POINT('',(116.2,-104.6,0.));
#5784 = DIRECTION('',(0.,0.,1.));
#5785 = DIRECTION('',(1.,0.,-0.));
#5786 = CYLINDRICAL_SURFACE('',#5787,0.849999);
#5787 = AXIS2_PLACEMENT_3D('',#5788,#5789,#5790);
#5788 = CARTESIAN_POINT('',(116.2,-104.6,0.));
#5789 = DIRECTION('',(0.,0.,1.));
#5790 = DIRECTION('',(1.,0.,-0.));
#5791 = ADVANCED_FACE('',(#5792,#5795),#5806,.F.);
#5792 = FACE_BOUND('',#5793,.F.);
#5793 = EDGE_LOOP('',(#5794));
#5794 = ORIENTED_EDGE('',*,*,#5780,.F.);
#5795 = FACE_BOUND('',#5796,.F.);
#5796 = EDGE_LOOP('',(#5797));
#5797 = ORIENTED_EDGE('',*,*,#5798,.F.);
#5798 = EDGE_CURVE('',#5799,#5799,#5801,.T.);
#5799 = VERTEX_POINT('',#5800);
#5800 = CARTESIAN_POINT('',(116.2,-105.075,0.));
#5801 = CIRCLE('',#5802,0.475);
#5802 = AXIS2_PLACEMENT_3D('',#5803,#5804,#5805);
#5803 = CARTESIAN_POINT('',(116.2,-104.6,0.));
#5804 = DIRECTION('',(-0.,0.,-1.));
#5805 = DIRECTION('',(2.991758887411E-14,-1.,-0.));
#5806 = PLANE('',#5807);
#5807 = AXIS2_PLACEMENT_3D('',#5808,#5809,#5810);
#5808 = CARTESIAN_POINT('',(0.,0.,0.));
#5809 = DIRECTION('',(-0.,-0.,-1.));
#5810 = DIRECTION('',(-1.,0.,0.));
#5811 = ADVANCED_FACE('',(#5812,#5815),#5826,.T.);
#5812 = FACE_BOUND('',#5813,.T.);
#5813 = EDGE_LOOP('',(#5814));
#5814 = ORIENTED_EDGE('',*,*,#5772,.F.);
#5815 = FACE_BOUND('',#5816,.T.);
#5816 = EDGE_LOOP('',(#5817));
#5817 = ORIENTED_EDGE('',*,*,#5818,.F.);
#5818 = EDGE_CURVE('',#5819,#5819,#5821,.T.);
#5819 = VERTEX_POINT('',#5820);
#5820 = CARTESIAN_POINT('',(116.2,-105.075,-4.E-02));
#5821 = CIRCLE('',#5822,0.475);
#5822 = AXIS2_PLACEMENT_3D('',#5823,#5824,#5825);
#5823 = CARTESIAN_POINT('',(116.2,-104.6,-4.E-02));
#5824 = DIRECTION('',(-0.,0.,-1.));
#5825 = DIRECTION('',(2.991758887411E-14,-1.,-0.));
#5826 = PLANE('',#5827);
#5827 = AXIS2_PLACEMENT_3D('',#5828,#5829,#5830);
#5828 = CARTESIAN_POINT('',(0.,0.,-4.E-02));
#5829 = DIRECTION('',(-0.,-0.,-1.));
#5830 = DIRECTION('',(-1.,0.,0.));
#5831 = ADVANCED_FACE('',(#5832),#5843,.F.);
#5832 = FACE_BOUND('',#5833,.T.);
#5833 = EDGE_LOOP('',(#5834,#5835,#5841,#5842));
#5834 = ORIENTED_EDGE('',*,*,#5818,.T.);
#5835 = ORIENTED_EDGE('',*,*,#5836,.T.);
#5836 = EDGE_CURVE('',#5819,#5799,#5837,.T.);
#5837 = LINE('',#5838,#5839);
#5838 = CARTESIAN_POINT('',(116.2,-105.075,-4.6E-02));
#5839 = VECTOR('',#5840,1.);
#5840 = DIRECTION('',(0.,0.,1.));
#5841 = ORIENTED_EDGE('',*,*,#5798,.F.);
#5842 = ORIENTED_EDGE('',*,*,#5836,.F.);
#5843 = CYLINDRICAL_SURFACE('',#5844,0.475);
#5844 = AXIS2_PLACEMENT_3D('',#5845,#5846,#5847);
#5845 = CARTESIAN_POINT('',(116.2,-104.6,-4.6E-02));
#5846 = DIRECTION('',(-0.,0.,-1.));
#5847 = DIRECTION('',(2.991758887411E-14,-1.,-0.));
#5848 = MANIFOLD_SOLID_BREP('',#5849);
#5849 = CLOSED_SHELL('',(#5850,#5883,#5903,#5923));
#5850 = ADVANCED_FACE('',(#5851),#5878,.T.);
#5851 = FACE_BOUND('',#5852,.F.);
#5852 = EDGE_LOOP('',(#5853,#5863,#5870,#5871));
#5853 = ORIENTED_EDGE('',*,*,#5854,.T.);
#5854 = EDGE_CURVE('',#5855,#5857,#5859,.T.);
#5855 = VERTEX_POINT('',#5856);
#5856 = CARTESIAN_POINT('',(116.2,-105.1,-3.5E-02));
#5857 = VERTEX_POINT('',#5858);
#5858 = CARTESIAN_POINT('',(116.2,-105.1,0.945));
#5859 = LINE('',#5860,#5861);
#5860 = CARTESIAN_POINT('',(116.2,-105.1,-3.5E-02));
#5861 = VECTOR('',#5862,1.);
#5862 = DIRECTION('',(0.,0.,1.));
#5863 = ORIENTED_EDGE('',*,*,#5864,.T.);
#5864 = EDGE_CURVE('',#5857,#5857,#5865,.T.);
#5865 = CIRCLE('',#5866,0.5);
#5866 = AXIS2_PLACEMENT_3D('',#5867,#5868,#5869);
#5867 = CARTESIAN_POINT('',(116.2,-104.6,0.945));
#5868 = DIRECTION('',(0.,0.,1.));
#5869 = DIRECTION('',(-0.,-1.,0.));
#5870 = ORIENTED_EDGE('',*,*,#5854,.F.);
#5871 = ORIENTED_EDGE('',*,*,#5872,.F.);
#5872 = EDGE_CURVE('',#5855,#5855,#5873,.T.);
#5873 = CIRCLE('',#5874,0.5);
#5874 = AXIS2_PLACEMENT_3D('',#5875,#5876,#5877);
#5875 = CARTESIAN_POINT('',(116.2,-104.6,-3.5E-02));
#5876 = DIRECTION('',(0.,0.,1.));
#5877 = DIRECTION('',(-0.,-1.,0.));
#5878 = CYLINDRICAL_SURFACE('',#5879,0.5);
#5879 = AXIS2_PLACEMENT_3D('',#5880,#5881,#5882);
#5880 = CARTESIAN_POINT('',(116.2,-104.6,-3.5E-02));
#5881 = DIRECTION('',(-0.,-0.,-1.));
#5882 = DIRECTION('',(-0.,-1.,0.));
#5883 = ADVANCED_FACE('',(#5884,#5887),#5898,.F.);
#5884 = FACE_BOUND('',#5885,.F.);
#5885 = EDGE_LOOP('',(#5886));
#5886 = ORIENTED_EDGE('',*,*,#5872,.T.);
#5887 = FACE_BOUND('',#5888,.F.);
#5888 = EDGE_LOOP('',(#5889));
#5889 = ORIENTED_EDGE('',*,*,#5890,.T.);
#5890 = EDGE_CURVE('',#5891,#5891,#5893,.T.);
#5891 = VERTEX_POINT('',#5892);
#5892 = CARTESIAN_POINT('',(116.2,-105.075,-3.5E-02));
#5893 = CIRCLE('',#5894,0.475);
#5894 = AXIS2_PLACEMENT_3D('',#5895,#5896,#5897);
#5895 = CARTESIAN_POINT('',(116.2,-104.6,-3.5E-02));
#5896 = DIRECTION('',(-0.,0.,-1.));
#5897 = DIRECTION('',(2.991758887411E-14,-1.,-0.));
#5898 = PLANE('',#5899);
#5899 = AXIS2_PLACEMENT_3D('',#5900,#5901,#5902);
#5900 = CARTESIAN_POINT('',(116.2,-105.1,-3.5E-02));
#5901 = DIRECTION('',(0.,0.,1.));
#5902 = DIRECTION('',(1.,0.,-0.));
#5903 = ADVANCED_FACE('',(#5904,#5907),#5918,.T.);
#5904 = FACE_BOUND('',#5905,.T.);
#5905 = EDGE_LOOP('',(#5906));
#5906 = ORIENTED_EDGE('',*,*,#5864,.T.);
#5907 = FACE_BOUND('',#5908,.T.);
#5908 = EDGE_LOOP('',(#5909));
#5909 = ORIENTED_EDGE('',*,*,#5910,.T.);
#5910 = EDGE_CURVE('',#5911,#5911,#5913,.T.);
#5911 = VERTEX_POINT('',#5912);
#5912 = CARTESIAN_POINT('',(116.2,-105.075,0.945));
#5913 = CIRCLE('',#5914,0.475);
#5914 = AXIS2_PLACEMENT_3D('',#5915,#5916,#5917);
#5915 = CARTESIAN_POINT('',(116.2,-104.6,0.945));
#5916 = DIRECTION('',(-0.,0.,-1.));
#5917 = DIRECTION('',(2.991758887411E-14,-1.,-0.));
#5918 = PLANE('',#5919);
#5919 = AXIS2_PLACEMENT_3D('',#5920,#5921,#5922);
#5920 = CARTESIAN_POINT('',(116.2,-105.1,0.945));
#5921 = DIRECTION('',(0.,0.,1.));
#5922 = DIRECTION('',(1.,0.,-0.));
#5923 = ADVANCED_FACE('',(#5924),#5935,.F.);
#5924 = FACE_BOUND('',#5925,.T.);
#5925 = EDGE_LOOP('',(#5926,#5927,#5933,#5934));
#5926 = ORIENTED_EDGE('',*,*,#5890,.T.);
#5927 = ORIENTED_EDGE('',*,*,#5928,.T.);
#5928 = EDGE_CURVE('',#5891,#5911,#5929,.T.);
#5929 = LINE('',#5930,#5931);
#5930 = CARTESIAN_POINT('',(116.2,-105.075,-4.6E-02));
#5931 = VECTOR('',#5932,1.);
#5932 = DIRECTION('',(0.,0.,1.));
#5933 = ORIENTED_EDGE('',*,*,#5910,.F.);
#5934 = ORIENTED_EDGE('',*,*,#5928,.F.);
#5935 = CYLINDRICAL_SURFACE('',#5936,0.475);
#5936 = AXIS2_PLACEMENT_3D('',#5937,#5938,#5939);
#5937 = CARTESIAN_POINT('',(116.2,-104.6,-4.6E-02));
#5938 = DIRECTION('',(-0.,0.,-1.));
#5939 = DIRECTION('',(2.991758887411E-14,-1.,-0.));
#5940 = MANIFOLD_SOLID_BREP('',#5941);
#5941 = CLOSED_SHELL('',(#5942,#5975,#5995,#6015));
#5942 = ADVANCED_FACE('',(#5943),#5970,.T.);
#5943 = FACE_BOUND('',#5944,.F.);
#5944 = EDGE_LOOP('',(#5945,#5955,#5962,#5963));
#5945 = ORIENTED_EDGE('',*,*,#5946,.T.);
#5946 = EDGE_CURVE('',#5947,#5949,#5951,.T.);
#5947 = VERTEX_POINT('',#5948);
#5948 = CARTESIAN_POINT('',(117.049999,-106.6,0.91));
#5949 = VERTEX_POINT('',#5950);
#5950 = CARTESIAN_POINT('',(117.049999,-106.6,0.95));
#5951 = LINE('',#5952,#5953);
#5952 = CARTESIAN_POINT('',(117.049999,-106.6,0.91));
#5953 = VECTOR('',#5954,1.);
#5954 = DIRECTION('',(0.,0.,1.));
#5955 = ORIENTED_EDGE('',*,*,#5956,.T.);
#5956 = EDGE_CURVE('',#5949,#5949,#5957,.T.);
#5957 = CIRCLE('',#5958,0.849999);
#5958 = AXIS2_PLACEMENT_3D('',#5959,#5960,#5961);
#5959 = CARTESIAN_POINT('',(116.2,-106.6,0.95));
#5960 = DIRECTION('',(0.,0.,1.));
#5961 = DIRECTION('',(1.,0.,-0.));
#5962 = ORIENTED_EDGE('',*,*,#5946,.F.);
#5963 = ORIENTED_EDGE('',*,*,#5964,.F.);
#5964 = EDGE_CURVE('',#5947,#5947,#5965,.T.);
#5965 = CIRCLE('',#5966,0.849999);
#5966 = AXIS2_PLACEMENT_3D('',#5967,#5968,#5969);
#5967 = CARTESIAN_POINT('',(116.2,-106.6,0.91));
#5968 = DIRECTION('',(0.,0.,1.));
#5969 = DIRECTION('',(1.,0.,-0.));
#5970 = CYLINDRICAL_SURFACE('',#5971,0.849999);
#5971 = AXIS2_PLACEMENT_3D('',#5972,#5973,#5974);
#5972 = CARTESIAN_POINT('',(116.2,-106.6,0.91));
#5973 = DIRECTION('',(-0.,-0.,-1.));
#5974 = DIRECTION('',(1.,0.,-0.));
#5975 = ADVANCED_FACE('',(#5976,#5979),#5990,.F.);
#5976 = FACE_BOUND('',#5977,.F.);
#5977 = EDGE_LOOP('',(#5978));
#5978 = ORIENTED_EDGE('',*,*,#5964,.T.);
#5979 = FACE_BOUND('',#5980,.F.);
#5980 = EDGE_LOOP('',(#5981));
#5981 = ORIENTED_EDGE('',*,*,#5982,.T.);
#5982 = EDGE_CURVE('',#5983,#5983,#5985,.T.);
#5983 = VERTEX_POINT('',#5984);
#5984 = CARTESIAN_POINT('',(116.2,-107.075,0.91));
#5985 = CIRCLE('',#5986,0.475);
#5986 = AXIS2_PLACEMENT_3D('',#5987,#5988,#5989);
#5987 = CARTESIAN_POINT('',(116.2,-106.6,0.91));
#5988 = DIRECTION('',(-0.,0.,-1.));
#5989 = DIRECTION('',(2.991758887411E-14,-1.,-0.));
#5990 = PLANE('',#5991);
#5991 = AXIS2_PLACEMENT_3D('',#5992,#5993,#5994);
#5992 = CARTESIAN_POINT('',(0.,0.,0.91));
#5993 = DIRECTION('',(0.,0.,1.));
#5994 = DIRECTION('',(1.,0.,-0.));
#5995 = ADVANCED_FACE('',(#5996,#5999),#6010,.T.);
#5996 = FACE_BOUND('',#5997,.T.);
#5997 = EDGE_LOOP('',(#5998));
#5998 = ORIENTED_EDGE('',*,*,#5956,.T.);
#5999 = FACE_BOUND('',#6000,.T.);
#6000 = EDGE_LOOP('',(#6001));
#6001 = ORIENTED_EDGE('',*,*,#6002,.T.);
#6002 = EDGE_CURVE('',#6003,#6003,#6005,.T.);
#6003 = VERTEX_POINT('',#6004);
#6004 = CARTESIAN_POINT('',(116.2,-107.075,0.95));
#6005 = CIRCLE('',#6006,0.475);
#6006 = AXIS2_PLACEMENT_3D('',#6007,#6008,#6009);
#6007 = CARTESIAN_POINT('',(116.2,-106.6,0.95));
#6008 = DIRECTION('',(-0.,0.,-1.));
#6009 = DIRECTION('',(2.991758887411E-14,-1.,-0.));
#6010 = PLANE('',#6011);
#6011 = AXIS2_PLACEMENT_3D('',#6012,#6013,#6014);
#6012 = CARTESIAN_POINT('',(0.,0.,0.95));
#6013 = DIRECTION('',(0.,0.,1.));
#6014 = DIRECTION('',(1.,0.,-0.));
#6015 = ADVANCED_FACE('',(#6016),#6027,.F.);
#6016 = FACE_BOUND('',#6017,.T.);
#6017 = EDGE_LOOP('',(#6018,#6019,#6025,#6026));
#6018 = ORIENTED_EDGE('',*,*,#5982,.T.);
#6019 = ORIENTED_EDGE('',*,*,#6020,.T.);
#6020 = EDGE_CURVE('',#5983,#6003,#6021,.T.);
#6021 = LINE('',#6022,#6023);
#6022 = CARTESIAN_POINT('',(116.2,-107.075,-4.6E-02));
#6023 = VECTOR('',#6024,1.);
#6024 = DIRECTION('',(0.,0.,1.));
#6025 = ORIENTED_EDGE('',*,*,#6002,.F.);
#6026 = ORIENTED_EDGE('',*,*,#6020,.F.);
#6027 = CYLINDRICAL_SURFACE('',#6028,0.475);
#6028 = AXIS2_PLACEMENT_3D('',#6029,#6030,#6031);
#6029 = CARTESIAN_POINT('',(116.2,-106.6,-4.6E-02));
#6030 = DIRECTION('',(-0.,0.,-1.));
#6031 = DIRECTION('',(2.991758887411E-14,-1.,-0.));
#6032 = MANIFOLD_SOLID_BREP('',#6033);
#6033 = CLOSED_SHELL('',(#6034,#6067,#6087,#6107));
#6034 = ADVANCED_FACE('',(#6035),#6062,.T.);
#6035 = FACE_BOUND('',#6036,.T.);
#6036 = EDGE_LOOP('',(#6037,#6047,#6054,#6055));
#6037 = ORIENTED_EDGE('',*,*,#6038,.T.);
#6038 = EDGE_CURVE('',#6039,#6041,#6043,.T.);
#6039 = VERTEX_POINT('',#6040);
#6040 = CARTESIAN_POINT('',(117.049999,-106.6,0.));
#6041 = VERTEX_POINT('',#6042);
#6042 = CARTESIAN_POINT('',(117.049999,-106.6,-4.E-02));
#6043 = LINE('',#6044,#6045);
#6044 = CARTESIAN_POINT('',(117.049999,-106.6,0.));
#6045 = VECTOR('',#6046,1.);
#6046 = DIRECTION('',(0.,0.,-1.));
#6047 = ORIENTED_EDGE('',*,*,#6048,.T.);
#6048 = EDGE_CURVE('',#6041,#6041,#6049,.T.);
#6049 = CIRCLE('',#6050,0.849999);
#6050 = AXIS2_PLACEMENT_3D('',#6051,#6052,#6053);
#6051 = CARTESIAN_POINT('',(116.2,-106.6,-4.E-02));
#6052 = DIRECTION('',(0.,0.,1.));
#6053 = DIRECTION('',(1.,0.,-0.));
#6054 = ORIENTED_EDGE('',*,*,#6038,.F.);
#6055 = ORIENTED_EDGE('',*,*,#6056,.F.);
#6056 = EDGE_CURVE('',#6039,#6039,#6057,.T.);
#6057 = CIRCLE('',#6058,0.849999);
#6058 = AXIS2_PLACEMENT_3D('',#6059,#6060,#6061);
#6059 = CARTESIAN_POINT('',(116.2,-106.6,0.));
#6060 = DIRECTION('',(0.,0.,1.));
#6061 = DIRECTION('',(1.,0.,-0.));
#6062 = CYLINDRICAL_SURFACE('',#6063,0.849999);
#6063 = AXIS2_PLACEMENT_3D('',#6064,#6065,#6066);
#6064 = CARTESIAN_POINT('',(116.2,-106.6,0.));
#6065 = DIRECTION('',(0.,0.,1.));
#6066 = DIRECTION('',(1.,0.,-0.));
#6067 = ADVANCED_FACE('',(#6068,#6071),#6082,.F.);
#6068 = FACE_BOUND('',#6069,.F.);
#6069 = EDGE_LOOP('',(#6070));
#6070 = ORIENTED_EDGE('',*,*,#6056,.F.);
#6071 = FACE_BOUND('',#6072,.F.);
#6072 = EDGE_LOOP('',(#6073));
#6073 = ORIENTED_EDGE('',*,*,#6074,.F.);
#6074 = EDGE_CURVE('',#6075,#6075,#6077,.T.);
#6075 = VERTEX_POINT('',#6076);
#6076 = CARTESIAN_POINT('',(116.2,-107.075,0.));
#6077 = CIRCLE('',#6078,0.475);
#6078 = AXIS2_PLACEMENT_3D('',#6079,#6080,#6081);
#6079 = CARTESIAN_POINT('',(116.2,-106.6,0.));
#6080 = DIRECTION('',(-0.,0.,-1.));
#6081 = DIRECTION('',(2.991758887411E-14,-1.,-0.));
#6082 = PLANE('',#6083);
#6083 = AXIS2_PLACEMENT_3D('',#6084,#6085,#6086);
#6084 = CARTESIAN_POINT('',(0.,0.,0.));
#6085 = DIRECTION('',(-0.,-0.,-1.));
#6086 = DIRECTION('',(-1.,0.,0.));
#6087 = ADVANCED_FACE('',(#6088,#6091),#6102,.T.);
#6088 = FACE_BOUND('',#6089,.T.);
#6089 = EDGE_LOOP('',(#6090));
#6090 = ORIENTED_EDGE('',*,*,#6048,.F.);
#6091 = FACE_BOUND('',#6092,.T.);
#6092 = EDGE_LOOP('',(#6093));
#6093 = ORIENTED_EDGE('',*,*,#6094,.F.);
#6094 = EDGE_CURVE('',#6095,#6095,#6097,.T.);
#6095 = VERTEX_POINT('',#6096);
#6096 = CARTESIAN_POINT('',(116.2,-107.075,-4.E-02));
#6097 = CIRCLE('',#6098,0.475);
#6098 = AXIS2_PLACEMENT_3D('',#6099,#6100,#6101);
#6099 = CARTESIAN_POINT('',(116.2,-106.6,-4.E-02));
#6100 = DIRECTION('',(-0.,0.,-1.));
#6101 = DIRECTION('',(2.991758887411E-14,-1.,-0.));
#6102 = PLANE('',#6103);
#6103 = AXIS2_PLACEMENT_3D('',#6104,#6105,#6106);
#6104 = CARTESIAN_POINT('',(0.,0.,-4.E-02));
#6105 = DIRECTION('',(-0.,-0.,-1.));
#6106 = DIRECTION('',(-1.,0.,0.));
#6107 = ADVANCED_FACE('',(#6108),#6119,.F.);
#6108 = FACE_BOUND('',#6109,.T.);
#6109 = EDGE_LOOP('',(#6110,#6111,#6117,#6118));
#6110 = ORIENTED_EDGE('',*,*,#6094,.T.);
#6111 = ORIENTED_EDGE('',*,*,#6112,.T.);
#6112 = EDGE_CURVE('',#6095,#6075,#6113,.T.);
#6113 = LINE('',#6114,#6115);
#6114 = CARTESIAN_POINT('',(116.2,-107.075,-4.6E-02));
#6115 = VECTOR('',#6116,1.);
#6116 = DIRECTION('',(0.,0.,1.));
#6117 = ORIENTED_EDGE('',*,*,#6074,.F.);
#6118 = ORIENTED_EDGE('',*,*,#6112,.F.);
#6119 = CYLINDRICAL_SURFACE('',#6120,0.475);
#6120 = AXIS2_PLACEMENT_3D('',#6121,#6122,#6123);
#6121 = CARTESIAN_POINT('',(116.2,-106.6,-4.6E-02));
#6122 = DIRECTION('',(-0.,0.,-1.));
#6123 = DIRECTION('',(2.991758887411E-14,-1.,-0.));
#6124 = MANIFOLD_SOLID_BREP('',#6125);
#6125 = CLOSED_SHELL('',(#6126,#6159,#6179,#6199));
#6126 = ADVANCED_FACE('',(#6127),#6154,.T.);
#6127 = FACE_BOUND('',#6128,.F.);
#6128 = EDGE_LOOP('',(#6129,#6139,#6146,#6147));
#6129 = ORIENTED_EDGE('',*,*,#6130,.T.);
#6130 = EDGE_CURVE('',#6131,#6133,#6135,.T.);
#6131 = VERTEX_POINT('',#6132);
#6132 = CARTESIAN_POINT('',(116.2,-107.1,-3.5E-02));
#6133 = VERTEX_POINT('',#6134);
#6134 = CARTESIAN_POINT('',(116.2,-107.1,0.945));
#6135 = LINE('',#6136,#6137);
#6136 = CARTESIAN_POINT('',(116.2,-107.1,-3.5E-02));
#6137 = VECTOR('',#6138,1.);
#6138 = DIRECTION('',(0.,0.,1.));
#6139 = ORIENTED_EDGE('',*,*,#6140,.T.);
#6140 = EDGE_CURVE('',#6133,#6133,#6141,.T.);
#6141 = CIRCLE('',#6142,0.5);
#6142 = AXIS2_PLACEMENT_3D('',#6143,#6144,#6145);
#6143 = CARTESIAN_POINT('',(116.2,-106.6,0.945));
#6144 = DIRECTION('',(0.,0.,1.));
#6145 = DIRECTION('',(-0.,-1.,0.));
#6146 = ORIENTED_EDGE('',*,*,#6130,.F.);
#6147 = ORIENTED_EDGE('',*,*,#6148,.F.);
#6148 = EDGE_CURVE('',#6131,#6131,#6149,.T.);
#6149 = CIRCLE('',#6150,0.5);
#6150 = AXIS2_PLACEMENT_3D('',#6151,#6152,#6153);
#6151 = CARTESIAN_POINT('',(116.2,-106.6,-3.5E-02));
#6152 = DIRECTION('',(0.,0.,1.));
#6153 = DIRECTION('',(-0.,-1.,0.));
#6154 = CYLINDRICAL_SURFACE('',#6155,0.5);
#6155 = AXIS2_PLACEMENT_3D('',#6156,#6157,#6158);
#6156 = CARTESIAN_POINT('',(116.2,-106.6,-3.5E-02));
#6157 = DIRECTION('',(-0.,-0.,-1.));
#6158 = DIRECTION('',(-0.,-1.,0.));
#6159 = ADVANCED_FACE('',(#6160,#6163),#6174,.F.);
#6160 = FACE_BOUND('',#6161,.F.);
#6161 = EDGE_LOOP('',(#6162));
#6162 = ORIENTED_EDGE('',*,*,#6148,.T.);
#6163 = FACE_BOUND('',#6164,.F.);
#6164 = EDGE_LOOP('',(#6165));
#6165 = ORIENTED_EDGE('',*,*,#6166,.T.);
#6166 = EDGE_CURVE('',#6167,#6167,#6169,.T.);
#6167 = VERTEX_POINT('',#6168);
#6168 = CARTESIAN_POINT('',(116.2,-107.075,-3.5E-02));
#6169 = CIRCLE('',#6170,0.475);
#6170 = AXIS2_PLACEMENT_3D('',#6171,#6172,#6173);
#6171 = CARTESIAN_POINT('',(116.2,-106.6,-3.5E-02));
#6172 = DIRECTION('',(-0.,0.,-1.));
#6173 = DIRECTION('',(2.991758887411E-14,-1.,-0.));
#6174 = PLANE('',#6175);
#6175 = AXIS2_PLACEMENT_3D('',#6176,#6177,#6178);
#6176 = CARTESIAN_POINT('',(116.2,-107.1,-3.5E-02));
#6177 = DIRECTION('',(0.,0.,1.));
#6178 = DIRECTION('',(1.,0.,-0.));
#6179 = ADVANCED_FACE('',(#6180,#6183),#6194,.T.);
#6180 = FACE_BOUND('',#6181,.T.);
#6181 = EDGE_LOOP('',(#6182));
#6182 = ORIENTED_EDGE('',*,*,#6140,.T.);
#6183 = FACE_BOUND('',#6184,.T.);
#6184 = EDGE_LOOP('',(#6185));
#6185 = ORIENTED_EDGE('',*,*,#6186,.T.);
#6186 = EDGE_CURVE('',#6187,#6187,#6189,.T.);
#6187 = VERTEX_POINT('',#6188);
#6188 = CARTESIAN_POINT('',(116.2,-107.075,0.945));
#6189 = CIRCLE('',#6190,0.475);
#6190 = AXIS2_PLACEMENT_3D('',#6191,#6192,#6193);
#6191 = CARTESIAN_POINT('',(116.2,-106.6,0.945));
#6192 = DIRECTION('',(-0.,0.,-1.));
#6193 = DIRECTION('',(2.991758887411E-14,-1.,-0.));
#6194 = PLANE('',#6195);
#6195 = AXIS2_PLACEMENT_3D('',#6196,#6197,#6198);
#6196 = CARTESIAN_POINT('',(116.2,-107.1,0.945));
#6197 = DIRECTION('',(0.,0.,1.));
#6198 = DIRECTION('',(1.,0.,-0.));
#6199 = ADVANCED_FACE('',(#6200),#6211,.F.);
#6200 = FACE_BOUND('',#6201,.T.);
#6201 = EDGE_LOOP('',(#6202,#6203,#6209,#6210));
#6202 = ORIENTED_EDGE('',*,*,#6166,.T.);
#6203 = ORIENTED_EDGE('',*,*,#6204,.T.);
#6204 = EDGE_CURVE('',#6167,#6187,#6205,.T.);
#6205 = LINE('',#6206,#6207);
#6206 = CARTESIAN_POINT('',(116.2,-107.075,-4.6E-02));
#6207 = VECTOR('',#6208,1.);
#6208 = DIRECTION('',(0.,0.,1.));
#6209 = ORIENTED_EDGE('',*,*,#6186,.F.);
#6210 = ORIENTED_EDGE('',*,*,#6204,.F.);
#6211 = CYLINDRICAL_SURFACE('',#6212,0.475);
#6212 = AXIS2_PLACEMENT_3D('',#6213,#6214,#6215);
#6213 = CARTESIAN_POINT('',(116.2,-106.6,-4.6E-02));
#6214 = DIRECTION('',(-0.,0.,-1.));
#6215 = DIRECTION('',(2.991758887411E-14,-1.,-0.));
#6216 = MANIFOLD_SOLID_BREP('',#6217);
#6217 = CLOSED_SHELL('',(#6218,#6251,#6271,#6291));
#6218 = ADVANCED_FACE('',(#6219),#6246,.T.);
#6219 = FACE_BOUND('',#6220,.F.);
#6220 = EDGE_LOOP('',(#6221,#6231,#6238,#6239));
#6221 = ORIENTED_EDGE('',*,*,#6222,.T.);
#6222 = EDGE_CURVE('',#6223,#6225,#6227,.T.);
#6223 = VERTEX_POINT('',#6224);
#6224 = CARTESIAN_POINT('',(117.049999,-93.4,0.91));
#6225 = VERTEX_POINT('',#6226);
#6226 = CARTESIAN_POINT('',(117.049999,-93.4,0.95));
#6227 = LINE('',#6228,#6229);
#6228 = CARTESIAN_POINT('',(117.049999,-93.4,0.91));
#6229 = VECTOR('',#6230,1.);
#6230 = DIRECTION('',(0.,0.,1.));
#6231 = ORIENTED_EDGE('',*,*,#6232,.T.);
#6232 = EDGE_CURVE('',#6225,#6225,#6233,.T.);
#6233 = CIRCLE('',#6234,0.849999);
#6234 = AXIS2_PLACEMENT_3D('',#6235,#6236,#6237);
#6235 = CARTESIAN_POINT('',(116.2,-93.4,0.95));
#6236 = DIRECTION('',(0.,0.,1.));
#6237 = DIRECTION('',(1.,0.,-0.));
#6238 = ORIENTED_EDGE('',*,*,#6222,.F.);
#6239 = ORIENTED_EDGE('',*,*,#6240,.F.);
#6240 = EDGE_CURVE('',#6223,#6223,#6241,.T.);
#6241 = CIRCLE('',#6242,0.849999);
#6242 = AXIS2_PLACEMENT_3D('',#6243,#6244,#6245);
#6243 = CARTESIAN_POINT('',(116.2,-93.4,0.91));
#6244 = DIRECTION('',(0.,0.,1.));
#6245 = DIRECTION('',(1.,0.,-0.));
#6246 = CYLINDRICAL_SURFACE('',#6247,0.849999);
#6247 = AXIS2_PLACEMENT_3D('',#6248,#6249,#6250);
#6248 = CARTESIAN_POINT('',(116.2,-93.4,0.91));
#6249 = DIRECTION('',(-0.,-0.,-1.));
#6250 = DIRECTION('',(1.,0.,-0.));
#6251 = ADVANCED_FACE('',(#6252,#6255),#6266,.F.);
#6252 = FACE_BOUND('',#6253,.F.);
#6253 = EDGE_LOOP('',(#6254));
#6254 = ORIENTED_EDGE('',*,*,#6240,.T.);
#6255 = FACE_BOUND('',#6256,.F.);
#6256 = EDGE_LOOP('',(#6257));
#6257 = ORIENTED_EDGE('',*,*,#6258,.T.);
#6258 = EDGE_CURVE('',#6259,#6259,#6261,.T.);
#6259 = VERTEX_POINT('',#6260);
#6260 = CARTESIAN_POINT('',(116.2,-93.875,0.91));
#6261 = CIRCLE('',#6262,0.475);
#6262 = AXIS2_PLACEMENT_3D('',#6263,#6264,#6265);
#6263 = CARTESIAN_POINT('',(116.2,-93.4,0.91));
#6264 = DIRECTION('',(-0.,0.,-1.));
#6265 = DIRECTION('',(2.991758887411E-14,-1.,-0.));
#6266 = PLANE('',#6267);
#6267 = AXIS2_PLACEMENT_3D('',#6268,#6269,#6270);
#6268 = CARTESIAN_POINT('',(0.,0.,0.91));
#6269 = DIRECTION('',(0.,0.,1.));
#6270 = DIRECTION('',(1.,0.,-0.));
#6271 = ADVANCED_FACE('',(#6272,#6275),#6286,.T.);
#6272 = FACE_BOUND('',#6273,.T.);
#6273 = EDGE_LOOP('',(#6274));
#6274 = ORIENTED_EDGE('',*,*,#6232,.T.);
#6275 = FACE_BOUND('',#6276,.T.);
#6276 = EDGE_LOOP('',(#6277));
#6277 = ORIENTED_EDGE('',*,*,#6278,.T.);
#6278 = EDGE_CURVE('',#6279,#6279,#6281,.T.);
#6279 = VERTEX_POINT('',#6280);
#6280 = CARTESIAN_POINT('',(116.2,-93.875,0.95));
#6281 = CIRCLE('',#6282,0.475);
#6282 = AXIS2_PLACEMENT_3D('',#6283,#6284,#6285);
#6283 = CARTESIAN_POINT('',(116.2,-93.4,0.95));
#6284 = DIRECTION('',(-0.,0.,-1.));
#6285 = DIRECTION('',(2.991758887411E-14,-1.,-0.));
#6286 = PLANE('',#6287);
#6287 = AXIS2_PLACEMENT_3D('',#6288,#6289,#6290);
#6288 = CARTESIAN_POINT('',(0.,0.,0.95));
#6289 = DIRECTION('',(0.,0.,1.));
#6290 = DIRECTION('',(1.,0.,-0.));
#6291 = ADVANCED_FACE('',(#6292),#6303,.F.);
#6292 = FACE_BOUND('',#6293,.T.);
#6293 = EDGE_LOOP('',(#6294,#6295,#6301,#6302));
#6294 = ORIENTED_EDGE('',*,*,#6258,.T.);
#6295 = ORIENTED_EDGE('',*,*,#6296,.T.);
#6296 = EDGE_CURVE('',#6259,#6279,#6297,.T.);
#6297 = LINE('',#6298,#6299);
#6298 = CARTESIAN_POINT('',(116.2,-93.875,-4.6E-02));
#6299 = VECTOR('',#6300,1.);
#6300 = DIRECTION('',(0.,0.,1.));
#6301 = ORIENTED_EDGE('',*,*,#6278,.F.);
#6302 = ORIENTED_EDGE('',*,*,#6296,.F.);
#6303 = CYLINDRICAL_SURFACE('',#6304,0.475);
#6304 = AXIS2_PLACEMENT_3D('',#6305,#6306,#6307);
#6305 = CARTESIAN_POINT('',(116.2,-93.4,-4.6E-02));
#6306 = DIRECTION('',(-0.,0.,-1.));
#6307 = DIRECTION('',(2.991758887411E-14,-1.,-0.));
#6308 = MANIFOLD_SOLID_BREP('',#6309);
#6309 = CLOSED_SHELL('',(#6310,#6343,#6363,#6383));
#6310 = ADVANCED_FACE('',(#6311),#6338,.T.);
#6311 = FACE_BOUND('',#6312,.T.);
#6312 = EDGE_LOOP('',(#6313,#6323,#6330,#6331));
#6313 = ORIENTED_EDGE('',*,*,#6314,.T.);
#6314 = EDGE_CURVE('',#6315,#6317,#6319,.T.);
#6315 = VERTEX_POINT('',#6316);
#6316 = CARTESIAN_POINT('',(117.049999,-93.4,0.));
#6317 = VERTEX_POINT('',#6318);
#6318 = CARTESIAN_POINT('',(117.049999,-93.4,-4.E-02));
#6319 = LINE('',#6320,#6321);
#6320 = CARTESIAN_POINT('',(117.049999,-93.4,0.));
#6321 = VECTOR('',#6322,1.);
#6322 = DIRECTION('',(0.,0.,-1.));
#6323 = ORIENTED_EDGE('',*,*,#6324,.T.);
#6324 = EDGE_CURVE('',#6317,#6317,#6325,.T.);
#6325 = CIRCLE('',#6326,0.849999);
#6326 = AXIS2_PLACEMENT_3D('',#6327,#6328,#6329);
#6327 = CARTESIAN_POINT('',(116.2,-93.4,-4.E-02));
#6328 = DIRECTION('',(0.,0.,1.));
#6329 = DIRECTION('',(1.,0.,-0.));
#6330 = ORIENTED_EDGE('',*,*,#6314,.F.);
#6331 = ORIENTED_EDGE('',*,*,#6332,.F.);
#6332 = EDGE_CURVE('',#6315,#6315,#6333,.T.);
#6333 = CIRCLE('',#6334,0.849999);
#6334 = AXIS2_PLACEMENT_3D('',#6335,#6336,#6337);
#6335 = CARTESIAN_POINT('',(116.2,-93.4,0.));
#6336 = DIRECTION('',(0.,0.,1.));
#6337 = DIRECTION('',(1.,0.,-0.));
#6338 = CYLINDRICAL_SURFACE('',#6339,0.849999);
#6339 = AXIS2_PLACEMENT_3D('',#6340,#6341,#6342);
#6340 = CARTESIAN_POINT('',(116.2,-93.4,0.));
#6341 = DIRECTION('',(0.,0.,1.));
#6342 = DIRECTION('',(1.,0.,-0.));
#6343 = ADVANCED_FACE('',(#6344,#6347),#6358,.F.);
#6344 = FACE_BOUND('',#6345,.F.);
#6345 = EDGE_LOOP('',(#6346));
#6346 = ORIENTED_EDGE('',*,*,#6332,.F.);
#6347 = FACE_BOUND('',#6348,.F.);
#6348 = EDGE_LOOP('',(#6349));
#6349 = ORIENTED_EDGE('',*,*,#6350,.F.);
#6350 = EDGE_CURVE('',#6351,#6351,#6353,.T.);
#6351 = VERTEX_POINT('',#6352);
#6352 = CARTESIAN_POINT('',(116.2,-93.875,0.));
#6353 = CIRCLE('',#6354,0.475);
#6354 = AXIS2_PLACEMENT_3D('',#6355,#6356,#6357);
#6355 = CARTESIAN_POINT('',(116.2,-93.4,0.));
#6356 = DIRECTION('',(-0.,0.,-1.));
#6357 = DIRECTION('',(2.991758887411E-14,-1.,-0.));
#6358 = PLANE('',#6359);
#6359 = AXIS2_PLACEMENT_3D('',#6360,#6361,#6362);
#6360 = CARTESIAN_POINT('',(0.,0.,0.));
#6361 = DIRECTION('',(-0.,-0.,-1.));
#6362 = DIRECTION('',(-1.,0.,0.));
#6363 = ADVANCED_FACE('',(#6364,#6367),#6378,.T.);
#6364 = FACE_BOUND('',#6365,.T.);
#6365 = EDGE_LOOP('',(#6366));
#6366 = ORIENTED_EDGE('',*,*,#6324,.F.);
#6367 = FACE_BOUND('',#6368,.T.);
#6368 = EDGE_LOOP('',(#6369));
#6369 = ORIENTED_EDGE('',*,*,#6370,.F.);
#6370 = EDGE_CURVE('',#6371,#6371,#6373,.T.);
#6371 = VERTEX_POINT('',#6372);
#6372 = CARTESIAN_POINT('',(116.2,-93.875,-4.E-02));
#6373 = CIRCLE('',#6374,0.475);
#6374 = AXIS2_PLACEMENT_3D('',#6375,#6376,#6377);
#6375 = CARTESIAN_POINT('',(116.2,-93.4,-4.E-02));
#6376 = DIRECTION('',(-0.,0.,-1.));
#6377 = DIRECTION('',(2.991758887411E-14,-1.,-0.));
#6378 = PLANE('',#6379);
#6379 = AXIS2_PLACEMENT_3D('',#6380,#6381,#6382);
#6380 = CARTESIAN_POINT('',(0.,0.,-4.E-02));
#6381 = DIRECTION('',(-0.,-0.,-1.));
#6382 = DIRECTION('',(-1.,0.,0.));
#6383 = ADVANCED_FACE('',(#6384),#6395,.F.);
#6384 = FACE_BOUND('',#6385,.T.);
#6385 = EDGE_LOOP('',(#6386,#6387,#6393,#6394));
#6386 = ORIENTED_EDGE('',*,*,#6370,.T.);
#6387 = ORIENTED_EDGE('',*,*,#6388,.T.);
#6388 = EDGE_CURVE('',#6371,#6351,#6389,.T.);
#6389 = LINE('',#6390,#6391);
#6390 = CARTESIAN_POINT('',(116.2,-93.875,-4.6E-02));
#6391 = VECTOR('',#6392,1.);
#6392 = DIRECTION('',(0.,0.,1.));
#6393 = ORIENTED_EDGE('',*,*,#6350,.F.);
#6394 = ORIENTED_EDGE('',*,*,#6388,.F.);
#6395 = CYLINDRICAL_SURFACE('',#6396,0.475);
#6396 = AXIS2_PLACEMENT_3D('',#6397,#6398,#6399);
#6397 = CARTESIAN_POINT('',(116.2,-93.4,-4.6E-02));
#6398 = DIRECTION('',(-0.,0.,-1.));
#6399 = DIRECTION('',(2.991758887411E-14,-1.,-0.));
#6400 = MANIFOLD_SOLID_BREP('',#6401);
#6401 = CLOSED_SHELL('',(#6402,#6435,#6455,#6475));
#6402 = ADVANCED_FACE('',(#6403),#6430,.T.);
#6403 = FACE_BOUND('',#6404,.F.);
#6404 = EDGE_LOOP('',(#6405,#6415,#6422,#6423));
#6405 = ORIENTED_EDGE('',*,*,#6406,.T.);
#6406 = EDGE_CURVE('',#6407,#6409,#6411,.T.);
#6407 = VERTEX_POINT('',#6408);
#6408 = CARTESIAN_POINT('',(116.2,-93.9,-3.5E-02));
#6409 = VERTEX_POINT('',#6410);
#6410 = CARTESIAN_POINT('',(116.2,-93.9,0.945));
#6411 = LINE('',#6412,#6413);
#6412 = CARTESIAN_POINT('',(116.2,-93.9,-3.5E-02));
#6413 = VECTOR('',#6414,1.);
#6414 = DIRECTION('',(0.,0.,1.));
#6415 = ORIENTED_EDGE('',*,*,#6416,.T.);
#6416 = EDGE_CURVE('',#6409,#6409,#6417,.T.);
#6417 = CIRCLE('',#6418,0.5);
#6418 = AXIS2_PLACEMENT_3D('',#6419,#6420,#6421);
#6419 = CARTESIAN_POINT('',(116.2,-93.4,0.945));
#6420 = DIRECTION('',(0.,0.,1.));
#6421 = DIRECTION('',(-0.,-1.,0.));
#6422 = ORIENTED_EDGE('',*,*,#6406,.F.);
#6423 = ORIENTED_EDGE('',*,*,#6424,.F.);
#6424 = EDGE_CURVE('',#6407,#6407,#6425,.T.);
#6425 = CIRCLE('',#6426,0.5);
#6426 = AXIS2_PLACEMENT_3D('',#6427,#6428,#6429);
#6427 = CARTESIAN_POINT('',(116.2,-93.4,-3.5E-02));
#6428 = DIRECTION('',(0.,0.,1.));
#6429 = DIRECTION('',(-0.,-1.,0.));
#6430 = CYLINDRICAL_SURFACE('',#6431,0.5);
#6431 = AXIS2_PLACEMENT_3D('',#6432,#6433,#6434);
#6432 = CARTESIAN_POINT('',(116.2,-93.4,-3.5E-02));
#6433 = DIRECTION('',(-0.,-0.,-1.));
#6434 = DIRECTION('',(-0.,-1.,0.));
#6435 = ADVANCED_FACE('',(#6436,#6439),#6450,.F.);
#6436 = FACE_BOUND('',#6437,.F.);
#6437 = EDGE_LOOP('',(#6438));
#6438 = ORIENTED_EDGE('',*,*,#6424,.T.);
#6439 = FACE_BOUND('',#6440,.F.);
#6440 = EDGE_LOOP('',(#6441));
#6441 = ORIENTED_EDGE('',*,*,#6442,.T.);
#6442 = EDGE_CURVE('',#6443,#6443,#6445,.T.);
#6443 = VERTEX_POINT('',#6444);
#6444 = CARTESIAN_POINT('',(116.2,-93.875,-3.5E-02));
#6445 = CIRCLE('',#6446,0.475);
#6446 = AXIS2_PLACEMENT_3D('',#6447,#6448,#6449);
#6447 = CARTESIAN_POINT('',(116.2,-93.4,-3.5E-02));
#6448 = DIRECTION('',(-0.,0.,-1.));
#6449 = DIRECTION('',(2.991758887411E-14,-1.,-0.));
#6450 = PLANE('',#6451);
#6451 = AXIS2_PLACEMENT_3D('',#6452,#6453,#6454);
#6452 = CARTESIAN_POINT('',(116.2,-93.9,-3.5E-02));
#6453 = DIRECTION('',(0.,0.,1.));
#6454 = DIRECTION('',(1.,0.,-0.));
#6455 = ADVANCED_FACE('',(#6456,#6459),#6470,.T.);
#6456 = FACE_BOUND('',#6457,.T.);
#6457 = EDGE_LOOP('',(#6458));
#6458 = ORIENTED_EDGE('',*,*,#6416,.T.);
#6459 = FACE_BOUND('',#6460,.T.);
#6460 = EDGE_LOOP('',(#6461));
#6461 = ORIENTED_EDGE('',*,*,#6462,.T.);
#6462 = EDGE_CURVE('',#6463,#6463,#6465,.T.);
#6463 = VERTEX_POINT('',#6464);
#6464 = CARTESIAN_POINT('',(116.2,-93.875,0.945));
#6465 = CIRCLE('',#6466,0.475);
#6466 = AXIS2_PLACEMENT_3D('',#6467,#6468,#6469);
#6467 = CARTESIAN_POINT('',(116.2,-93.4,0.945));
#6468 = DIRECTION('',(-0.,0.,-1.));
#6469 = DIRECTION('',(2.991758887411E-14,-1.,-0.));
#6470 = PLANE('',#6471);
#6471 = AXIS2_PLACEMENT_3D('',#6472,#6473,#6474);
#6472 = CARTESIAN_POINT('',(116.2,-93.9,0.945));
#6473 = DIRECTION('',(0.,0.,1.));
#6474 = DIRECTION('',(1.,0.,-0.));
#6475 = ADVANCED_FACE('',(#6476),#6487,.F.);
#6476 = FACE_BOUND('',#6477,.T.);
#6477 = EDGE_LOOP('',(#6478,#6479,#6485,#6486));
#6478 = ORIENTED_EDGE('',*,*,#6442,.T.);
#6479 = ORIENTED_EDGE('',*,*,#6480,.T.);
#6480 = EDGE_CURVE('',#6443,#6463,#6481,.T.);
#6481 = LINE('',#6482,#6483);
#6482 = CARTESIAN_POINT('',(116.2,-93.875,-4.6E-02));
#6483 = VECTOR('',#6484,1.);
#6484 = DIRECTION('',(0.,0.,1.));
#6485 = ORIENTED_EDGE('',*,*,#6462,.F.);
#6486 = ORIENTED_EDGE('',*,*,#6480,.F.);
#6487 = CYLINDRICAL_SURFACE('',#6488,0.475);
#6488 = AXIS2_PLACEMENT_3D('',#6489,#6490,#6491);
#6489 = CARTESIAN_POINT('',(116.2,-93.4,-4.6E-02));
#6490 = DIRECTION('',(-0.,0.,-1.));
#6491 = DIRECTION('',(2.991758887411E-14,-1.,-0.));
#6492 = MANIFOLD_SOLID_BREP('',#6493);
#6493 = CLOSED_SHELL('',(#6494,#6527,#6547,#6567));
#6494 = ADVANCED_FACE('',(#6495),#6522,.T.);
#6495 = FACE_BOUND('',#6496,.F.);
#6496 = EDGE_LOOP('',(#6497,#6507,#6514,#6515));
#6497 = ORIENTED_EDGE('',*,*,#6498,.T.);
#6498 = EDGE_CURVE('',#6499,#6501,#6503,.T.);
#6499 = VERTEX_POINT('',#6500);
#6500 = CARTESIAN_POINT('',(117.049999,-95.4,0.91));
#6501 = VERTEX_POINT('',#6502);
#6502 = CARTESIAN_POINT('',(117.049999,-95.4,0.95));
#6503 = LINE('',#6504,#6505);
#6504 = CARTESIAN_POINT('',(117.049999,-95.4,0.91));
#6505 = VECTOR('',#6506,1.);
#6506 = DIRECTION('',(0.,0.,1.));
#6507 = ORIENTED_EDGE('',*,*,#6508,.T.);
#6508 = EDGE_CURVE('',#6501,#6501,#6509,.T.);
#6509 = CIRCLE('',#6510,0.849999);
#6510 = AXIS2_PLACEMENT_3D('',#6511,#6512,#6513);
#6511 = CARTESIAN_POINT('',(116.2,-95.4,0.95));
#6512 = DIRECTION('',(0.,0.,1.));
#6513 = DIRECTION('',(1.,0.,-0.));
#6514 = ORIENTED_EDGE('',*,*,#6498,.F.);
#6515 = ORIENTED_EDGE('',*,*,#6516,.F.);
#6516 = EDGE_CURVE('',#6499,#6499,#6517,.T.);
#6517 = CIRCLE('',#6518,0.849999);
#6518 = AXIS2_PLACEMENT_3D('',#6519,#6520,#6521);
#6519 = CARTESIAN_POINT('',(116.2,-95.4,0.91));
#6520 = DIRECTION('',(0.,0.,1.));
#6521 = DIRECTION('',(1.,0.,-0.));
#6522 = CYLINDRICAL_SURFACE('',#6523,0.849999);
#6523 = AXIS2_PLACEMENT_3D('',#6524,#6525,#6526);
#6524 = CARTESIAN_POINT('',(116.2,-95.4,0.91));
#6525 = DIRECTION('',(-0.,-0.,-1.));
#6526 = DIRECTION('',(1.,0.,-0.));
#6527 = ADVANCED_FACE('',(#6528,#6531),#6542,.F.);
#6528 = FACE_BOUND('',#6529,.F.);
#6529 = EDGE_LOOP('',(#6530));
#6530 = ORIENTED_EDGE('',*,*,#6516,.T.);
#6531 = FACE_BOUND('',#6532,.F.);
#6532 = EDGE_LOOP('',(#6533));
#6533 = ORIENTED_EDGE('',*,*,#6534,.T.);
#6534 = EDGE_CURVE('',#6535,#6535,#6537,.T.);
#6535 = VERTEX_POINT('',#6536);
#6536 = CARTESIAN_POINT('',(116.2,-95.875,0.91));
#6537 = CIRCLE('',#6538,0.475);
#6538 = AXIS2_PLACEMENT_3D('',#6539,#6540,#6541);
#6539 = CARTESIAN_POINT('',(116.2,-95.4,0.91));
#6540 = DIRECTION('',(-0.,0.,-1.));
#6541 = DIRECTION('',(2.991758887411E-14,-1.,-0.));
#6542 = PLANE('',#6543);
#6543 = AXIS2_PLACEMENT_3D('',#6544,#6545,#6546);
#6544 = CARTESIAN_POINT('',(0.,0.,0.91));
#6545 = DIRECTION('',(0.,0.,1.));
#6546 = DIRECTION('',(1.,0.,-0.));
#6547 = ADVANCED_FACE('',(#6548,#6551),#6562,.T.);
#6548 = FACE_BOUND('',#6549,.T.);
#6549 = EDGE_LOOP('',(#6550));
#6550 = ORIENTED_EDGE('',*,*,#6508,.T.);
#6551 = FACE_BOUND('',#6552,.T.);
#6552 = EDGE_LOOP('',(#6553));
#6553 = ORIENTED_EDGE('',*,*,#6554,.T.);
#6554 = EDGE_CURVE('',#6555,#6555,#6557,.T.);
#6555 = VERTEX_POINT('',#6556);
#6556 = CARTESIAN_POINT('',(116.2,-95.875,0.95));
#6557 = CIRCLE('',#6558,0.475);
#6558 = AXIS2_PLACEMENT_3D('',#6559,#6560,#6561);
#6559 = CARTESIAN_POINT('',(116.2,-95.4,0.95));
#6560 = DIRECTION('',(-0.,0.,-1.));
#6561 = DIRECTION('',(2.991758887411E-14,-1.,-0.));
#6562 = PLANE('',#6563);
#6563 = AXIS2_PLACEMENT_3D('',#6564,#6565,#6566);
#6564 = CARTESIAN_POINT('',(0.,0.,0.95));
#6565 = DIRECTION('',(0.,0.,1.));
#6566 = DIRECTION('',(1.,0.,-0.));
#6567 = ADVANCED_FACE('',(#6568),#6579,.F.);
#6568 = FACE_BOUND('',#6569,.T.);
#6569 = EDGE_LOOP('',(#6570,#6571,#6577,#6578));
#6570 = ORIENTED_EDGE('',*,*,#6534,.T.);
#6571 = ORIENTED_EDGE('',*,*,#6572,.T.);
#6572 = EDGE_CURVE('',#6535,#6555,#6573,.T.);
#6573 = LINE('',#6574,#6575);
#6574 = CARTESIAN_POINT('',(116.2,-95.875,-4.6E-02));
#6575 = VECTOR('',#6576,1.);
#6576 = DIRECTION('',(0.,0.,1.));
#6577 = ORIENTED_EDGE('',*,*,#6554,.F.);
#6578 = ORIENTED_EDGE('',*,*,#6572,.F.);
#6579 = CYLINDRICAL_SURFACE('',#6580,0.475);
#6580 = AXIS2_PLACEMENT_3D('',#6581,#6582,#6583);
#6581 = CARTESIAN_POINT('',(116.2,-95.4,-4.6E-02));
#6582 = DIRECTION('',(-0.,0.,-1.));
#6583 = DIRECTION('',(2.991758887411E-14,-1.,-0.));
#6584 = MANIFOLD_SOLID_BREP('',#6585);
#6585 = CLOSED_SHELL('',(#6586,#6619,#6639,#6659));
#6586 = ADVANCED_FACE('',(#6587),#6614,.T.);
#6587 = FACE_BOUND('',#6588,.T.);
#6588 = EDGE_LOOP('',(#6589,#6599,#6606,#6607));
#6589 = ORIENTED_EDGE('',*,*,#6590,.T.);
#6590 = EDGE_CURVE('',#6591,#6593,#6595,.T.);
#6591 = VERTEX_POINT('',#6592);
#6592 = CARTESIAN_POINT('',(117.049999,-95.4,0.));
#6593 = VERTEX_POINT('',#6594);
#6594 = CARTESIAN_POINT('',(117.049999,-95.4,-4.E-02));
#6595 = LINE('',#6596,#6597);
#6596 = CARTESIAN_POINT('',(117.049999,-95.4,0.));
#6597 = VECTOR('',#6598,1.);
#6598 = DIRECTION('',(0.,0.,-1.));
#6599 = ORIENTED_EDGE('',*,*,#6600,.T.);
#6600 = EDGE_CURVE('',#6593,#6593,#6601,.T.);
#6601 = CIRCLE('',#6602,0.849999);
#6602 = AXIS2_PLACEMENT_3D('',#6603,#6604,#6605);
#6603 = CARTESIAN_POINT('',(116.2,-95.4,-4.E-02));
#6604 = DIRECTION('',(0.,0.,1.));
#6605 = DIRECTION('',(1.,0.,-0.));
#6606 = ORIENTED_EDGE('',*,*,#6590,.F.);
#6607 = ORIENTED_EDGE('',*,*,#6608,.F.);
#6608 = EDGE_CURVE('',#6591,#6591,#6609,.T.);
#6609 = CIRCLE('',#6610,0.849999);
#6610 = AXIS2_PLACEMENT_3D('',#6611,#6612,#6613);
#6611 = CARTESIAN_POINT('',(116.2,-95.4,0.));
#6612 = DIRECTION('',(0.,0.,1.));
#6613 = DIRECTION('',(1.,0.,-0.));
#6614 = CYLINDRICAL_SURFACE('',#6615,0.849999);
#6615 = AXIS2_PLACEMENT_3D('',#6616,#6617,#6618);
#6616 = CARTESIAN_POINT('',(116.2,-95.4,0.));
#6617 = DIRECTION('',(0.,0.,1.));
#6618 = DIRECTION('',(1.,0.,-0.));
#6619 = ADVANCED_FACE('',(#6620,#6623),#6634,.F.);
#6620 = FACE_BOUND('',#6621,.F.);
#6621 = EDGE_LOOP('',(#6622));
#6622 = ORIENTED_EDGE('',*,*,#6608,.F.);
#6623 = FACE_BOUND('',#6624,.F.);
#6624 = EDGE_LOOP('',(#6625));
#6625 = ORIENTED_EDGE('',*,*,#6626,.F.);
#6626 = EDGE_CURVE('',#6627,#6627,#6629,.T.);
#6627 = VERTEX_POINT('',#6628);
#6628 = CARTESIAN_POINT('',(116.2,-95.875,0.));
#6629 = CIRCLE('',#6630,0.475);
#6630 = AXIS2_PLACEMENT_3D('',#6631,#6632,#6633);
#6631 = CARTESIAN_POINT('',(116.2,-95.4,0.));
#6632 = DIRECTION('',(-0.,0.,-1.));
#6633 = DIRECTION('',(2.991758887411E-14,-1.,-0.));
#6634 = PLANE('',#6635);
#6635 = AXIS2_PLACEMENT_3D('',#6636,#6637,#6638);
#6636 = CARTESIAN_POINT('',(0.,0.,0.));
#6637 = DIRECTION('',(-0.,-0.,-1.));
#6638 = DIRECTION('',(-1.,0.,0.));
#6639 = ADVANCED_FACE('',(#6640,#6643),#6654,.T.);
#6640 = FACE_BOUND('',#6641,.T.);
#6641 = EDGE_LOOP('',(#6642));
#6642 = ORIENTED_EDGE('',*,*,#6600,.F.);
#6643 = FACE_BOUND('',#6644,.T.);
#6644 = EDGE_LOOP('',(#6645));
#6645 = ORIENTED_EDGE('',*,*,#6646,.F.);
#6646 = EDGE_CURVE('',#6647,#6647,#6649,.T.);
#6647 = VERTEX_POINT('',#6648);
#6648 = CARTESIAN_POINT('',(116.2,-95.875,-4.E-02));
#6649 = CIRCLE('',#6650,0.475);
#6650 = AXIS2_PLACEMENT_3D('',#6651,#6652,#6653);
#6651 = CARTESIAN_POINT('',(116.2,-95.4,-4.E-02));
#6652 = DIRECTION('',(-0.,0.,-1.));
#6653 = DIRECTION('',(2.991758887411E-14,-1.,-0.));
#6654 = PLANE('',#6655);
#6655 = AXIS2_PLACEMENT_3D('',#6656,#6657,#6658);
#6656 = CARTESIAN_POINT('',(0.,0.,-4.E-02));
#6657 = DIRECTION('',(-0.,-0.,-1.));
#6658 = DIRECTION('',(-1.,0.,0.));
#6659 = ADVANCED_FACE('',(#6660),#6671,.F.);
#6660 = FACE_BOUND('',#6661,.T.);
#6661 = EDGE_LOOP('',(#6662,#6663,#6669,#6670));
#6662 = ORIENTED_EDGE('',*,*,#6646,.T.);
#6663 = ORIENTED_EDGE('',*,*,#6664,.T.);
#6664 = EDGE_CURVE('',#6647,#6627,#6665,.T.);
#6665 = LINE('',#6666,#6667);
#6666 = CARTESIAN_POINT('',(116.2,-95.875,-4.6E-02));
#6667 = VECTOR('',#6668,1.);
#6668 = DIRECTION('',(0.,0.,1.));
#6669 = ORIENTED_EDGE('',*,*,#6626,.F.);
#6670 = ORIENTED_EDGE('',*,*,#6664,.F.);
#6671 = CYLINDRICAL_SURFACE('',#6672,0.475);
#6672 = AXIS2_PLACEMENT_3D('',#6673,#6674,#6675);
#6673 = CARTESIAN_POINT('',(116.2,-95.4,-4.6E-02));
#6674 = DIRECTION('',(-0.,0.,-1.));
#6675 = DIRECTION('',(2.991758887411E-14,-1.,-0.));
#6676 = MANIFOLD_SOLID_BREP('',#6677);
#6677 = CLOSED_SHELL('',(#6678,#6711,#6731,#6751));
#6678 = ADVANCED_FACE('',(#6679),#6706,.T.);
#6679 = FACE_BOUND('',#6680,.F.);
#6680 = EDGE_LOOP('',(#6681,#6691,#6698,#6699));
#6681 = ORIENTED_EDGE('',*,*,#6682,.T.);
#6682 = EDGE_CURVE('',#6683,#6685,#6687,.T.);
#6683 = VERTEX_POINT('',#6684);
#6684 = CARTESIAN_POINT('',(116.2,-95.9,-3.5E-02));
#6685 = VERTEX_POINT('',#6686);
#6686 = CARTESIAN_POINT('',(116.2,-95.9,0.945));
#6687 = LINE('',#6688,#6689);
#6688 = CARTESIAN_POINT('',(116.2,-95.9,-3.5E-02));
#6689 = VECTOR('',#6690,1.);
#6690 = DIRECTION('',(0.,0.,1.));
#6691 = ORIENTED_EDGE('',*,*,#6692,.T.);
#6692 = EDGE_CURVE('',#6685,#6685,#6693,.T.);
#6693 = CIRCLE('',#6694,0.5);
#6694 = AXIS2_PLACEMENT_3D('',#6695,#6696,#6697);
#6695 = CARTESIAN_POINT('',(116.2,-95.4,0.945));
#6696 = DIRECTION('',(0.,0.,1.));
#6697 = DIRECTION('',(-0.,-1.,0.));
#6698 = ORIENTED_EDGE('',*,*,#6682,.F.);
#6699 = ORIENTED_EDGE('',*,*,#6700,.F.);
#6700 = EDGE_CURVE('',#6683,#6683,#6701,.T.);
#6701 = CIRCLE('',#6702,0.5);
#6702 = AXIS2_PLACEMENT_3D('',#6703,#6704,#6705);
#6703 = CARTESIAN_POINT('',(116.2,-95.4,-3.5E-02));
#6704 = DIRECTION('',(0.,0.,1.));
#6705 = DIRECTION('',(-0.,-1.,0.));
#6706 = CYLINDRICAL_SURFACE('',#6707,0.5);
#6707 = AXIS2_PLACEMENT_3D('',#6708,#6709,#6710);
#6708 = CARTESIAN_POINT('',(116.2,-95.4,-3.5E-02));
#6709 = DIRECTION('',(-0.,-0.,-1.));
#6710 = DIRECTION('',(-0.,-1.,0.));
#6711 = ADVANCED_FACE('',(#6712,#6715),#6726,.F.);
#6712 = FACE_BOUND('',#6713,.F.);
#6713 = EDGE_LOOP('',(#6714));
#6714 = ORIENTED_EDGE('',*,*,#6700,.T.);
#6715 = FACE_BOUND('',#6716,.F.);
#6716 = EDGE_LOOP('',(#6717));
#6717 = ORIENTED_EDGE('',*,*,#6718,.T.);
#6718 = EDGE_CURVE('',#6719,#6719,#6721,.T.);
#6719 = VERTEX_POINT('',#6720);
#6720 = CARTESIAN_POINT('',(116.2,-95.875,-3.5E-02));
#6721 = CIRCLE('',#6722,0.475);
#6722 = AXIS2_PLACEMENT_3D('',#6723,#6724,#6725);
#6723 = CARTESIAN_POINT('',(116.2,-95.4,-3.5E-02));
#6724 = DIRECTION('',(-0.,0.,-1.));
#6725 = DIRECTION('',(2.991758887411E-14,-1.,-0.));
#6726 = PLANE('',#6727);
#6727 = AXIS2_PLACEMENT_3D('',#6728,#6729,#6730);
#6728 = CARTESIAN_POINT('',(116.2,-95.9,-3.5E-02));
#6729 = DIRECTION('',(0.,0.,1.));
#6730 = DIRECTION('',(1.,0.,-0.));
#6731 = ADVANCED_FACE('',(#6732,#6735),#6746,.T.);
#6732 = FACE_BOUND('',#6733,.T.);
#6733 = EDGE_LOOP('',(#6734));
#6734 = ORIENTED_EDGE('',*,*,#6692,.T.);
#6735 = FACE_BOUND('',#6736,.T.);
#6736 = EDGE_LOOP('',(#6737));
#6737 = ORIENTED_EDGE('',*,*,#6738,.T.);
#6738 = EDGE_CURVE('',#6739,#6739,#6741,.T.);
#6739 = VERTEX_POINT('',#6740);
#6740 = CARTESIAN_POINT('',(116.2,-95.875,0.945));
#6741 = CIRCLE('',#6742,0.475);
#6742 = AXIS2_PLACEMENT_3D('',#6743,#6744,#6745);
#6743 = CARTESIAN_POINT('',(116.2,-95.4,0.945));
#6744 = DIRECTION('',(-0.,0.,-1.));
#6745 = DIRECTION('',(2.991758887411E-14,-1.,-0.));
#6746 = PLANE('',#6747);
#6747 = AXIS2_PLACEMENT_3D('',#6748,#6749,#6750);
#6748 = CARTESIAN_POINT('',(116.2,-95.9,0.945));
#6749 = DIRECTION('',(0.,0.,1.));
#6750 = DIRECTION('',(1.,0.,-0.));
#6751 = ADVANCED_FACE('',(#6752),#6763,.F.);
#6752 = FACE_BOUND('',#6753,.T.);
#6753 = EDGE_LOOP('',(#6754,#6755,#6761,#6762));
#6754 = ORIENTED_EDGE('',*,*,#6718,.T.);
#6755 = ORIENTED_EDGE('',*,*,#6756,.T.);
#6756 = EDGE_CURVE('',#6719,#6739,#6757,.T.);
#6757 = LINE('',#6758,#6759);
#6758 = CARTESIAN_POINT('',(116.2,-95.875,-4.6E-02));
#6759 = VECTOR('',#6760,1.);
#6760 = DIRECTION('',(0.,0.,1.));
#6761 = ORIENTED_EDGE('',*,*,#6738,.F.);
#6762 = ORIENTED_EDGE('',*,*,#6756,.F.);
#6763 = CYLINDRICAL_SURFACE('',#6764,0.475);
#6764 = AXIS2_PLACEMENT_3D('',#6765,#6766,#6767);
#6765 = CARTESIAN_POINT('',(116.2,-95.4,-4.6E-02));
#6766 = DIRECTION('',(-0.,0.,-1.));
#6767 = DIRECTION('',(2.991758887411E-14,-1.,-0.));
#6768 = MANIFOLD_SOLID_BREP('',#6769);
#6769 = CLOSED_SHELL('',(#6770,#6812,#6843,#6876,#6907,#6940,#6971,#7004
    ,#7026,#7042));
#6770 = ADVANCED_FACE('',(#6771),#6807,.T.);
#6771 = FACE_BOUND('',#6772,.T.);
#6772 = EDGE_LOOP('',(#6773,#6783,#6792,#6800));
#6773 = ORIENTED_EDGE('',*,*,#6774,.T.);
#6774 = EDGE_CURVE('',#6775,#6777,#6779,.T.);
#6775 = VERTEX_POINT('',#6776);
#6776 = CARTESIAN_POINT('',(105.69,-96.73,0.91));
#6777 = VERTEX_POINT('',#6778);
#6778 = CARTESIAN_POINT('',(105.69,-96.73,0.95));
#6779 = LINE('',#6780,#6781);
#6780 = CARTESIAN_POINT('',(105.69,-96.73,0.91));
#6781 = VECTOR('',#6782,1.);
#6782 = DIRECTION('',(0.,0.,1.));
#6783 = ORIENTED_EDGE('',*,*,#6784,.T.);
#6784 = EDGE_CURVE('',#6777,#6785,#6787,.T.);
#6785 = VERTEX_POINT('',#6786);
#6786 = CARTESIAN_POINT('',(105.8025,-96.6175,0.95));
#6787 = CIRCLE('',#6788,0.112498336922);
#6788 = AXIS2_PLACEMENT_3D('',#6789,#6790,#6791);
#6789 = CARTESIAN_POINT('',(105.80249833691,-96.72999833691,0.95));
#6790 = DIRECTION('',(0.,0.,-1.));
#6791 = DIRECTION('',(-0.999999999891,-1.478324205583E-05,-0.));
#6792 = ORIENTED_EDGE('',*,*,#6793,.F.);
#6793 = EDGE_CURVE('',#6794,#6785,#6796,.T.);
#6794 = VERTEX_POINT('',#6795);
#6795 = CARTESIAN_POINT('',(105.8025,-96.6175,0.91));
#6796 = LINE('',#6797,#6798);
#6797 = CARTESIAN_POINT('',(105.8025,-96.6175,0.91));
#6798 = VECTOR('',#6799,1.);
#6799 = DIRECTION('',(0.,0.,1.));
#6800 = ORIENTED_EDGE('',*,*,#6801,.F.);
#6801 = EDGE_CURVE('',#6775,#6794,#6802,.T.);
#6802 = CIRCLE('',#6803,0.112498336922);
#6803 = AXIS2_PLACEMENT_3D('',#6804,#6805,#6806);
#6804 = CARTESIAN_POINT('',(105.80249833691,-96.72999833691,0.91));
#6805 = DIRECTION('',(0.,0.,-1.));
#6806 = DIRECTION('',(-0.999999999891,-1.478324205583E-05,-0.));
#6807 = CYLINDRICAL_SURFACE('',#6808,0.112498336922);
#6808 = AXIS2_PLACEMENT_3D('',#6809,#6810,#6811);
#6809 = CARTESIAN_POINT('',(105.80249833691,-96.72999833691,0.91));
#6810 = DIRECTION('',(0.,0.,-1.));
#6811 = DIRECTION('',(-0.999999999891,-1.478324205583E-05,-0.));
#6812 = ADVANCED_FACE('',(#6813),#6838,.T.);
#6813 = FACE_BOUND('',#6814,.T.);
#6814 = EDGE_LOOP('',(#6815,#6816,#6824,#6832));
#6815 = ORIENTED_EDGE('',*,*,#6793,.T.);
#6816 = ORIENTED_EDGE('',*,*,#6817,.T.);
#6817 = EDGE_CURVE('',#6785,#6818,#6820,.T.);
#6818 = VERTEX_POINT('',#6819);
#6819 = CARTESIAN_POINT('',(106.1775,-96.6175,0.95));
#6820 = LINE('',#6821,#6822);
#6821 = CARTESIAN_POINT('',(105.8025,-96.6175,0.95));
#6822 = VECTOR('',#6823,1.);
#6823 = DIRECTION('',(1.,0.,0.));
#6824 = ORIENTED_EDGE('',*,*,#6825,.F.);
#6825 = EDGE_CURVE('',#6826,#6818,#6828,.T.);
#6826 = VERTEX_POINT('',#6827);
#6827 = CARTESIAN_POINT('',(106.1775,-96.6175,0.91));
#6828 = LINE('',#6829,#6830);
#6829 = CARTESIAN_POINT('',(106.1775,-96.6175,0.91));
#6830 = VECTOR('',#6831,1.);
#6831 = DIRECTION('',(0.,0.,1.));
#6832 = ORIENTED_EDGE('',*,*,#6833,.F.);
#6833 = EDGE_CURVE('',#6794,#6826,#6834,.T.);
#6834 = LINE('',#6835,#6836);
#6835 = CARTESIAN_POINT('',(105.8025,-96.6175,0.91));
#6836 = VECTOR('',#6837,1.);
#6837 = DIRECTION('',(1.,0.,0.));
#6838 = PLANE('',#6839);
#6839 = AXIS2_PLACEMENT_3D('',#6840,#6841,#6842);
#6840 = CARTESIAN_POINT('',(105.8025,-96.6175,0.91));
#6841 = DIRECTION('',(0.,1.,0.));
#6842 = DIRECTION('',(1.,0.,0.));
#6843 = ADVANCED_FACE('',(#6844),#6871,.T.);
#6844 = FACE_BOUND('',#6845,.T.);
#6845 = EDGE_LOOP('',(#6846,#6847,#6856,#6864));
#6846 = ORIENTED_EDGE('',*,*,#6825,.T.);
#6847 = ORIENTED_EDGE('',*,*,#6848,.T.);
#6848 = EDGE_CURVE('',#6818,#6849,#6851,.T.);
#6849 = VERTEX_POINT('',#6850);
#6850 = CARTESIAN_POINT('',(106.29,-96.73,0.95));
#6851 = CIRCLE('',#6852,0.112498336922);
#6852 = AXIS2_PLACEMENT_3D('',#6853,#6854,#6855);
#6853 = CARTESIAN_POINT('',(106.17750166309,-96.72999833691,0.95));
#6854 = DIRECTION('',(0.,0.,-1.));
#6855 = DIRECTION('',(-1.478324205583E-05,0.999999999891,0.));
#6856 = ORIENTED_EDGE('',*,*,#6857,.F.);
#6857 = EDGE_CURVE('',#6858,#6849,#6860,.T.);
#6858 = VERTEX_POINT('',#6859);
#6859 = CARTESIAN_POINT('',(106.29,-96.73,0.91));
#6860 = LINE('',#6861,#6862);
#6861 = CARTESIAN_POINT('',(106.29,-96.73,0.91));
#6862 = VECTOR('',#6863,1.);
#6863 = DIRECTION('',(0.,0.,1.));
#6864 = ORIENTED_EDGE('',*,*,#6865,.F.);
#6865 = EDGE_CURVE('',#6826,#6858,#6866,.T.);
#6866 = CIRCLE('',#6867,0.112498336922);
#6867 = AXIS2_PLACEMENT_3D('',#6868,#6869,#6870);
#6868 = CARTESIAN_POINT('',(106.17750166309,-96.72999833691,0.91));
#6869 = DIRECTION('',(0.,0.,-1.));
#6870 = DIRECTION('',(-1.478324205583E-05,0.999999999891,0.));
#6871 = CYLINDRICAL_SURFACE('',#6872,0.112498336922);
#6872 = AXIS2_PLACEMENT_3D('',#6873,#6874,#6875);
#6873 = CARTESIAN_POINT('',(106.17750166309,-96.72999833691,0.91));
#6874 = DIRECTION('',(0.,0.,-1.));
#6875 = DIRECTION('',(-1.478324205583E-05,0.999999999891,0.));
#6876 = ADVANCED_FACE('',(#6877),#6902,.T.);
#6877 = FACE_BOUND('',#6878,.T.);
#6878 = EDGE_LOOP('',(#6879,#6880,#6888,#6896));
#6879 = ORIENTED_EDGE('',*,*,#6857,.T.);
#6880 = ORIENTED_EDGE('',*,*,#6881,.T.);
#6881 = EDGE_CURVE('',#6849,#6882,#6884,.T.);
#6882 = VERTEX_POINT('',#6883);
#6883 = CARTESIAN_POINT('',(106.29,-96.955,0.95));
#6884 = LINE('',#6885,#6886);
#6885 = CARTESIAN_POINT('',(106.29,-96.73,0.95));
#6886 = VECTOR('',#6887,1.);
#6887 = DIRECTION('',(0.,-1.,0.));
#6888 = ORIENTED_EDGE('',*,*,#6889,.F.);
#6889 = EDGE_CURVE('',#6890,#6882,#6892,.T.);
#6890 = VERTEX_POINT('',#6891);
#6891 = CARTESIAN_POINT('',(106.29,-96.955,0.91));
#6892 = LINE('',#6893,#6894);
#6893 = CARTESIAN_POINT('',(106.29,-96.955,0.91));
#6894 = VECTOR('',#6895,1.);
#6895 = DIRECTION('',(0.,0.,1.));
#6896 = ORIENTED_EDGE('',*,*,#6897,.F.);
#6897 = EDGE_CURVE('',#6858,#6890,#6898,.T.);
#6898 = LINE('',#6899,#6900);
#6899 = CARTESIAN_POINT('',(106.29,-96.73,0.91));
#6900 = VECTOR('',#6901,1.);
#6901 = DIRECTION('',(0.,-1.,0.));
#6902 = PLANE('',#6903);
#6903 = AXIS2_PLACEMENT_3D('',#6904,#6905,#6906);
#6904 = CARTESIAN_POINT('',(106.29,-96.73,0.91));
#6905 = DIRECTION('',(1.,0.,-0.));
#6906 = DIRECTION('',(0.,-1.,0.));
#6907 = ADVANCED_FACE('',(#6908),#6935,.T.);
#6908 = FACE_BOUND('',#6909,.T.);
#6909 = EDGE_LOOP('',(#6910,#6911,#6920,#6928));
#6910 = ORIENTED_EDGE('',*,*,#6889,.T.);
#6911 = ORIENTED_EDGE('',*,*,#6912,.T.);
#6912 = EDGE_CURVE('',#6882,#6913,#6915,.T.);
#6913 = VERTEX_POINT('',#6914);
#6914 = CARTESIAN_POINT('',(106.1775,-97.0675,0.95));
#6915 = CIRCLE('',#6916,0.112498336922);
#6916 = AXIS2_PLACEMENT_3D('',#6917,#6918,#6919);
#6917 = CARTESIAN_POINT('',(106.17750166309,-96.95500166309,0.95));
#6918 = DIRECTION('',(0.,0.,-1.));
#6919 = DIRECTION('',(0.999999999891,1.478324192951E-05,0.));
#6920 = ORIENTED_EDGE('',*,*,#6921,.F.);
#6921 = EDGE_CURVE('',#6922,#6913,#6924,.T.);
#6922 = VERTEX_POINT('',#6923);
#6923 = CARTESIAN_POINT('',(106.1775,-97.0675,0.91));
#6924 = LINE('',#6925,#6926);
#6925 = CARTESIAN_POINT('',(106.1775,-97.0675,0.91));
#6926 = VECTOR('',#6927,1.);
#6927 = DIRECTION('',(0.,0.,1.));
#6928 = ORIENTED_EDGE('',*,*,#6929,.F.);
#6929 = EDGE_CURVE('',#6890,#6922,#6930,.T.);
#6930 = CIRCLE('',#6931,0.112498336922);
#6931 = AXIS2_PLACEMENT_3D('',#6932,#6933,#6934);
#6932 = CARTESIAN_POINT('',(106.17750166309,-96.95500166309,0.91));
#6933 = DIRECTION('',(0.,0.,-1.));
#6934 = DIRECTION('',(0.999999999891,1.478324192951E-05,0.));
#6935 = CYLINDRICAL_SURFACE('',#6936,0.112498336922);
#6936 = AXIS2_PLACEMENT_3D('',#6937,#6938,#6939);
#6937 = CARTESIAN_POINT('',(106.17750166309,-96.95500166309,0.91));
#6938 = DIRECTION('',(0.,0.,-1.));
#6939 = DIRECTION('',(0.999999999891,1.478324192951E-05,0.));
#6940 = ADVANCED_FACE('',(#6941),#6966,.T.);
#6941 = FACE_BOUND('',#6942,.T.);
#6942 = EDGE_LOOP('',(#6943,#6944,#6952,#6960));
#6943 = ORIENTED_EDGE('',*,*,#6921,.T.);
#6944 = ORIENTED_EDGE('',*,*,#6945,.T.);
#6945 = EDGE_CURVE('',#6913,#6946,#6948,.T.);
#6946 = VERTEX_POINT('',#6947);
#6947 = CARTESIAN_POINT('',(105.8025,-97.0675,0.95));
#6948 = LINE('',#6949,#6950);
#6949 = CARTESIAN_POINT('',(106.1775,-97.0675,0.95));
#6950 = VECTOR('',#6951,1.);
#6951 = DIRECTION('',(-1.,0.,0.));
#6952 = ORIENTED_EDGE('',*,*,#6953,.F.);
#6953 = EDGE_CURVE('',#6954,#6946,#6956,.T.);
#6954 = VERTEX_POINT('',#6955);
#6955 = CARTESIAN_POINT('',(105.8025,-97.0675,0.91));
#6956 = LINE('',#6957,#6958);
#6957 = CARTESIAN_POINT('',(105.8025,-97.0675,0.91));
#6958 = VECTOR('',#6959,1.);
#6959 = DIRECTION('',(0.,0.,1.));
#6960 = ORIENTED_EDGE('',*,*,#6961,.F.);
#6961 = EDGE_CURVE('',#6922,#6954,#6962,.T.);
#6962 = LINE('',#6963,#6964);
#6963 = CARTESIAN_POINT('',(106.1775,-97.0675,0.91));
#6964 = VECTOR('',#6965,1.);
#6965 = DIRECTION('',(-1.,0.,0.));
#6966 = PLANE('',#6967);
#6967 = AXIS2_PLACEMENT_3D('',#6968,#6969,#6970);
#6968 = CARTESIAN_POINT('',(106.1775,-97.0675,0.91));
#6969 = DIRECTION('',(0.,-1.,0.));
#6970 = DIRECTION('',(-1.,0.,0.));
#6971 = ADVANCED_FACE('',(#6972),#6999,.T.);
#6972 = FACE_BOUND('',#6973,.T.);
#6973 = EDGE_LOOP('',(#6974,#6975,#6984,#6992));
#6974 = ORIENTED_EDGE('',*,*,#6953,.T.);
#6975 = ORIENTED_EDGE('',*,*,#6976,.T.);
#6976 = EDGE_CURVE('',#6946,#6977,#6979,.T.);
#6977 = VERTEX_POINT('',#6978);
#6978 = CARTESIAN_POINT('',(105.69,-96.955,0.95));
#6979 = CIRCLE('',#6980,0.112498336922);
#6980 = AXIS2_PLACEMENT_3D('',#6981,#6982,#6983);
#6981 = CARTESIAN_POINT('',(105.80249833691,-96.95500166309,0.95));
#6982 = DIRECTION('',(0.,0.,-1.));
#6983 = DIRECTION('',(1.478324205583E-05,-0.999999999891,0.));
#6984 = ORIENTED_EDGE('',*,*,#6985,.F.);
#6985 = EDGE_CURVE('',#6986,#6977,#6988,.T.);
#6986 = VERTEX_POINT('',#6987);
#6987 = CARTESIAN_POINT('',(105.69,-96.955,0.91));
#6988 = LINE('',#6989,#6990);
#6989 = CARTESIAN_POINT('',(105.69,-96.955,0.91));
#6990 = VECTOR('',#6991,1.);
#6991 = DIRECTION('',(0.,0.,1.));
#6992 = ORIENTED_EDGE('',*,*,#6993,.F.);
#6993 = EDGE_CURVE('',#6954,#6986,#6994,.T.);
#6994 = CIRCLE('',#6995,0.112498336922);
#6995 = AXIS2_PLACEMENT_3D('',#6996,#6997,#6998);
#6996 = CARTESIAN_POINT('',(105.80249833691,-96.95500166309,0.91));
#6997 = DIRECTION('',(0.,0.,-1.));
#6998 = DIRECTION('',(1.478324205583E-05,-0.999999999891,0.));
#6999 = CYLINDRICAL_SURFACE('',#7000,0.112498336922);
#7000 = AXIS2_PLACEMENT_3D('',#7001,#7002,#7003);
#7001 = CARTESIAN_POINT('',(105.80249833691,-96.95500166309,0.91));
#7002 = DIRECTION('',(0.,0.,-1.));
#7003 = DIRECTION('',(1.478324205583E-05,-0.999999999891,0.));
#7004 = ADVANCED_FACE('',(#7005),#7021,.T.);
#7005 = FACE_BOUND('',#7006,.T.);
#7006 = EDGE_LOOP('',(#7007,#7008,#7014,#7015));
#7007 = ORIENTED_EDGE('',*,*,#6985,.T.);
#7008 = ORIENTED_EDGE('',*,*,#7009,.T.);
#7009 = EDGE_CURVE('',#6977,#6777,#7010,.T.);
#7010 = LINE('',#7011,#7012);
#7011 = CARTESIAN_POINT('',(105.69,-96.955,0.95));
#7012 = VECTOR('',#7013,1.);
#7013 = DIRECTION('',(0.,1.,0.));
#7014 = ORIENTED_EDGE('',*,*,#6774,.F.);
#7015 = ORIENTED_EDGE('',*,*,#7016,.F.);
#7016 = EDGE_CURVE('',#6986,#6775,#7017,.T.);
#7017 = LINE('',#7018,#7019);
#7018 = CARTESIAN_POINT('',(105.69,-96.955,0.91));
#7019 = VECTOR('',#7020,1.);
#7020 = DIRECTION('',(0.,1.,0.));
#7021 = PLANE('',#7022);
#7022 = AXIS2_PLACEMENT_3D('',#7023,#7024,#7025);
#7023 = CARTESIAN_POINT('',(105.69,-96.955,0.91));
#7024 = DIRECTION('',(-1.,0.,0.));
#7025 = DIRECTION('',(0.,1.,0.));
#7026 = ADVANCED_FACE('',(#7027),#7037,.F.);
#7027 = FACE_BOUND('',#7028,.T.);
#7028 = EDGE_LOOP('',(#7029,#7030,#7031,#7032,#7033,#7034,#7035,#7036));
#7029 = ORIENTED_EDGE('',*,*,#6801,.T.);
#7030 = ORIENTED_EDGE('',*,*,#6833,.T.);
#7031 = ORIENTED_EDGE('',*,*,#6865,.T.);
#7032 = ORIENTED_EDGE('',*,*,#6897,.T.);
#7033 = ORIENTED_EDGE('',*,*,#6929,.T.);
#7034 = ORIENTED_EDGE('',*,*,#6961,.T.);
#7035 = ORIENTED_EDGE('',*,*,#6993,.T.);
#7036 = ORIENTED_EDGE('',*,*,#7016,.T.);
#7037 = PLANE('',#7038);
#7038 = AXIS2_PLACEMENT_3D('',#7039,#7040,#7041);
#7039 = CARTESIAN_POINT('',(0.,0.,0.91));
#7040 = DIRECTION('',(0.,0.,1.));
#7041 = DIRECTION('',(1.,0.,-0.));
#7042 = ADVANCED_FACE('',(#7043),#7053,.T.);
#7043 = FACE_BOUND('',#7044,.F.);
#7044 = EDGE_LOOP('',(#7045,#7046,#7047,#7048,#7049,#7050,#7051,#7052));
#7045 = ORIENTED_EDGE('',*,*,#6784,.T.);
#7046 = ORIENTED_EDGE('',*,*,#6817,.T.);
#7047 = ORIENTED_EDGE('',*,*,#6848,.T.);
#7048 = ORIENTED_EDGE('',*,*,#6881,.T.);
#7049 = ORIENTED_EDGE('',*,*,#6912,.T.);
#7050 = ORIENTED_EDGE('',*,*,#6945,.T.);
#7051 = ORIENTED_EDGE('',*,*,#6976,.T.);
#7052 = ORIENTED_EDGE('',*,*,#7009,.T.);
#7053 = PLANE('',#7054);
#7054 = AXIS2_PLACEMENT_3D('',#7055,#7056,#7057);
#7055 = CARTESIAN_POINT('',(0.,0.,0.95));
#7056 = DIRECTION('',(0.,0.,1.));
#7057 = DIRECTION('',(1.,0.,-0.));
#7058 = MANIFOLD_SOLID_BREP('',#7059);
#7059 = CLOSED_SHELL('',(#7060,#7102,#7133,#7166,#7197,#7230,#7261,#7294
    ,#7316,#7332));
#7060 = ADVANCED_FACE('',(#7061),#7097,.T.);
#7061 = FACE_BOUND('',#7062,.T.);
#7062 = EDGE_LOOP('',(#7063,#7073,#7082,#7090));
#7063 = ORIENTED_EDGE('',*,*,#7064,.T.);
#7064 = EDGE_CURVE('',#7065,#7067,#7069,.T.);
#7065 = VERTEX_POINT('',#7066);
#7066 = CARTESIAN_POINT('',(107.79,-96.73,0.91));
#7067 = VERTEX_POINT('',#7068);
#7068 = CARTESIAN_POINT('',(107.79,-96.73,0.95));
#7069 = LINE('',#7070,#7071);
#7070 = CARTESIAN_POINT('',(107.79,-96.73,0.91));
#7071 = VECTOR('',#7072,1.);
#7072 = DIRECTION('',(0.,0.,1.));
#7073 = ORIENTED_EDGE('',*,*,#7074,.T.);
#7074 = EDGE_CURVE('',#7067,#7075,#7077,.T.);
#7075 = VERTEX_POINT('',#7076);
#7076 = CARTESIAN_POINT('',(107.9025,-96.6175,0.95));
#7077 = CIRCLE('',#7078,0.112498336922);
#7078 = AXIS2_PLACEMENT_3D('',#7079,#7080,#7081);
#7079 = CARTESIAN_POINT('',(107.90249833691,-96.72999833691,0.95));
#7080 = DIRECTION('',(0.,0.,-1.));
#7081 = DIRECTION('',(-0.999999999891,-1.47832419295E-05,-0.));
#7082 = ORIENTED_EDGE('',*,*,#7083,.F.);
#7083 = EDGE_CURVE('',#7084,#7075,#7086,.T.);
#7084 = VERTEX_POINT('',#7085);
#7085 = CARTESIAN_POINT('',(107.9025,-96.6175,0.91));
#7086 = LINE('',#7087,#7088);
#7087 = CARTESIAN_POINT('',(107.9025,-96.6175,0.91));
#7088 = VECTOR('',#7089,1.);
#7089 = DIRECTION('',(0.,0.,1.));
#7090 = ORIENTED_EDGE('',*,*,#7091,.F.);
#7091 = EDGE_CURVE('',#7065,#7084,#7092,.T.);
#7092 = CIRCLE('',#7093,0.112498336922);
#7093 = AXIS2_PLACEMENT_3D('',#7094,#7095,#7096);
#7094 = CARTESIAN_POINT('',(107.90249833691,-96.72999833691,0.91));
#7095 = DIRECTION('',(0.,0.,-1.));
#7096 = DIRECTION('',(-0.999999999891,-1.47832419295E-05,-0.));
#7097 = CYLINDRICAL_SURFACE('',#7098,0.112498336922);
#7098 = AXIS2_PLACEMENT_3D('',#7099,#7100,#7101);
#7099 = CARTESIAN_POINT('',(107.90249833691,-96.72999833691,0.91));
#7100 = DIRECTION('',(0.,0.,-1.));
#7101 = DIRECTION('',(-0.999999999891,-1.47832419295E-05,-0.));
#7102 = ADVANCED_FACE('',(#7103),#7128,.T.);
#7103 = FACE_BOUND('',#7104,.T.);
#7104 = EDGE_LOOP('',(#7105,#7106,#7114,#7122));
#7105 = ORIENTED_EDGE('',*,*,#7083,.T.);
#7106 = ORIENTED_EDGE('',*,*,#7107,.T.);
#7107 = EDGE_CURVE('',#7075,#7108,#7110,.T.);
#7108 = VERTEX_POINT('',#7109);
#7109 = CARTESIAN_POINT('',(108.2775,-96.6175,0.95));
#7110 = LINE('',#7111,#7112);
#7111 = CARTESIAN_POINT('',(107.9025,-96.6175,0.95));
#7112 = VECTOR('',#7113,1.);
#7113 = DIRECTION('',(1.,0.,0.));
#7114 = ORIENTED_EDGE('',*,*,#7115,.F.);
#7115 = EDGE_CURVE('',#7116,#7108,#7118,.T.);
#7116 = VERTEX_POINT('',#7117);
#7117 = CARTESIAN_POINT('',(108.2775,-96.6175,0.91));
#7118 = LINE('',#7119,#7120);
#7119 = CARTESIAN_POINT('',(108.2775,-96.6175,0.91));
#7120 = VECTOR('',#7121,1.);
#7121 = DIRECTION('',(0.,0.,1.));
#7122 = ORIENTED_EDGE('',*,*,#7123,.F.);
#7123 = EDGE_CURVE('',#7084,#7116,#7124,.T.);
#7124 = LINE('',#7125,#7126);
#7125 = CARTESIAN_POINT('',(107.9025,-96.6175,0.91));
#7126 = VECTOR('',#7127,1.);
#7127 = DIRECTION('',(1.,0.,0.));
#7128 = PLANE('',#7129);
#7129 = AXIS2_PLACEMENT_3D('',#7130,#7131,#7132);
#7130 = CARTESIAN_POINT('',(107.9025,-96.6175,0.91));
#7131 = DIRECTION('',(0.,1.,0.));
#7132 = DIRECTION('',(1.,0.,0.));
#7133 = ADVANCED_FACE('',(#7134),#7161,.T.);
#7134 = FACE_BOUND('',#7135,.T.);
#7135 = EDGE_LOOP('',(#7136,#7137,#7146,#7154));
#7136 = ORIENTED_EDGE('',*,*,#7115,.T.);
#7137 = ORIENTED_EDGE('',*,*,#7138,.T.);
#7138 = EDGE_CURVE('',#7108,#7139,#7141,.T.);
#7139 = VERTEX_POINT('',#7140);
#7140 = CARTESIAN_POINT('',(108.39,-96.73,0.95));
#7141 = CIRCLE('',#7142,0.112498336922);
#7142 = AXIS2_PLACEMENT_3D('',#7143,#7144,#7145);
#7143 = CARTESIAN_POINT('',(108.27750166309,-96.72999833691,0.95));
#7144 = DIRECTION('',(0.,0.,-1.));
#7145 = DIRECTION('',(-1.478324180319E-05,0.999999999891,0.));
#7146 = ORIENTED_EDGE('',*,*,#7147,.F.);
#7147 = EDGE_CURVE('',#7148,#7139,#7150,.T.);
#7148 = VERTEX_POINT('',#7149);
#7149 = CARTESIAN_POINT('',(108.39,-96.73,0.91));
#7150 = LINE('',#7151,#7152);
#7151 = CARTESIAN_POINT('',(108.39,-96.73,0.91));
#7152 = VECTOR('',#7153,1.);
#7153 = DIRECTION('',(0.,0.,1.));
#7154 = ORIENTED_EDGE('',*,*,#7155,.F.);
#7155 = EDGE_CURVE('',#7116,#7148,#7156,.T.);
#7156 = CIRCLE('',#7157,0.112498336922);
#7157 = AXIS2_PLACEMENT_3D('',#7158,#7159,#7160);
#7158 = CARTESIAN_POINT('',(108.27750166309,-96.72999833691,0.91));
#7159 = DIRECTION('',(0.,0.,-1.));
#7160 = DIRECTION('',(-1.478324180319E-05,0.999999999891,0.));
#7161 = CYLINDRICAL_SURFACE('',#7162,0.112498336922);
#7162 = AXIS2_PLACEMENT_3D('',#7163,#7164,#7165);
#7163 = CARTESIAN_POINT('',(108.27750166309,-96.72999833691,0.91));
#7164 = DIRECTION('',(0.,0.,-1.));
#7165 = DIRECTION('',(-1.478324180319E-05,0.999999999891,0.));
#7166 = ADVANCED_FACE('',(#7167),#7192,.T.);
#7167 = FACE_BOUND('',#7168,.T.);
#7168 = EDGE_LOOP('',(#7169,#7170,#7178,#7186));
#7169 = ORIENTED_EDGE('',*,*,#7147,.T.);
#7170 = ORIENTED_EDGE('',*,*,#7171,.T.);
#7171 = EDGE_CURVE('',#7139,#7172,#7174,.T.);
#7172 = VERTEX_POINT('',#7173);
#7173 = CARTESIAN_POINT('',(108.39,-96.955,0.95));
#7174 = LINE('',#7175,#7176);
#7175 = CARTESIAN_POINT('',(108.39,-96.73,0.95));
#7176 = VECTOR('',#7177,1.);
#7177 = DIRECTION('',(0.,-1.,0.));
#7178 = ORIENTED_EDGE('',*,*,#7179,.F.);
#7179 = EDGE_CURVE('',#7180,#7172,#7182,.T.);
#7180 = VERTEX_POINT('',#7181);
#7181 = CARTESIAN_POINT('',(108.39,-96.955,0.91));
#7182 = LINE('',#7183,#7184);
#7183 = CARTESIAN_POINT('',(108.39,-96.955,0.91));
#7184 = VECTOR('',#7185,1.);
#7185 = DIRECTION('',(0.,0.,1.));
#7186 = ORIENTED_EDGE('',*,*,#7187,.F.);
#7187 = EDGE_CURVE('',#7148,#7180,#7188,.T.);
#7188 = LINE('',#7189,#7190);
#7189 = CARTESIAN_POINT('',(108.39,-96.73,0.91));
#7190 = VECTOR('',#7191,1.);
#7191 = DIRECTION('',(0.,-1.,0.));
#7192 = PLANE('',#7193);
#7193 = AXIS2_PLACEMENT_3D('',#7194,#7195,#7196);
#7194 = CARTESIAN_POINT('',(108.39,-96.73,0.91));
#7195 = DIRECTION('',(1.,0.,-0.));
#7196 = DIRECTION('',(0.,-1.,0.));
#7197 = ADVANCED_FACE('',(#7198),#7225,.T.);
#7198 = FACE_BOUND('',#7199,.T.);
#7199 = EDGE_LOOP('',(#7200,#7201,#7210,#7218));
#7200 = ORIENTED_EDGE('',*,*,#7179,.T.);
#7201 = ORIENTED_EDGE('',*,*,#7202,.T.);
#7202 = EDGE_CURVE('',#7172,#7203,#7205,.T.);
#7203 = VERTEX_POINT('',#7204);
#7204 = CARTESIAN_POINT('',(108.2775,-97.0675,0.95));
#7205 = CIRCLE('',#7206,0.112498336922);
#7206 = AXIS2_PLACEMENT_3D('',#7207,#7208,#7209);
#7207 = CARTESIAN_POINT('',(108.27750166309,-96.95500166309,0.95));
#7208 = DIRECTION('',(0.,0.,-1.));
#7209 = DIRECTION('',(0.999999999891,1.47832419295E-05,0.));
#7210 = ORIENTED_EDGE('',*,*,#7211,.F.);
#7211 = EDGE_CURVE('',#7212,#7203,#7214,.T.);
#7212 = VERTEX_POINT('',#7213);
#7213 = CARTESIAN_POINT('',(108.2775,-97.0675,0.91));
#7214 = LINE('',#7215,#7216);
#7215 = CARTESIAN_POINT('',(108.2775,-97.0675,0.91));
#7216 = VECTOR('',#7217,1.);
#7217 = DIRECTION('',(0.,0.,1.));
#7218 = ORIENTED_EDGE('',*,*,#7219,.F.);
#7219 = EDGE_CURVE('',#7180,#7212,#7220,.T.);
#7220 = CIRCLE('',#7221,0.112498336922);
#7221 = AXIS2_PLACEMENT_3D('',#7222,#7223,#7224);
#7222 = CARTESIAN_POINT('',(108.27750166309,-96.95500166309,0.91));
#7223 = DIRECTION('',(0.,0.,-1.));
#7224 = DIRECTION('',(0.999999999891,1.47832419295E-05,0.));
#7225 = CYLINDRICAL_SURFACE('',#7226,0.112498336922);
#7226 = AXIS2_PLACEMENT_3D('',#7227,#7228,#7229);
#7227 = CARTESIAN_POINT('',(108.27750166309,-96.95500166309,0.91));
#7228 = DIRECTION('',(0.,0.,-1.));
#7229 = DIRECTION('',(0.999999999891,1.47832419295E-05,0.));
#7230 = ADVANCED_FACE('',(#7231),#7256,.T.);
#7231 = FACE_BOUND('',#7232,.T.);
#7232 = EDGE_LOOP('',(#7233,#7234,#7242,#7250));
#7233 = ORIENTED_EDGE('',*,*,#7211,.T.);
#7234 = ORIENTED_EDGE('',*,*,#7235,.T.);
#7235 = EDGE_CURVE('',#7203,#7236,#7238,.T.);
#7236 = VERTEX_POINT('',#7237);
#7237 = CARTESIAN_POINT('',(107.9025,-97.0675,0.95));
#7238 = LINE('',#7239,#7240);
#7239 = CARTESIAN_POINT('',(108.2775,-97.0675,0.95));
#7240 = VECTOR('',#7241,1.);
#7241 = DIRECTION('',(-1.,0.,0.));
#7242 = ORIENTED_EDGE('',*,*,#7243,.F.);
#7243 = EDGE_CURVE('',#7244,#7236,#7246,.T.);
#7244 = VERTEX_POINT('',#7245);
#7245 = CARTESIAN_POINT('',(107.9025,-97.0675,0.91));
#7246 = LINE('',#7247,#7248);
#7247 = CARTESIAN_POINT('',(107.9025,-97.0675,0.91));
#7248 = VECTOR('',#7249,1.);
#7249 = DIRECTION('',(0.,0.,1.));
#7250 = ORIENTED_EDGE('',*,*,#7251,.F.);
#7251 = EDGE_CURVE('',#7212,#7244,#7252,.T.);
#7252 = LINE('',#7253,#7254);
#7253 = CARTESIAN_POINT('',(108.2775,-97.0675,0.91));
#7254 = VECTOR('',#7255,1.);
#7255 = DIRECTION('',(-1.,0.,0.));
#7256 = PLANE('',#7257);
#7257 = AXIS2_PLACEMENT_3D('',#7258,#7259,#7260);
#7258 = CARTESIAN_POINT('',(108.2775,-97.0675,0.91));
#7259 = DIRECTION('',(0.,-1.,0.));
#7260 = DIRECTION('',(-1.,0.,0.));
#7261 = ADVANCED_FACE('',(#7262),#7289,.T.);
#7262 = FACE_BOUND('',#7263,.T.);
#7263 = EDGE_LOOP('',(#7264,#7265,#7274,#7282));
#7264 = ORIENTED_EDGE('',*,*,#7243,.T.);
#7265 = ORIENTED_EDGE('',*,*,#7266,.T.);
#7266 = EDGE_CURVE('',#7236,#7267,#7269,.T.);
#7267 = VERTEX_POINT('',#7268);
#7268 = CARTESIAN_POINT('',(107.79,-96.955,0.95));
#7269 = CIRCLE('',#7270,0.112498336922);
#7270 = AXIS2_PLACEMENT_3D('',#7271,#7272,#7273);
#7271 = CARTESIAN_POINT('',(107.90249833691,-96.95500166309,0.95));
#7272 = DIRECTION('',(0.,0.,-1.));
#7273 = DIRECTION('',(1.478324180319E-05,-0.999999999891,0.));
#7274 = ORIENTED_EDGE('',*,*,#7275,.F.);
#7275 = EDGE_CURVE('',#7276,#7267,#7278,.T.);
#7276 = VERTEX_POINT('',#7277);
#7277 = CARTESIAN_POINT('',(107.79,-96.955,0.91));
#7278 = LINE('',#7279,#7280);
#7279 = CARTESIAN_POINT('',(107.79,-96.955,0.91));
#7280 = VECTOR('',#7281,1.);
#7281 = DIRECTION('',(0.,0.,1.));
#7282 = ORIENTED_EDGE('',*,*,#7283,.F.);
#7283 = EDGE_CURVE('',#7244,#7276,#7284,.T.);
#7284 = CIRCLE('',#7285,0.112498336922);
#7285 = AXIS2_PLACEMENT_3D('',#7286,#7287,#7288);
#7286 = CARTESIAN_POINT('',(107.90249833691,-96.95500166309,0.91));
#7287 = DIRECTION('',(0.,0.,-1.));
#7288 = DIRECTION('',(1.478324180319E-05,-0.999999999891,0.));
#7289 = CYLINDRICAL_SURFACE('',#7290,0.112498336922);
#7290 = AXIS2_PLACEMENT_3D('',#7291,#7292,#7293);
#7291 = CARTESIAN_POINT('',(107.90249833691,-96.95500166309,0.91));
#7292 = DIRECTION('',(0.,0.,-1.));
#7293 = DIRECTION('',(1.478324180319E-05,-0.999999999891,0.));
#7294 = ADVANCED_FACE('',(#7295),#7311,.T.);
#7295 = FACE_BOUND('',#7296,.T.);
#7296 = EDGE_LOOP('',(#7297,#7298,#7304,#7305));
#7297 = ORIENTED_EDGE('',*,*,#7275,.T.);
#7298 = ORIENTED_EDGE('',*,*,#7299,.T.);
#7299 = EDGE_CURVE('',#7267,#7067,#7300,.T.);
#7300 = LINE('',#7301,#7302);
#7301 = CARTESIAN_POINT('',(107.79,-96.955,0.95));
#7302 = VECTOR('',#7303,1.);
#7303 = DIRECTION('',(0.,1.,0.));
#7304 = ORIENTED_EDGE('',*,*,#7064,.F.);
#7305 = ORIENTED_EDGE('',*,*,#7306,.F.);
#7306 = EDGE_CURVE('',#7276,#7065,#7307,.T.);
#7307 = LINE('',#7308,#7309);
#7308 = CARTESIAN_POINT('',(107.79,-96.955,0.91));
#7309 = VECTOR('',#7310,1.);
#7310 = DIRECTION('',(0.,1.,0.));
#7311 = PLANE('',#7312);
#7312 = AXIS2_PLACEMENT_3D('',#7313,#7314,#7315);
#7313 = CARTESIAN_POINT('',(107.79,-96.955,0.91));
#7314 = DIRECTION('',(-1.,0.,0.));
#7315 = DIRECTION('',(0.,1.,0.));
#7316 = ADVANCED_FACE('',(#7317),#7327,.F.);
#7317 = FACE_BOUND('',#7318,.T.);
#7318 = EDGE_LOOP('',(#7319,#7320,#7321,#7322,#7323,#7324,#7325,#7326));
#7319 = ORIENTED_EDGE('',*,*,#7091,.T.);
#7320 = ORIENTED_EDGE('',*,*,#7123,.T.);
#7321 = ORIENTED_EDGE('',*,*,#7155,.T.);
#7322 = ORIENTED_EDGE('',*,*,#7187,.T.);
#7323 = ORIENTED_EDGE('',*,*,#7219,.T.);
#7324 = ORIENTED_EDGE('',*,*,#7251,.T.);
#7325 = ORIENTED_EDGE('',*,*,#7283,.T.);
#7326 = ORIENTED_EDGE('',*,*,#7306,.T.);
#7327 = PLANE('',#7328);
#7328 = AXIS2_PLACEMENT_3D('',#7329,#7330,#7331);
#7329 = CARTESIAN_POINT('',(0.,0.,0.91));
#7330 = DIRECTION('',(0.,0.,1.));
#7331 = DIRECTION('',(1.,0.,-0.));
#7332 = ADVANCED_FACE('',(#7333),#7343,.T.);
#7333 = FACE_BOUND('',#7334,.F.);
#7334 = EDGE_LOOP('',(#7335,#7336,#7337,#7338,#7339,#7340,#7341,#7342));
#7335 = ORIENTED_EDGE('',*,*,#7074,.T.);
#7336 = ORIENTED_EDGE('',*,*,#7107,.T.);
#7337 = ORIENTED_EDGE('',*,*,#7138,.T.);
#7338 = ORIENTED_EDGE('',*,*,#7171,.T.);
#7339 = ORIENTED_EDGE('',*,*,#7202,.T.);
#7340 = ORIENTED_EDGE('',*,*,#7235,.T.);
#7341 = ORIENTED_EDGE('',*,*,#7266,.T.);
#7342 = ORIENTED_EDGE('',*,*,#7299,.T.);
#7343 = PLANE('',#7344);
#7344 = AXIS2_PLACEMENT_3D('',#7345,#7346,#7347);
#7345 = CARTESIAN_POINT('',(0.,0.,0.95));
#7346 = DIRECTION('',(0.,0.,1.));
#7347 = DIRECTION('',(1.,0.,-0.));
#7348 = MANIFOLD_SOLID_BREP('',#7349);
#7349 = CLOSED_SHELL('',(#7350,#7383,#7403,#7423));
#7350 = ADVANCED_FACE('',(#7351),#7378,.T.);
#7351 = FACE_BOUND('',#7352,.F.);
#7352 = EDGE_LOOP('',(#7353,#7363,#7370,#7371));
#7353 = ORIENTED_EDGE('',*,*,#7354,.T.);
#7354 = EDGE_CURVE('',#7355,#7357,#7359,.T.);
#7355 = VERTEX_POINT('',#7356);
#7356 = CARTESIAN_POINT('',(114.2,-94.,0.91));
#7357 = VERTEX_POINT('',#7358);
#7358 = CARTESIAN_POINT('',(114.2,-94.,0.95));
#7359 = LINE('',#7360,#7361);
#7360 = CARTESIAN_POINT('',(114.2,-94.,0.91));
#7361 = VECTOR('',#7362,1.);
#7362 = DIRECTION('',(0.,0.,1.));
#7363 = ORIENTED_EDGE('',*,*,#7364,.T.);
#7364 = EDGE_CURVE('',#7357,#7357,#7365,.T.);
#7365 = CIRCLE('',#7366,1.3);
#7366 = AXIS2_PLACEMENT_3D('',#7367,#7368,#7369);
#7367 = CARTESIAN_POINT('',(112.9,-94.,0.95));
#7368 = DIRECTION('',(0.,0.,1.));
#7369 = DIRECTION('',(1.,0.,-0.));
#7370 = ORIENTED_EDGE('',*,*,#7354,.F.);
#7371 = ORIENTED_EDGE('',*,*,#7372,.F.);
#7372 = EDGE_CURVE('',#7355,#7355,#7373,.T.);
#7373 = CIRCLE('',#7374,1.3);
#7374 = AXIS2_PLACEMENT_3D('',#7375,#7376,#7377);
#7375 = CARTESIAN_POINT('',(112.9,-94.,0.91));
#7376 = DIRECTION('',(0.,0.,1.));
#7377 = DIRECTION('',(1.,0.,-0.));
#7378 = CYLINDRICAL_SURFACE('',#7379,1.3);
#7379 = AXIS2_PLACEMENT_3D('',#7380,#7381,#7382);
#7380 = CARTESIAN_POINT('',(112.9,-94.,0.91));
#7381 = DIRECTION('',(-0.,-0.,-1.));
#7382 = DIRECTION('',(1.,0.,-0.));
#7383 = ADVANCED_FACE('',(#7384,#7387),#7398,.F.);
#7384 = FACE_BOUND('',#7385,.F.);
#7385 = EDGE_LOOP('',(#7386));
#7386 = ORIENTED_EDGE('',*,*,#7372,.T.);
#7387 = FACE_BOUND('',#7388,.F.);
#7388 = EDGE_LOOP('',(#7389));
#7389 = ORIENTED_EDGE('',*,*,#7390,.T.);
#7390 = EDGE_CURVE('',#7391,#7391,#7393,.T.);
#7391 = VERTEX_POINT('',#7392);
#7392 = CARTESIAN_POINT('',(112.9,-94.85,0.91));
#7393 = CIRCLE('',#7394,0.85);
#7394 = AXIS2_PLACEMENT_3D('',#7395,#7396,#7397);
#7395 = CARTESIAN_POINT('',(112.9,-94.,0.91));
#7396 = DIRECTION('',(-0.,0.,-1.));
#7397 = DIRECTION('',(-0.,-1.,0.));
#7398 = PLANE('',#7399);
#7399 = AXIS2_PLACEMENT_3D('',#7400,#7401,#7402);
#7400 = CARTESIAN_POINT('',(0.,0.,0.91));
#7401 = DIRECTION('',(0.,0.,1.));
#7402 = DIRECTION('',(1.,0.,-0.));
#7403 = ADVANCED_FACE('',(#7404,#7407),#7418,.T.);
#7404 = FACE_BOUND('',#7405,.T.);
#7405 = EDGE_LOOP('',(#7406));
#7406 = ORIENTED_EDGE('',*,*,#7364,.T.);
#7407 = FACE_BOUND('',#7408,.T.);
#7408 = EDGE_LOOP('',(#7409));
#7409 = ORIENTED_EDGE('',*,*,#7410,.T.);
#7410 = EDGE_CURVE('',#7411,#7411,#7413,.T.);
#7411 = VERTEX_POINT('',#7412);
#7412 = CARTESIAN_POINT('',(112.9,-94.85,0.95));
#7413 = CIRCLE('',#7414,0.85);
#7414 = AXIS2_PLACEMENT_3D('',#7415,#7416,#7417);
#7415 = CARTESIAN_POINT('',(112.9,-94.,0.95));
#7416 = DIRECTION('',(-0.,0.,-1.));
#7417 = DIRECTION('',(-0.,-1.,0.));
#7418 = PLANE('',#7419);
#7419 = AXIS2_PLACEMENT_3D('',#7420,#7421,#7422);
#7420 = CARTESIAN_POINT('',(0.,0.,0.95));
#7421 = DIRECTION('',(0.,0.,1.));
#7422 = DIRECTION('',(1.,0.,-0.));
#7423 = ADVANCED_FACE('',(#7424),#7435,.F.);
#7424 = FACE_BOUND('',#7425,.T.);
#7425 = EDGE_LOOP('',(#7426,#7427,#7433,#7434));
#7426 = ORIENTED_EDGE('',*,*,#7390,.T.);
#7427 = ORIENTED_EDGE('',*,*,#7428,.T.);
#7428 = EDGE_CURVE('',#7391,#7411,#7429,.T.);
#7429 = LINE('',#7430,#7431);
#7430 = CARTESIAN_POINT('',(112.9,-94.85,-4.6E-02));
#7431 = VECTOR('',#7432,1.);
#7432 = DIRECTION('',(0.,0.,1.));
#7433 = ORIENTED_EDGE('',*,*,#7410,.F.);
#7434 = ORIENTED_EDGE('',*,*,#7428,.F.);
#7435 = CYLINDRICAL_SURFACE('',#7436,0.85);
#7436 = AXIS2_PLACEMENT_3D('',#7437,#7438,#7439);
#7437 = CARTESIAN_POINT('',(112.9,-94.,-4.6E-02));
#7438 = DIRECTION('',(-0.,-0.,-1.));
#7439 = DIRECTION('',(-0.,-1.,0.));
#7440 = MANIFOLD_SOLID_BREP('',#7441);
#7441 = CLOSED_SHELL('',(#7442,#7475,#7495,#7515));
#7442 = ADVANCED_FACE('',(#7443),#7470,.T.);
#7443 = FACE_BOUND('',#7444,.T.);
#7444 = EDGE_LOOP('',(#7445,#7455,#7462,#7463));
#7445 = ORIENTED_EDGE('',*,*,#7446,.T.);
#7446 = EDGE_CURVE('',#7447,#7449,#7451,.T.);
#7447 = VERTEX_POINT('',#7448);
#7448 = CARTESIAN_POINT('',(114.2,-94.,0.));
#7449 = VERTEX_POINT('',#7450);
#7450 = CARTESIAN_POINT('',(114.2,-94.,-4.E-02));
#7451 = LINE('',#7452,#7453);
#7452 = CARTESIAN_POINT('',(114.2,-94.,0.));
#7453 = VECTOR('',#7454,1.);
#7454 = DIRECTION('',(0.,0.,-1.));
#7455 = ORIENTED_EDGE('',*,*,#7456,.T.);
#7456 = EDGE_CURVE('',#7449,#7449,#7457,.T.);
#7457 = CIRCLE('',#7458,1.3);
#7458 = AXIS2_PLACEMENT_3D('',#7459,#7460,#7461);
#7459 = CARTESIAN_POINT('',(112.9,-94.,-4.E-02));
#7460 = DIRECTION('',(0.,0.,1.));
#7461 = DIRECTION('',(1.,0.,-0.));
#7462 = ORIENTED_EDGE('',*,*,#7446,.F.);
#7463 = ORIENTED_EDGE('',*,*,#7464,.F.);
#7464 = EDGE_CURVE('',#7447,#7447,#7465,.T.);
#7465 = CIRCLE('',#7466,1.3);
#7466 = AXIS2_PLACEMENT_3D('',#7467,#7468,#7469);
#7467 = CARTESIAN_POINT('',(112.9,-94.,0.));
#7468 = DIRECTION('',(0.,0.,1.));
#7469 = DIRECTION('',(1.,0.,-0.));
#7470 = CYLINDRICAL_SURFACE('',#7471,1.3);
#7471 = AXIS2_PLACEMENT_3D('',#7472,#7473,#7474);
#7472 = CARTESIAN_POINT('',(112.9,-94.,0.));
#7473 = DIRECTION('',(0.,0.,1.));
#7474 = DIRECTION('',(1.,0.,-0.));
#7475 = ADVANCED_FACE('',(#7476,#7479),#7490,.F.);
#7476 = FACE_BOUND('',#7477,.F.);
#7477 = EDGE_LOOP('',(#7478));
#7478 = ORIENTED_EDGE('',*,*,#7464,.F.);
#7479 = FACE_BOUND('',#7480,.F.);
#7480 = EDGE_LOOP('',(#7481));
#7481 = ORIENTED_EDGE('',*,*,#7482,.F.);
#7482 = EDGE_CURVE('',#7483,#7483,#7485,.T.);
#7483 = VERTEX_POINT('',#7484);
#7484 = CARTESIAN_POINT('',(112.9,-94.85,0.));
#7485 = CIRCLE('',#7486,0.85);
#7486 = AXIS2_PLACEMENT_3D('',#7487,#7488,#7489);
#7487 = CARTESIAN_POINT('',(112.9,-94.,0.));
#7488 = DIRECTION('',(-0.,0.,-1.));
#7489 = DIRECTION('',(-0.,-1.,0.));
#7490 = PLANE('',#7491);
#7491 = AXIS2_PLACEMENT_3D('',#7492,#7493,#7494);
#7492 = CARTESIAN_POINT('',(0.,0.,0.));
#7493 = DIRECTION('',(-0.,-0.,-1.));
#7494 = DIRECTION('',(-1.,0.,0.));
#7495 = ADVANCED_FACE('',(#7496,#7499),#7510,.T.);
#7496 = FACE_BOUND('',#7497,.T.);
#7497 = EDGE_LOOP('',(#7498));
#7498 = ORIENTED_EDGE('',*,*,#7456,.F.);
#7499 = FACE_BOUND('',#7500,.T.);
#7500 = EDGE_LOOP('',(#7501));
#7501 = ORIENTED_EDGE('',*,*,#7502,.F.);
#7502 = EDGE_CURVE('',#7503,#7503,#7505,.T.);
#7503 = VERTEX_POINT('',#7504);
#7504 = CARTESIAN_POINT('',(112.9,-94.85,-4.E-02));
#7505 = CIRCLE('',#7506,0.85);
#7506 = AXIS2_PLACEMENT_3D('',#7507,#7508,#7509);
#7507 = CARTESIAN_POINT('',(112.9,-94.,-4.E-02));
#7508 = DIRECTION('',(-0.,0.,-1.));
#7509 = DIRECTION('',(-0.,-1.,0.));
#7510 = PLANE('',#7511);
#7511 = AXIS2_PLACEMENT_3D('',#7512,#7513,#7514);
#7512 = CARTESIAN_POINT('',(0.,0.,-4.E-02));
#7513 = DIRECTION('',(-0.,-0.,-1.));
#7514 = DIRECTION('',(-1.,0.,0.));
#7515 = ADVANCED_FACE('',(#7516),#7527,.F.);
#7516 = FACE_BOUND('',#7517,.T.);
#7517 = EDGE_LOOP('',(#7518,#7519,#7525,#7526));
#7518 = ORIENTED_EDGE('',*,*,#7502,.T.);
#7519 = ORIENTED_EDGE('',*,*,#7520,.T.);
#7520 = EDGE_CURVE('',#7503,#7483,#7521,.T.);
#7521 = LINE('',#7522,#7523);
#7522 = CARTESIAN_POINT('',(112.9,-94.85,-4.6E-02));
#7523 = VECTOR('',#7524,1.);
#7524 = DIRECTION('',(0.,0.,1.));
#7525 = ORIENTED_EDGE('',*,*,#7482,.F.);
#7526 = ORIENTED_EDGE('',*,*,#7520,.F.);
#7527 = CYLINDRICAL_SURFACE('',#7528,0.85);
#7528 = AXIS2_PLACEMENT_3D('',#7529,#7530,#7531);
#7529 = CARTESIAN_POINT('',(112.9,-94.,-4.6E-02));
#7530 = DIRECTION('',(-0.,-0.,-1.));
#7531 = DIRECTION('',(-0.,-1.,0.));
#7532 = MANIFOLD_SOLID_BREP('',#7533);
#7533 = CLOSED_SHELL('',(#7534,#7567,#7587,#7607));
#7534 = ADVANCED_FACE('',(#7535),#7562,.T.);
#7535 = FACE_BOUND('',#7536,.F.);
#7536 = EDGE_LOOP('',(#7537,#7547,#7554,#7555));
#7537 = ORIENTED_EDGE('',*,*,#7538,.T.);
#7538 = EDGE_CURVE('',#7539,#7541,#7543,.T.);
#7539 = VERTEX_POINT('',#7540);
#7540 = CARTESIAN_POINT('',(112.9,-94.875,-3.5E-02));
#7541 = VERTEX_POINT('',#7542);
#7542 = CARTESIAN_POINT('',(112.9,-94.875,0.945));
#7543 = LINE('',#7544,#7545);
#7544 = CARTESIAN_POINT('',(112.9,-94.875,-3.5E-02));
#7545 = VECTOR('',#7546,1.);
#7546 = DIRECTION('',(0.,0.,1.));
#7547 = ORIENTED_EDGE('',*,*,#7548,.T.);
#7548 = EDGE_CURVE('',#7541,#7541,#7549,.T.);
#7549 = CIRCLE('',#7550,0.875);
#7550 = AXIS2_PLACEMENT_3D('',#7551,#7552,#7553);
#7551 = CARTESIAN_POINT('',(112.9,-94.,0.945));
#7552 = DIRECTION('',(0.,0.,1.));
#7553 = DIRECTION('',(-0.,-1.,0.));
#7554 = ORIENTED_EDGE('',*,*,#7538,.F.);
#7555 = ORIENTED_EDGE('',*,*,#7556,.F.);
#7556 = EDGE_CURVE('',#7539,#7539,#7557,.T.);
#7557 = CIRCLE('',#7558,0.875);
#7558 = AXIS2_PLACEMENT_3D('',#7559,#7560,#7561);
#7559 = CARTESIAN_POINT('',(112.9,-94.,-3.5E-02));
#7560 = DIRECTION('',(0.,0.,1.));
#7561 = DIRECTION('',(-0.,-1.,0.));
#7562 = CYLINDRICAL_SURFACE('',#7563,0.875);
#7563 = AXIS2_PLACEMENT_3D('',#7564,#7565,#7566);
#7564 = CARTESIAN_POINT('',(112.9,-94.,-3.5E-02));
#7565 = DIRECTION('',(-0.,-0.,-1.));
#7566 = DIRECTION('',(-0.,-1.,0.));
#7567 = ADVANCED_FACE('',(#7568,#7571),#7582,.F.);
#7568 = FACE_BOUND('',#7569,.F.);
#7569 = EDGE_LOOP('',(#7570));
#7570 = ORIENTED_EDGE('',*,*,#7556,.T.);
#7571 = FACE_BOUND('',#7572,.F.);
#7572 = EDGE_LOOP('',(#7573));
#7573 = ORIENTED_EDGE('',*,*,#7574,.T.);
#7574 = EDGE_CURVE('',#7575,#7575,#7577,.T.);
#7575 = VERTEX_POINT('',#7576);
#7576 = CARTESIAN_POINT('',(112.9,-94.85,-3.5E-02));
#7577 = CIRCLE('',#7578,0.85);
#7578 = AXIS2_PLACEMENT_3D('',#7579,#7580,#7581);
#7579 = CARTESIAN_POINT('',(112.9,-94.,-3.5E-02));
#7580 = DIRECTION('',(-0.,0.,-1.));
#7581 = DIRECTION('',(-0.,-1.,0.));
#7582 = PLANE('',#7583);
#7583 = AXIS2_PLACEMENT_3D('',#7584,#7585,#7586);
#7584 = CARTESIAN_POINT('',(112.9,-94.875,-3.5E-02));
#7585 = DIRECTION('',(0.,0.,1.));
#7586 = DIRECTION('',(1.,0.,-0.));
#7587 = ADVANCED_FACE('',(#7588,#7591),#7602,.T.);
#7588 = FACE_BOUND('',#7589,.T.);
#7589 = EDGE_LOOP('',(#7590));
#7590 = ORIENTED_EDGE('',*,*,#7548,.T.);
#7591 = FACE_BOUND('',#7592,.T.);
#7592 = EDGE_LOOP('',(#7593));
#7593 = ORIENTED_EDGE('',*,*,#7594,.T.);
#7594 = EDGE_CURVE('',#7595,#7595,#7597,.T.);
#7595 = VERTEX_POINT('',#7596);
#7596 = CARTESIAN_POINT('',(112.9,-94.85,0.945));
#7597 = CIRCLE('',#7598,0.85);
#7598 = AXIS2_PLACEMENT_3D('',#7599,#7600,#7601);
#7599 = CARTESIAN_POINT('',(112.9,-94.,0.945));
#7600 = DIRECTION('',(-0.,0.,-1.));
#7601 = DIRECTION('',(-0.,-1.,0.));
#7602 = PLANE('',#7603);
#7603 = AXIS2_PLACEMENT_3D('',#7604,#7605,#7606);
#7604 = CARTESIAN_POINT('',(112.9,-94.875,0.945));
#7605 = DIRECTION('',(0.,0.,1.));
#7606 = DIRECTION('',(1.,0.,-0.));
#7607 = ADVANCED_FACE('',(#7608),#7619,.F.);
#7608 = FACE_BOUND('',#7609,.T.);
#7609 = EDGE_LOOP('',(#7610,#7611,#7617,#7618));
#7610 = ORIENTED_EDGE('',*,*,#7574,.T.);
#7611 = ORIENTED_EDGE('',*,*,#7612,.T.);
#7612 = EDGE_CURVE('',#7575,#7595,#7613,.T.);
#7613 = LINE('',#7614,#7615);
#7614 = CARTESIAN_POINT('',(112.9,-94.85,-4.6E-02));
#7615 = VECTOR('',#7616,1.);
#7616 = DIRECTION('',(0.,0.,1.));
#7617 = ORIENTED_EDGE('',*,*,#7594,.F.);
#7618 = ORIENTED_EDGE('',*,*,#7612,.F.);
#7619 = CYLINDRICAL_SURFACE('',#7620,0.85);
#7620 = AXIS2_PLACEMENT_3D('',#7621,#7622,#7623);
#7621 = CARTESIAN_POINT('',(112.9,-94.,-4.6E-02));
#7622 = DIRECTION('',(-0.,-0.,-1.));
#7623 = DIRECTION('',(-0.,-1.,0.));
#7624 = MANIFOLD_SOLID_BREP('',#7625);
#7625 = CLOSED_SHELL('',(#7626,#7659,#7679,#7699));
#7626 = ADVANCED_FACE('',(#7627),#7654,.T.);
#7627 = FACE_BOUND('',#7628,.F.);
#7628 = EDGE_LOOP('',(#7629,#7639,#7646,#7647));
#7629 = ORIENTED_EDGE('',*,*,#7630,.T.);
#7630 = EDGE_CURVE('',#7631,#7633,#7635,.T.);
#7631 = VERTEX_POINT('',#7632);
#7632 = CARTESIAN_POINT('',(111.4,-96.,0.91));
#7633 = VERTEX_POINT('',#7634);
#7634 = CARTESIAN_POINT('',(111.4,-96.,0.95));
#7635 = LINE('',#7636,#7637);
#7636 = CARTESIAN_POINT('',(111.4,-96.,0.91));
#7637 = VECTOR('',#7638,1.);
#7638 = DIRECTION('',(0.,0.,1.));
#7639 = ORIENTED_EDGE('',*,*,#7640,.T.);
#7640 = EDGE_CURVE('',#7633,#7633,#7641,.T.);
#7641 = CIRCLE('',#7642,1.3);
#7642 = AXIS2_PLACEMENT_3D('',#7643,#7644,#7645);
#7643 = CARTESIAN_POINT('',(110.1,-96.,0.95));
#7644 = DIRECTION('',(0.,0.,1.));
#7645 = DIRECTION('',(1.,0.,-0.));
#7646 = ORIENTED_EDGE('',*,*,#7630,.F.);
#7647 = ORIENTED_EDGE('',*,*,#7648,.F.);
#7648 = EDGE_CURVE('',#7631,#7631,#7649,.T.);
#7649 = CIRCLE('',#7650,1.3);
#7650 = AXIS2_PLACEMENT_3D('',#7651,#7652,#7653);
#7651 = CARTESIAN_POINT('',(110.1,-96.,0.91));
#7652 = DIRECTION('',(0.,0.,1.));
#7653 = DIRECTION('',(1.,0.,-0.));
#7654 = CYLINDRICAL_SURFACE('',#7655,1.3);
#7655 = AXIS2_PLACEMENT_3D('',#7656,#7657,#7658);
#7656 = CARTESIAN_POINT('',(110.1,-96.,0.91));
#7657 = DIRECTION('',(-0.,-0.,-1.));
#7658 = DIRECTION('',(1.,0.,-0.));
#7659 = ADVANCED_FACE('',(#7660,#7663),#7674,.F.);
#7660 = FACE_BOUND('',#7661,.F.);
#7661 = EDGE_LOOP('',(#7662));
#7662 = ORIENTED_EDGE('',*,*,#7648,.T.);
#7663 = FACE_BOUND('',#7664,.F.);
#7664 = EDGE_LOOP('',(#7665));
#7665 = ORIENTED_EDGE('',*,*,#7666,.T.);
#7666 = EDGE_CURVE('',#7667,#7667,#7669,.T.);
#7667 = VERTEX_POINT('',#7668);
#7668 = CARTESIAN_POINT('',(110.1,-96.85,0.91));
#7669 = CIRCLE('',#7670,0.85);
#7670 = AXIS2_PLACEMENT_3D('',#7671,#7672,#7673);
#7671 = CARTESIAN_POINT('',(110.1,-96.,0.91));
#7672 = DIRECTION('',(-0.,0.,-1.));
#7673 = DIRECTION('',(-0.,-1.,0.));
#7674 = PLANE('',#7675);
#7675 = AXIS2_PLACEMENT_3D('',#7676,#7677,#7678);
#7676 = CARTESIAN_POINT('',(0.,0.,0.91));
#7677 = DIRECTION('',(0.,0.,1.));
#7678 = DIRECTION('',(1.,0.,-0.));
#7679 = ADVANCED_FACE('',(#7680,#7683),#7694,.T.);
#7680 = FACE_BOUND('',#7681,.T.);
#7681 = EDGE_LOOP('',(#7682));
#7682 = ORIENTED_EDGE('',*,*,#7640,.T.);
#7683 = FACE_BOUND('',#7684,.T.);
#7684 = EDGE_LOOP('',(#7685));
#7685 = ORIENTED_EDGE('',*,*,#7686,.T.);
#7686 = EDGE_CURVE('',#7687,#7687,#7689,.T.);
#7687 = VERTEX_POINT('',#7688);
#7688 = CARTESIAN_POINT('',(110.1,-96.85,0.95));
#7689 = CIRCLE('',#7690,0.85);
#7690 = AXIS2_PLACEMENT_3D('',#7691,#7692,#7693);
#7691 = CARTESIAN_POINT('',(110.1,-96.,0.95));
#7692 = DIRECTION('',(-0.,0.,-1.));
#7693 = DIRECTION('',(-0.,-1.,0.));
#7694 = PLANE('',#7695);
#7695 = AXIS2_PLACEMENT_3D('',#7696,#7697,#7698);
#7696 = CARTESIAN_POINT('',(0.,0.,0.95));
#7697 = DIRECTION('',(0.,0.,1.));
#7698 = DIRECTION('',(1.,0.,-0.));
#7699 = ADVANCED_FACE('',(#7700),#7711,.F.);
#7700 = FACE_BOUND('',#7701,.T.);
#7701 = EDGE_LOOP('',(#7702,#7703,#7709,#7710));
#7702 = ORIENTED_EDGE('',*,*,#7666,.T.);
#7703 = ORIENTED_EDGE('',*,*,#7704,.T.);
#7704 = EDGE_CURVE('',#7667,#7687,#7705,.T.);
#7705 = LINE('',#7706,#7707);
#7706 = CARTESIAN_POINT('',(110.1,-96.85,-4.6E-02));
#7707 = VECTOR('',#7708,1.);
#7708 = DIRECTION('',(0.,0.,1.));
#7709 = ORIENTED_EDGE('',*,*,#7686,.F.);
#7710 = ORIENTED_EDGE('',*,*,#7704,.F.);
#7711 = CYLINDRICAL_SURFACE('',#7712,0.85);
#7712 = AXIS2_PLACEMENT_3D('',#7713,#7714,#7715);
#7713 = CARTESIAN_POINT('',(110.1,-96.,-4.6E-02));
#7714 = DIRECTION('',(-0.,-0.,-1.));
#7715 = DIRECTION('',(-0.,-1.,0.));
#7716 = MANIFOLD_SOLID_BREP('',#7717);
#7717 = CLOSED_SHELL('',(#7718,#7751,#7771,#7791));
#7718 = ADVANCED_FACE('',(#7719),#7746,.T.);
#7719 = FACE_BOUND('',#7720,.T.);
#7720 = EDGE_LOOP('',(#7721,#7731,#7738,#7739));
#7721 = ORIENTED_EDGE('',*,*,#7722,.T.);
#7722 = EDGE_CURVE('',#7723,#7725,#7727,.T.);
#7723 = VERTEX_POINT('',#7724);
#7724 = CARTESIAN_POINT('',(111.4,-96.,0.));
#7725 = VERTEX_POINT('',#7726);
#7726 = CARTESIAN_POINT('',(111.4,-96.,-4.E-02));
#7727 = LINE('',#7728,#7729);
#7728 = CARTESIAN_POINT('',(111.4,-96.,0.));
#7729 = VECTOR('',#7730,1.);
#7730 = DIRECTION('',(0.,0.,-1.));
#7731 = ORIENTED_EDGE('',*,*,#7732,.T.);
#7732 = EDGE_CURVE('',#7725,#7725,#7733,.T.);
#7733 = CIRCLE('',#7734,1.3);
#7734 = AXIS2_PLACEMENT_3D('',#7735,#7736,#7737);
#7735 = CARTESIAN_POINT('',(110.1,-96.,-4.E-02));
#7736 = DIRECTION('',(0.,0.,1.));
#7737 = DIRECTION('',(1.,0.,-0.));
#7738 = ORIENTED_EDGE('',*,*,#7722,.F.);
#7739 = ORIENTED_EDGE('',*,*,#7740,.F.);
#7740 = EDGE_CURVE('',#7723,#7723,#7741,.T.);
#7741 = CIRCLE('',#7742,1.3);
#7742 = AXIS2_PLACEMENT_3D('',#7743,#7744,#7745);
#7743 = CARTESIAN_POINT('',(110.1,-96.,0.));
#7744 = DIRECTION('',(0.,0.,1.));
#7745 = DIRECTION('',(1.,0.,-0.));
#7746 = CYLINDRICAL_SURFACE('',#7747,1.3);
#7747 = AXIS2_PLACEMENT_3D('',#7748,#7749,#7750);
#7748 = CARTESIAN_POINT('',(110.1,-96.,0.));
#7749 = DIRECTION('',(0.,0.,1.));
#7750 = DIRECTION('',(1.,0.,-0.));
#7751 = ADVANCED_FACE('',(#7752,#7755),#7766,.F.);
#7752 = FACE_BOUND('',#7753,.F.);
#7753 = EDGE_LOOP('',(#7754));
#7754 = ORIENTED_EDGE('',*,*,#7740,.F.);
#7755 = FACE_BOUND('',#7756,.F.);
#7756 = EDGE_LOOP('',(#7757));
#7757 = ORIENTED_EDGE('',*,*,#7758,.F.);
#7758 = EDGE_CURVE('',#7759,#7759,#7761,.T.);
#7759 = VERTEX_POINT('',#7760);
#7760 = CARTESIAN_POINT('',(110.1,-96.85,0.));
#7761 = CIRCLE('',#7762,0.85);
#7762 = AXIS2_PLACEMENT_3D('',#7763,#7764,#7765);
#7763 = CARTESIAN_POINT('',(110.1,-96.,0.));
#7764 = DIRECTION('',(-0.,0.,-1.));
#7765 = DIRECTION('',(-0.,-1.,0.));
#7766 = PLANE('',#7767);
#7767 = AXIS2_PLACEMENT_3D('',#7768,#7769,#7770);
#7768 = CARTESIAN_POINT('',(0.,0.,0.));
#7769 = DIRECTION('',(-0.,-0.,-1.));
#7770 = DIRECTION('',(-1.,0.,0.));
#7771 = ADVANCED_FACE('',(#7772,#7775),#7786,.T.);
#7772 = FACE_BOUND('',#7773,.T.);
#7773 = EDGE_LOOP('',(#7774));
#7774 = ORIENTED_EDGE('',*,*,#7732,.F.);
#7775 = FACE_BOUND('',#7776,.T.);
#7776 = EDGE_LOOP('',(#7777));
#7777 = ORIENTED_EDGE('',*,*,#7778,.F.);
#7778 = EDGE_CURVE('',#7779,#7779,#7781,.T.);
#7779 = VERTEX_POINT('',#7780);
#7780 = CARTESIAN_POINT('',(110.1,-96.85,-4.E-02));
#7781 = CIRCLE('',#7782,0.85);
#7782 = AXIS2_PLACEMENT_3D('',#7783,#7784,#7785);
#7783 = CARTESIAN_POINT('',(110.1,-96.,-4.E-02));
#7784 = DIRECTION('',(-0.,0.,-1.));
#7785 = DIRECTION('',(-0.,-1.,0.));
#7786 = PLANE('',#7787);
#7787 = AXIS2_PLACEMENT_3D('',#7788,#7789,#7790);
#7788 = CARTESIAN_POINT('',(0.,0.,-4.E-02));
#7789 = DIRECTION('',(-0.,-0.,-1.));
#7790 = DIRECTION('',(-1.,0.,0.));
#7791 = ADVANCED_FACE('',(#7792),#7803,.F.);
#7792 = FACE_BOUND('',#7793,.T.);
#7793 = EDGE_LOOP('',(#7794,#7795,#7801,#7802));
#7794 = ORIENTED_EDGE('',*,*,#7778,.T.);
#7795 = ORIENTED_EDGE('',*,*,#7796,.T.);
#7796 = EDGE_CURVE('',#7779,#7759,#7797,.T.);
#7797 = LINE('',#7798,#7799);
#7798 = CARTESIAN_POINT('',(110.1,-96.85,-4.6E-02));
#7799 = VECTOR('',#7800,1.);
#7800 = DIRECTION('',(0.,0.,1.));
#7801 = ORIENTED_EDGE('',*,*,#7758,.F.);
#7802 = ORIENTED_EDGE('',*,*,#7796,.F.);
#7803 = CYLINDRICAL_SURFACE('',#7804,0.85);
#7804 = AXIS2_PLACEMENT_3D('',#7805,#7806,#7807);
#7805 = CARTESIAN_POINT('',(110.1,-96.,-4.6E-02));
#7806 = DIRECTION('',(-0.,-0.,-1.));
#7807 = DIRECTION('',(-0.,-1.,0.));
#7808 = MANIFOLD_SOLID_BREP('',#7809);
#7809 = CLOSED_SHELL('',(#7810,#7843,#7863,#7883));
#7810 = ADVANCED_FACE('',(#7811),#7838,.T.);
#7811 = FACE_BOUND('',#7812,.F.);
#7812 = EDGE_LOOP('',(#7813,#7823,#7830,#7831));
#7813 = ORIENTED_EDGE('',*,*,#7814,.T.);
#7814 = EDGE_CURVE('',#7815,#7817,#7819,.T.);
#7815 = VERTEX_POINT('',#7816);
#7816 = CARTESIAN_POINT('',(110.1,-96.875,-3.5E-02));
#7817 = VERTEX_POINT('',#7818);
#7818 = CARTESIAN_POINT('',(110.1,-96.875,0.945));
#7819 = LINE('',#7820,#7821);
#7820 = CARTESIAN_POINT('',(110.1,-96.875,-3.5E-02));
#7821 = VECTOR('',#7822,1.);
#7822 = DIRECTION('',(0.,0.,1.));
#7823 = ORIENTED_EDGE('',*,*,#7824,.T.);
#7824 = EDGE_CURVE('',#7817,#7817,#7825,.T.);
#7825 = CIRCLE('',#7826,0.875);
#7826 = AXIS2_PLACEMENT_3D('',#7827,#7828,#7829);
#7827 = CARTESIAN_POINT('',(110.1,-96.,0.945));
#7828 = DIRECTION('',(0.,0.,1.));
#7829 = DIRECTION('',(-0.,-1.,0.));
#7830 = ORIENTED_EDGE('',*,*,#7814,.F.);
#7831 = ORIENTED_EDGE('',*,*,#7832,.F.);
#7832 = EDGE_CURVE('',#7815,#7815,#7833,.T.);
#7833 = CIRCLE('',#7834,0.875);
#7834 = AXIS2_PLACEMENT_3D('',#7835,#7836,#7837);
#7835 = CARTESIAN_POINT('',(110.1,-96.,-3.5E-02));
#7836 = DIRECTION('',(0.,0.,1.));
#7837 = DIRECTION('',(-0.,-1.,0.));
#7838 = CYLINDRICAL_SURFACE('',#7839,0.875);
#7839 = AXIS2_PLACEMENT_3D('',#7840,#7841,#7842);
#7840 = CARTESIAN_POINT('',(110.1,-96.,-3.5E-02));
#7841 = DIRECTION('',(-0.,-0.,-1.));
#7842 = DIRECTION('',(-0.,-1.,0.));
#7843 = ADVANCED_FACE('',(#7844,#7847),#7858,.F.);
#7844 = FACE_BOUND('',#7845,.F.);
#7845 = EDGE_LOOP('',(#7846));
#7846 = ORIENTED_EDGE('',*,*,#7832,.T.);
#7847 = FACE_BOUND('',#7848,.F.);
#7848 = EDGE_LOOP('',(#7849));
#7849 = ORIENTED_EDGE('',*,*,#7850,.T.);
#7850 = EDGE_CURVE('',#7851,#7851,#7853,.T.);
#7851 = VERTEX_POINT('',#7852);
#7852 = CARTESIAN_POINT('',(110.1,-96.85,-3.5E-02));
#7853 = CIRCLE('',#7854,0.85);
#7854 = AXIS2_PLACEMENT_3D('',#7855,#7856,#7857);
#7855 = CARTESIAN_POINT('',(110.1,-96.,-3.5E-02));
#7856 = DIRECTION('',(-0.,0.,-1.));
#7857 = DIRECTION('',(-0.,-1.,0.));
#7858 = PLANE('',#7859);
#7859 = AXIS2_PLACEMENT_3D('',#7860,#7861,#7862);
#7860 = CARTESIAN_POINT('',(110.1,-96.875,-3.5E-02));
#7861 = DIRECTION('',(0.,0.,1.));
#7862 = DIRECTION('',(1.,0.,-0.));
#7863 = ADVANCED_FACE('',(#7864,#7867),#7878,.T.);
#7864 = FACE_BOUND('',#7865,.T.);
#7865 = EDGE_LOOP('',(#7866));
#7866 = ORIENTED_EDGE('',*,*,#7824,.T.);
#7867 = FACE_BOUND('',#7868,.T.);
#7868 = EDGE_LOOP('',(#7869));
#7869 = ORIENTED_EDGE('',*,*,#7870,.T.);
#7870 = EDGE_CURVE('',#7871,#7871,#7873,.T.);
#7871 = VERTEX_POINT('',#7872);
#7872 = CARTESIAN_POINT('',(110.1,-96.85,0.945));
#7873 = CIRCLE('',#7874,0.85);
#7874 = AXIS2_PLACEMENT_3D('',#7875,#7876,#7877);
#7875 = CARTESIAN_POINT('',(110.1,-96.,0.945));
#7876 = DIRECTION('',(-0.,0.,-1.));
#7877 = DIRECTION('',(-0.,-1.,0.));
#7878 = PLANE('',#7879);
#7879 = AXIS2_PLACEMENT_3D('',#7880,#7881,#7882);
#7880 = CARTESIAN_POINT('',(110.1,-96.875,0.945));
#7881 = DIRECTION('',(0.,0.,1.));
#7882 = DIRECTION('',(1.,0.,-0.));
#7883 = ADVANCED_FACE('',(#7884),#7895,.F.);
#7884 = FACE_BOUND('',#7885,.T.);
#7885 = EDGE_LOOP('',(#7886,#7887,#7893,#7894));
#7886 = ORIENTED_EDGE('',*,*,#7850,.T.);
#7887 = ORIENTED_EDGE('',*,*,#7888,.T.);
#7888 = EDGE_CURVE('',#7851,#7871,#7889,.T.);
#7889 = LINE('',#7890,#7891);
#7890 = CARTESIAN_POINT('',(110.1,-96.85,-4.6E-02));
#7891 = VECTOR('',#7892,1.);
#7892 = DIRECTION('',(0.,0.,1.));
#7893 = ORIENTED_EDGE('',*,*,#7870,.F.);
#7894 = ORIENTED_EDGE('',*,*,#7888,.F.);
#7895 = CYLINDRICAL_SURFACE('',#7896,0.85);
#7896 = AXIS2_PLACEMENT_3D('',#7897,#7898,#7899);
#7897 = CARTESIAN_POINT('',(110.1,-96.,-4.6E-02));
#7898 = DIRECTION('',(-0.,-0.,-1.));
#7899 = DIRECTION('',(-0.,-1.,0.));
#7900 = MANIFOLD_SOLID_BREP('',#7901);
#7901 = CLOSED_SHELL('',(#7902,#7935,#7955,#7975));
#7902 = ADVANCED_FACE('',(#7903),#7930,.T.);
#7903 = FACE_BOUND('',#7904,.F.);
#7904 = EDGE_LOOP('',(#7905,#7915,#7922,#7923));
#7905 = ORIENTED_EDGE('',*,*,#7906,.T.);
#7906 = EDGE_CURVE('',#7907,#7909,#7911,.T.);
#7907 = VERTEX_POINT('',#7908);
#7908 = CARTESIAN_POINT('',(114.2,-98.,0.91));
#7909 = VERTEX_POINT('',#7910);
#7910 = CARTESIAN_POINT('',(114.2,-98.,0.95));
#7911 = LINE('',#7912,#7913);
#7912 = CARTESIAN_POINT('',(114.2,-98.,0.91));
#7913 = VECTOR('',#7914,1.);
#7914 = DIRECTION('',(0.,0.,1.));
#7915 = ORIENTED_EDGE('',*,*,#7916,.T.);
#7916 = EDGE_CURVE('',#7909,#7909,#7917,.T.);
#7917 = CIRCLE('',#7918,1.3);
#7918 = AXIS2_PLACEMENT_3D('',#7919,#7920,#7921);
#7919 = CARTESIAN_POINT('',(112.9,-98.,0.95));
#7920 = DIRECTION('',(0.,0.,1.));
#7921 = DIRECTION('',(1.,0.,-0.));
#7922 = ORIENTED_EDGE('',*,*,#7906,.F.);
#7923 = ORIENTED_EDGE('',*,*,#7924,.F.);
#7924 = EDGE_CURVE('',#7907,#7907,#7925,.T.);
#7925 = CIRCLE('',#7926,1.3);
#7926 = AXIS2_PLACEMENT_3D('',#7927,#7928,#7929);
#7927 = CARTESIAN_POINT('',(112.9,-98.,0.91));
#7928 = DIRECTION('',(0.,0.,1.));
#7929 = DIRECTION('',(1.,0.,-0.));
#7930 = CYLINDRICAL_SURFACE('',#7931,1.3);
#7931 = AXIS2_PLACEMENT_3D('',#7932,#7933,#7934);
#7932 = CARTESIAN_POINT('',(112.9,-98.,0.91));
#7933 = DIRECTION('',(-0.,-0.,-1.));
#7934 = DIRECTION('',(1.,0.,-0.));
#7935 = ADVANCED_FACE('',(#7936,#7939),#7950,.F.);
#7936 = FACE_BOUND('',#7937,.F.);
#7937 = EDGE_LOOP('',(#7938));
#7938 = ORIENTED_EDGE('',*,*,#7924,.T.);
#7939 = FACE_BOUND('',#7940,.F.);
#7940 = EDGE_LOOP('',(#7941));
#7941 = ORIENTED_EDGE('',*,*,#7942,.T.);
#7942 = EDGE_CURVE('',#7943,#7943,#7945,.T.);
#7943 = VERTEX_POINT('',#7944);
#7944 = CARTESIAN_POINT('',(112.9,-98.85,0.91));
#7945 = CIRCLE('',#7946,0.85);
#7946 = AXIS2_PLACEMENT_3D('',#7947,#7948,#7949);
#7947 = CARTESIAN_POINT('',(112.9,-98.,0.91));
#7948 = DIRECTION('',(-0.,0.,-1.));
#7949 = DIRECTION('',(-0.,-1.,0.));
#7950 = PLANE('',#7951);
#7951 = AXIS2_PLACEMENT_3D('',#7952,#7953,#7954);
#7952 = CARTESIAN_POINT('',(0.,0.,0.91));
#7953 = DIRECTION('',(0.,0.,1.));
#7954 = DIRECTION('',(1.,0.,-0.));
#7955 = ADVANCED_FACE('',(#7956,#7959),#7970,.T.);
#7956 = FACE_BOUND('',#7957,.T.);
#7957 = EDGE_LOOP('',(#7958));
#7958 = ORIENTED_EDGE('',*,*,#7916,.T.);
#7959 = FACE_BOUND('',#7960,.T.);
#7960 = EDGE_LOOP('',(#7961));
#7961 = ORIENTED_EDGE('',*,*,#7962,.T.);
#7962 = EDGE_CURVE('',#7963,#7963,#7965,.T.);
#7963 = VERTEX_POINT('',#7964);
#7964 = CARTESIAN_POINT('',(112.9,-98.85,0.95));
#7965 = CIRCLE('',#7966,0.85);
#7966 = AXIS2_PLACEMENT_3D('',#7967,#7968,#7969);
#7967 = CARTESIAN_POINT('',(112.9,-98.,0.95));
#7968 = DIRECTION('',(-0.,0.,-1.));
#7969 = DIRECTION('',(-0.,-1.,0.));
#7970 = PLANE('',#7971);
#7971 = AXIS2_PLACEMENT_3D('',#7972,#7973,#7974);
#7972 = CARTESIAN_POINT('',(0.,0.,0.95));
#7973 = DIRECTION('',(0.,0.,1.));
#7974 = DIRECTION('',(1.,0.,-0.));
#7975 = ADVANCED_FACE('',(#7976),#7987,.F.);
#7976 = FACE_BOUND('',#7977,.T.);
#7977 = EDGE_LOOP('',(#7978,#7979,#7985,#7986));
#7978 = ORIENTED_EDGE('',*,*,#7942,.T.);
#7979 = ORIENTED_EDGE('',*,*,#7980,.T.);
#7980 = EDGE_CURVE('',#7943,#7963,#7981,.T.);
#7981 = LINE('',#7982,#7983);
#7982 = CARTESIAN_POINT('',(112.9,-98.85,-4.6E-02));
#7983 = VECTOR('',#7984,1.);
#7984 = DIRECTION('',(0.,0.,1.));
#7985 = ORIENTED_EDGE('',*,*,#7962,.F.);
#7986 = ORIENTED_EDGE('',*,*,#7980,.F.);
#7987 = CYLINDRICAL_SURFACE('',#7988,0.85);
#7988 = AXIS2_PLACEMENT_3D('',#7989,#7990,#7991);
#7989 = CARTESIAN_POINT('',(112.9,-98.,-4.6E-02));
#7990 = DIRECTION('',(-0.,-0.,-1.));
#7991 = DIRECTION('',(-0.,-1.,0.));
#7992 = MANIFOLD_SOLID_BREP('',#7993);
#7993 = CLOSED_SHELL('',(#7994,#8027,#8047,#8067));
#7994 = ADVANCED_FACE('',(#7995),#8022,.T.);
#7995 = FACE_BOUND('',#7996,.T.);
#7996 = EDGE_LOOP('',(#7997,#8007,#8014,#8015));
#7997 = ORIENTED_EDGE('',*,*,#7998,.T.);
#7998 = EDGE_CURVE('',#7999,#8001,#8003,.T.);
#7999 = VERTEX_POINT('',#8000);
#8000 = CARTESIAN_POINT('',(114.2,-98.,0.));
#8001 = VERTEX_POINT('',#8002);
#8002 = CARTESIAN_POINT('',(114.2,-98.,-4.E-02));
#8003 = LINE('',#8004,#8005);
#8004 = CARTESIAN_POINT('',(114.2,-98.,0.));
#8005 = VECTOR('',#8006,1.);
#8006 = DIRECTION('',(0.,0.,-1.));
#8007 = ORIENTED_EDGE('',*,*,#8008,.T.);
#8008 = EDGE_CURVE('',#8001,#8001,#8009,.T.);
#8009 = CIRCLE('',#8010,1.3);
#8010 = AXIS2_PLACEMENT_3D('',#8011,#8012,#8013);
#8011 = CARTESIAN_POINT('',(112.9,-98.,-4.E-02));
#8012 = DIRECTION('',(0.,0.,1.));
#8013 = DIRECTION('',(1.,0.,-0.));
#8014 = ORIENTED_EDGE('',*,*,#7998,.F.);
#8015 = ORIENTED_EDGE('',*,*,#8016,.F.);
#8016 = EDGE_CURVE('',#7999,#7999,#8017,.T.);
#8017 = CIRCLE('',#8018,1.3);
#8018 = AXIS2_PLACEMENT_3D('',#8019,#8020,#8021);
#8019 = CARTESIAN_POINT('',(112.9,-98.,0.));
#8020 = DIRECTION('',(0.,0.,1.));
#8021 = DIRECTION('',(1.,0.,-0.));
#8022 = CYLINDRICAL_SURFACE('',#8023,1.3);
#8023 = AXIS2_PLACEMENT_3D('',#8024,#8025,#8026);
#8024 = CARTESIAN_POINT('',(112.9,-98.,0.));
#8025 = DIRECTION('',(0.,0.,1.));
#8026 = DIRECTION('',(1.,0.,-0.));
#8027 = ADVANCED_FACE('',(#8028,#8031),#8042,.F.);
#8028 = FACE_BOUND('',#8029,.F.);
#8029 = EDGE_LOOP('',(#8030));
#8030 = ORIENTED_EDGE('',*,*,#8016,.F.);
#8031 = FACE_BOUND('',#8032,.F.);
#8032 = EDGE_LOOP('',(#8033));
#8033 = ORIENTED_EDGE('',*,*,#8034,.F.);
#8034 = EDGE_CURVE('',#8035,#8035,#8037,.T.);
#8035 = VERTEX_POINT('',#8036);
#8036 = CARTESIAN_POINT('',(112.9,-98.85,0.));
#8037 = CIRCLE('',#8038,0.85);
#8038 = AXIS2_PLACEMENT_3D('',#8039,#8040,#8041);
#8039 = CARTESIAN_POINT('',(112.9,-98.,0.));
#8040 = DIRECTION('',(-0.,0.,-1.));
#8041 = DIRECTION('',(-0.,-1.,0.));
#8042 = PLANE('',#8043);
#8043 = AXIS2_PLACEMENT_3D('',#8044,#8045,#8046);
#8044 = CARTESIAN_POINT('',(0.,0.,0.));
#8045 = DIRECTION('',(-0.,-0.,-1.));
#8046 = DIRECTION('',(-1.,0.,0.));
#8047 = ADVANCED_FACE('',(#8048,#8051),#8062,.T.);
#8048 = FACE_BOUND('',#8049,.T.);
#8049 = EDGE_LOOP('',(#8050));
#8050 = ORIENTED_EDGE('',*,*,#8008,.F.);
#8051 = FACE_BOUND('',#8052,.T.);
#8052 = EDGE_LOOP('',(#8053));
#8053 = ORIENTED_EDGE('',*,*,#8054,.F.);
#8054 = EDGE_CURVE('',#8055,#8055,#8057,.T.);
#8055 = VERTEX_POINT('',#8056);
#8056 = CARTESIAN_POINT('',(112.9,-98.85,-4.E-02));
#8057 = CIRCLE('',#8058,0.85);
#8058 = AXIS2_PLACEMENT_3D('',#8059,#8060,#8061);
#8059 = CARTESIAN_POINT('',(112.9,-98.,-4.E-02));
#8060 = DIRECTION('',(-0.,0.,-1.));
#8061 = DIRECTION('',(-0.,-1.,0.));
#8062 = PLANE('',#8063);
#8063 = AXIS2_PLACEMENT_3D('',#8064,#8065,#8066);
#8064 = CARTESIAN_POINT('',(0.,0.,-4.E-02));
#8065 = DIRECTION('',(-0.,-0.,-1.));
#8066 = DIRECTION('',(-1.,0.,0.));
#8067 = ADVANCED_FACE('',(#8068),#8079,.F.);
#8068 = FACE_BOUND('',#8069,.T.);
#8069 = EDGE_LOOP('',(#8070,#8071,#8077,#8078));
#8070 = ORIENTED_EDGE('',*,*,#8054,.T.);
#8071 = ORIENTED_EDGE('',*,*,#8072,.T.);
#8072 = EDGE_CURVE('',#8055,#8035,#8073,.T.);
#8073 = LINE('',#8074,#8075);
#8074 = CARTESIAN_POINT('',(112.9,-98.85,-4.6E-02));
#8075 = VECTOR('',#8076,1.);
#8076 = DIRECTION('',(0.,0.,1.));
#8077 = ORIENTED_EDGE('',*,*,#8034,.F.);
#8078 = ORIENTED_EDGE('',*,*,#8072,.F.);
#8079 = CYLINDRICAL_SURFACE('',#8080,0.85);
#8080 = AXIS2_PLACEMENT_3D('',#8081,#8082,#8083);
#8081 = CARTESIAN_POINT('',(112.9,-98.,-4.6E-02));
#8082 = DIRECTION('',(-0.,-0.,-1.));
#8083 = DIRECTION('',(-0.,-1.,0.));
#8084 = MANIFOLD_SOLID_BREP('',#8085);
#8085 = CLOSED_SHELL('',(#8086,#8119,#8139,#8159));
#8086 = ADVANCED_FACE('',(#8087),#8114,.T.);
#8087 = FACE_BOUND('',#8088,.F.);
#8088 = EDGE_LOOP('',(#8089,#8099,#8106,#8107));
#8089 = ORIENTED_EDGE('',*,*,#8090,.T.);
#8090 = EDGE_CURVE('',#8091,#8093,#8095,.T.);
#8091 = VERTEX_POINT('',#8092);
#8092 = CARTESIAN_POINT('',(112.9,-98.875,-3.5E-02));
#8093 = VERTEX_POINT('',#8094);
#8094 = CARTESIAN_POINT('',(112.9,-98.875,0.945));
#8095 = LINE('',#8096,#8097);
#8096 = CARTESIAN_POINT('',(112.9,-98.875,-3.5E-02));
#8097 = VECTOR('',#8098,1.);
#8098 = DIRECTION('',(0.,0.,1.));
#8099 = ORIENTED_EDGE('',*,*,#8100,.T.);
#8100 = EDGE_CURVE('',#8093,#8093,#8101,.T.);
#8101 = CIRCLE('',#8102,0.875);
#8102 = AXIS2_PLACEMENT_3D('',#8103,#8104,#8105);
#8103 = CARTESIAN_POINT('',(112.9,-98.,0.945));
#8104 = DIRECTION('',(0.,0.,1.));
#8105 = DIRECTION('',(-0.,-1.,0.));
#8106 = ORIENTED_EDGE('',*,*,#8090,.F.);
#8107 = ORIENTED_EDGE('',*,*,#8108,.F.);
#8108 = EDGE_CURVE('',#8091,#8091,#8109,.T.);
#8109 = CIRCLE('',#8110,0.875);
#8110 = AXIS2_PLACEMENT_3D('',#8111,#8112,#8113);
#8111 = CARTESIAN_POINT('',(112.9,-98.,-3.5E-02));
#8112 = DIRECTION('',(0.,0.,1.));
#8113 = DIRECTION('',(-0.,-1.,0.));
#8114 = CYLINDRICAL_SURFACE('',#8115,0.875);
#8115 = AXIS2_PLACEMENT_3D('',#8116,#8117,#8118);
#8116 = CARTESIAN_POINT('',(112.9,-98.,-3.5E-02));
#8117 = DIRECTION('',(-0.,-0.,-1.));
#8118 = DIRECTION('',(-0.,-1.,0.));
#8119 = ADVANCED_FACE('',(#8120,#8123),#8134,.F.);
#8120 = FACE_BOUND('',#8121,.F.);
#8121 = EDGE_LOOP('',(#8122));
#8122 = ORIENTED_EDGE('',*,*,#8108,.T.);
#8123 = FACE_BOUND('',#8124,.F.);
#8124 = EDGE_LOOP('',(#8125));
#8125 = ORIENTED_EDGE('',*,*,#8126,.T.);
#8126 = EDGE_CURVE('',#8127,#8127,#8129,.T.);
#8127 = VERTEX_POINT('',#8128);
#8128 = CARTESIAN_POINT('',(112.9,-98.85,-3.5E-02));
#8129 = CIRCLE('',#8130,0.85);
#8130 = AXIS2_PLACEMENT_3D('',#8131,#8132,#8133);
#8131 = CARTESIAN_POINT('',(112.9,-98.,-3.5E-02));
#8132 = DIRECTION('',(-0.,0.,-1.));
#8133 = DIRECTION('',(-0.,-1.,0.));
#8134 = PLANE('',#8135);
#8135 = AXIS2_PLACEMENT_3D('',#8136,#8137,#8138);
#8136 = CARTESIAN_POINT('',(112.9,-98.875,-3.5E-02));
#8137 = DIRECTION('',(0.,0.,1.));
#8138 = DIRECTION('',(1.,0.,-0.));
#8139 = ADVANCED_FACE('',(#8140,#8143),#8154,.T.);
#8140 = FACE_BOUND('',#8141,.T.);
#8141 = EDGE_LOOP('',(#8142));
#8142 = ORIENTED_EDGE('',*,*,#8100,.T.);
#8143 = FACE_BOUND('',#8144,.T.);
#8144 = EDGE_LOOP('',(#8145));
#8145 = ORIENTED_EDGE('',*,*,#8146,.T.);
#8146 = EDGE_CURVE('',#8147,#8147,#8149,.T.);
#8147 = VERTEX_POINT('',#8148);
#8148 = CARTESIAN_POINT('',(112.9,-98.85,0.945));
#8149 = CIRCLE('',#8150,0.85);
#8150 = AXIS2_PLACEMENT_3D('',#8151,#8152,#8153);
#8151 = CARTESIAN_POINT('',(112.9,-98.,0.945));
#8152 = DIRECTION('',(-0.,0.,-1.));
#8153 = DIRECTION('',(-0.,-1.,0.));
#8154 = PLANE('',#8155);
#8155 = AXIS2_PLACEMENT_3D('',#8156,#8157,#8158);
#8156 = CARTESIAN_POINT('',(112.9,-98.875,0.945));
#8157 = DIRECTION('',(0.,0.,1.));
#8158 = DIRECTION('',(1.,0.,-0.));
#8159 = ADVANCED_FACE('',(#8160),#8171,.F.);
#8160 = FACE_BOUND('',#8161,.T.);
#8161 = EDGE_LOOP('',(#8162,#8163,#8169,#8170));
#8162 = ORIENTED_EDGE('',*,*,#8126,.T.);
#8163 = ORIENTED_EDGE('',*,*,#8164,.T.);
#8164 = EDGE_CURVE('',#8127,#8147,#8165,.T.);
#8165 = LINE('',#8166,#8167);
#8166 = CARTESIAN_POINT('',(112.9,-98.85,-4.6E-02));
#8167 = VECTOR('',#8168,1.);
#8168 = DIRECTION('',(0.,0.,1.));
#8169 = ORIENTED_EDGE('',*,*,#8146,.F.);
#8170 = ORIENTED_EDGE('',*,*,#8164,.F.);
#8171 = CYLINDRICAL_SURFACE('',#8172,0.85);
#8172 = AXIS2_PLACEMENT_3D('',#8173,#8174,#8175);
#8173 = CARTESIAN_POINT('',(112.9,-98.,-4.6E-02));
#8174 = DIRECTION('',(-0.,-0.,-1.));
#8175 = DIRECTION('',(-0.,-1.,0.));
#8176 = MANIFOLD_SOLID_BREP('',#8177);
#8177 = CLOSED_SHELL('',(#8178,#8211,#8231,#8251));
#8178 = ADVANCED_FACE('',(#8179),#8206,.T.);
#8179 = FACE_BOUND('',#8180,.F.);
#8180 = EDGE_LOOP('',(#8181,#8191,#8198,#8199));
#8181 = ORIENTED_EDGE('',*,*,#8182,.T.);
#8182 = EDGE_CURVE('',#8183,#8185,#8187,.T.);
#8183 = VERTEX_POINT('',#8184);
#8184 = CARTESIAN_POINT('',(111.4,-100.,0.91));
#8185 = VERTEX_POINT('',#8186);
#8186 = CARTESIAN_POINT('',(111.4,-100.,0.95));
#8187 = LINE('',#8188,#8189);
#8188 = CARTESIAN_POINT('',(111.4,-100.,0.91));
#8189 = VECTOR('',#8190,1.);
#8190 = DIRECTION('',(0.,0.,1.));
#8191 = ORIENTED_EDGE('',*,*,#8192,.T.);
#8192 = EDGE_CURVE('',#8185,#8185,#8193,.T.);
#8193 = CIRCLE('',#8194,1.3);
#8194 = AXIS2_PLACEMENT_3D('',#8195,#8196,#8197);
#8195 = CARTESIAN_POINT('',(110.1,-100.,0.95));
#8196 = DIRECTION('',(0.,0.,1.));
#8197 = DIRECTION('',(1.,0.,-0.));
#8198 = ORIENTED_EDGE('',*,*,#8182,.F.);
#8199 = ORIENTED_EDGE('',*,*,#8200,.F.);
#8200 = EDGE_CURVE('',#8183,#8183,#8201,.T.);
#8201 = CIRCLE('',#8202,1.3);
#8202 = AXIS2_PLACEMENT_3D('',#8203,#8204,#8205);
#8203 = CARTESIAN_POINT('',(110.1,-100.,0.91));
#8204 = DIRECTION('',(0.,0.,1.));
#8205 = DIRECTION('',(1.,0.,-0.));
#8206 = CYLINDRICAL_SURFACE('',#8207,1.3);
#8207 = AXIS2_PLACEMENT_3D('',#8208,#8209,#8210);
#8208 = CARTESIAN_POINT('',(110.1,-100.,0.91));
#8209 = DIRECTION('',(-0.,-0.,-1.));
#8210 = DIRECTION('',(1.,0.,-0.));
#8211 = ADVANCED_FACE('',(#8212,#8215),#8226,.F.);
#8212 = FACE_BOUND('',#8213,.F.);
#8213 = EDGE_LOOP('',(#8214));
#8214 = ORIENTED_EDGE('',*,*,#8200,.T.);
#8215 = FACE_BOUND('',#8216,.F.);
#8216 = EDGE_LOOP('',(#8217));
#8217 = ORIENTED_EDGE('',*,*,#8218,.T.);
#8218 = EDGE_CURVE('',#8219,#8219,#8221,.T.);
#8219 = VERTEX_POINT('',#8220);
#8220 = CARTESIAN_POINT('',(110.1,-100.85,0.91));
#8221 = CIRCLE('',#8222,0.85);
#8222 = AXIS2_PLACEMENT_3D('',#8223,#8224,#8225);
#8223 = CARTESIAN_POINT('',(110.1,-100.,0.91));
#8224 = DIRECTION('',(-0.,0.,-1.));
#8225 = DIRECTION('',(-0.,-1.,0.));
#8226 = PLANE('',#8227);
#8227 = AXIS2_PLACEMENT_3D('',#8228,#8229,#8230);
#8228 = CARTESIAN_POINT('',(0.,0.,0.91));
#8229 = DIRECTION('',(0.,0.,1.));
#8230 = DIRECTION('',(1.,0.,-0.));
#8231 = ADVANCED_FACE('',(#8232,#8235),#8246,.T.);
#8232 = FACE_BOUND('',#8233,.T.);
#8233 = EDGE_LOOP('',(#8234));
#8234 = ORIENTED_EDGE('',*,*,#8192,.T.);
#8235 = FACE_BOUND('',#8236,.T.);
#8236 = EDGE_LOOP('',(#8237));
#8237 = ORIENTED_EDGE('',*,*,#8238,.T.);
#8238 = EDGE_CURVE('',#8239,#8239,#8241,.T.);
#8239 = VERTEX_POINT('',#8240);
#8240 = CARTESIAN_POINT('',(110.1,-100.85,0.95));
#8241 = CIRCLE('',#8242,0.85);
#8242 = AXIS2_PLACEMENT_3D('',#8243,#8244,#8245);
#8243 = CARTESIAN_POINT('',(110.1,-100.,0.95));
#8244 = DIRECTION('',(-0.,0.,-1.));
#8245 = DIRECTION('',(-0.,-1.,0.));
#8246 = PLANE('',#8247);
#8247 = AXIS2_PLACEMENT_3D('',#8248,#8249,#8250);
#8248 = CARTESIAN_POINT('',(0.,0.,0.95));
#8249 = DIRECTION('',(0.,0.,1.));
#8250 = DIRECTION('',(1.,0.,-0.));
#8251 = ADVANCED_FACE('',(#8252),#8263,.F.);
#8252 = FACE_BOUND('',#8253,.T.);
#8253 = EDGE_LOOP('',(#8254,#8255,#8261,#8262));
#8254 = ORIENTED_EDGE('',*,*,#8218,.T.);
#8255 = ORIENTED_EDGE('',*,*,#8256,.T.);
#8256 = EDGE_CURVE('',#8219,#8239,#8257,.T.);
#8257 = LINE('',#8258,#8259);
#8258 = CARTESIAN_POINT('',(110.1,-100.85,-4.6E-02));
#8259 = VECTOR('',#8260,1.);
#8260 = DIRECTION('',(0.,0.,1.));
#8261 = ORIENTED_EDGE('',*,*,#8238,.F.);
#8262 = ORIENTED_EDGE('',*,*,#8256,.F.);
#8263 = CYLINDRICAL_SURFACE('',#8264,0.85);
#8264 = AXIS2_PLACEMENT_3D('',#8265,#8266,#8267);
#8265 = CARTESIAN_POINT('',(110.1,-100.,-4.6E-02));
#8266 = DIRECTION('',(-0.,-0.,-1.));
#8267 = DIRECTION('',(-0.,-1.,0.));
#8268 = MANIFOLD_SOLID_BREP('',#8269);
#8269 = CLOSED_SHELL('',(#8270,#8303,#8323,#8343));
#8270 = ADVANCED_FACE('',(#8271),#8298,.T.);
#8271 = FACE_BOUND('',#8272,.T.);
#8272 = EDGE_LOOP('',(#8273,#8283,#8290,#8291));
#8273 = ORIENTED_EDGE('',*,*,#8274,.T.);
#8274 = EDGE_CURVE('',#8275,#8277,#8279,.T.);
#8275 = VERTEX_POINT('',#8276);
#8276 = CARTESIAN_POINT('',(111.4,-100.,0.));
#8277 = VERTEX_POINT('',#8278);
#8278 = CARTESIAN_POINT('',(111.4,-100.,-4.E-02));
#8279 = LINE('',#8280,#8281);
#8280 = CARTESIAN_POINT('',(111.4,-100.,0.));
#8281 = VECTOR('',#8282,1.);
#8282 = DIRECTION('',(0.,0.,-1.));
#8283 = ORIENTED_EDGE('',*,*,#8284,.T.);
#8284 = EDGE_CURVE('',#8277,#8277,#8285,.T.);
#8285 = CIRCLE('',#8286,1.3);
#8286 = AXIS2_PLACEMENT_3D('',#8287,#8288,#8289);
#8287 = CARTESIAN_POINT('',(110.1,-100.,-4.E-02));
#8288 = DIRECTION('',(0.,0.,1.));
#8289 = DIRECTION('',(1.,0.,-0.));
#8290 = ORIENTED_EDGE('',*,*,#8274,.F.);
#8291 = ORIENTED_EDGE('',*,*,#8292,.F.);
#8292 = EDGE_CURVE('',#8275,#8275,#8293,.T.);
#8293 = CIRCLE('',#8294,1.3);
#8294 = AXIS2_PLACEMENT_3D('',#8295,#8296,#8297);
#8295 = CARTESIAN_POINT('',(110.1,-100.,0.));
#8296 = DIRECTION('',(0.,0.,1.));
#8297 = DIRECTION('',(1.,0.,-0.));
#8298 = CYLINDRICAL_SURFACE('',#8299,1.3);
#8299 = AXIS2_PLACEMENT_3D('',#8300,#8301,#8302);
#8300 = CARTESIAN_POINT('',(110.1,-100.,0.));
#8301 = DIRECTION('',(0.,0.,1.));
#8302 = DIRECTION('',(1.,0.,-0.));
#8303 = ADVANCED_FACE('',(#8304,#8307),#8318,.F.);
#8304 = FACE_BOUND('',#8305,.F.);
#8305 = EDGE_LOOP('',(#8306));
#8306 = ORIENTED_EDGE('',*,*,#8292,.F.);
#8307 = FACE_BOUND('',#8308,.F.);
#8308 = EDGE_LOOP('',(#8309));
#8309 = ORIENTED_EDGE('',*,*,#8310,.F.);
#8310 = EDGE_CURVE('',#8311,#8311,#8313,.T.);
#8311 = VERTEX_POINT('',#8312);
#8312 = CARTESIAN_POINT('',(110.1,-100.85,0.));
#8313 = CIRCLE('',#8314,0.85);
#8314 = AXIS2_PLACEMENT_3D('',#8315,#8316,#8317);
#8315 = CARTESIAN_POINT('',(110.1,-100.,0.));
#8316 = DIRECTION('',(-0.,0.,-1.));
#8317 = DIRECTION('',(-0.,-1.,0.));
#8318 = PLANE('',#8319);
#8319 = AXIS2_PLACEMENT_3D('',#8320,#8321,#8322);
#8320 = CARTESIAN_POINT('',(0.,0.,0.));
#8321 = DIRECTION('',(-0.,-0.,-1.));
#8322 = DIRECTION('',(-1.,0.,0.));
#8323 = ADVANCED_FACE('',(#8324,#8327),#8338,.T.);
#8324 = FACE_BOUND('',#8325,.T.);
#8325 = EDGE_LOOP('',(#8326));
#8326 = ORIENTED_EDGE('',*,*,#8284,.F.);
#8327 = FACE_BOUND('',#8328,.T.);
#8328 = EDGE_LOOP('',(#8329));
#8329 = ORIENTED_EDGE('',*,*,#8330,.F.);
#8330 = EDGE_CURVE('',#8331,#8331,#8333,.T.);
#8331 = VERTEX_POINT('',#8332);
#8332 = CARTESIAN_POINT('',(110.1,-100.85,-4.E-02));
#8333 = CIRCLE('',#8334,0.85);
#8334 = AXIS2_PLACEMENT_3D('',#8335,#8336,#8337);
#8335 = CARTESIAN_POINT('',(110.1,-100.,-4.E-02));
#8336 = DIRECTION('',(-0.,0.,-1.));
#8337 = DIRECTION('',(-0.,-1.,0.));
#8338 = PLANE('',#8339);
#8339 = AXIS2_PLACEMENT_3D('',#8340,#8341,#8342);
#8340 = CARTESIAN_POINT('',(0.,0.,-4.E-02));
#8341 = DIRECTION('',(-0.,-0.,-1.));
#8342 = DIRECTION('',(-1.,0.,0.));
#8343 = ADVANCED_FACE('',(#8344),#8355,.F.);
#8344 = FACE_BOUND('',#8345,.T.);
#8345 = EDGE_LOOP('',(#8346,#8347,#8353,#8354));
#8346 = ORIENTED_EDGE('',*,*,#8330,.T.);
#8347 = ORIENTED_EDGE('',*,*,#8348,.T.);
#8348 = EDGE_CURVE('',#8331,#8311,#8349,.T.);
#8349 = LINE('',#8350,#8351);
#8350 = CARTESIAN_POINT('',(110.1,-100.85,-4.6E-02));
#8351 = VECTOR('',#8352,1.);
#8352 = DIRECTION('',(0.,0.,1.));
#8353 = ORIENTED_EDGE('',*,*,#8310,.F.);
#8354 = ORIENTED_EDGE('',*,*,#8348,.F.);
#8355 = CYLINDRICAL_SURFACE('',#8356,0.85);
#8356 = AXIS2_PLACEMENT_3D('',#8357,#8358,#8359);
#8357 = CARTESIAN_POINT('',(110.1,-100.,-4.6E-02));
#8358 = DIRECTION('',(-0.,-0.,-1.));
#8359 = DIRECTION('',(-0.,-1.,0.));
#8360 = MANIFOLD_SOLID_BREP('',#8361);
#8361 = CLOSED_SHELL('',(#8362,#8395,#8415,#8435));
#8362 = ADVANCED_FACE('',(#8363),#8390,.T.);
#8363 = FACE_BOUND('',#8364,.F.);
#8364 = EDGE_LOOP('',(#8365,#8375,#8382,#8383));
#8365 = ORIENTED_EDGE('',*,*,#8366,.T.);
#8366 = EDGE_CURVE('',#8367,#8369,#8371,.T.);
#8367 = VERTEX_POINT('',#8368);
#8368 = CARTESIAN_POINT('',(110.1,-100.875,-3.5E-02));
#8369 = VERTEX_POINT('',#8370);
#8370 = CARTESIAN_POINT('',(110.1,-100.875,0.945));
#8371 = LINE('',#8372,#8373);
#8372 = CARTESIAN_POINT('',(110.1,-100.875,-3.5E-02));
#8373 = VECTOR('',#8374,1.);
#8374 = DIRECTION('',(0.,0.,1.));
#8375 = ORIENTED_EDGE('',*,*,#8376,.T.);
#8376 = EDGE_CURVE('',#8369,#8369,#8377,.T.);
#8377 = CIRCLE('',#8378,0.875);
#8378 = AXIS2_PLACEMENT_3D('',#8379,#8380,#8381);
#8379 = CARTESIAN_POINT('',(110.1,-100.,0.945));
#8380 = DIRECTION('',(0.,0.,1.));
#8381 = DIRECTION('',(-0.,-1.,0.));
#8382 = ORIENTED_EDGE('',*,*,#8366,.F.);
#8383 = ORIENTED_EDGE('',*,*,#8384,.F.);
#8384 = EDGE_CURVE('',#8367,#8367,#8385,.T.);
#8385 = CIRCLE('',#8386,0.875);
#8386 = AXIS2_PLACEMENT_3D('',#8387,#8388,#8389);
#8387 = CARTESIAN_POINT('',(110.1,-100.,-3.5E-02));
#8388 = DIRECTION('',(0.,0.,1.));
#8389 = DIRECTION('',(-0.,-1.,0.));
#8390 = CYLINDRICAL_SURFACE('',#8391,0.875);
#8391 = AXIS2_PLACEMENT_3D('',#8392,#8393,#8394);
#8392 = CARTESIAN_POINT('',(110.1,-100.,-3.5E-02));
#8393 = DIRECTION('',(-0.,-0.,-1.));
#8394 = DIRECTION('',(-0.,-1.,0.));
#8395 = ADVANCED_FACE('',(#8396,#8399),#8410,.F.);
#8396 = FACE_BOUND('',#8397,.F.);
#8397 = EDGE_LOOP('',(#8398));
#8398 = ORIENTED_EDGE('',*,*,#8384,.T.);
#8399 = FACE_BOUND('',#8400,.F.);
#8400 = EDGE_LOOP('',(#8401));
#8401 = ORIENTED_EDGE('',*,*,#8402,.T.);
#8402 = EDGE_CURVE('',#8403,#8403,#8405,.T.);
#8403 = VERTEX_POINT('',#8404);
#8404 = CARTESIAN_POINT('',(110.1,-100.85,-3.5E-02));
#8405 = CIRCLE('',#8406,0.85);
#8406 = AXIS2_PLACEMENT_3D('',#8407,#8408,#8409);
#8407 = CARTESIAN_POINT('',(110.1,-100.,-3.5E-02));
#8408 = DIRECTION('',(-0.,0.,-1.));
#8409 = DIRECTION('',(-0.,-1.,0.));
#8410 = PLANE('',#8411);
#8411 = AXIS2_PLACEMENT_3D('',#8412,#8413,#8414);
#8412 = CARTESIAN_POINT('',(110.1,-100.875,-3.5E-02));
#8413 = DIRECTION('',(0.,0.,1.));
#8414 = DIRECTION('',(1.,0.,-0.));
#8415 = ADVANCED_FACE('',(#8416,#8419),#8430,.T.);
#8416 = FACE_BOUND('',#8417,.T.);
#8417 = EDGE_LOOP('',(#8418));
#8418 = ORIENTED_EDGE('',*,*,#8376,.T.);
#8419 = FACE_BOUND('',#8420,.T.);
#8420 = EDGE_LOOP('',(#8421));
#8421 = ORIENTED_EDGE('',*,*,#8422,.T.);
#8422 = EDGE_CURVE('',#8423,#8423,#8425,.T.);
#8423 = VERTEX_POINT('',#8424);
#8424 = CARTESIAN_POINT('',(110.1,-100.85,0.945));
#8425 = CIRCLE('',#8426,0.85);
#8426 = AXIS2_PLACEMENT_3D('',#8427,#8428,#8429);
#8427 = CARTESIAN_POINT('',(110.1,-100.,0.945));
#8428 = DIRECTION('',(-0.,0.,-1.));
#8429 = DIRECTION('',(-0.,-1.,0.));
#8430 = PLANE('',#8431);
#8431 = AXIS2_PLACEMENT_3D('',#8432,#8433,#8434);
#8432 = CARTESIAN_POINT('',(110.1,-100.875,0.945));
#8433 = DIRECTION('',(0.,0.,1.));
#8434 = DIRECTION('',(1.,0.,-0.));
#8435 = ADVANCED_FACE('',(#8436),#8447,.F.);
#8436 = FACE_BOUND('',#8437,.T.);
#8437 = EDGE_LOOP('',(#8438,#8439,#8445,#8446));
#8438 = ORIENTED_EDGE('',*,*,#8402,.T.);
#8439 = ORIENTED_EDGE('',*,*,#8440,.T.);
#8440 = EDGE_CURVE('',#8403,#8423,#8441,.T.);
#8441 = LINE('',#8442,#8443);
#8442 = CARTESIAN_POINT('',(110.1,-100.85,-4.6E-02));
#8443 = VECTOR('',#8444,1.);
#8444 = DIRECTION('',(0.,0.,1.));
#8445 = ORIENTED_EDGE('',*,*,#8422,.F.);
#8446 = ORIENTED_EDGE('',*,*,#8440,.F.);
#8447 = CYLINDRICAL_SURFACE('',#8448,0.85);
#8448 = AXIS2_PLACEMENT_3D('',#8449,#8450,#8451);
#8449 = CARTESIAN_POINT('',(110.1,-100.,-4.6E-02));
#8450 = DIRECTION('',(-0.,-0.,-1.));
#8451 = DIRECTION('',(-0.,-1.,0.));
#8452 = MANIFOLD_SOLID_BREP('',#8453);
#8453 = CLOSED_SHELL('',(#8454,#8487,#8507,#8527));
#8454 = ADVANCED_FACE('',(#8455),#8482,.T.);
#8455 = FACE_BOUND('',#8456,.F.);
#8456 = EDGE_LOOP('',(#8457,#8467,#8474,#8475));
#8457 = ORIENTED_EDGE('',*,*,#8458,.T.);
#8458 = EDGE_CURVE('',#8459,#8461,#8463,.T.);
#8459 = VERTEX_POINT('',#8460);
#8460 = CARTESIAN_POINT('',(114.2,-102.,0.91));
#8461 = VERTEX_POINT('',#8462);
#8462 = CARTESIAN_POINT('',(114.2,-102.,0.95));
#8463 = LINE('',#8464,#8465);
#8464 = CARTESIAN_POINT('',(114.2,-102.,0.91));
#8465 = VECTOR('',#8466,1.);
#8466 = DIRECTION('',(0.,0.,1.));
#8467 = ORIENTED_EDGE('',*,*,#8468,.T.);
#8468 = EDGE_CURVE('',#8461,#8461,#8469,.T.);
#8469 = CIRCLE('',#8470,1.3);
#8470 = AXIS2_PLACEMENT_3D('',#8471,#8472,#8473);
#8471 = CARTESIAN_POINT('',(112.9,-102.,0.95));
#8472 = DIRECTION('',(0.,0.,1.));
#8473 = DIRECTION('',(1.,0.,-0.));
#8474 = ORIENTED_EDGE('',*,*,#8458,.F.);
#8475 = ORIENTED_EDGE('',*,*,#8476,.F.);
#8476 = EDGE_CURVE('',#8459,#8459,#8477,.T.);
#8477 = CIRCLE('',#8478,1.3);
#8478 = AXIS2_PLACEMENT_3D('',#8479,#8480,#8481);
#8479 = CARTESIAN_POINT('',(112.9,-102.,0.91));
#8480 = DIRECTION('',(0.,0.,1.));
#8481 = DIRECTION('',(1.,0.,-0.));
#8482 = CYLINDRICAL_SURFACE('',#8483,1.3);
#8483 = AXIS2_PLACEMENT_3D('',#8484,#8485,#8486);
#8484 = CARTESIAN_POINT('',(112.9,-102.,0.91));
#8485 = DIRECTION('',(-0.,-0.,-1.));
#8486 = DIRECTION('',(1.,0.,-0.));
#8487 = ADVANCED_FACE('',(#8488,#8491),#8502,.F.);
#8488 = FACE_BOUND('',#8489,.F.);
#8489 = EDGE_LOOP('',(#8490));
#8490 = ORIENTED_EDGE('',*,*,#8476,.T.);
#8491 = FACE_BOUND('',#8492,.F.);
#8492 = EDGE_LOOP('',(#8493));
#8493 = ORIENTED_EDGE('',*,*,#8494,.T.);
#8494 = EDGE_CURVE('',#8495,#8495,#8497,.T.);
#8495 = VERTEX_POINT('',#8496);
#8496 = CARTESIAN_POINT('',(112.9,-102.85,0.91));
#8497 = CIRCLE('',#8498,0.85);
#8498 = AXIS2_PLACEMENT_3D('',#8499,#8500,#8501);
#8499 = CARTESIAN_POINT('',(112.9,-102.,0.91));
#8500 = DIRECTION('',(-0.,0.,-1.));
#8501 = DIRECTION('',(-0.,-1.,0.));
#8502 = PLANE('',#8503);
#8503 = AXIS2_PLACEMENT_3D('',#8504,#8505,#8506);
#8504 = CARTESIAN_POINT('',(0.,0.,0.91));
#8505 = DIRECTION('',(0.,0.,1.));
#8506 = DIRECTION('',(1.,0.,-0.));
#8507 = ADVANCED_FACE('',(#8508,#8511),#8522,.T.);
#8508 = FACE_BOUND('',#8509,.T.);
#8509 = EDGE_LOOP('',(#8510));
#8510 = ORIENTED_EDGE('',*,*,#8468,.T.);
#8511 = FACE_BOUND('',#8512,.T.);
#8512 = EDGE_LOOP('',(#8513));
#8513 = ORIENTED_EDGE('',*,*,#8514,.T.);
#8514 = EDGE_CURVE('',#8515,#8515,#8517,.T.);
#8515 = VERTEX_POINT('',#8516);
#8516 = CARTESIAN_POINT('',(112.9,-102.85,0.95));
#8517 = CIRCLE('',#8518,0.85);
#8518 = AXIS2_PLACEMENT_3D('',#8519,#8520,#8521);
#8519 = CARTESIAN_POINT('',(112.9,-102.,0.95));
#8520 = DIRECTION('',(-0.,0.,-1.));
#8521 = DIRECTION('',(-0.,-1.,0.));
#8522 = PLANE('',#8523);
#8523 = AXIS2_PLACEMENT_3D('',#8524,#8525,#8526);
#8524 = CARTESIAN_POINT('',(0.,0.,0.95));
#8525 = DIRECTION('',(0.,0.,1.));
#8526 = DIRECTION('',(1.,0.,-0.));
#8527 = ADVANCED_FACE('',(#8528),#8539,.F.);
#8528 = FACE_BOUND('',#8529,.T.);
#8529 = EDGE_LOOP('',(#8530,#8531,#8537,#8538));
#8530 = ORIENTED_EDGE('',*,*,#8494,.T.);
#8531 = ORIENTED_EDGE('',*,*,#8532,.T.);
#8532 = EDGE_CURVE('',#8495,#8515,#8533,.T.);
#8533 = LINE('',#8534,#8535);
#8534 = CARTESIAN_POINT('',(112.9,-102.85,-4.6E-02));
#8535 = VECTOR('',#8536,1.);
#8536 = DIRECTION('',(0.,0.,1.));
#8537 = ORIENTED_EDGE('',*,*,#8514,.F.);
#8538 = ORIENTED_EDGE('',*,*,#8532,.F.);
#8539 = CYLINDRICAL_SURFACE('',#8540,0.85);
#8540 = AXIS2_PLACEMENT_3D('',#8541,#8542,#8543);
#8541 = CARTESIAN_POINT('',(112.9,-102.,-4.6E-02));
#8542 = DIRECTION('',(-0.,-0.,-1.));
#8543 = DIRECTION('',(-0.,-1.,0.));
#8544 = MANIFOLD_SOLID_BREP('',#8545);
#8545 = CLOSED_SHELL('',(#8546,#8579,#8599,#8619));
#8546 = ADVANCED_FACE('',(#8547),#8574,.T.);
#8547 = FACE_BOUND('',#8548,.T.);
#8548 = EDGE_LOOP('',(#8549,#8559,#8566,#8567));
#8549 = ORIENTED_EDGE('',*,*,#8550,.T.);
#8550 = EDGE_CURVE('',#8551,#8553,#8555,.T.);
#8551 = VERTEX_POINT('',#8552);
#8552 = CARTESIAN_POINT('',(114.2,-102.,0.));
#8553 = VERTEX_POINT('',#8554);
#8554 = CARTESIAN_POINT('',(114.2,-102.,-4.E-02));
#8555 = LINE('',#8556,#8557);
#8556 = CARTESIAN_POINT('',(114.2,-102.,0.));
#8557 = VECTOR('',#8558,1.);
#8558 = DIRECTION('',(0.,0.,-1.));
#8559 = ORIENTED_EDGE('',*,*,#8560,.T.);
#8560 = EDGE_CURVE('',#8553,#8553,#8561,.T.);
#8561 = CIRCLE('',#8562,1.3);
#8562 = AXIS2_PLACEMENT_3D('',#8563,#8564,#8565);
#8563 = CARTESIAN_POINT('',(112.9,-102.,-4.E-02));
#8564 = DIRECTION('',(0.,0.,1.));
#8565 = DIRECTION('',(1.,0.,-0.));
#8566 = ORIENTED_EDGE('',*,*,#8550,.F.);
#8567 = ORIENTED_EDGE('',*,*,#8568,.F.);
#8568 = EDGE_CURVE('',#8551,#8551,#8569,.T.);
#8569 = CIRCLE('',#8570,1.3);
#8570 = AXIS2_PLACEMENT_3D('',#8571,#8572,#8573);
#8571 = CARTESIAN_POINT('',(112.9,-102.,0.));
#8572 = DIRECTION('',(0.,0.,1.));
#8573 = DIRECTION('',(1.,0.,-0.));
#8574 = CYLINDRICAL_SURFACE('',#8575,1.3);
#8575 = AXIS2_PLACEMENT_3D('',#8576,#8577,#8578);
#8576 = CARTESIAN_POINT('',(112.9,-102.,0.));
#8577 = DIRECTION('',(0.,0.,1.));
#8578 = DIRECTION('',(1.,0.,-0.));
#8579 = ADVANCED_FACE('',(#8580,#8583),#8594,.F.);
#8580 = FACE_BOUND('',#8581,.F.);
#8581 = EDGE_LOOP('',(#8582));
#8582 = ORIENTED_EDGE('',*,*,#8568,.F.);
#8583 = FACE_BOUND('',#8584,.F.);
#8584 = EDGE_LOOP('',(#8585));
#8585 = ORIENTED_EDGE('',*,*,#8586,.F.);
#8586 = EDGE_CURVE('',#8587,#8587,#8589,.T.);
#8587 = VERTEX_POINT('',#8588);
#8588 = CARTESIAN_POINT('',(112.9,-102.85,0.));
#8589 = CIRCLE('',#8590,0.85);
#8590 = AXIS2_PLACEMENT_3D('',#8591,#8592,#8593);
#8591 = CARTESIAN_POINT('',(112.9,-102.,0.));
#8592 = DIRECTION('',(-0.,0.,-1.));
#8593 = DIRECTION('',(-0.,-1.,0.));
#8594 = PLANE('',#8595);
#8595 = AXIS2_PLACEMENT_3D('',#8596,#8597,#8598);
#8596 = CARTESIAN_POINT('',(0.,0.,0.));
#8597 = DIRECTION('',(-0.,-0.,-1.));
#8598 = DIRECTION('',(-1.,0.,0.));
#8599 = ADVANCED_FACE('',(#8600,#8603),#8614,.T.);
#8600 = FACE_BOUND('',#8601,.T.);
#8601 = EDGE_LOOP('',(#8602));
#8602 = ORIENTED_EDGE('',*,*,#8560,.F.);
#8603 = FACE_BOUND('',#8604,.T.);
#8604 = EDGE_LOOP('',(#8605));
#8605 = ORIENTED_EDGE('',*,*,#8606,.F.);
#8606 = EDGE_CURVE('',#8607,#8607,#8609,.T.);
#8607 = VERTEX_POINT('',#8608);
#8608 = CARTESIAN_POINT('',(112.9,-102.85,-4.E-02));
#8609 = CIRCLE('',#8610,0.85);
#8610 = AXIS2_PLACEMENT_3D('',#8611,#8612,#8613);
#8611 = CARTESIAN_POINT('',(112.9,-102.,-4.E-02));
#8612 = DIRECTION('',(-0.,0.,-1.));
#8613 = DIRECTION('',(-0.,-1.,0.));
#8614 = PLANE('',#8615);
#8615 = AXIS2_PLACEMENT_3D('',#8616,#8617,#8618);
#8616 = CARTESIAN_POINT('',(0.,0.,-4.E-02));
#8617 = DIRECTION('',(-0.,-0.,-1.));
#8618 = DIRECTION('',(-1.,0.,0.));
#8619 = ADVANCED_FACE('',(#8620),#8631,.F.);
#8620 = FACE_BOUND('',#8621,.T.);
#8621 = EDGE_LOOP('',(#8622,#8623,#8629,#8630));
#8622 = ORIENTED_EDGE('',*,*,#8606,.T.);
#8623 = ORIENTED_EDGE('',*,*,#8624,.T.);
#8624 = EDGE_CURVE('',#8607,#8587,#8625,.T.);
#8625 = LINE('',#8626,#8627);
#8626 = CARTESIAN_POINT('',(112.9,-102.85,-4.6E-02));
#8627 = VECTOR('',#8628,1.);
#8628 = DIRECTION('',(0.,0.,1.));
#8629 = ORIENTED_EDGE('',*,*,#8586,.F.);
#8630 = ORIENTED_EDGE('',*,*,#8624,.F.);
#8631 = CYLINDRICAL_SURFACE('',#8632,0.85);
#8632 = AXIS2_PLACEMENT_3D('',#8633,#8634,#8635);
#8633 = CARTESIAN_POINT('',(112.9,-102.,-4.6E-02));
#8634 = DIRECTION('',(-0.,-0.,-1.));
#8635 = DIRECTION('',(-0.,-1.,0.));
#8636 = MANIFOLD_SOLID_BREP('',#8637);
#8637 = CLOSED_SHELL('',(#8638,#8671,#8691,#8711));
#8638 = ADVANCED_FACE('',(#8639),#8666,.T.);
#8639 = FACE_BOUND('',#8640,.F.);
#8640 = EDGE_LOOP('',(#8641,#8651,#8658,#8659));
#8641 = ORIENTED_EDGE('',*,*,#8642,.T.);
#8642 = EDGE_CURVE('',#8643,#8645,#8647,.T.);
#8643 = VERTEX_POINT('',#8644);
#8644 = CARTESIAN_POINT('',(112.9,-102.875,-3.5E-02));
#8645 = VERTEX_POINT('',#8646);
#8646 = CARTESIAN_POINT('',(112.9,-102.875,0.945));
#8647 = LINE('',#8648,#8649);
#8648 = CARTESIAN_POINT('',(112.9,-102.875,-3.5E-02));
#8649 = VECTOR('',#8650,1.);
#8650 = DIRECTION('',(0.,0.,1.));
#8651 = ORIENTED_EDGE('',*,*,#8652,.T.);
#8652 = EDGE_CURVE('',#8645,#8645,#8653,.T.);
#8653 = CIRCLE('',#8654,0.875);
#8654 = AXIS2_PLACEMENT_3D('',#8655,#8656,#8657);
#8655 = CARTESIAN_POINT('',(112.9,-102.,0.945));
#8656 = DIRECTION('',(0.,0.,1.));
#8657 = DIRECTION('',(-0.,-1.,0.));
#8658 = ORIENTED_EDGE('',*,*,#8642,.F.);
#8659 = ORIENTED_EDGE('',*,*,#8660,.F.);
#8660 = EDGE_CURVE('',#8643,#8643,#8661,.T.);
#8661 = CIRCLE('',#8662,0.875);
#8662 = AXIS2_PLACEMENT_3D('',#8663,#8664,#8665);
#8663 = CARTESIAN_POINT('',(112.9,-102.,-3.5E-02));
#8664 = DIRECTION('',(0.,0.,1.));
#8665 = DIRECTION('',(-0.,-1.,0.));
#8666 = CYLINDRICAL_SURFACE('',#8667,0.875);
#8667 = AXIS2_PLACEMENT_3D('',#8668,#8669,#8670);
#8668 = CARTESIAN_POINT('',(112.9,-102.,-3.5E-02));
#8669 = DIRECTION('',(-0.,-0.,-1.));
#8670 = DIRECTION('',(-0.,-1.,0.));
#8671 = ADVANCED_FACE('',(#8672,#8675),#8686,.F.);
#8672 = FACE_BOUND('',#8673,.F.);
#8673 = EDGE_LOOP('',(#8674));
#8674 = ORIENTED_EDGE('',*,*,#8660,.T.);
#8675 = FACE_BOUND('',#8676,.F.);
#8676 = EDGE_LOOP('',(#8677));
#8677 = ORIENTED_EDGE('',*,*,#8678,.T.);
#8678 = EDGE_CURVE('',#8679,#8679,#8681,.T.);
#8679 = VERTEX_POINT('',#8680);
#8680 = CARTESIAN_POINT('',(112.9,-102.85,-3.5E-02));
#8681 = CIRCLE('',#8682,0.85);
#8682 = AXIS2_PLACEMENT_3D('',#8683,#8684,#8685);
#8683 = CARTESIAN_POINT('',(112.9,-102.,-3.5E-02));
#8684 = DIRECTION('',(-0.,0.,-1.));
#8685 = DIRECTION('',(-0.,-1.,0.));
#8686 = PLANE('',#8687);
#8687 = AXIS2_PLACEMENT_3D('',#8688,#8689,#8690);
#8688 = CARTESIAN_POINT('',(112.9,-102.875,-3.5E-02));
#8689 = DIRECTION('',(0.,0.,1.));
#8690 = DIRECTION('',(1.,0.,-0.));
#8691 = ADVANCED_FACE('',(#8692,#8695),#8706,.T.);
#8692 = FACE_BOUND('',#8693,.T.);
#8693 = EDGE_LOOP('',(#8694));
#8694 = ORIENTED_EDGE('',*,*,#8652,.T.);
#8695 = FACE_BOUND('',#8696,.T.);
#8696 = EDGE_LOOP('',(#8697));
#8697 = ORIENTED_EDGE('',*,*,#8698,.T.);
#8698 = EDGE_CURVE('',#8699,#8699,#8701,.T.);
#8699 = VERTEX_POINT('',#8700);
#8700 = CARTESIAN_POINT('',(112.9,-102.85,0.945));
#8701 = CIRCLE('',#8702,0.85);
#8702 = AXIS2_PLACEMENT_3D('',#8703,#8704,#8705);
#8703 = CARTESIAN_POINT('',(112.9,-102.,0.945));
#8704 = DIRECTION('',(-0.,0.,-1.));
#8705 = DIRECTION('',(-0.,-1.,0.));
#8706 = PLANE('',#8707);
#8707 = AXIS2_PLACEMENT_3D('',#8708,#8709,#8710);
#8708 = CARTESIAN_POINT('',(112.9,-102.875,0.945));
#8709 = DIRECTION('',(0.,0.,1.));
#8710 = DIRECTION('',(1.,0.,-0.));
#8711 = ADVANCED_FACE('',(#8712),#8723,.F.);
#8712 = FACE_BOUND('',#8713,.T.);
#8713 = EDGE_LOOP('',(#8714,#8715,#8721,#8722));
#8714 = ORIENTED_EDGE('',*,*,#8678,.T.);
#8715 = ORIENTED_EDGE('',*,*,#8716,.T.);
#8716 = EDGE_CURVE('',#8679,#8699,#8717,.T.);
#8717 = LINE('',#8718,#8719);
#8718 = CARTESIAN_POINT('',(112.9,-102.85,-4.6E-02));
#8719 = VECTOR('',#8720,1.);
#8720 = DIRECTION('',(0.,0.,1.));
#8721 = ORIENTED_EDGE('',*,*,#8698,.F.);
#8722 = ORIENTED_EDGE('',*,*,#8716,.F.);
#8723 = CYLINDRICAL_SURFACE('',#8724,0.85);
#8724 = AXIS2_PLACEMENT_3D('',#8725,#8726,#8727);
#8725 = CARTESIAN_POINT('',(112.9,-102.,-4.6E-02));
#8726 = DIRECTION('',(-0.,-0.,-1.));
#8727 = DIRECTION('',(-0.,-1.,0.));
#8728 = MANIFOLD_SOLID_BREP('',#8729);
#8729 = CLOSED_SHELL('',(#8730,#8763,#8783,#8803));
#8730 = ADVANCED_FACE('',(#8731),#8758,.T.);
#8731 = FACE_BOUND('',#8732,.F.);
#8732 = EDGE_LOOP('',(#8733,#8743,#8750,#8751));
#8733 = ORIENTED_EDGE('',*,*,#8734,.T.);
#8734 = EDGE_CURVE('',#8735,#8737,#8739,.T.);
#8735 = VERTEX_POINT('',#8736);
#8736 = CARTESIAN_POINT('',(111.4,-104.,0.91));
#8737 = VERTEX_POINT('',#8738);
#8738 = CARTESIAN_POINT('',(111.4,-104.,0.95));
#8739 = LINE('',#8740,#8741);
#8740 = CARTESIAN_POINT('',(111.4,-104.,0.91));
#8741 = VECTOR('',#8742,1.);
#8742 = DIRECTION('',(0.,0.,1.));
#8743 = ORIENTED_EDGE('',*,*,#8744,.T.);
#8744 = EDGE_CURVE('',#8737,#8737,#8745,.T.);
#8745 = CIRCLE('',#8746,1.3);
#8746 = AXIS2_PLACEMENT_3D('',#8747,#8748,#8749);
#8747 = CARTESIAN_POINT('',(110.1,-104.,0.95));
#8748 = DIRECTION('',(0.,0.,1.));
#8749 = DIRECTION('',(1.,0.,-0.));
#8750 = ORIENTED_EDGE('',*,*,#8734,.F.);
#8751 = ORIENTED_EDGE('',*,*,#8752,.F.);
#8752 = EDGE_CURVE('',#8735,#8735,#8753,.T.);
#8753 = CIRCLE('',#8754,1.3);
#8754 = AXIS2_PLACEMENT_3D('',#8755,#8756,#8757);
#8755 = CARTESIAN_POINT('',(110.1,-104.,0.91));
#8756 = DIRECTION('',(0.,0.,1.));
#8757 = DIRECTION('',(1.,0.,-0.));
#8758 = CYLINDRICAL_SURFACE('',#8759,1.3);
#8759 = AXIS2_PLACEMENT_3D('',#8760,#8761,#8762);
#8760 = CARTESIAN_POINT('',(110.1,-104.,0.91));
#8761 = DIRECTION('',(-0.,-0.,-1.));
#8762 = DIRECTION('',(1.,0.,-0.));
#8763 = ADVANCED_FACE('',(#8764,#8767),#8778,.F.);
#8764 = FACE_BOUND('',#8765,.F.);
#8765 = EDGE_LOOP('',(#8766));
#8766 = ORIENTED_EDGE('',*,*,#8752,.T.);
#8767 = FACE_BOUND('',#8768,.F.);
#8768 = EDGE_LOOP('',(#8769));
#8769 = ORIENTED_EDGE('',*,*,#8770,.T.);
#8770 = EDGE_CURVE('',#8771,#8771,#8773,.T.);
#8771 = VERTEX_POINT('',#8772);
#8772 = CARTESIAN_POINT('',(110.1,-104.85,0.91));
#8773 = CIRCLE('',#8774,0.85);
#8774 = AXIS2_PLACEMENT_3D('',#8775,#8776,#8777);
#8775 = CARTESIAN_POINT('',(110.1,-104.,0.91));
#8776 = DIRECTION('',(-0.,0.,-1.));
#8777 = DIRECTION('',(-0.,-1.,0.));
#8778 = PLANE('',#8779);
#8779 = AXIS2_PLACEMENT_3D('',#8780,#8781,#8782);
#8780 = CARTESIAN_POINT('',(0.,0.,0.91));
#8781 = DIRECTION('',(0.,0.,1.));
#8782 = DIRECTION('',(1.,0.,-0.));
#8783 = ADVANCED_FACE('',(#8784,#8787),#8798,.T.);
#8784 = FACE_BOUND('',#8785,.T.);
#8785 = EDGE_LOOP('',(#8786));
#8786 = ORIENTED_EDGE('',*,*,#8744,.T.);
#8787 = FACE_BOUND('',#8788,.T.);
#8788 = EDGE_LOOP('',(#8789));
#8789 = ORIENTED_EDGE('',*,*,#8790,.T.);
#8790 = EDGE_CURVE('',#8791,#8791,#8793,.T.);
#8791 = VERTEX_POINT('',#8792);
#8792 = CARTESIAN_POINT('',(110.1,-104.85,0.95));
#8793 = CIRCLE('',#8794,0.85);
#8794 = AXIS2_PLACEMENT_3D('',#8795,#8796,#8797);
#8795 = CARTESIAN_POINT('',(110.1,-104.,0.95));
#8796 = DIRECTION('',(-0.,0.,-1.));
#8797 = DIRECTION('',(-0.,-1.,0.));
#8798 = PLANE('',#8799);
#8799 = AXIS2_PLACEMENT_3D('',#8800,#8801,#8802);
#8800 = CARTESIAN_POINT('',(0.,0.,0.95));
#8801 = DIRECTION('',(0.,0.,1.));
#8802 = DIRECTION('',(1.,0.,-0.));
#8803 = ADVANCED_FACE('',(#8804),#8815,.F.);
#8804 = FACE_BOUND('',#8805,.T.);
#8805 = EDGE_LOOP('',(#8806,#8807,#8813,#8814));
#8806 = ORIENTED_EDGE('',*,*,#8770,.T.);
#8807 = ORIENTED_EDGE('',*,*,#8808,.T.);
#8808 = EDGE_CURVE('',#8771,#8791,#8809,.T.);
#8809 = LINE('',#8810,#8811);
#8810 = CARTESIAN_POINT('',(110.1,-104.85,-4.6E-02));
#8811 = VECTOR('',#8812,1.);
#8812 = DIRECTION('',(0.,0.,1.));
#8813 = ORIENTED_EDGE('',*,*,#8790,.F.);
#8814 = ORIENTED_EDGE('',*,*,#8808,.F.);
#8815 = CYLINDRICAL_SURFACE('',#8816,0.85);
#8816 = AXIS2_PLACEMENT_3D('',#8817,#8818,#8819);
#8817 = CARTESIAN_POINT('',(110.1,-104.,-4.6E-02));
#8818 = DIRECTION('',(-0.,-0.,-1.));
#8819 = DIRECTION('',(-0.,-1.,0.));
#8820 = MANIFOLD_SOLID_BREP('',#8821);
#8821 = CLOSED_SHELL('',(#8822,#8855,#8875,#8895));
#8822 = ADVANCED_FACE('',(#8823),#8850,.T.);
#8823 = FACE_BOUND('',#8824,.T.);
#8824 = EDGE_LOOP('',(#8825,#8835,#8842,#8843));
#8825 = ORIENTED_EDGE('',*,*,#8826,.T.);
#8826 = EDGE_CURVE('',#8827,#8829,#8831,.T.);
#8827 = VERTEX_POINT('',#8828);
#8828 = CARTESIAN_POINT('',(111.4,-104.,0.));
#8829 = VERTEX_POINT('',#8830);
#8830 = CARTESIAN_POINT('',(111.4,-104.,-4.E-02));
#8831 = LINE('',#8832,#8833);
#8832 = CARTESIAN_POINT('',(111.4,-104.,0.));
#8833 = VECTOR('',#8834,1.);
#8834 = DIRECTION('',(0.,0.,-1.));
#8835 = ORIENTED_EDGE('',*,*,#8836,.T.);
#8836 = EDGE_CURVE('',#8829,#8829,#8837,.T.);
#8837 = CIRCLE('',#8838,1.3);
#8838 = AXIS2_PLACEMENT_3D('',#8839,#8840,#8841);
#8839 = CARTESIAN_POINT('',(110.1,-104.,-4.E-02));
#8840 = DIRECTION('',(0.,0.,1.));
#8841 = DIRECTION('',(1.,0.,-0.));
#8842 = ORIENTED_EDGE('',*,*,#8826,.F.);
#8843 = ORIENTED_EDGE('',*,*,#8844,.F.);
#8844 = EDGE_CURVE('',#8827,#8827,#8845,.T.);
#8845 = CIRCLE('',#8846,1.3);
#8846 = AXIS2_PLACEMENT_3D('',#8847,#8848,#8849);
#8847 = CARTESIAN_POINT('',(110.1,-104.,0.));
#8848 = DIRECTION('',(0.,0.,1.));
#8849 = DIRECTION('',(1.,0.,-0.));
#8850 = CYLINDRICAL_SURFACE('',#8851,1.3);
#8851 = AXIS2_PLACEMENT_3D('',#8852,#8853,#8854);
#8852 = CARTESIAN_POINT('',(110.1,-104.,0.));
#8853 = DIRECTION('',(0.,0.,1.));
#8854 = DIRECTION('',(1.,0.,-0.));
#8855 = ADVANCED_FACE('',(#8856,#8859),#8870,.F.);
#8856 = FACE_BOUND('',#8857,.F.);
#8857 = EDGE_LOOP('',(#8858));
#8858 = ORIENTED_EDGE('',*,*,#8844,.F.);
#8859 = FACE_BOUND('',#8860,.F.);
#8860 = EDGE_LOOP('',(#8861));
#8861 = ORIENTED_EDGE('',*,*,#8862,.F.);
#8862 = EDGE_CURVE('',#8863,#8863,#8865,.T.);
#8863 = VERTEX_POINT('',#8864);
#8864 = CARTESIAN_POINT('',(110.1,-104.85,0.));
#8865 = CIRCLE('',#8866,0.85);
#8866 = AXIS2_PLACEMENT_3D('',#8867,#8868,#8869);
#8867 = CARTESIAN_POINT('',(110.1,-104.,0.));
#8868 = DIRECTION('',(-0.,0.,-1.));
#8869 = DIRECTION('',(-0.,-1.,0.));
#8870 = PLANE('',#8871);
#8871 = AXIS2_PLACEMENT_3D('',#8872,#8873,#8874);
#8872 = CARTESIAN_POINT('',(0.,0.,0.));
#8873 = DIRECTION('',(-0.,-0.,-1.));
#8874 = DIRECTION('',(-1.,0.,0.));
#8875 = ADVANCED_FACE('',(#8876,#8879),#8890,.T.);
#8876 = FACE_BOUND('',#8877,.T.);
#8877 = EDGE_LOOP('',(#8878));
#8878 = ORIENTED_EDGE('',*,*,#8836,.F.);
#8879 = FACE_BOUND('',#8880,.T.);
#8880 = EDGE_LOOP('',(#8881));
#8881 = ORIENTED_EDGE('',*,*,#8882,.F.);
#8882 = EDGE_CURVE('',#8883,#8883,#8885,.T.);
#8883 = VERTEX_POINT('',#8884);
#8884 = CARTESIAN_POINT('',(110.1,-104.85,-4.E-02));
#8885 = CIRCLE('',#8886,0.85);
#8886 = AXIS2_PLACEMENT_3D('',#8887,#8888,#8889);
#8887 = CARTESIAN_POINT('',(110.1,-104.,-4.E-02));
#8888 = DIRECTION('',(-0.,0.,-1.));
#8889 = DIRECTION('',(-0.,-1.,0.));
#8890 = PLANE('',#8891);
#8891 = AXIS2_PLACEMENT_3D('',#8892,#8893,#8894);
#8892 = CARTESIAN_POINT('',(0.,0.,-4.E-02));
#8893 = DIRECTION('',(-0.,-0.,-1.));
#8894 = DIRECTION('',(-1.,0.,0.));
#8895 = ADVANCED_FACE('',(#8896),#8907,.F.);
#8896 = FACE_BOUND('',#8897,.T.);
#8897 = EDGE_LOOP('',(#8898,#8899,#8905,#8906));
#8898 = ORIENTED_EDGE('',*,*,#8882,.T.);
#8899 = ORIENTED_EDGE('',*,*,#8900,.T.);
#8900 = EDGE_CURVE('',#8883,#8863,#8901,.T.);
#8901 = LINE('',#8902,#8903);
#8902 = CARTESIAN_POINT('',(110.1,-104.85,-4.6E-02));
#8903 = VECTOR('',#8904,1.);
#8904 = DIRECTION('',(0.,0.,1.));
#8905 = ORIENTED_EDGE('',*,*,#8862,.F.);
#8906 = ORIENTED_EDGE('',*,*,#8900,.F.);
#8907 = CYLINDRICAL_SURFACE('',#8908,0.85);
#8908 = AXIS2_PLACEMENT_3D('',#8909,#8910,#8911);
#8909 = CARTESIAN_POINT('',(110.1,-104.,-4.6E-02));
#8910 = DIRECTION('',(-0.,-0.,-1.));
#8911 = DIRECTION('',(-0.,-1.,0.));
#8912 = MANIFOLD_SOLID_BREP('',#8913);
#8913 = CLOSED_SHELL('',(#8914,#8947,#8967,#8987));
#8914 = ADVANCED_FACE('',(#8915),#8942,.T.);
#8915 = FACE_BOUND('',#8916,.F.);
#8916 = EDGE_LOOP('',(#8917,#8927,#8934,#8935));
#8917 = ORIENTED_EDGE('',*,*,#8918,.T.);
#8918 = EDGE_CURVE('',#8919,#8921,#8923,.T.);
#8919 = VERTEX_POINT('',#8920);
#8920 = CARTESIAN_POINT('',(110.1,-104.875,-3.5E-02));
#8921 = VERTEX_POINT('',#8922);
#8922 = CARTESIAN_POINT('',(110.1,-104.875,0.945));
#8923 = LINE('',#8924,#8925);
#8924 = CARTESIAN_POINT('',(110.1,-104.875,-3.5E-02));
#8925 = VECTOR('',#8926,1.);
#8926 = DIRECTION('',(0.,0.,1.));
#8927 = ORIENTED_EDGE('',*,*,#8928,.T.);
#8928 = EDGE_CURVE('',#8921,#8921,#8929,.T.);
#8929 = CIRCLE('',#8930,0.875);
#8930 = AXIS2_PLACEMENT_3D('',#8931,#8932,#8933);
#8931 = CARTESIAN_POINT('',(110.1,-104.,0.945));
#8932 = DIRECTION('',(0.,0.,1.));
#8933 = DIRECTION('',(-0.,-1.,0.));
#8934 = ORIENTED_EDGE('',*,*,#8918,.F.);
#8935 = ORIENTED_EDGE('',*,*,#8936,.F.);
#8936 = EDGE_CURVE('',#8919,#8919,#8937,.T.);
#8937 = CIRCLE('',#8938,0.875);
#8938 = AXIS2_PLACEMENT_3D('',#8939,#8940,#8941);
#8939 = CARTESIAN_POINT('',(110.1,-104.,-3.5E-02));
#8940 = DIRECTION('',(0.,0.,1.));
#8941 = DIRECTION('',(-0.,-1.,0.));
#8942 = CYLINDRICAL_SURFACE('',#8943,0.875);
#8943 = AXIS2_PLACEMENT_3D('',#8944,#8945,#8946);
#8944 = CARTESIAN_POINT('',(110.1,-104.,-3.5E-02));
#8945 = DIRECTION('',(-0.,-0.,-1.));
#8946 = DIRECTION('',(-0.,-1.,0.));
#8947 = ADVANCED_FACE('',(#8948,#8951),#8962,.F.);
#8948 = FACE_BOUND('',#8949,.F.);
#8949 = EDGE_LOOP('',(#8950));
#8950 = ORIENTED_EDGE('',*,*,#8936,.T.);
#8951 = FACE_BOUND('',#8952,.F.);
#8952 = EDGE_LOOP('',(#8953));
#8953 = ORIENTED_EDGE('',*,*,#8954,.T.);
#8954 = EDGE_CURVE('',#8955,#8955,#8957,.T.);
#8955 = VERTEX_POINT('',#8956);
#8956 = CARTESIAN_POINT('',(110.1,-104.85,-3.5E-02));
#8957 = CIRCLE('',#8958,0.85);
#8958 = AXIS2_PLACEMENT_3D('',#8959,#8960,#8961);
#8959 = CARTESIAN_POINT('',(110.1,-104.,-3.5E-02));
#8960 = DIRECTION('',(-0.,0.,-1.));
#8961 = DIRECTION('',(-0.,-1.,0.));
#8962 = PLANE('',#8963);
#8963 = AXIS2_PLACEMENT_3D('',#8964,#8965,#8966);
#8964 = CARTESIAN_POINT('',(110.1,-104.875,-3.5E-02));
#8965 = DIRECTION('',(0.,0.,1.));
#8966 = DIRECTION('',(1.,0.,-0.));
#8967 = ADVANCED_FACE('',(#8968,#8971),#8982,.T.);
#8968 = FACE_BOUND('',#8969,.T.);
#8969 = EDGE_LOOP('',(#8970));
#8970 = ORIENTED_EDGE('',*,*,#8928,.T.);
#8971 = FACE_BOUND('',#8972,.T.);
#8972 = EDGE_LOOP('',(#8973));
#8973 = ORIENTED_EDGE('',*,*,#8974,.T.);
#8974 = EDGE_CURVE('',#8975,#8975,#8977,.T.);
#8975 = VERTEX_POINT('',#8976);
#8976 = CARTESIAN_POINT('',(110.1,-104.85,0.945));
#8977 = CIRCLE('',#8978,0.85);
#8978 = AXIS2_PLACEMENT_3D('',#8979,#8980,#8981);
#8979 = CARTESIAN_POINT('',(110.1,-104.,0.945));
#8980 = DIRECTION('',(-0.,0.,-1.));
#8981 = DIRECTION('',(-0.,-1.,0.));
#8982 = PLANE('',#8983);
#8983 = AXIS2_PLACEMENT_3D('',#8984,#8985,#8986);
#8984 = CARTESIAN_POINT('',(110.1,-104.875,0.945));
#8985 = DIRECTION('',(0.,0.,1.));
#8986 = DIRECTION('',(1.,0.,-0.));
#8987 = ADVANCED_FACE('',(#8988),#8999,.F.);
#8988 = FACE_BOUND('',#8989,.T.);
#8989 = EDGE_LOOP('',(#8990,#8991,#8997,#8998));
#8990 = ORIENTED_EDGE('',*,*,#8954,.T.);
#8991 = ORIENTED_EDGE('',*,*,#8992,.T.);
#8992 = EDGE_CURVE('',#8955,#8975,#8993,.T.);
#8993 = LINE('',#8994,#8995);
#8994 = CARTESIAN_POINT('',(110.1,-104.85,-4.6E-02));
#8995 = VECTOR('',#8996,1.);
#8996 = DIRECTION('',(0.,0.,1.));
#8997 = ORIENTED_EDGE('',*,*,#8974,.F.);
#8998 = ORIENTED_EDGE('',*,*,#8992,.F.);
#8999 = CYLINDRICAL_SURFACE('',#9000,0.85);
#9000 = AXIS2_PLACEMENT_3D('',#9001,#9002,#9003);
#9001 = CARTESIAN_POINT('',(110.1,-104.,-4.6E-02));
#9002 = DIRECTION('',(-0.,-0.,-1.));
#9003 = DIRECTION('',(-0.,-1.,0.));
#9004 = MANIFOLD_SOLID_BREP('',#9005);
#9005 = CLOSED_SHELL('',(#9006,#9039,#9059,#9079));
#9006 = ADVANCED_FACE('',(#9007),#9034,.T.);
#9007 = FACE_BOUND('',#9008,.F.);
#9008 = EDGE_LOOP('',(#9009,#9019,#9026,#9027));
#9009 = ORIENTED_EDGE('',*,*,#9010,.T.);
#9010 = EDGE_CURVE('',#9011,#9013,#9015,.T.);
#9011 = VERTEX_POINT('',#9012);
#9012 = CARTESIAN_POINT('',(114.2,-106.,0.91));
#9013 = VERTEX_POINT('',#9014);
#9014 = CARTESIAN_POINT('',(114.2,-106.,0.95));
#9015 = LINE('',#9016,#9017);
#9016 = CARTESIAN_POINT('',(114.2,-106.,0.91));
#9017 = VECTOR('',#9018,1.);
#9018 = DIRECTION('',(0.,0.,1.));
#9019 = ORIENTED_EDGE('',*,*,#9020,.T.);
#9020 = EDGE_CURVE('',#9013,#9013,#9021,.T.);
#9021 = CIRCLE('',#9022,1.3);
#9022 = AXIS2_PLACEMENT_3D('',#9023,#9024,#9025);
#9023 = CARTESIAN_POINT('',(112.9,-106.,0.95));
#9024 = DIRECTION('',(0.,0.,1.));
#9025 = DIRECTION('',(1.,0.,-0.));
#9026 = ORIENTED_EDGE('',*,*,#9010,.F.);
#9027 = ORIENTED_EDGE('',*,*,#9028,.F.);
#9028 = EDGE_CURVE('',#9011,#9011,#9029,.T.);
#9029 = CIRCLE('',#9030,1.3);
#9030 = AXIS2_PLACEMENT_3D('',#9031,#9032,#9033);
#9031 = CARTESIAN_POINT('',(112.9,-106.,0.91));
#9032 = DIRECTION('',(0.,0.,1.));
#9033 = DIRECTION('',(1.,0.,-0.));
#9034 = CYLINDRICAL_SURFACE('',#9035,1.3);
#9035 = AXIS2_PLACEMENT_3D('',#9036,#9037,#9038);
#9036 = CARTESIAN_POINT('',(112.9,-106.,0.91));
#9037 = DIRECTION('',(-0.,-0.,-1.));
#9038 = DIRECTION('',(1.,0.,-0.));
#9039 = ADVANCED_FACE('',(#9040,#9043),#9054,.F.);
#9040 = FACE_BOUND('',#9041,.F.);
#9041 = EDGE_LOOP('',(#9042));
#9042 = ORIENTED_EDGE('',*,*,#9028,.T.);
#9043 = FACE_BOUND('',#9044,.F.);
#9044 = EDGE_LOOP('',(#9045));
#9045 = ORIENTED_EDGE('',*,*,#9046,.T.);
#9046 = EDGE_CURVE('',#9047,#9047,#9049,.T.);
#9047 = VERTEX_POINT('',#9048);
#9048 = CARTESIAN_POINT('',(112.9,-106.85,0.91));
#9049 = CIRCLE('',#9050,0.85);
#9050 = AXIS2_PLACEMENT_3D('',#9051,#9052,#9053);
#9051 = CARTESIAN_POINT('',(112.9,-106.,0.91));
#9052 = DIRECTION('',(-0.,0.,-1.));
#9053 = DIRECTION('',(-0.,-1.,0.));
#9054 = PLANE('',#9055);
#9055 = AXIS2_PLACEMENT_3D('',#9056,#9057,#9058);
#9056 = CARTESIAN_POINT('',(0.,0.,0.91));
#9057 = DIRECTION('',(0.,0.,1.));
#9058 = DIRECTION('',(1.,0.,-0.));
#9059 = ADVANCED_FACE('',(#9060,#9063),#9074,.T.);
#9060 = FACE_BOUND('',#9061,.T.);
#9061 = EDGE_LOOP('',(#9062));
#9062 = ORIENTED_EDGE('',*,*,#9020,.T.);
#9063 = FACE_BOUND('',#9064,.T.);
#9064 = EDGE_LOOP('',(#9065));
#9065 = ORIENTED_EDGE('',*,*,#9066,.T.);
#9066 = EDGE_CURVE('',#9067,#9067,#9069,.T.);
#9067 = VERTEX_POINT('',#9068);
#9068 = CARTESIAN_POINT('',(112.9,-106.85,0.95));
#9069 = CIRCLE('',#9070,0.85);
#9070 = AXIS2_PLACEMENT_3D('',#9071,#9072,#9073);
#9071 = CARTESIAN_POINT('',(112.9,-106.,0.95));
#9072 = DIRECTION('',(-0.,0.,-1.));
#9073 = DIRECTION('',(-0.,-1.,0.));
#9074 = PLANE('',#9075);
#9075 = AXIS2_PLACEMENT_3D('',#9076,#9077,#9078);
#9076 = CARTESIAN_POINT('',(0.,0.,0.95));
#9077 = DIRECTION('',(0.,0.,1.));
#9078 = DIRECTION('',(1.,0.,-0.));
#9079 = ADVANCED_FACE('',(#9080),#9091,.F.);
#9080 = FACE_BOUND('',#9081,.T.);
#9081 = EDGE_LOOP('',(#9082,#9083,#9089,#9090));
#9082 = ORIENTED_EDGE('',*,*,#9046,.T.);
#9083 = ORIENTED_EDGE('',*,*,#9084,.T.);
#9084 = EDGE_CURVE('',#9047,#9067,#9085,.T.);
#9085 = LINE('',#9086,#9087);
#9086 = CARTESIAN_POINT('',(112.9,-106.85,-4.6E-02));
#9087 = VECTOR('',#9088,1.);
#9088 = DIRECTION('',(0.,0.,1.));
#9089 = ORIENTED_EDGE('',*,*,#9066,.F.);
#9090 = ORIENTED_EDGE('',*,*,#9084,.F.);
#9091 = CYLINDRICAL_SURFACE('',#9092,0.85);
#9092 = AXIS2_PLACEMENT_3D('',#9093,#9094,#9095);
#9093 = CARTESIAN_POINT('',(112.9,-106.,-4.6E-02));
#9094 = DIRECTION('',(-0.,-0.,-1.));
#9095 = DIRECTION('',(-0.,-1.,0.));
#9096 = MANIFOLD_SOLID_BREP('',#9097);
#9097 = CLOSED_SHELL('',(#9098,#9131,#9151,#9171));
#9098 = ADVANCED_FACE('',(#9099),#9126,.T.);
#9099 = FACE_BOUND('',#9100,.T.);
#9100 = EDGE_LOOP('',(#9101,#9111,#9118,#9119));
#9101 = ORIENTED_EDGE('',*,*,#9102,.T.);
#9102 = EDGE_CURVE('',#9103,#9105,#9107,.T.);
#9103 = VERTEX_POINT('',#9104);
#9104 = CARTESIAN_POINT('',(114.2,-106.,0.));
#9105 = VERTEX_POINT('',#9106);
#9106 = CARTESIAN_POINT('',(114.2,-106.,-4.E-02));
#9107 = LINE('',#9108,#9109);
#9108 = CARTESIAN_POINT('',(114.2,-106.,0.));
#9109 = VECTOR('',#9110,1.);
#9110 = DIRECTION('',(0.,0.,-1.));
#9111 = ORIENTED_EDGE('',*,*,#9112,.T.);
#9112 = EDGE_CURVE('',#9105,#9105,#9113,.T.);
#9113 = CIRCLE('',#9114,1.3);
#9114 = AXIS2_PLACEMENT_3D('',#9115,#9116,#9117);
#9115 = CARTESIAN_POINT('',(112.9,-106.,-4.E-02));
#9116 = DIRECTION('',(0.,0.,1.));
#9117 = DIRECTION('',(1.,0.,-0.));
#9118 = ORIENTED_EDGE('',*,*,#9102,.F.);
#9119 = ORIENTED_EDGE('',*,*,#9120,.F.);
#9120 = EDGE_CURVE('',#9103,#9103,#9121,.T.);
#9121 = CIRCLE('',#9122,1.3);
#9122 = AXIS2_PLACEMENT_3D('',#9123,#9124,#9125);
#9123 = CARTESIAN_POINT('',(112.9,-106.,0.));
#9124 = DIRECTION('',(0.,0.,1.));
#9125 = DIRECTION('',(1.,0.,-0.));
#9126 = CYLINDRICAL_SURFACE('',#9127,1.3);
#9127 = AXIS2_PLACEMENT_3D('',#9128,#9129,#9130);
#9128 = CARTESIAN_POINT('',(112.9,-106.,0.));
#9129 = DIRECTION('',(0.,0.,1.));
#9130 = DIRECTION('',(1.,0.,-0.));
#9131 = ADVANCED_FACE('',(#9132,#9135),#9146,.F.);
#9132 = FACE_BOUND('',#9133,.F.);
#9133 = EDGE_LOOP('',(#9134));
#9134 = ORIENTED_EDGE('',*,*,#9120,.F.);
#9135 = FACE_BOUND('',#9136,.F.);
#9136 = EDGE_LOOP('',(#9137));
#9137 = ORIENTED_EDGE('',*,*,#9138,.F.);
#9138 = EDGE_CURVE('',#9139,#9139,#9141,.T.);
#9139 = VERTEX_POINT('',#9140);
#9140 = CARTESIAN_POINT('',(112.9,-106.85,0.));
#9141 = CIRCLE('',#9142,0.85);
#9142 = AXIS2_PLACEMENT_3D('',#9143,#9144,#9145);
#9143 = CARTESIAN_POINT('',(112.9,-106.,0.));
#9144 = DIRECTION('',(-0.,0.,-1.));
#9145 = DIRECTION('',(-0.,-1.,0.));
#9146 = PLANE('',#9147);
#9147 = AXIS2_PLACEMENT_3D('',#9148,#9149,#9150);
#9148 = CARTESIAN_POINT('',(0.,0.,0.));
#9149 = DIRECTION('',(-0.,-0.,-1.));
#9150 = DIRECTION('',(-1.,0.,0.));
#9151 = ADVANCED_FACE('',(#9152,#9155),#9166,.T.);
#9152 = FACE_BOUND('',#9153,.T.);
#9153 = EDGE_LOOP('',(#9154));
#9154 = ORIENTED_EDGE('',*,*,#9112,.F.);
#9155 = FACE_BOUND('',#9156,.T.);
#9156 = EDGE_LOOP('',(#9157));
#9157 = ORIENTED_EDGE('',*,*,#9158,.F.);
#9158 = EDGE_CURVE('',#9159,#9159,#9161,.T.);
#9159 = VERTEX_POINT('',#9160);
#9160 = CARTESIAN_POINT('',(112.9,-106.85,-4.E-02));
#9161 = CIRCLE('',#9162,0.85);
#9162 = AXIS2_PLACEMENT_3D('',#9163,#9164,#9165);
#9163 = CARTESIAN_POINT('',(112.9,-106.,-4.E-02));
#9164 = DIRECTION('',(-0.,0.,-1.));
#9165 = DIRECTION('',(-0.,-1.,0.));
#9166 = PLANE('',#9167);
#9167 = AXIS2_PLACEMENT_3D('',#9168,#9169,#9170);
#9168 = CARTESIAN_POINT('',(0.,0.,-4.E-02));
#9169 = DIRECTION('',(-0.,-0.,-1.));
#9170 = DIRECTION('',(-1.,0.,0.));
#9171 = ADVANCED_FACE('',(#9172),#9183,.F.);
#9172 = FACE_BOUND('',#9173,.T.);
#9173 = EDGE_LOOP('',(#9174,#9175,#9181,#9182));
#9174 = ORIENTED_EDGE('',*,*,#9158,.T.);
#9175 = ORIENTED_EDGE('',*,*,#9176,.T.);
#9176 = EDGE_CURVE('',#9159,#9139,#9177,.T.);
#9177 = LINE('',#9178,#9179);
#9178 = CARTESIAN_POINT('',(112.9,-106.85,-4.6E-02));
#9179 = VECTOR('',#9180,1.);
#9180 = DIRECTION('',(0.,0.,1.));
#9181 = ORIENTED_EDGE('',*,*,#9138,.F.);
#9182 = ORIENTED_EDGE('',*,*,#9176,.F.);
#9183 = CYLINDRICAL_SURFACE('',#9184,0.85);
#9184 = AXIS2_PLACEMENT_3D('',#9185,#9186,#9187);
#9185 = CARTESIAN_POINT('',(112.9,-106.,-4.6E-02));
#9186 = DIRECTION('',(-0.,-0.,-1.));
#9187 = DIRECTION('',(-0.,-1.,0.));
#9188 = MANIFOLD_SOLID_BREP('',#9189);
#9189 = CLOSED_SHELL('',(#9190,#9223,#9243,#9263));
#9190 = ADVANCED_FACE('',(#9191),#9218,.T.);
#9191 = FACE_BOUND('',#9192,.F.);
#9192 = EDGE_LOOP('',(#9193,#9203,#9210,#9211));
#9193 = ORIENTED_EDGE('',*,*,#9194,.T.);
#9194 = EDGE_CURVE('',#9195,#9197,#9199,.T.);
#9195 = VERTEX_POINT('',#9196);
#9196 = CARTESIAN_POINT('',(112.9,-106.875,-3.5E-02));
#9197 = VERTEX_POINT('',#9198);
#9198 = CARTESIAN_POINT('',(112.9,-106.875,0.945));
#9199 = LINE('',#9200,#9201);
#9200 = CARTESIAN_POINT('',(112.9,-106.875,-3.5E-02));
#9201 = VECTOR('',#9202,1.);
#9202 = DIRECTION('',(0.,0.,1.));
#9203 = ORIENTED_EDGE('',*,*,#9204,.T.);
#9204 = EDGE_CURVE('',#9197,#9197,#9205,.T.);
#9205 = CIRCLE('',#9206,0.875);
#9206 = AXIS2_PLACEMENT_3D('',#9207,#9208,#9209);
#9207 = CARTESIAN_POINT('',(112.9,-106.,0.945));
#9208 = DIRECTION('',(0.,0.,1.));
#9209 = DIRECTION('',(-0.,-1.,0.));
#9210 = ORIENTED_EDGE('',*,*,#9194,.F.);
#9211 = ORIENTED_EDGE('',*,*,#9212,.F.);
#9212 = EDGE_CURVE('',#9195,#9195,#9213,.T.);
#9213 = CIRCLE('',#9214,0.875);
#9214 = AXIS2_PLACEMENT_3D('',#9215,#9216,#9217);
#9215 = CARTESIAN_POINT('',(112.9,-106.,-3.5E-02));
#9216 = DIRECTION('',(0.,0.,1.));
#9217 = DIRECTION('',(-0.,-1.,0.));
#9218 = CYLINDRICAL_SURFACE('',#9219,0.875);
#9219 = AXIS2_PLACEMENT_3D('',#9220,#9221,#9222);
#9220 = CARTESIAN_POINT('',(112.9,-106.,-3.5E-02));
#9221 = DIRECTION('',(-0.,-0.,-1.));
#9222 = DIRECTION('',(-0.,-1.,0.));
#9223 = ADVANCED_FACE('',(#9224,#9227),#9238,.F.);
#9224 = FACE_BOUND('',#9225,.F.);
#9225 = EDGE_LOOP('',(#9226));
#9226 = ORIENTED_EDGE('',*,*,#9212,.T.);
#9227 = FACE_BOUND('',#9228,.F.);
#9228 = EDGE_LOOP('',(#9229));
#9229 = ORIENTED_EDGE('',*,*,#9230,.T.);
#9230 = EDGE_CURVE('',#9231,#9231,#9233,.T.);
#9231 = VERTEX_POINT('',#9232);
#9232 = CARTESIAN_POINT('',(112.9,-106.85,-3.5E-02));
#9233 = CIRCLE('',#9234,0.85);
#9234 = AXIS2_PLACEMENT_3D('',#9235,#9236,#9237);
#9235 = CARTESIAN_POINT('',(112.9,-106.,-3.5E-02));
#9236 = DIRECTION('',(-0.,0.,-1.));
#9237 = DIRECTION('',(-0.,-1.,0.));
#9238 = PLANE('',#9239);
#9239 = AXIS2_PLACEMENT_3D('',#9240,#9241,#9242);
#9240 = CARTESIAN_POINT('',(112.9,-106.875,-3.5E-02));
#9241 = DIRECTION('',(0.,0.,1.));
#9242 = DIRECTION('',(1.,0.,-0.));
#9243 = ADVANCED_FACE('',(#9244,#9247),#9258,.T.);
#9244 = FACE_BOUND('',#9245,.T.);
#9245 = EDGE_LOOP('',(#9246));
#9246 = ORIENTED_EDGE('',*,*,#9204,.T.);
#9247 = FACE_BOUND('',#9248,.T.);
#9248 = EDGE_LOOP('',(#9249));
#9249 = ORIENTED_EDGE('',*,*,#9250,.T.);
#9250 = EDGE_CURVE('',#9251,#9251,#9253,.T.);
#9251 = VERTEX_POINT('',#9252);
#9252 = CARTESIAN_POINT('',(112.9,-106.85,0.945));
#9253 = CIRCLE('',#9254,0.85);
#9254 = AXIS2_PLACEMENT_3D('',#9255,#9256,#9257);
#9255 = CARTESIAN_POINT('',(112.9,-106.,0.945));
#9256 = DIRECTION('',(-0.,0.,-1.));
#9257 = DIRECTION('',(-0.,-1.,0.));
#9258 = PLANE('',#9259);
#9259 = AXIS2_PLACEMENT_3D('',#9260,#9261,#9262);
#9260 = CARTESIAN_POINT('',(112.9,-106.875,0.945));
#9261 = DIRECTION('',(0.,0.,1.));
#9262 = DIRECTION('',(1.,0.,-0.));
#9263 = ADVANCED_FACE('',(#9264),#9275,.F.);
#9264 = FACE_BOUND('',#9265,.T.);
#9265 = EDGE_LOOP('',(#9266,#9267,#9273,#9274));
#9266 = ORIENTED_EDGE('',*,*,#9230,.T.);
#9267 = ORIENTED_EDGE('',*,*,#9268,.T.);
#9268 = EDGE_CURVE('',#9231,#9251,#9269,.T.);
#9269 = LINE('',#9270,#9271);
#9270 = CARTESIAN_POINT('',(112.9,-106.85,-4.6E-02));
#9271 = VECTOR('',#9272,1.);
#9272 = DIRECTION('',(0.,0.,1.));
#9273 = ORIENTED_EDGE('',*,*,#9250,.F.);
#9274 = ORIENTED_EDGE('',*,*,#9268,.F.);
#9275 = CYLINDRICAL_SURFACE('',#9276,0.85);
#9276 = AXIS2_PLACEMENT_3D('',#9277,#9278,#9279);
#9277 = CARTESIAN_POINT('',(112.9,-106.,-4.6E-02));
#9278 = DIRECTION('',(-0.,-0.,-1.));
#9279 = DIRECTION('',(-0.,-1.,0.));
#9280 = MANIFOLD_SOLID_BREP('',#9281);
#9281 = CLOSED_SHELL('',(#9282,#9324,#9355,#9388,#9419,#9452,#9483,#9516
    ,#9538,#9554));
#9282 = ADVANCED_FACE('',(#9283),#9319,.T.);
#9283 = FACE_BOUND('',#9284,.T.);
#9284 = EDGE_LOOP('',(#9285,#9295,#9304,#9312));
#9285 = ORIENTED_EDGE('',*,*,#9286,.T.);
#9286 = EDGE_CURVE('',#9287,#9289,#9291,.T.);
#9287 = VERTEX_POINT('',#9288);
#9288 = CARTESIAN_POINT('',(105.88,-101.0975,0.91));
#9289 = VERTEX_POINT('',#9290);
#9290 = CARTESIAN_POINT('',(105.88,-101.0975,0.95));
#9291 = LINE('',#9292,#9293);
#9292 = CARTESIAN_POINT('',(105.88,-101.0975,0.91));
#9293 = VECTOR('',#9294,1.);
#9294 = DIRECTION('',(0.,0.,1.));
#9295 = ORIENTED_EDGE('',*,*,#9296,.T.);
#9296 = EDGE_CURVE('',#9289,#9297,#9299,.T.);
#9297 = VERTEX_POINT('',#9298);
#9298 = CARTESIAN_POINT('',(106.13,-100.8475,0.95));
#9299 = CIRCLE('',#9300,0.249998959685);
#9300 = AXIS2_PLACEMENT_3D('',#9301,#9302,#9303);
#9301 = CARTESIAN_POINT('',(106.12999895968,-101.0974989596,0.95));
#9302 = DIRECTION('',(0.,0.,-1.));
#9303 = DIRECTION('',(-0.999999999991,-4.16128589391E-06,-0.));
#9304 = ORIENTED_EDGE('',*,*,#9305,.F.);
#9305 = EDGE_CURVE('',#9306,#9297,#9308,.T.);
#9306 = VERTEX_POINT('',#9307);
#9307 = CARTESIAN_POINT('',(106.13,-100.8475,0.91));
#9308 = LINE('',#9309,#9310);
#9309 = CARTESIAN_POINT('',(106.13,-100.8475,0.91));
#9310 = VECTOR('',#9311,1.);
#9311 = DIRECTION('',(0.,0.,1.));
#9312 = ORIENTED_EDGE('',*,*,#9313,.F.);
#9313 = EDGE_CURVE('',#9287,#9306,#9314,.T.);
#9314 = CIRCLE('',#9315,0.249998959685);
#9315 = AXIS2_PLACEMENT_3D('',#9316,#9317,#9318);
#9316 = CARTESIAN_POINT('',(106.12999895968,-101.0974989596,0.91));
#9317 = DIRECTION('',(0.,0.,-1.));
#9318 = DIRECTION('',(-0.999999999991,-4.16128589391E-06,-0.));
#9319 = CYLINDRICAL_SURFACE('',#9320,0.249998959685);
#9320 = AXIS2_PLACEMENT_3D('',#9321,#9322,#9323);
#9321 = CARTESIAN_POINT('',(106.12999895968,-101.0974989596,0.91));
#9322 = DIRECTION('',(0.,0.,-1.));
#9323 = DIRECTION('',(-0.999999999991,-4.16128589391E-06,-0.));
#9324 = ADVANCED_FACE('',(#9325),#9350,.T.);
#9325 = FACE_BOUND('',#9326,.T.);
#9326 = EDGE_LOOP('',(#9327,#9328,#9336,#9344));
#9327 = ORIENTED_EDGE('',*,*,#9305,.T.);
#9328 = ORIENTED_EDGE('',*,*,#9329,.T.);
#9329 = EDGE_CURVE('',#9297,#9330,#9332,.T.);
#9330 = VERTEX_POINT('',#9331);
#9331 = CARTESIAN_POINT('',(106.73,-100.8475,0.95));
#9332 = LINE('',#9333,#9334);
#9333 = CARTESIAN_POINT('',(106.13,-100.8475,0.95));
#9334 = VECTOR('',#9335,1.);
#9335 = DIRECTION('',(1.,0.,0.));
#9336 = ORIENTED_EDGE('',*,*,#9337,.F.);
#9337 = EDGE_CURVE('',#9338,#9330,#9340,.T.);
#9338 = VERTEX_POINT('',#9339);
#9339 = CARTESIAN_POINT('',(106.73,-100.8475,0.91));
#9340 = LINE('',#9341,#9342);
#9341 = CARTESIAN_POINT('',(106.73,-100.8475,0.91));
#9342 = VECTOR('',#9343,1.);
#9343 = DIRECTION('',(0.,0.,1.));
#9344 = ORIENTED_EDGE('',*,*,#9345,.F.);
#9345 = EDGE_CURVE('',#9306,#9338,#9346,.T.);
#9346 = LINE('',#9347,#9348);
#9347 = CARTESIAN_POINT('',(106.13,-100.8475,0.91));
#9348 = VECTOR('',#9349,1.);
#9349 = DIRECTION('',(1.,0.,0.));
#9350 = PLANE('',#9351);
#9351 = AXIS2_PLACEMENT_3D('',#9352,#9353,#9354);
#9352 = CARTESIAN_POINT('',(106.13,-100.8475,0.91));
#9353 = DIRECTION('',(0.,1.,0.));
#9354 = DIRECTION('',(1.,0.,0.));
#9355 = ADVANCED_FACE('',(#9356),#9383,.T.);
#9356 = FACE_BOUND('',#9357,.T.);
#9357 = EDGE_LOOP('',(#9358,#9359,#9368,#9376));
#9358 = ORIENTED_EDGE('',*,*,#9337,.T.);
#9359 = ORIENTED_EDGE('',*,*,#9360,.T.);
#9360 = EDGE_CURVE('',#9330,#9361,#9363,.T.);
#9361 = VERTEX_POINT('',#9362);
#9362 = CARTESIAN_POINT('',(106.98,-101.0975,0.95));
#9363 = CIRCLE('',#9364,0.249998959685);
#9364 = AXIS2_PLACEMENT_3D('',#9365,#9366,#9367);
#9365 = CARTESIAN_POINT('',(106.73000104031,-101.0974989596,0.95));
#9366 = DIRECTION('',(0.,0.,-1.));
#9367 = DIRECTION('',(-4.161285837067E-06,0.999999999991,0.));
#9368 = ORIENTED_EDGE('',*,*,#9369,.F.);
#9369 = EDGE_CURVE('',#9370,#9361,#9372,.T.);
#9370 = VERTEX_POINT('',#9371);
#9371 = CARTESIAN_POINT('',(106.98,-101.0975,0.91));
#9372 = LINE('',#9373,#9374);
#9373 = CARTESIAN_POINT('',(106.98,-101.0975,0.91));
#9374 = VECTOR('',#9375,1.);
#9375 = DIRECTION('',(0.,0.,1.));
#9376 = ORIENTED_EDGE('',*,*,#9377,.F.);
#9377 = EDGE_CURVE('',#9338,#9370,#9378,.T.);
#9378 = CIRCLE('',#9379,0.249998959685);
#9379 = AXIS2_PLACEMENT_3D('',#9380,#9381,#9382);
#9380 = CARTESIAN_POINT('',(106.73000104031,-101.0974989596,0.91));
#9381 = DIRECTION('',(0.,0.,-1.));
#9382 = DIRECTION('',(-4.161285837067E-06,0.999999999991,0.));
#9383 = CYLINDRICAL_SURFACE('',#9384,0.249998959685);
#9384 = AXIS2_PLACEMENT_3D('',#9385,#9386,#9387);
#9385 = CARTESIAN_POINT('',(106.73000104031,-101.0974989596,0.91));
#9386 = DIRECTION('',(0.,0.,-1.));
#9387 = DIRECTION('',(-4.161285837067E-06,0.999999999991,0.));
#9388 = ADVANCED_FACE('',(#9389),#9414,.T.);
#9389 = FACE_BOUND('',#9390,.T.);
#9390 = EDGE_LOOP('',(#9391,#9392,#9400,#9408));
#9391 = ORIENTED_EDGE('',*,*,#9369,.T.);
#9392 = ORIENTED_EDGE('',*,*,#9393,.T.);
#9393 = EDGE_CURVE('',#9361,#9394,#9396,.T.);
#9394 = VERTEX_POINT('',#9395);
#9395 = CARTESIAN_POINT('',(106.98,-101.6975,0.95));
#9396 = LINE('',#9397,#9398);
#9397 = CARTESIAN_POINT('',(106.98,-101.0975,0.95));
#9398 = VECTOR('',#9399,1.);
#9399 = DIRECTION('',(0.,-1.,0.));
#9400 = ORIENTED_EDGE('',*,*,#9401,.F.);
#9401 = EDGE_CURVE('',#9402,#9394,#9404,.T.);
#9402 = VERTEX_POINT('',#9403);
#9403 = CARTESIAN_POINT('',(106.98,-101.6975,0.91));
#9404 = LINE('',#9405,#9406);
#9405 = CARTESIAN_POINT('',(106.98,-101.6975,0.91));
#9406 = VECTOR('',#9407,1.);
#9407 = DIRECTION('',(0.,0.,1.));
#9408 = ORIENTED_EDGE('',*,*,#9409,.F.);
#9409 = EDGE_CURVE('',#9370,#9402,#9410,.T.);
#9410 = LINE('',#9411,#9412);
#9411 = CARTESIAN_POINT('',(106.98,-101.0975,0.91));
#9412 = VECTOR('',#9413,1.);
#9413 = DIRECTION('',(0.,-1.,0.));
#9414 = PLANE('',#9415);
#9415 = AXIS2_PLACEMENT_3D('',#9416,#9417,#9418);
#9416 = CARTESIAN_POINT('',(106.98,-101.0975,0.91));
#9417 = DIRECTION('',(1.,0.,-0.));
#9418 = DIRECTION('',(0.,-1.,0.));
#9419 = ADVANCED_FACE('',(#9420),#9447,.T.);
#9420 = FACE_BOUND('',#9421,.T.);
#9421 = EDGE_LOOP('',(#9422,#9423,#9432,#9440));
#9422 = ORIENTED_EDGE('',*,*,#9401,.T.);
#9423 = ORIENTED_EDGE('',*,*,#9424,.T.);
#9424 = EDGE_CURVE('',#9394,#9425,#9427,.T.);
#9425 = VERTEX_POINT('',#9426);
#9426 = CARTESIAN_POINT('',(106.73,-101.9475,0.95));
#9427 = CIRCLE('',#9428,0.249998959685);
#9428 = AXIS2_PLACEMENT_3D('',#9429,#9430,#9431);
#9429 = CARTESIAN_POINT('',(106.73000104031,-101.6975010403,0.95));
#9430 = DIRECTION('',(0.,0.,-1.));
#9431 = DIRECTION('',(0.999999999991,4.161285837066E-06,0.));
#9432 = ORIENTED_EDGE('',*,*,#9433,.F.);
#9433 = EDGE_CURVE('',#9434,#9425,#9436,.T.);
#9434 = VERTEX_POINT('',#9435);
#9435 = CARTESIAN_POINT('',(106.73,-101.9475,0.91));
#9436 = LINE('',#9437,#9438);
#9437 = CARTESIAN_POINT('',(106.73,-101.9475,0.91));
#9438 = VECTOR('',#9439,1.);
#9439 = DIRECTION('',(0.,0.,1.));
#9440 = ORIENTED_EDGE('',*,*,#9441,.F.);
#9441 = EDGE_CURVE('',#9402,#9434,#9442,.T.);
#9442 = CIRCLE('',#9443,0.249998959685);
#9443 = AXIS2_PLACEMENT_3D('',#9444,#9445,#9446);
#9444 = CARTESIAN_POINT('',(106.73000104031,-101.6975010403,0.91));
#9445 = DIRECTION('',(0.,0.,-1.));
#9446 = DIRECTION('',(0.999999999991,4.161285837066E-06,0.));
#9447 = CYLINDRICAL_SURFACE('',#9448,0.249998959685);
#9448 = AXIS2_PLACEMENT_3D('',#9449,#9450,#9451);
#9449 = CARTESIAN_POINT('',(106.73000104031,-101.6975010403,0.91));
#9450 = DIRECTION('',(0.,0.,-1.));
#9451 = DIRECTION('',(0.999999999991,4.161285837066E-06,0.));
#9452 = ADVANCED_FACE('',(#9453),#9478,.T.);
#9453 = FACE_BOUND('',#9454,.T.);
#9454 = EDGE_LOOP('',(#9455,#9456,#9464,#9472));
#9455 = ORIENTED_EDGE('',*,*,#9433,.T.);
#9456 = ORIENTED_EDGE('',*,*,#9457,.T.);
#9457 = EDGE_CURVE('',#9425,#9458,#9460,.T.);
#9458 = VERTEX_POINT('',#9459);
#9459 = CARTESIAN_POINT('',(106.13,-101.9475,0.95));
#9460 = LINE('',#9461,#9462);
#9461 = CARTESIAN_POINT('',(106.73,-101.9475,0.95));
#9462 = VECTOR('',#9463,1.);
#9463 = DIRECTION('',(-1.,0.,0.));
#9464 = ORIENTED_EDGE('',*,*,#9465,.F.);
#9465 = EDGE_CURVE('',#9466,#9458,#9468,.T.);
#9466 = VERTEX_POINT('',#9467);
#9467 = CARTESIAN_POINT('',(106.13,-101.9475,0.91));
#9468 = LINE('',#9469,#9470);
#9469 = CARTESIAN_POINT('',(106.13,-101.9475,0.91));
#9470 = VECTOR('',#9471,1.);
#9471 = DIRECTION('',(0.,0.,1.));
#9472 = ORIENTED_EDGE('',*,*,#9473,.F.);
#9473 = EDGE_CURVE('',#9434,#9466,#9474,.T.);
#9474 = LINE('',#9475,#9476);
#9475 = CARTESIAN_POINT('',(106.73,-101.9475,0.91));
#9476 = VECTOR('',#9477,1.);
#9477 = DIRECTION('',(-1.,0.,0.));
#9478 = PLANE('',#9479);
#9479 = AXIS2_PLACEMENT_3D('',#9480,#9481,#9482);
#9480 = CARTESIAN_POINT('',(106.73,-101.9475,0.91));
#9481 = DIRECTION('',(0.,-1.,0.));
#9482 = DIRECTION('',(-1.,0.,0.));
#9483 = ADVANCED_FACE('',(#9484),#9511,.T.);
#9484 = FACE_BOUND('',#9485,.T.);
#9485 = EDGE_LOOP('',(#9486,#9487,#9496,#9504));
#9486 = ORIENTED_EDGE('',*,*,#9465,.T.);
#9487 = ORIENTED_EDGE('',*,*,#9488,.T.);
#9488 = EDGE_CURVE('',#9458,#9489,#9491,.T.);
#9489 = VERTEX_POINT('',#9490);
#9490 = CARTESIAN_POINT('',(105.88,-101.6975,0.95));
#9491 = CIRCLE('',#9492,0.249998959685);
#9492 = AXIS2_PLACEMENT_3D('',#9493,#9494,#9495);
#9493 = CARTESIAN_POINT('',(106.12999895968,-101.6975010403,0.95));
#9494 = DIRECTION('',(0.,0.,-1.));
#9495 = DIRECTION('',(4.16128589391E-06,-0.999999999991,0.));
#9496 = ORIENTED_EDGE('',*,*,#9497,.F.);
#9497 = EDGE_CURVE('',#9498,#9489,#9500,.T.);
#9498 = VERTEX_POINT('',#9499);
#9499 = CARTESIAN_POINT('',(105.88,-101.6975,0.91));
#9500 = LINE('',#9501,#9502);
#9501 = CARTESIAN_POINT('',(105.88,-101.6975,0.91));
#9502 = VECTOR('',#9503,1.);
#9503 = DIRECTION('',(0.,0.,1.));
#9504 = ORIENTED_EDGE('',*,*,#9505,.F.);
#9505 = EDGE_CURVE('',#9466,#9498,#9506,.T.);
#9506 = CIRCLE('',#9507,0.249998959685);
#9507 = AXIS2_PLACEMENT_3D('',#9508,#9509,#9510);
#9508 = CARTESIAN_POINT('',(106.12999895968,-101.6975010403,0.91));
#9509 = DIRECTION('',(0.,0.,-1.));
#9510 = DIRECTION('',(4.16128589391E-06,-0.999999999991,0.));
#9511 = CYLINDRICAL_SURFACE('',#9512,0.249998959685);
#9512 = AXIS2_PLACEMENT_3D('',#9513,#9514,#9515);
#9513 = CARTESIAN_POINT('',(106.12999895968,-101.6975010403,0.91));
#9514 = DIRECTION('',(0.,0.,-1.));
#9515 = DIRECTION('',(4.16128589391E-06,-0.999999999991,0.));
#9516 = ADVANCED_FACE('',(#9517),#9533,.T.);
#9517 = FACE_BOUND('',#9518,.T.);
#9518 = EDGE_LOOP('',(#9519,#9520,#9526,#9527));
#9519 = ORIENTED_EDGE('',*,*,#9497,.T.);
#9520 = ORIENTED_EDGE('',*,*,#9521,.T.);
#9521 = EDGE_CURVE('',#9489,#9289,#9522,.T.);
#9522 = LINE('',#9523,#9524);
#9523 = CARTESIAN_POINT('',(105.88,-101.6975,0.95));
#9524 = VECTOR('',#9525,1.);
#9525 = DIRECTION('',(0.,1.,0.));
#9526 = ORIENTED_EDGE('',*,*,#9286,.F.);
#9527 = ORIENTED_EDGE('',*,*,#9528,.F.);
#9528 = EDGE_CURVE('',#9498,#9287,#9529,.T.);
#9529 = LINE('',#9530,#9531);
#9530 = CARTESIAN_POINT('',(105.88,-101.6975,0.91));
#9531 = VECTOR('',#9532,1.);
#9532 = DIRECTION('',(0.,1.,0.));
#9533 = PLANE('',#9534);
#9534 = AXIS2_PLACEMENT_3D('',#9535,#9536,#9537);
#9535 = CARTESIAN_POINT('',(105.88,-101.6975,0.91));
#9536 = DIRECTION('',(-1.,0.,0.));
#9537 = DIRECTION('',(0.,1.,0.));
#9538 = ADVANCED_FACE('',(#9539),#9549,.F.);
#9539 = FACE_BOUND('',#9540,.T.);
#9540 = EDGE_LOOP('',(#9541,#9542,#9543,#9544,#9545,#9546,#9547,#9548));
#9541 = ORIENTED_EDGE('',*,*,#9313,.T.);
#9542 = ORIENTED_EDGE('',*,*,#9345,.T.);
#9543 = ORIENTED_EDGE('',*,*,#9377,.T.);
#9544 = ORIENTED_EDGE('',*,*,#9409,.T.);
#9545 = ORIENTED_EDGE('',*,*,#9441,.T.);
#9546 = ORIENTED_EDGE('',*,*,#9473,.T.);
#9547 = ORIENTED_EDGE('',*,*,#9505,.T.);
#9548 = ORIENTED_EDGE('',*,*,#9528,.T.);
#9549 = PLANE('',#9550);
#9550 = AXIS2_PLACEMENT_3D('',#9551,#9552,#9553);
#9551 = CARTESIAN_POINT('',(0.,0.,0.91));
#9552 = DIRECTION('',(0.,0.,1.));
#9553 = DIRECTION('',(1.,0.,-0.));
#9554 = ADVANCED_FACE('',(#9555),#9565,.T.);
#9555 = FACE_BOUND('',#9556,.F.);
#9556 = EDGE_LOOP('',(#9557,#9558,#9559,#9560,#9561,#9562,#9563,#9564));
#9557 = ORIENTED_EDGE('',*,*,#9296,.T.);
#9558 = ORIENTED_EDGE('',*,*,#9329,.T.);
#9559 = ORIENTED_EDGE('',*,*,#9360,.T.);
#9560 = ORIENTED_EDGE('',*,*,#9393,.T.);
#9561 = ORIENTED_EDGE('',*,*,#9424,.T.);
#9562 = ORIENTED_EDGE('',*,*,#9457,.T.);
#9563 = ORIENTED_EDGE('',*,*,#9488,.T.);
#9564 = ORIENTED_EDGE('',*,*,#9521,.T.);
#9565 = PLANE('',#9566);
#9566 = AXIS2_PLACEMENT_3D('',#9567,#9568,#9569);
#9567 = CARTESIAN_POINT('',(0.,0.,0.95));
#9568 = DIRECTION('',(0.,0.,1.));
#9569 = DIRECTION('',(1.,0.,-0.));
#9570 = MANIFOLD_SOLID_BREP('',#9571);
#9571 = CLOSED_SHELL('',(#9572,#9614,#9645,#9678,#9709,#9742,#9773,#9806
    ,#9828,#9844));
#9572 = ADVANCED_FACE('',(#9573),#9609,.T.);
#9573 = FACE_BOUND('',#9574,.T.);
#9574 = EDGE_LOOP('',(#9575,#9585,#9594,#9602));
#9575 = ORIENTED_EDGE('',*,*,#9576,.T.);
#9576 = EDGE_CURVE('',#9577,#9579,#9581,.T.);
#9577 = VERTEX_POINT('',#9578);
#9578 = CARTESIAN_POINT('',(105.88,-98.2975,0.91));
#9579 = VERTEX_POINT('',#9580);
#9580 = CARTESIAN_POINT('',(105.88,-98.2975,0.95));
#9581 = LINE('',#9582,#9583);
#9582 = CARTESIAN_POINT('',(105.88,-98.2975,0.91));
#9583 = VECTOR('',#9584,1.);
#9584 = DIRECTION('',(0.,0.,1.));
#9585 = ORIENTED_EDGE('',*,*,#9586,.T.);
#9586 = EDGE_CURVE('',#9579,#9587,#9589,.T.);
#9587 = VERTEX_POINT('',#9588);
#9588 = CARTESIAN_POINT('',(106.13,-98.0475,0.95));
#9589 = CIRCLE('',#9590,0.249998959685);
#9590 = AXIS2_PLACEMENT_3D('',#9591,#9592,#9593);
#9591 = CARTESIAN_POINT('',(106.12999895968,-98.29749895968,0.95));
#9592 = DIRECTION('',(0.,0.,-1.));
#9593 = DIRECTION('',(-0.999999999991,-4.161285837067E-06,-0.));
#9594 = ORIENTED_EDGE('',*,*,#9595,.F.);
#9595 = EDGE_CURVE('',#9596,#9587,#9598,.T.);
#9596 = VERTEX_POINT('',#9597);
#9597 = CARTESIAN_POINT('',(106.13,-98.0475,0.91));
#9598 = LINE('',#9599,#9600);
#9599 = CARTESIAN_POINT('',(106.13,-98.0475,0.91));
#9600 = VECTOR('',#9601,1.);
#9601 = DIRECTION('',(0.,0.,1.));
#9602 = ORIENTED_EDGE('',*,*,#9603,.F.);
#9603 = EDGE_CURVE('',#9577,#9596,#9604,.T.);
#9604 = CIRCLE('',#9605,0.249998959685);
#9605 = AXIS2_PLACEMENT_3D('',#9606,#9607,#9608);
#9606 = CARTESIAN_POINT('',(106.12999895968,-98.29749895968,0.91));
#9607 = DIRECTION('',(0.,0.,-1.));
#9608 = DIRECTION('',(-0.999999999991,-4.161285837067E-06,-0.));
#9609 = CYLINDRICAL_SURFACE('',#9610,0.249998959685);
#9610 = AXIS2_PLACEMENT_3D('',#9611,#9612,#9613);
#9611 = CARTESIAN_POINT('',(106.12999895968,-98.29749895968,0.91));
#9612 = DIRECTION('',(0.,0.,-1.));
#9613 = DIRECTION('',(-0.999999999991,-4.161285837067E-06,-0.));
#9614 = ADVANCED_FACE('',(#9615),#9640,.T.);
#9615 = FACE_BOUND('',#9616,.T.);
#9616 = EDGE_LOOP('',(#9617,#9618,#9626,#9634));
#9617 = ORIENTED_EDGE('',*,*,#9595,.T.);
#9618 = ORIENTED_EDGE('',*,*,#9619,.T.);
#9619 = EDGE_CURVE('',#9587,#9620,#9622,.T.);
#9620 = VERTEX_POINT('',#9621);
#9621 = CARTESIAN_POINT('',(106.73,-98.0475,0.95));
#9622 = LINE('',#9623,#9624);
#9623 = CARTESIAN_POINT('',(106.13,-98.0475,0.95));
#9624 = VECTOR('',#9625,1.);
#9625 = DIRECTION('',(1.,0.,0.));
#9626 = ORIENTED_EDGE('',*,*,#9627,.F.);
#9627 = EDGE_CURVE('',#9628,#9620,#9630,.T.);
#9628 = VERTEX_POINT('',#9629);
#9629 = CARTESIAN_POINT('',(106.73,-98.0475,0.91));
#9630 = LINE('',#9631,#9632);
#9631 = CARTESIAN_POINT('',(106.73,-98.0475,0.91));
#9632 = VECTOR('',#9633,1.);
#9633 = DIRECTION('',(0.,0.,1.));
#9634 = ORIENTED_EDGE('',*,*,#9635,.F.);
#9635 = EDGE_CURVE('',#9596,#9628,#9636,.T.);
#9636 = LINE('',#9637,#9638);
#9637 = CARTESIAN_POINT('',(106.13,-98.0475,0.91));
#9638 = VECTOR('',#9639,1.);
#9639 = DIRECTION('',(1.,0.,0.));
#9640 = PLANE('',#9641);
#9641 = AXIS2_PLACEMENT_3D('',#9642,#9643,#9644);
#9642 = CARTESIAN_POINT('',(106.13,-98.0475,0.91));
#9643 = DIRECTION('',(0.,1.,0.));
#9644 = DIRECTION('',(1.,0.,0.));
#9645 = ADVANCED_FACE('',(#9646),#9673,.T.);
#9646 = FACE_BOUND('',#9647,.T.);
#9647 = EDGE_LOOP('',(#9648,#9649,#9658,#9666));
#9648 = ORIENTED_EDGE('',*,*,#9627,.T.);
#9649 = ORIENTED_EDGE('',*,*,#9650,.T.);
#9650 = EDGE_CURVE('',#9620,#9651,#9653,.T.);
#9651 = VERTEX_POINT('',#9652);
#9652 = CARTESIAN_POINT('',(106.98,-98.2975,0.95));
#9653 = CIRCLE('',#9654,0.249998959685);
#9654 = AXIS2_PLACEMENT_3D('',#9655,#9656,#9657);
#9655 = CARTESIAN_POINT('',(106.73000104031,-98.29749895968,0.95));
#9656 = DIRECTION('',(0.,0.,-1.));
#9657 = DIRECTION('',(-4.161285837066E-06,0.999999999991,0.));
#9658 = ORIENTED_EDGE('',*,*,#9659,.F.);
#9659 = EDGE_CURVE('',#9660,#9651,#9662,.T.);
#9660 = VERTEX_POINT('',#9661);
#9661 = CARTESIAN_POINT('',(106.98,-98.2975,0.91));
#9662 = LINE('',#9663,#9664);
#9663 = CARTESIAN_POINT('',(106.98,-98.2975,0.91));
#9664 = VECTOR('',#9665,1.);
#9665 = DIRECTION('',(0.,0.,1.));
#9666 = ORIENTED_EDGE('',*,*,#9667,.F.);
#9667 = EDGE_CURVE('',#9628,#9660,#9668,.T.);
#9668 = CIRCLE('',#9669,0.249998959685);
#9669 = AXIS2_PLACEMENT_3D('',#9670,#9671,#9672);
#9670 = CARTESIAN_POINT('',(106.73000104031,-98.29749895968,0.91));
#9671 = DIRECTION('',(0.,0.,-1.));
#9672 = DIRECTION('',(-4.161285837066E-06,0.999999999991,0.));
#9673 = CYLINDRICAL_SURFACE('',#9674,0.249998959685);
#9674 = AXIS2_PLACEMENT_3D('',#9675,#9676,#9677);
#9675 = CARTESIAN_POINT('',(106.73000104031,-98.29749895968,0.91));
#9676 = DIRECTION('',(0.,0.,-1.));
#9677 = DIRECTION('',(-4.161285837066E-06,0.999999999991,0.));
#9678 = ADVANCED_FACE('',(#9679),#9704,.T.);
#9679 = FACE_BOUND('',#9680,.T.);
#9680 = EDGE_LOOP('',(#9681,#9682,#9690,#9698));
#9681 = ORIENTED_EDGE('',*,*,#9659,.T.);
#9682 = ORIENTED_EDGE('',*,*,#9683,.T.);
#9683 = EDGE_CURVE('',#9651,#9684,#9686,.T.);
#9684 = VERTEX_POINT('',#9685);
#9685 = CARTESIAN_POINT('',(106.98,-98.8975,0.95));
#9686 = LINE('',#9687,#9688);
#9687 = CARTESIAN_POINT('',(106.98,-98.2975,0.95));
#9688 = VECTOR('',#9689,1.);
#9689 = DIRECTION('',(0.,-1.,0.));
#9690 = ORIENTED_EDGE('',*,*,#9691,.F.);
#9691 = EDGE_CURVE('',#9692,#9684,#9694,.T.);
#9692 = VERTEX_POINT('',#9693);
#9693 = CARTESIAN_POINT('',(106.98,-98.8975,0.91));
#9694 = LINE('',#9695,#9696);
#9695 = CARTESIAN_POINT('',(106.98,-98.8975,0.91));
#9696 = VECTOR('',#9697,1.);
#9697 = DIRECTION('',(0.,0.,1.));
#9698 = ORIENTED_EDGE('',*,*,#9699,.F.);
#9699 = EDGE_CURVE('',#9660,#9692,#9700,.T.);
#9700 = LINE('',#9701,#9702);
#9701 = CARTESIAN_POINT('',(106.98,-98.2975,0.91));
#9702 = VECTOR('',#9703,1.);
#9703 = DIRECTION('',(0.,-1.,0.));
#9704 = PLANE('',#9705);
#9705 = AXIS2_PLACEMENT_3D('',#9706,#9707,#9708);
#9706 = CARTESIAN_POINT('',(106.98,-98.2975,0.91));
#9707 = DIRECTION('',(1.,0.,-0.));
#9708 = DIRECTION('',(0.,-1.,0.));
#9709 = ADVANCED_FACE('',(#9710),#9737,.T.);
#9710 = FACE_BOUND('',#9711,.T.);
#9711 = EDGE_LOOP('',(#9712,#9713,#9722,#9730));
#9712 = ORIENTED_EDGE('',*,*,#9691,.T.);
#9713 = ORIENTED_EDGE('',*,*,#9714,.T.);
#9714 = EDGE_CURVE('',#9684,#9715,#9717,.T.);
#9715 = VERTEX_POINT('',#9716);
#9716 = CARTESIAN_POINT('',(106.73,-99.1475,0.95));
#9717 = CIRCLE('',#9718,0.249998959685);
#9718 = AXIS2_PLACEMENT_3D('',#9719,#9720,#9721);
#9719 = CARTESIAN_POINT('',(106.73000104031,-98.89750104031,0.95));
#9720 = DIRECTION('',(0.,0.,-1.));
#9721 = DIRECTION('',(0.999999999991,4.161285837066E-06,0.));
#9722 = ORIENTED_EDGE('',*,*,#9723,.F.);
#9723 = EDGE_CURVE('',#9724,#9715,#9726,.T.);
#9724 = VERTEX_POINT('',#9725);
#9725 = CARTESIAN_POINT('',(106.73,-99.1475,0.91));
#9726 = LINE('',#9727,#9728);
#9727 = CARTESIAN_POINT('',(106.73,-99.1475,0.91));
#9728 = VECTOR('',#9729,1.);
#9729 = DIRECTION('',(0.,0.,1.));
#9730 = ORIENTED_EDGE('',*,*,#9731,.F.);
#9731 = EDGE_CURVE('',#9692,#9724,#9732,.T.);
#9732 = CIRCLE('',#9733,0.249998959685);
#9733 = AXIS2_PLACEMENT_3D('',#9734,#9735,#9736);
#9734 = CARTESIAN_POINT('',(106.73000104031,-98.89750104031,0.91));
#9735 = DIRECTION('',(0.,0.,-1.));
#9736 = DIRECTION('',(0.999999999991,4.161285837066E-06,0.));
#9737 = CYLINDRICAL_SURFACE('',#9738,0.249998959685);
#9738 = AXIS2_PLACEMENT_3D('',#9739,#9740,#9741);
#9739 = CARTESIAN_POINT('',(106.73000104031,-98.89750104031,0.91));
#9740 = DIRECTION('',(0.,0.,-1.));
#9741 = DIRECTION('',(0.999999999991,4.161285837066E-06,0.));
#9742 = ADVANCED_FACE('',(#9743),#9768,.T.);
#9743 = FACE_BOUND('',#9744,.T.);
#9744 = EDGE_LOOP('',(#9745,#9746,#9754,#9762));
#9745 = ORIENTED_EDGE('',*,*,#9723,.T.);
#9746 = ORIENTED_EDGE('',*,*,#9747,.T.);
#9747 = EDGE_CURVE('',#9715,#9748,#9750,.T.);
#9748 = VERTEX_POINT('',#9749);
#9749 = CARTESIAN_POINT('',(106.13,-99.1475,0.95));
#9750 = LINE('',#9751,#9752);
#9751 = CARTESIAN_POINT('',(106.73,-99.1475,0.95));
#9752 = VECTOR('',#9753,1.);
#9753 = DIRECTION('',(-1.,0.,0.));
#9754 = ORIENTED_EDGE('',*,*,#9755,.F.);
#9755 = EDGE_CURVE('',#9756,#9748,#9758,.T.);
#9756 = VERTEX_POINT('',#9757);
#9757 = CARTESIAN_POINT('',(106.13,-99.1475,0.91));
#9758 = LINE('',#9759,#9760);
#9759 = CARTESIAN_POINT('',(106.13,-99.1475,0.91));
#9760 = VECTOR('',#9761,1.);
#9761 = DIRECTION('',(0.,0.,1.));
#9762 = ORIENTED_EDGE('',*,*,#9763,.F.);
#9763 = EDGE_CURVE('',#9724,#9756,#9764,.T.);
#9764 = LINE('',#9765,#9766);
#9765 = CARTESIAN_POINT('',(106.73,-99.1475,0.91));
#9766 = VECTOR('',#9767,1.);
#9767 = DIRECTION('',(-1.,0.,0.));
#9768 = PLANE('',#9769);
#9769 = AXIS2_PLACEMENT_3D('',#9770,#9771,#9772);
#9770 = CARTESIAN_POINT('',(106.73,-99.1475,0.91));
#9771 = DIRECTION('',(0.,-1.,0.));
#9772 = DIRECTION('',(-1.,0.,0.));
#9773 = ADVANCED_FACE('',(#9774),#9801,.T.);
#9774 = FACE_BOUND('',#9775,.T.);
#9775 = EDGE_LOOP('',(#9776,#9777,#9786,#9794));
#9776 = ORIENTED_EDGE('',*,*,#9755,.T.);
#9777 = ORIENTED_EDGE('',*,*,#9778,.T.);
#9778 = EDGE_CURVE('',#9748,#9779,#9781,.T.);
#9779 = VERTEX_POINT('',#9780);
#9780 = CARTESIAN_POINT('',(105.88,-98.8975,0.95));
#9781 = CIRCLE('',#9782,0.249998959685);
#9782 = AXIS2_PLACEMENT_3D('',#9783,#9784,#9785);
#9783 = CARTESIAN_POINT('',(106.12999895968,-98.89750104031,0.95));
#9784 = DIRECTION('',(0.,0.,-1.));
#9785 = DIRECTION('',(4.16128589391E-06,-0.999999999991,0.));
#9786 = ORIENTED_EDGE('',*,*,#9787,.F.);
#9787 = EDGE_CURVE('',#9788,#9779,#9790,.T.);
#9788 = VERTEX_POINT('',#9789);
#9789 = CARTESIAN_POINT('',(105.88,-98.8975,0.91));
#9790 = LINE('',#9791,#9792);
#9791 = CARTESIAN_POINT('',(105.88,-98.8975,0.91));
#9792 = VECTOR('',#9793,1.);
#9793 = DIRECTION('',(0.,0.,1.));
#9794 = ORIENTED_EDGE('',*,*,#9795,.F.);
#9795 = EDGE_CURVE('',#9756,#9788,#9796,.T.);
#9796 = CIRCLE('',#9797,0.249998959685);
#9797 = AXIS2_PLACEMENT_3D('',#9798,#9799,#9800);
#9798 = CARTESIAN_POINT('',(106.12999895968,-98.89750104031,0.91));
#9799 = DIRECTION('',(0.,0.,-1.));
#9800 = DIRECTION('',(4.16128589391E-06,-0.999999999991,0.));
#9801 = CYLINDRICAL_SURFACE('',#9802,0.249998959685);
#9802 = AXIS2_PLACEMENT_3D('',#9803,#9804,#9805);
#9803 = CARTESIAN_POINT('',(106.12999895968,-98.89750104031,0.91));
#9804 = DIRECTION('',(0.,0.,-1.));
#9805 = DIRECTION('',(4.16128589391E-06,-0.999999999991,0.));
#9806 = ADVANCED_FACE('',(#9807),#9823,.T.);
#9807 = FACE_BOUND('',#9808,.T.);
#9808 = EDGE_LOOP('',(#9809,#9810,#9816,#9817));
#9809 = ORIENTED_EDGE('',*,*,#9787,.T.);
#9810 = ORIENTED_EDGE('',*,*,#9811,.T.);
#9811 = EDGE_CURVE('',#9779,#9579,#9812,.T.);
#9812 = LINE('',#9813,#9814);
#9813 = CARTESIAN_POINT('',(105.88,-98.8975,0.95));
#9814 = VECTOR('',#9815,1.);
#9815 = DIRECTION('',(0.,1.,0.));
#9816 = ORIENTED_EDGE('',*,*,#9576,.F.);
#9817 = ORIENTED_EDGE('',*,*,#9818,.F.);
#9818 = EDGE_CURVE('',#9788,#9577,#9819,.T.);
#9819 = LINE('',#9820,#9821);
#9820 = CARTESIAN_POINT('',(105.88,-98.8975,0.91));
#9821 = VECTOR('',#9822,1.);
#9822 = DIRECTION('',(0.,1.,0.));
#9823 = PLANE('',#9824);
#9824 = AXIS2_PLACEMENT_3D('',#9825,#9826,#9827);
#9825 = CARTESIAN_POINT('',(105.88,-98.8975,0.91));
#9826 = DIRECTION('',(-1.,0.,0.));
#9827 = DIRECTION('',(0.,1.,0.));
#9828 = ADVANCED_FACE('',(#9829),#9839,.F.);
#9829 = FACE_BOUND('',#9830,.T.);
#9830 = EDGE_LOOP('',(#9831,#9832,#9833,#9834,#9835,#9836,#9837,#9838));
#9831 = ORIENTED_EDGE('',*,*,#9603,.T.);
#9832 = ORIENTED_EDGE('',*,*,#9635,.T.);
#9833 = ORIENTED_EDGE('',*,*,#9667,.T.);
#9834 = ORIENTED_EDGE('',*,*,#9699,.T.);
#9835 = ORIENTED_EDGE('',*,*,#9731,.T.);
#9836 = ORIENTED_EDGE('',*,*,#9763,.T.);
#9837 = ORIENTED_EDGE('',*,*,#9795,.T.);
#9838 = ORIENTED_EDGE('',*,*,#9818,.T.);
#9839 = PLANE('',#9840);
#9840 = AXIS2_PLACEMENT_3D('',#9841,#9842,#9843);
#9841 = CARTESIAN_POINT('',(0.,0.,0.91));
#9842 = DIRECTION('',(0.,0.,1.));
#9843 = DIRECTION('',(1.,0.,-0.));
#9844 = ADVANCED_FACE('',(#9845),#9855,.T.);
#9845 = FACE_BOUND('',#9846,.F.);
#9846 = EDGE_LOOP('',(#9847,#9848,#9849,#9850,#9851,#9852,#9853,#9854));
#9847 = ORIENTED_EDGE('',*,*,#9586,.T.);
#9848 = ORIENTED_EDGE('',*,*,#9619,.T.);
#9849 = ORIENTED_EDGE('',*,*,#9650,.T.);
#9850 = ORIENTED_EDGE('',*,*,#9683,.T.);
#9851 = ORIENTED_EDGE('',*,*,#9714,.T.);
#9852 = ORIENTED_EDGE('',*,*,#9747,.T.);
#9853 = ORIENTED_EDGE('',*,*,#9778,.T.);
#9854 = ORIENTED_EDGE('',*,*,#9811,.T.);
#9855 = PLANE('',#9856);
#9856 = AXIS2_PLACEMENT_3D('',#9857,#9858,#9859);
#9857 = CARTESIAN_POINT('',(0.,0.,0.95));
#9858 = DIRECTION('',(0.,0.,1.));
#9859 = DIRECTION('',(1.,0.,-0.));
#9860 = ( GEOMETRIC_REPRESENTATION_CONTEXT(3) 
GLOBAL_UNCERTAINTY_ASSIGNED_CONTEXT((#9864)) 
GLOBAL_UNIT_ASSIGNED_CONTEXT((#9861,#9862,#9863)) REPRESENTATION_CONTEXT
('Context #1','3D Context with UNIT and UNCERTAINTY') );
#9861 = ( LENGTH_UNIT() NAMED_UNIT(*) SI_UNIT(.MILLI.,.METRE.) );
#9862 = ( NAMED_UNIT(*) PLANE_ANGLE_UNIT() SI_UNIT($,.RADIAN.) );
#9863 = ( NAMED_UNIT(*) SI_UNIT($,.STERADIAN.) SOLID_ANGLE_UNIT() );
#9864 = UNCERTAINTY_MEASURE_WITH_UNIT(LENGTH_MEASURE(1.E-07),#9861,
  'distance_accuracy_value','confusion accuracy');
#9865 = CONTEXT_DEPENDENT_SHAPE_REPRESENTATION(#9866,#9868);
#9866 = ( REPRESENTATION_RELATIONSHIP('','',#2621,#10) 
REPRESENTATION_RELATIONSHIP_WITH_TRANSFORMATION(#9867) 
SHAPE_REPRESENTATION_RELATIONSHIP() );
#9867 = ITEM_DEFINED_TRANSFORMATION('','',#11,#35);
#9868 = PRODUCT_DEFINITION_SHAPE('Placement','Placement of an item',
  #9869);
#9869 = NEXT_ASSEMBLY_USAGE_OCCURRENCE('6','=>[0:1:1:4]','',#5,#2616,$);
#9870 = PRODUCT_RELATED_PRODUCT_CATEGORY('part',$,(#2618));
#9871 = SHAPE_DEFINITION_REPRESENTATION(#9872,#9878);
#9872 = PRODUCT_DEFINITION_SHAPE('','',#9873);
#9873 = PRODUCT_DEFINITION('design','',#9874,#9877);
#9874 = PRODUCT_DEFINITION_FORMATION('','',#9875);
#9875 = PRODUCT('VORTAC_TOOLPLATE_REV2_PCB','VORTAC_TOOLPLATE_REV2_PCB',
  '',(#9876));
#9876 = PRODUCT_CONTEXT('',#2,'mechanical');
#9877 = PRODUCT_DEFINITION_CONTEXT('part definition',#2,'design');
#9878 = ADVANCED_BREP_SHAPE_REPRESENTATION('',(#11,#9879),#11057);
#9879 = MANIFOLD_SOLID_BREP('',#9880);
#9880 = CLOSED_SHELL('',(#9881,#9923,#9954,#9987,#10278,#10569,#10586,
    #10603,#10620,#10637,#10654,#10671,#10688,#10705,#10722,#10739,
    #10756,#10773,#10790,#10807,#10819,#10836,#10853,#10870,#10887,
    #10904,#10921,#10938,#10955,#10972,#10989,#11006,#11023,#11040));
#9881 = ADVANCED_FACE('',(#9882),#9918,.T.);
#9882 = FACE_BOUND('',#9883,.T.);
#9883 = EDGE_LOOP('',(#9884,#9894,#9903,#9911));
#9884 = ORIENTED_EDGE('',*,*,#9885,.T.);
#9885 = EDGE_CURVE('',#9886,#9888,#9890,.T.);
#9886 = VERTEX_POINT('',#9887);
#9887 = CARTESIAN_POINT('',(107.8,-91.499989,0.));
#9888 = VERTEX_POINT('',#9889);
#9889 = CARTESIAN_POINT('',(107.8,-91.499989,0.91));
#9890 = LINE('',#9891,#9892);
#9891 = CARTESIAN_POINT('',(107.8,-91.499989,0.));
#9892 = VECTOR('',#9893,1.);
#9893 = DIRECTION('',(0.,0.,1.));
#9894 = ORIENTED_EDGE('',*,*,#9895,.T.);
#9895 = EDGE_CURVE('',#9888,#9896,#9898,.T.);
#9896 = VERTEX_POINT('',#9897);
#9897 = CARTESIAN_POINT('',(108.6,-92.299989,0.91));
#9898 = CIRCLE('',#9899,0.799992915434);
#9899 = AXIS2_PLACEMENT_3D('',#9900,#9901,#9902);
#9900 = CARTESIAN_POINT('',(107.80000708459,-92.2999819154,0.91));
#9901 = DIRECTION('',(0.,0.,-1.));
#9902 = DIRECTION('',(-8.855825315957E-06,0.999999999961,0.));
#9903 = ORIENTED_EDGE('',*,*,#9904,.F.);
#9904 = EDGE_CURVE('',#9905,#9896,#9907,.T.);
#9905 = VERTEX_POINT('',#9906);
#9906 = CARTESIAN_POINT('',(108.6,-92.299989,0.));
#9907 = LINE('',#9908,#9909);
#9908 = CARTESIAN_POINT('',(108.6,-92.299989,0.));
#9909 = VECTOR('',#9910,1.);
#9910 = DIRECTION('',(0.,0.,1.));
#9911 = ORIENTED_EDGE('',*,*,#9912,.F.);
#9912 = EDGE_CURVE('',#9886,#9905,#9913,.T.);
#9913 = CIRCLE('',#9914,0.799992915434);
#9914 = AXIS2_PLACEMENT_3D('',#9915,#9916,#9917);
#9915 = CARTESIAN_POINT('',(107.80000708459,-92.2999819154,0.));
#9916 = DIRECTION('',(0.,0.,-1.));
#9917 = DIRECTION('',(-8.855825315957E-06,0.999999999961,0.));
#9918 = CYLINDRICAL_SURFACE('',#9919,0.799992915434);
#9919 = AXIS2_PLACEMENT_3D('',#9920,#9921,#9922);
#9920 = CARTESIAN_POINT('',(107.80000708459,-92.2999819154,0.));
#9921 = DIRECTION('',(0.,0.,-1.));
#9922 = DIRECTION('',(-8.855825315957E-06,0.999999999961,0.));
#9923 = ADVANCED_FACE('',(#9924),#9949,.T.);
#9924 = FACE_BOUND('',#9925,.T.);
#9925 = EDGE_LOOP('',(#9926,#9936,#9942,#9943));
#9926 = ORIENTED_EDGE('',*,*,#9927,.T.);
#9927 = EDGE_CURVE('',#9928,#9930,#9932,.T.);
#9928 = VERTEX_POINT('',#9929);
#9929 = CARTESIAN_POINT('',(106.1,-91.499989,0.));
#9930 = VERTEX_POINT('',#9931);
#9931 = CARTESIAN_POINT('',(106.1,-91.499989,0.91));
#9932 = LINE('',#9933,#9934);
#9933 = CARTESIAN_POINT('',(106.1,-91.499989,0.));
#9934 = VECTOR('',#9935,1.);
#9935 = DIRECTION('',(0.,0.,1.));
#9936 = ORIENTED_EDGE('',*,*,#9937,.T.);
#9937 = EDGE_CURVE('',#9930,#9888,#9938,.T.);
#9938 = LINE('',#9939,#9940);
#9939 = CARTESIAN_POINT('',(106.1,-91.499989,0.91));
#9940 = VECTOR('',#9941,1.);
#9941 = DIRECTION('',(1.,0.,0.));
#9942 = ORIENTED_EDGE('',*,*,#9885,.F.);
#9943 = ORIENTED_EDGE('',*,*,#9944,.F.);
#9944 = EDGE_CURVE('',#9928,#9886,#9945,.T.);
#9945 = LINE('',#9946,#9947);
#9946 = CARTESIAN_POINT('',(106.1,-91.499989,0.));
#9947 = VECTOR('',#9948,1.);
#9948 = DIRECTION('',(1.,0.,0.));
#9949 = PLANE('',#9950);
#9950 = AXIS2_PLACEMENT_3D('',#9951,#9952,#9953);
#9951 = CARTESIAN_POINT('',(106.1,-91.499989,0.));
#9952 = DIRECTION('',(0.,1.,0.));
#9953 = DIRECTION('',(1.,0.,0.));
#9954 = ADVANCED_FACE('',(#9955),#9982,.F.);
#9955 = FACE_BOUND('',#9956,.T.);
#9956 = EDGE_LOOP('',(#9957,#9958,#9967,#9975));
#9957 = ORIENTED_EDGE('',*,*,#9904,.T.);
#9958 = ORIENTED_EDGE('',*,*,#9959,.T.);
#9959 = EDGE_CURVE('',#9896,#9960,#9962,.T.);
#9960 = VERTEX_POINT('',#9961);
#9961 = CARTESIAN_POINT('',(110.,-92.299989,0.91));
#9962 = CIRCLE('',#9963,0.7);
#9963 = AXIS2_PLACEMENT_3D('',#9964,#9965,#9966);
#9964 = CARTESIAN_POINT('',(109.3,-92.299989,0.91));
#9965 = DIRECTION('',(0.,0.,1.));
#9966 = DIRECTION('',(-1.,0.,-0.));
#9967 = ORIENTED_EDGE('',*,*,#9968,.F.);
#9968 = EDGE_CURVE('',#9969,#9960,#9971,.T.);
#9969 = VERTEX_POINT('',#9970);
#9970 = CARTESIAN_POINT('',(110.,-92.299989,0.));
#9971 = LINE('',#9972,#9973);
#9972 = CARTESIAN_POINT('',(110.,-92.299989,0.));
#9973 = VECTOR('',#9974,1.);
#9974 = DIRECTION('',(0.,0.,1.));
#9975 = ORIENTED_EDGE('',*,*,#9976,.F.);
#9976 = EDGE_CURVE('',#9905,#9969,#9977,.T.);
#9977 = CIRCLE('',#9978,0.7);
#9978 = AXIS2_PLACEMENT_3D('',#9979,#9980,#9981);
#9979 = CARTESIAN_POINT('',(109.3,-92.299989,0.));
#9980 = DIRECTION('',(0.,0.,1.));
#9981 = DIRECTION('',(-1.,0.,-0.));
#9982 = CYLINDRICAL_SURFACE('',#9983,0.7);
#9983 = AXIS2_PLACEMENT_3D('',#9984,#9985,#9986);
#9984 = CARTESIAN_POINT('',(109.3,-92.299989,0.));
#9985 = DIRECTION('',(-0.,-0.,-1.));
#9986 = DIRECTION('',(-1.,0.,-0.));
#9987 = ADVANCED_FACE('',(#9988,#10119,#10130,#10141,#10152,#10163,
    #10174,#10185,#10196,#10207,#10218,#10229,#10240,#10251,#10262),
  #10273,.F.);
#9988 = FACE_BOUND('',#9989,.F.);
#9989 = EDGE_LOOP('',(#9990,#9991,#9992,#10000,#10009,#10017,#10026,
    #10034,#10043,#10052,#10061,#10069,#10078,#10086,#10095,#10103,
    #10111,#10118));
#9990 = ORIENTED_EDGE('',*,*,#9912,.F.);
#9991 = ORIENTED_EDGE('',*,*,#9944,.F.);
#9992 = ORIENTED_EDGE('',*,*,#9993,.F.);
#9993 = EDGE_CURVE('',#9994,#9928,#9996,.T.);
#9994 = VERTEX_POINT('',#9995);
#9995 = CARTESIAN_POINT('',(106.1,-91.5,0.));
#9996 = LINE('',#9997,#9998);
#9997 = CARTESIAN_POINT('',(106.1,-91.5,0.));
#9998 = VECTOR('',#9999,1.);
#9999 = DIRECTION('',(0.,1.,0.));
#10000 = ORIENTED_EDGE('',*,*,#10001,.F.);
#10001 = EDGE_CURVE('',#10002,#9994,#10004,.T.);
#10002 = VERTEX_POINT('',#10003);
#10003 = CARTESIAN_POINT('',(105.3,-92.3,0.));
#10004 = CIRCLE('',#10005,0.799999743724);
#10005 = AXIS2_PLACEMENT_3D('',#10006,#10007,#10008);
#10006 = CARTESIAN_POINT('',(106.09999974372,-92.29999974372,0.));
#10007 = DIRECTION('',(0.,0.,-1.));
#10008 = DIRECTION('',(-1.,-3.203453285226E-07,-0.));
#10009 = ORIENTED_EDGE('',*,*,#10010,.F.);
#10010 = EDGE_CURVE('',#10011,#10002,#10013,.T.);
#10011 = VERTEX_POINT('',#10012);
#10012 = CARTESIAN_POINT('',(105.3,-107.699989,0.));
#10013 = LINE('',#10014,#10015);
#10014 = CARTESIAN_POINT('',(105.3,-107.699989,0.));
#10015 = VECTOR('',#10016,1.);
#10016 = DIRECTION('',(0.,1.,0.));
#10017 = ORIENTED_EDGE('',*,*,#10018,.F.);
#10018 = EDGE_CURVE('',#10019,#10011,#10021,.T.);
#10019 = VERTEX_POINT('',#10020);
#10020 = CARTESIAN_POINT('',(106.1,-108.499989,0.));
#10021 = CIRCLE('',#10022,0.800006572273);
#10022 = AXIS2_PLACEMENT_3D('',#10023,#10024,#10025);
#10023 = CARTESIAN_POINT('',(106.10000657224,-107.6999824277,0.));
#10024 = DIRECTION('',(0.,0.,-1.));
#10025 = DIRECTION('',(-8.215240249752E-06,-0.999999999966,-0.));
#10026 = ORIENTED_EDGE('',*,*,#10027,.F.);
#10027 = EDGE_CURVE('',#10028,#10019,#10030,.T.);
#10028 = VERTEX_POINT('',#10029);
#10029 = CARTESIAN_POINT('',(107.796001,-108.499989,0.));
#10030 = LINE('',#10031,#10032);
#10031 = CARTESIAN_POINT('',(107.796001,-108.499989,0.));
#10032 = VECTOR('',#10033,1.);
#10033 = DIRECTION('',(-1.,0.,0.));
#10034 = ORIENTED_EDGE('',*,*,#10035,.F.);
#10035 = EDGE_CURVE('',#10036,#10028,#10038,.T.);
#10036 = VERTEX_POINT('',#10037);
#10037 = CARTESIAN_POINT('',(108.6,-107.699989,0.));
#10038 = CIRCLE('',#10039,0.79999804508);
#10039 = AXIS2_PLACEMENT_3D('',#10040,#10041,#10042);
#10040 = CARTESIAN_POINT('',(107.800001955,-107.7000009597,0.));
#10041 = DIRECTION('',(0.,0.,-1.));
#10042 = DIRECTION('',(0.999999999888,1.494976442316E-05,0.));
#10043 = ORIENTED_EDGE('',*,*,#10044,.F.);
#10044 = EDGE_CURVE('',#10045,#10036,#10047,.T.);
#10045 = VERTEX_POINT('',#10046);
#10046 = CARTESIAN_POINT('',(110.,-107.699989,0.));
#10047 = CIRCLE('',#10048,0.7);
#10048 = AXIS2_PLACEMENT_3D('',#10049,#10050,#10051);
#10049 = CARTESIAN_POINT('',(109.3,-107.699989,0.));
#10050 = DIRECTION('',(0.,0.,1.));
#10051 = DIRECTION('',(1.,0.,-0.));
#10052 = ORIENTED_EDGE('',*,*,#10053,.F.);
#10053 = EDGE_CURVE('',#10054,#10045,#10056,.T.);
#10054 = VERTEX_POINT('',#10055);
#10055 = CARTESIAN_POINT('',(110.8,-108.499989,0.));
#10056 = CIRCLE('',#10057,0.800006572273);
#10057 = AXIS2_PLACEMENT_3D('',#10058,#10059,#10060);
#10058 = CARTESIAN_POINT('',(110.80000657224,-107.6999824277,0.));
#10059 = DIRECTION('',(0.,0.,-1.));
#10060 = DIRECTION('',(-8.215240231988E-06,-0.999999999966,-0.));
#10061 = ORIENTED_EDGE('',*,*,#10062,.F.);
#10062 = EDGE_CURVE('',#10063,#10054,#10065,.T.);
#10063 = VERTEX_POINT('',#10064);
#10064 = CARTESIAN_POINT('',(116.695805,-108.499989,0.));
#10065 = LINE('',#10066,#10067);
#10066 = CARTESIAN_POINT('',(116.695805,-108.499989,0.));
#10067 = VECTOR('',#10068,1.);
#10068 = DIRECTION('',(-1.,0.,0.));
#10069 = ORIENTED_EDGE('',*,*,#10070,.F.);
#10070 = EDGE_CURVE('',#10071,#10063,#10073,.T.);
#10071 = VERTEX_POINT('',#10072);
#10072 = CARTESIAN_POINT('',(117.5,-107.7,0.));
#10073 = CIRCLE('',#10074,0.799999744043);
#10074 = AXIS2_PLACEMENT_3D('',#10075,#10076,#10077);
#10075 = CARTESIAN_POINT('',(116.70000025595,-107.7000002561,0.));
#10076 = DIRECTION('',(0.,0.,-1.));
#10077 = DIRECTION('',(1.,3.201801093923E-07,0.));
#10078 = ORIENTED_EDGE('',*,*,#10079,.F.);
#10079 = EDGE_CURVE('',#10080,#10071,#10082,.T.);
#10080 = VERTEX_POINT('',#10081);
#10081 = CARTESIAN_POINT('',(117.5,-92.295805,0.));
#10082 = LINE('',#10083,#10084);
#10083 = CARTESIAN_POINT('',(117.5,-92.295805,0.));
#10084 = VECTOR('',#10085,1.);
#10085 = DIRECTION('',(0.,-1.,0.));
#10086 = ORIENTED_EDGE('',*,*,#10087,.F.);
#10087 = EDGE_CURVE('',#10088,#10080,#10090,.T.);
#10088 = VERTEX_POINT('',#10089);
#10089 = CARTESIAN_POINT('',(116.7,-91.499989,0.));
#10090 = CIRCLE('',#10091,0.800011697452);
#10091 = AXIS2_PLACEMENT_3D('',#10092,#10093,#10094);
#10092 = CARTESIAN_POINT('',(116.69999930488,-92.30000069745,0.));
#10093 = DIRECTION('',(0.,0.,-1.));
#10094 = DIRECTION('',(8.688792227063E-07,1.,0.));
#10095 = ORIENTED_EDGE('',*,*,#10096,.F.);
#10096 = EDGE_CURVE('',#10097,#10088,#10099,.T.);
#10097 = VERTEX_POINT('',#10098);
#10098 = CARTESIAN_POINT('',(110.8,-91.499989,0.));
#10099 = LINE('',#10100,#10101);
#10100 = CARTESIAN_POINT('',(110.8,-91.499989,0.));
#10101 = VECTOR('',#10102,1.);
#10102 = DIRECTION('',(1.,0.,0.));
#10103 = ORIENTED_EDGE('',*,*,#10104,.F.);
#10104 = EDGE_CURVE('',#10105,#10097,#10107,.T.);
#10105 = VERTEX_POINT('',#10106);
#10106 = CARTESIAN_POINT('',(110.8,-91.5,0.));
#10107 = LINE('',#10108,#10109);
#10108 = CARTESIAN_POINT('',(110.8,-91.5,0.));
#10109 = VECTOR('',#10110,1.);
#10110 = DIRECTION('',(0.,1.,0.));
#10111 = ORIENTED_EDGE('',*,*,#10112,.F.);
#10112 = EDGE_CURVE('',#9969,#10105,#10113,.T.);
#10113 = CIRCLE('',#10114,0.799999743847);
#10114 = AXIS2_PLACEMENT_3D('',#10115,#10116,#10117);
#10115 = CARTESIAN_POINT('',(110.79999974377,-92.29999974384,0.));
#10116 = DIRECTION('',(0.,0.,-1.));
#10117 = DIRECTION('',(-0.99999999991,1.342981292529E-05,0.));
#10118 = ORIENTED_EDGE('',*,*,#9976,.F.);
#10119 = FACE_BOUND('',#10120,.F.);
#10120 = EDGE_LOOP('',(#10121));
#10121 = ORIENTED_EDGE('',*,*,#10122,.T.);
#10122 = EDGE_CURVE('',#10123,#10123,#10125,.T.);
#10123 = VERTEX_POINT('',#10124);
#10124 = CARTESIAN_POINT('',(110.1,-104.875,0.));
#10125 = CIRCLE('',#10126,0.875);
#10126 = AXIS2_PLACEMENT_3D('',#10127,#10128,#10129);
#10127 = CARTESIAN_POINT('',(110.1,-104.,0.));
#10128 = DIRECTION('',(-0.,0.,-1.));
#10129 = DIRECTION('',(-0.,-1.,0.));
#10130 = FACE_BOUND('',#10131,.F.);
#10131 = EDGE_LOOP('',(#10132));
#10132 = ORIENTED_EDGE('',*,*,#10133,.T.);
#10133 = EDGE_CURVE('',#10134,#10134,#10136,.T.);
#10134 = VERTEX_POINT('',#10135);
#10135 = CARTESIAN_POINT('',(112.9,-106.875,0.));
#10136 = CIRCLE('',#10137,0.875);
#10137 = AXIS2_PLACEMENT_3D('',#10138,#10139,#10140);
#10138 = CARTESIAN_POINT('',(112.9,-106.,0.));
#10139 = DIRECTION('',(-0.,0.,-1.));
#10140 = DIRECTION('',(-0.,-1.,0.));
#10141 = FACE_BOUND('',#10142,.F.);
#10142 = EDGE_LOOP('',(#10143));
#10143 = ORIENTED_EDGE('',*,*,#10144,.T.);
#10144 = EDGE_CURVE('',#10145,#10145,#10147,.T.);
#10145 = VERTEX_POINT('',#10146);
#10146 = CARTESIAN_POINT('',(112.9,-102.875,0.));
#10147 = CIRCLE('',#10148,0.875);
#10148 = AXIS2_PLACEMENT_3D('',#10149,#10150,#10151);
#10149 = CARTESIAN_POINT('',(112.9,-102.,0.));
#10150 = DIRECTION('',(-0.,0.,-1.));
#10151 = DIRECTION('',(-0.,-1.,0.));
#10152 = FACE_BOUND('',#10153,.F.);
#10153 = EDGE_LOOP('',(#10154));
#10154 = ORIENTED_EDGE('',*,*,#10155,.T.);
#10155 = EDGE_CURVE('',#10156,#10156,#10158,.T.);
#10156 = VERTEX_POINT('',#10157);
#10157 = CARTESIAN_POINT('',(116.2,-107.1,0.));
#10158 = CIRCLE('',#10159,0.5);
#10159 = AXIS2_PLACEMENT_3D('',#10160,#10161,#10162);
#10160 = CARTESIAN_POINT('',(116.2,-106.6,0.));
#10161 = DIRECTION('',(-0.,0.,-1.));
#10162 = DIRECTION('',(-0.,-1.,0.));
#10163 = FACE_BOUND('',#10164,.F.);
#10164 = EDGE_LOOP('',(#10165));
#10165 = ORIENTED_EDGE('',*,*,#10166,.T.);
#10166 = EDGE_CURVE('',#10167,#10167,#10169,.T.);
#10167 = VERTEX_POINT('',#10168);
#10168 = CARTESIAN_POINT('',(116.2,-105.1,0.));
#10169 = CIRCLE('',#10170,0.5);
#10170 = AXIS2_PLACEMENT_3D('',#10171,#10172,#10173);
#10171 = CARTESIAN_POINT('',(116.2,-104.6,0.));
#10172 = DIRECTION('',(-0.,0.,-1.));
#10173 = DIRECTION('',(-0.,-1.,0.));
#10174 = FACE_BOUND('',#10175,.F.);
#10175 = EDGE_LOOP('',(#10176));
#10176 = ORIENTED_EDGE('',*,*,#10177,.T.);
#10177 = EDGE_CURVE('',#10178,#10178,#10180,.T.);
#10178 = VERTEX_POINT('',#10179);
#10179 = CARTESIAN_POINT('',(116.2,-103.1,0.));
#10180 = CIRCLE('',#10181,0.5);
#10181 = AXIS2_PLACEMENT_3D('',#10182,#10183,#10184);
#10182 = CARTESIAN_POINT('',(116.2,-102.6,0.));
#10183 = DIRECTION('',(-0.,0.,-1.));
#10184 = DIRECTION('',(-0.,-1.,0.));
#10185 = FACE_BOUND('',#10186,.F.);
#10186 = EDGE_LOOP('',(#10187));
#10187 = ORIENTED_EDGE('',*,*,#10188,.T.);
#10188 = EDGE_CURVE('',#10189,#10189,#10191,.T.);
#10189 = VERTEX_POINT('',#10190);
#10190 = CARTESIAN_POINT('',(116.,-100.97,0.));
#10191 = CIRCLE('',#10192,0.7);
#10192 = AXIS2_PLACEMENT_3D('',#10193,#10194,#10195);
#10193 = CARTESIAN_POINT('',(116.,-100.27,0.));
#10194 = DIRECTION('',(-0.,0.,-1.));
#10195 = DIRECTION('',(-0.,-1.,0.));
#10196 = FACE_BOUND('',#10197,.F.);
#10197 = EDGE_LOOP('',(#10198));
#10198 = ORIENTED_EDGE('',*,*,#10199,.T.);
#10199 = EDGE_CURVE('',#10200,#10200,#10202,.T.);
#10200 = VERTEX_POINT('',#10201);
#10201 = CARTESIAN_POINT('',(110.1,-100.875,0.));
#10202 = CIRCLE('',#10203,0.875);
#10203 = AXIS2_PLACEMENT_3D('',#10204,#10205,#10206);
#10204 = CARTESIAN_POINT('',(110.1,-100.,0.));
#10205 = DIRECTION('',(-0.,0.,-1.));
#10206 = DIRECTION('',(-0.,-1.,0.));
#10207 = FACE_BOUND('',#10208,.F.);
#10208 = EDGE_LOOP('',(#10209));
#10209 = ORIENTED_EDGE('',*,*,#10210,.T.);
#10210 = EDGE_CURVE('',#10211,#10211,#10213,.T.);
#10211 = VERTEX_POINT('',#10212);
#10212 = CARTESIAN_POINT('',(112.9,-98.875,0.));
#10213 = CIRCLE('',#10214,0.875);
#10214 = AXIS2_PLACEMENT_3D('',#10215,#10216,#10217);
#10215 = CARTESIAN_POINT('',(112.9,-98.,0.));
#10216 = DIRECTION('',(-0.,0.,-1.));
#10217 = DIRECTION('',(-0.,-1.,0.));
#10218 = FACE_BOUND('',#10219,.F.);
#10219 = EDGE_LOOP('',(#10220));
#10220 = ORIENTED_EDGE('',*,*,#10221,.T.);
#10221 = EDGE_CURVE('',#10222,#10222,#10224,.T.);
#10222 = VERTEX_POINT('',#10223);
#10223 = CARTESIAN_POINT('',(110.1,-96.875,0.));
#10224 = CIRCLE('',#10225,0.875);
#10225 = AXIS2_PLACEMENT_3D('',#10226,#10227,#10228);
#10226 = CARTESIAN_POINT('',(110.1,-96.,0.));
#10227 = DIRECTION('',(-0.,0.,-1.));
#10228 = DIRECTION('',(-0.,-1.,0.));
#10229 = FACE_BOUND('',#10230,.F.);
#10230 = EDGE_LOOP('',(#10231));
#10231 = ORIENTED_EDGE('',*,*,#10232,.T.);
#10232 = EDGE_CURVE('',#10233,#10233,#10235,.T.);
#10233 = VERTEX_POINT('',#10234);
#10234 = CARTESIAN_POINT('',(112.9,-94.875,0.));
#10235 = CIRCLE('',#10236,0.875);
#10236 = AXIS2_PLACEMENT_3D('',#10237,#10238,#10239);
#10237 = CARTESIAN_POINT('',(112.9,-94.,0.));
#10238 = DIRECTION('',(-0.,0.,-1.));
#10239 = DIRECTION('',(-0.,-1.,0.));
#10240 = FACE_BOUND('',#10241,.F.);
#10241 = EDGE_LOOP('',(#10242));
#10242 = ORIENTED_EDGE('',*,*,#10243,.T.);
#10243 = EDGE_CURVE('',#10244,#10244,#10246,.T.);
#10244 = VERTEX_POINT('',#10245);
#10245 = CARTESIAN_POINT('',(116.,-98.37,0.));
#10246 = CIRCLE('',#10247,0.7);
#10247 = AXIS2_PLACEMENT_3D('',#10248,#10249,#10250);
#10248 = CARTESIAN_POINT('',(116.,-97.67,0.));
#10249 = DIRECTION('',(-0.,0.,-1.));
#10250 = DIRECTION('',(-0.,-1.,0.));
#10251 = FACE_BOUND('',#10252,.F.);
#10252 = EDGE_LOOP('',(#10253));
#10253 = ORIENTED_EDGE('',*,*,#10254,.T.);
#10254 = EDGE_CURVE('',#10255,#10255,#10257,.T.);
#10255 = VERTEX_POINT('',#10256);
#10256 = CARTESIAN_POINT('',(116.2,-95.9,0.));
#10257 = CIRCLE('',#10258,0.5);
#10258 = AXIS2_PLACEMENT_3D('',#10259,#10260,#10261);
#10259 = CARTESIAN_POINT('',(116.2,-95.4,0.));
#10260 = DIRECTION('',(-0.,0.,-1.));
#10261 = DIRECTION('',(-0.,-1.,0.));
#10262 = FACE_BOUND('',#10263,.F.);
#10263 = EDGE_LOOP('',(#10264));
#10264 = ORIENTED_EDGE('',*,*,#10265,.T.);
#10265 = EDGE_CURVE('',#10266,#10266,#10268,.T.);
#10266 = VERTEX_POINT('',#10267);
#10267 = CARTESIAN_POINT('',(116.2,-93.9,0.));
#10268 = CIRCLE('',#10269,0.5);
#10269 = AXIS2_PLACEMENT_3D('',#10270,#10271,#10272);
#10270 = CARTESIAN_POINT('',(116.2,-93.4,0.));
#10271 = DIRECTION('',(-0.,0.,-1.));
#10272 = DIRECTION('',(-0.,-1.,0.));
#10273 = PLANE('',#10274);
#10274 = AXIS2_PLACEMENT_3D('',#10275,#10276,#10277);
#10275 = CARTESIAN_POINT('',(0.,0.,0.));
#10276 = DIRECTION('',(0.,0.,1.));
#10277 = DIRECTION('',(1.,0.,-0.));
#10278 = ADVANCED_FACE('',(#10279,#10410,#10421,#10432,#10443,#10454,
    #10465,#10476,#10487,#10498,#10509,#10520,#10531,#10542,#10553),
  #10564,.T.);
#10279 = FACE_BOUND('',#10280,.T.);
#10280 = EDGE_LOOP('',(#10281,#10282,#10283,#10291,#10300,#10308,#10317,
    #10325,#10334,#10343,#10352,#10360,#10369,#10377,#10386,#10394,
    #10402,#10409));
#10281 = ORIENTED_EDGE('',*,*,#9895,.F.);
#10282 = ORIENTED_EDGE('',*,*,#9937,.F.);
#10283 = ORIENTED_EDGE('',*,*,#10284,.F.);
#10284 = EDGE_CURVE('',#10285,#9930,#10287,.T.);
#10285 = VERTEX_POINT('',#10286);
#10286 = CARTESIAN_POINT('',(106.1,-91.5,0.91));
#10287 = LINE('',#10288,#10289);
#10288 = CARTESIAN_POINT('',(106.1,-91.5,0.91));
#10289 = VECTOR('',#10290,1.);
#10290 = DIRECTION('',(0.,1.,0.));
#10291 = ORIENTED_EDGE('',*,*,#10292,.F.);
#10292 = EDGE_CURVE('',#10293,#10285,#10295,.T.);
#10293 = VERTEX_POINT('',#10294);
#10294 = CARTESIAN_POINT('',(105.3,-92.3,0.91));
#10295 = CIRCLE('',#10296,0.799999743724);
#10296 = AXIS2_PLACEMENT_3D('',#10297,#10298,#10299);
#10297 = CARTESIAN_POINT('',(106.09999974372,-92.29999974372,0.91));
#10298 = DIRECTION('',(0.,0.,-1.));
#10299 = DIRECTION('',(-1.,-3.203453285226E-07,-0.));
#10300 = ORIENTED_EDGE('',*,*,#10301,.F.);
#10301 = EDGE_CURVE('',#10302,#10293,#10304,.T.);
#10302 = VERTEX_POINT('',#10303);
#10303 = CARTESIAN_POINT('',(105.3,-107.699989,0.91));
#10304 = LINE('',#10305,#10306);
#10305 = CARTESIAN_POINT('',(105.3,-107.699989,0.91));
#10306 = VECTOR('',#10307,1.);
#10307 = DIRECTION('',(0.,1.,0.));
#10308 = ORIENTED_EDGE('',*,*,#10309,.F.);
#10309 = EDGE_CURVE('',#10310,#10302,#10312,.T.);
#10310 = VERTEX_POINT('',#10311);
#10311 = CARTESIAN_POINT('',(106.1,-108.499989,0.91));
#10312 = CIRCLE('',#10313,0.800006572273);
#10313 = AXIS2_PLACEMENT_3D('',#10314,#10315,#10316);
#10314 = CARTESIAN_POINT('',(106.10000657224,-107.6999824277,0.91));
#10315 = DIRECTION('',(0.,0.,-1.));
#10316 = DIRECTION('',(-8.215240249752E-06,-0.999999999966,-0.));
#10317 = ORIENTED_EDGE('',*,*,#10318,.F.);
#10318 = EDGE_CURVE('',#10319,#10310,#10321,.T.);
#10319 = VERTEX_POINT('',#10320);
#10320 = CARTESIAN_POINT('',(107.796001,-108.499989,0.91));
#10321 = LINE('',#10322,#10323);
#10322 = CARTESIAN_POINT('',(107.796001,-108.499989,0.91));
#10323 = VECTOR('',#10324,1.);
#10324 = DIRECTION('',(-1.,0.,0.));
#10325 = ORIENTED_EDGE('',*,*,#10326,.F.);
#10326 = EDGE_CURVE('',#10327,#10319,#10329,.T.);
#10327 = VERTEX_POINT('',#10328);
#10328 = CARTESIAN_POINT('',(108.6,-107.699989,0.91));
#10329 = CIRCLE('',#10330,0.79999804508);
#10330 = AXIS2_PLACEMENT_3D('',#10331,#10332,#10333);
#10331 = CARTESIAN_POINT('',(107.800001955,-107.7000009597,0.91));
#10332 = DIRECTION('',(0.,0.,-1.));
#10333 = DIRECTION('',(0.999999999888,1.494976442316E-05,0.));
#10334 = ORIENTED_EDGE('',*,*,#10335,.F.);
#10335 = EDGE_CURVE('',#10336,#10327,#10338,.T.);
#10336 = VERTEX_POINT('',#10337);
#10337 = CARTESIAN_POINT('',(110.,-107.699989,0.91));
#10338 = CIRCLE('',#10339,0.7);
#10339 = AXIS2_PLACEMENT_3D('',#10340,#10341,#10342);
#10340 = CARTESIAN_POINT('',(109.3,-107.699989,0.91));
#10341 = DIRECTION('',(0.,0.,1.));
#10342 = DIRECTION('',(1.,0.,-0.));
#10343 = ORIENTED_EDGE('',*,*,#10344,.F.);
#10344 = EDGE_CURVE('',#10345,#10336,#10347,.T.);
#10345 = VERTEX_POINT('',#10346);
#10346 = CARTESIAN_POINT('',(110.8,-108.499989,0.91));
#10347 = CIRCLE('',#10348,0.800006572273);
#10348 = AXIS2_PLACEMENT_3D('',#10349,#10350,#10351);
#10349 = CARTESIAN_POINT('',(110.80000657224,-107.6999824277,0.91));
#10350 = DIRECTION('',(0.,0.,-1.));
#10351 = DIRECTION('',(-8.215240231988E-06,-0.999999999966,-0.));
#10352 = ORIENTED_EDGE('',*,*,#10353,.F.);
#10353 = EDGE_CURVE('',#10354,#10345,#10356,.T.);
#10354 = VERTEX_POINT('',#10355);
#10355 = CARTESIAN_POINT('',(116.695805,-108.499989,0.91));
#10356 = LINE('',#10357,#10358);
#10357 = CARTESIAN_POINT('',(116.695805,-108.499989,0.91));
#10358 = VECTOR('',#10359,1.);
#10359 = DIRECTION('',(-1.,0.,0.));
#10360 = ORIENTED_EDGE('',*,*,#10361,.F.);
#10361 = EDGE_CURVE('',#10362,#10354,#10364,.T.);
#10362 = VERTEX_POINT('',#10363);
#10363 = CARTESIAN_POINT('',(117.5,-107.7,0.91));
#10364 = CIRCLE('',#10365,0.799999744043);
#10365 = AXIS2_PLACEMENT_3D('',#10366,#10367,#10368);
#10366 = CARTESIAN_POINT('',(116.70000025595,-107.7000002561,0.91));
#10367 = DIRECTION('',(0.,0.,-1.));
#10368 = DIRECTION('',(1.,3.201801093923E-07,0.));
#10369 = ORIENTED_EDGE('',*,*,#10370,.F.);
#10370 = EDGE_CURVE('',#10371,#10362,#10373,.T.);
#10371 = VERTEX_POINT('',#10372);
#10372 = CARTESIAN_POINT('',(117.5,-92.295805,0.91));
#10373 = LINE('',#10374,#10375);
#10374 = CARTESIAN_POINT('',(117.5,-92.295805,0.91));
#10375 = VECTOR('',#10376,1.);
#10376 = DIRECTION('',(0.,-1.,0.));
#10377 = ORIENTED_EDGE('',*,*,#10378,.F.);
#10378 = EDGE_CURVE('',#10379,#10371,#10381,.T.);
#10379 = VERTEX_POINT('',#10380);
#10380 = CARTESIAN_POINT('',(116.7,-91.499989,0.91));
#10381 = CIRCLE('',#10382,0.800011697452);
#10382 = AXIS2_PLACEMENT_3D('',#10383,#10384,#10385);
#10383 = CARTESIAN_POINT('',(116.69999930488,-92.30000069745,0.91));
#10384 = DIRECTION('',(0.,0.,-1.));
#10385 = DIRECTION('',(8.688792227063E-07,1.,0.));
#10386 = ORIENTED_EDGE('',*,*,#10387,.F.);
#10387 = EDGE_CURVE('',#10388,#10379,#10390,.T.);
#10388 = VERTEX_POINT('',#10389);
#10389 = CARTESIAN_POINT('',(110.8,-91.499989,0.91));
#10390 = LINE('',#10391,#10392);
#10391 = CARTESIAN_POINT('',(110.8,-91.499989,0.91));
#10392 = VECTOR('',#10393,1.);
#10393 = DIRECTION('',(1.,0.,0.));
#10394 = ORIENTED_EDGE('',*,*,#10395,.F.);
#10395 = EDGE_CURVE('',#10396,#10388,#10398,.T.);
#10396 = VERTEX_POINT('',#10397);
#10397 = CARTESIAN_POINT('',(110.8,-91.5,0.91));
#10398 = LINE('',#10399,#10400);
#10399 = CARTESIAN_POINT('',(110.8,-91.5,0.91));
#10400 = VECTOR('',#10401,1.);
#10401 = DIRECTION('',(0.,1.,0.));
#10402 = ORIENTED_EDGE('',*,*,#10403,.F.);
#10403 = EDGE_CURVE('',#9960,#10396,#10404,.T.);
#10404 = CIRCLE('',#10405,0.799999743847);
#10405 = AXIS2_PLACEMENT_3D('',#10406,#10407,#10408);
#10406 = CARTESIAN_POINT('',(110.79999974377,-92.29999974384,0.91));
#10407 = DIRECTION('',(0.,0.,-1.));
#10408 = DIRECTION('',(-0.99999999991,1.342981292529E-05,0.));
#10409 = ORIENTED_EDGE('',*,*,#9959,.F.);
#10410 = FACE_BOUND('',#10411,.T.);
#10411 = EDGE_LOOP('',(#10412));
#10412 = ORIENTED_EDGE('',*,*,#10413,.T.);
#10413 = EDGE_CURVE('',#10414,#10414,#10416,.T.);
#10414 = VERTEX_POINT('',#10415);
#10415 = CARTESIAN_POINT('',(110.1,-104.875,0.91));
#10416 = CIRCLE('',#10417,0.875);
#10417 = AXIS2_PLACEMENT_3D('',#10418,#10419,#10420);
#10418 = CARTESIAN_POINT('',(110.1,-104.,0.91));
#10419 = DIRECTION('',(-0.,0.,-1.));
#10420 = DIRECTION('',(-0.,-1.,0.));
#10421 = FACE_BOUND('',#10422,.T.);
#10422 = EDGE_LOOP('',(#10423));
#10423 = ORIENTED_EDGE('',*,*,#10424,.T.);
#10424 = EDGE_CURVE('',#10425,#10425,#10427,.T.);
#10425 = VERTEX_POINT('',#10426);
#10426 = CARTESIAN_POINT('',(112.9,-106.875,0.91));
#10427 = CIRCLE('',#10428,0.875);
#10428 = AXIS2_PLACEMENT_3D('',#10429,#10430,#10431);
#10429 = CARTESIAN_POINT('',(112.9,-106.,0.91));
#10430 = DIRECTION('',(-0.,0.,-1.));
#10431 = DIRECTION('',(-0.,-1.,0.));
#10432 = FACE_BOUND('',#10433,.T.);
#10433 = EDGE_LOOP('',(#10434));
#10434 = ORIENTED_EDGE('',*,*,#10435,.T.);
#10435 = EDGE_CURVE('',#10436,#10436,#10438,.T.);
#10436 = VERTEX_POINT('',#10437);
#10437 = CARTESIAN_POINT('',(112.9,-102.875,0.91));
#10438 = CIRCLE('',#10439,0.875);
#10439 = AXIS2_PLACEMENT_3D('',#10440,#10441,#10442);
#10440 = CARTESIAN_POINT('',(112.9,-102.,0.91));
#10441 = DIRECTION('',(-0.,0.,-1.));
#10442 = DIRECTION('',(-0.,-1.,0.));
#10443 = FACE_BOUND('',#10444,.T.);
#10444 = EDGE_LOOP('',(#10445));
#10445 = ORIENTED_EDGE('',*,*,#10446,.T.);
#10446 = EDGE_CURVE('',#10447,#10447,#10449,.T.);
#10447 = VERTEX_POINT('',#10448);
#10448 = CARTESIAN_POINT('',(116.2,-107.1,0.91));
#10449 = CIRCLE('',#10450,0.5);
#10450 = AXIS2_PLACEMENT_3D('',#10451,#10452,#10453);
#10451 = CARTESIAN_POINT('',(116.2,-106.6,0.91));
#10452 = DIRECTION('',(-0.,0.,-1.));
#10453 = DIRECTION('',(-0.,-1.,0.));
#10454 = FACE_BOUND('',#10455,.T.);
#10455 = EDGE_LOOP('',(#10456));
#10456 = ORIENTED_EDGE('',*,*,#10457,.T.);
#10457 = EDGE_CURVE('',#10458,#10458,#10460,.T.);
#10458 = VERTEX_POINT('',#10459);
#10459 = CARTESIAN_POINT('',(116.2,-105.1,0.91));
#10460 = CIRCLE('',#10461,0.5);
#10461 = AXIS2_PLACEMENT_3D('',#10462,#10463,#10464);
#10462 = CARTESIAN_POINT('',(116.2,-104.6,0.91));
#10463 = DIRECTION('',(-0.,0.,-1.));
#10464 = DIRECTION('',(-0.,-1.,0.));
#10465 = FACE_BOUND('',#10466,.T.);
#10466 = EDGE_LOOP('',(#10467));
#10467 = ORIENTED_EDGE('',*,*,#10468,.T.);
#10468 = EDGE_CURVE('',#10469,#10469,#10471,.T.);
#10469 = VERTEX_POINT('',#10470);
#10470 = CARTESIAN_POINT('',(116.2,-103.1,0.91));
#10471 = CIRCLE('',#10472,0.5);
#10472 = AXIS2_PLACEMENT_3D('',#10473,#10474,#10475);
#10473 = CARTESIAN_POINT('',(116.2,-102.6,0.91));
#10474 = DIRECTION('',(-0.,0.,-1.));
#10475 = DIRECTION('',(-0.,-1.,0.));
#10476 = FACE_BOUND('',#10477,.T.);
#10477 = EDGE_LOOP('',(#10478));
#10478 = ORIENTED_EDGE('',*,*,#10479,.T.);
#10479 = EDGE_CURVE('',#10480,#10480,#10482,.T.);
#10480 = VERTEX_POINT('',#10481);
#10481 = CARTESIAN_POINT('',(116.,-100.97,0.91));
#10482 = CIRCLE('',#10483,0.7);
#10483 = AXIS2_PLACEMENT_3D('',#10484,#10485,#10486);
#10484 = CARTESIAN_POINT('',(116.,-100.27,0.91));
#10485 = DIRECTION('',(-0.,0.,-1.));
#10486 = DIRECTION('',(-0.,-1.,0.));
#10487 = FACE_BOUND('',#10488,.T.);
#10488 = EDGE_LOOP('',(#10489));
#10489 = ORIENTED_EDGE('',*,*,#10490,.T.);
#10490 = EDGE_CURVE('',#10491,#10491,#10493,.T.);
#10491 = VERTEX_POINT('',#10492);
#10492 = CARTESIAN_POINT('',(110.1,-100.875,0.91));
#10493 = CIRCLE('',#10494,0.875);
#10494 = AXIS2_PLACEMENT_3D('',#10495,#10496,#10497);
#10495 = CARTESIAN_POINT('',(110.1,-100.,0.91));
#10496 = DIRECTION('',(-0.,0.,-1.));
#10497 = DIRECTION('',(-0.,-1.,0.));
#10498 = FACE_BOUND('',#10499,.T.);
#10499 = EDGE_LOOP('',(#10500));
#10500 = ORIENTED_EDGE('',*,*,#10501,.T.);
#10501 = EDGE_CURVE('',#10502,#10502,#10504,.T.);
#10502 = VERTEX_POINT('',#10503);
#10503 = CARTESIAN_POINT('',(112.9,-98.875,0.91));
#10504 = CIRCLE('',#10505,0.875);
#10505 = AXIS2_PLACEMENT_3D('',#10506,#10507,#10508);
#10506 = CARTESIAN_POINT('',(112.9,-98.,0.91));
#10507 = DIRECTION('',(-0.,0.,-1.));
#10508 = DIRECTION('',(-0.,-1.,0.));
#10509 = FACE_BOUND('',#10510,.T.);
#10510 = EDGE_LOOP('',(#10511));
#10511 = ORIENTED_EDGE('',*,*,#10512,.T.);
#10512 = EDGE_CURVE('',#10513,#10513,#10515,.T.);
#10513 = VERTEX_POINT('',#10514);
#10514 = CARTESIAN_POINT('',(110.1,-96.875,0.91));
#10515 = CIRCLE('',#10516,0.875);
#10516 = AXIS2_PLACEMENT_3D('',#10517,#10518,#10519);
#10517 = CARTESIAN_POINT('',(110.1,-96.,0.91));
#10518 = DIRECTION('',(-0.,0.,-1.));
#10519 = DIRECTION('',(-0.,-1.,0.));
#10520 = FACE_BOUND('',#10521,.T.);
#10521 = EDGE_LOOP('',(#10522));
#10522 = ORIENTED_EDGE('',*,*,#10523,.T.);
#10523 = EDGE_CURVE('',#10524,#10524,#10526,.T.);
#10524 = VERTEX_POINT('',#10525);
#10525 = CARTESIAN_POINT('',(112.9,-94.875,0.91));
#10526 = CIRCLE('',#10527,0.875);
#10527 = AXIS2_PLACEMENT_3D('',#10528,#10529,#10530);
#10528 = CARTESIAN_POINT('',(112.9,-94.,0.91));
#10529 = DIRECTION('',(-0.,0.,-1.));
#10530 = DIRECTION('',(-0.,-1.,0.));
#10531 = FACE_BOUND('',#10532,.T.);
#10532 = EDGE_LOOP('',(#10533));
#10533 = ORIENTED_EDGE('',*,*,#10534,.T.);
#10534 = EDGE_CURVE('',#10535,#10535,#10537,.T.);
#10535 = VERTEX_POINT('',#10536);
#10536 = CARTESIAN_POINT('',(116.,-98.37,0.91));
#10537 = CIRCLE('',#10538,0.7);
#10538 = AXIS2_PLACEMENT_3D('',#10539,#10540,#10541);
#10539 = CARTESIAN_POINT('',(116.,-97.67,0.91));
#10540 = DIRECTION('',(-0.,0.,-1.));
#10541 = DIRECTION('',(-0.,-1.,0.));
#10542 = FACE_BOUND('',#10543,.T.);
#10543 = EDGE_LOOP('',(#10544));
#10544 = ORIENTED_EDGE('',*,*,#10545,.T.);
#10545 = EDGE_CURVE('',#10546,#10546,#10548,.T.);
#10546 = VERTEX_POINT('',#10547);
#10547 = CARTESIAN_POINT('',(116.2,-95.9,0.91));
#10548 = CIRCLE('',#10549,0.5);
#10549 = AXIS2_PLACEMENT_3D('',#10550,#10551,#10552);
#10550 = CARTESIAN_POINT('',(116.2,-95.4,0.91));
#10551 = DIRECTION('',(-0.,0.,-1.));
#10552 = DIRECTION('',(-0.,-1.,0.));
#10553 = FACE_BOUND('',#10554,.T.);
#10554 = EDGE_LOOP('',(#10555));
#10555 = ORIENTED_EDGE('',*,*,#10556,.T.);
#10556 = EDGE_CURVE('',#10557,#10557,#10559,.T.);
#10557 = VERTEX_POINT('',#10558);
#10558 = CARTESIAN_POINT('',(116.2,-93.9,0.91));
#10559 = CIRCLE('',#10560,0.5);
#10560 = AXIS2_PLACEMENT_3D('',#10561,#10562,#10563);
#10561 = CARTESIAN_POINT('',(116.2,-93.4,0.91));
#10562 = DIRECTION('',(-0.,0.,-1.));
#10563 = DIRECTION('',(-0.,-1.,0.));
#10564 = PLANE('',#10565);
#10565 = AXIS2_PLACEMENT_3D('',#10566,#10567,#10568);
#10566 = CARTESIAN_POINT('',(0.,0.,0.91));
#10567 = DIRECTION('',(0.,0.,1.));
#10568 = DIRECTION('',(1.,0.,-0.));
#10569 = ADVANCED_FACE('',(#10570),#10581,.T.);
#10570 = FACE_BOUND('',#10571,.T.);
#10571 = EDGE_LOOP('',(#10572,#10578,#10579,#10580));
#10572 = ORIENTED_EDGE('',*,*,#10573,.T.);
#10573 = EDGE_CURVE('',#9994,#10285,#10574,.T.);
#10574 = LINE('',#10575,#10576);
#10575 = CARTESIAN_POINT('',(106.1,-91.5,0.));
#10576 = VECTOR('',#10577,1.);
#10577 = DIRECTION('',(0.,0.,1.));
#10578 = ORIENTED_EDGE('',*,*,#10284,.T.);
#10579 = ORIENTED_EDGE('',*,*,#9927,.F.);
#10580 = ORIENTED_EDGE('',*,*,#9993,.F.);
#10581 = PLANE('',#10582);
#10582 = AXIS2_PLACEMENT_3D('',#10583,#10584,#10585);
#10583 = CARTESIAN_POINT('',(106.1,-91.5,0.));
#10584 = DIRECTION('',(-1.,0.,0.));
#10585 = DIRECTION('',(0.,1.,0.));
#10586 = ADVANCED_FACE('',(#10587),#10598,.T.);
#10587 = FACE_BOUND('',#10588,.T.);
#10588 = EDGE_LOOP('',(#10589,#10590,#10591,#10597));
#10589 = ORIENTED_EDGE('',*,*,#9968,.T.);
#10590 = ORIENTED_EDGE('',*,*,#10403,.T.);
#10591 = ORIENTED_EDGE('',*,*,#10592,.F.);
#10592 = EDGE_CURVE('',#10105,#10396,#10593,.T.);
#10593 = LINE('',#10594,#10595);
#10594 = CARTESIAN_POINT('',(110.8,-91.5,0.));
#10595 = VECTOR('',#10596,1.);
#10596 = DIRECTION('',(0.,0.,1.));
#10597 = ORIENTED_EDGE('',*,*,#10112,.F.);
#10598 = CYLINDRICAL_SURFACE('',#10599,0.799999743847);
#10599 = AXIS2_PLACEMENT_3D('',#10600,#10601,#10602);
#10600 = CARTESIAN_POINT('',(110.79999974377,-92.29999974384,0.));
#10601 = DIRECTION('',(0.,0.,-1.));
#10602 = DIRECTION('',(-0.99999999991,1.342981292529E-05,0.));
#10603 = ADVANCED_FACE('',(#10604),#10615,.T.);
#10604 = FACE_BOUND('',#10605,.T.);
#10605 = EDGE_LOOP('',(#10606,#10612,#10613,#10614));
#10606 = ORIENTED_EDGE('',*,*,#10607,.T.);
#10607 = EDGE_CURVE('',#10002,#10293,#10608,.T.);
#10608 = LINE('',#10609,#10610);
#10609 = CARTESIAN_POINT('',(105.3,-92.3,0.));
#10610 = VECTOR('',#10611,1.);
#10611 = DIRECTION('',(0.,0.,1.));
#10612 = ORIENTED_EDGE('',*,*,#10292,.T.);
#10613 = ORIENTED_EDGE('',*,*,#10573,.F.);
#10614 = ORIENTED_EDGE('',*,*,#10001,.F.);
#10615 = CYLINDRICAL_SURFACE('',#10616,0.799999743724);
#10616 = AXIS2_PLACEMENT_3D('',#10617,#10618,#10619);
#10617 = CARTESIAN_POINT('',(106.09999974372,-92.29999974372,0.));
#10618 = DIRECTION('',(0.,0.,-1.));
#10619 = DIRECTION('',(-1.,-3.203453285226E-07,-0.));
#10620 = ADVANCED_FACE('',(#10621),#10632,.T.);
#10621 = FACE_BOUND('',#10622,.T.);
#10622 = EDGE_LOOP('',(#10623,#10624,#10625,#10631));
#10623 = ORIENTED_EDGE('',*,*,#10592,.T.);
#10624 = ORIENTED_EDGE('',*,*,#10395,.T.);
#10625 = ORIENTED_EDGE('',*,*,#10626,.F.);
#10626 = EDGE_CURVE('',#10097,#10388,#10627,.T.);
#10627 = LINE('',#10628,#10629);
#10628 = CARTESIAN_POINT('',(110.8,-91.499989,0.));
#10629 = VECTOR('',#10630,1.);
#10630 = DIRECTION('',(0.,0.,1.));
#10631 = ORIENTED_EDGE('',*,*,#10104,.F.);
#10632 = PLANE('',#10633);
#10633 = AXIS2_PLACEMENT_3D('',#10634,#10635,#10636);
#10634 = CARTESIAN_POINT('',(110.8,-91.5,0.));
#10635 = DIRECTION('',(-1.,0.,0.));
#10636 = DIRECTION('',(0.,1.,0.));
#10637 = ADVANCED_FACE('',(#10638),#10649,.T.);
#10638 = FACE_BOUND('',#10639,.T.);
#10639 = EDGE_LOOP('',(#10640,#10646,#10647,#10648));
#10640 = ORIENTED_EDGE('',*,*,#10641,.T.);
#10641 = EDGE_CURVE('',#10011,#10302,#10642,.T.);
#10642 = LINE('',#10643,#10644);
#10643 = CARTESIAN_POINT('',(105.3,-107.699989,0.));
#10644 = VECTOR('',#10645,1.);
#10645 = DIRECTION('',(0.,0.,1.));
#10646 = ORIENTED_EDGE('',*,*,#10301,.T.);
#10647 = ORIENTED_EDGE('',*,*,#10607,.F.);
#10648 = ORIENTED_EDGE('',*,*,#10010,.F.);
#10649 = PLANE('',#10650);
#10650 = AXIS2_PLACEMENT_3D('',#10651,#10652,#10653);
#10651 = CARTESIAN_POINT('',(105.3,-107.699989,0.));
#10652 = DIRECTION('',(-1.,0.,0.));
#10653 = DIRECTION('',(0.,1.,0.));
#10654 = ADVANCED_FACE('',(#10655),#10666,.T.);
#10655 = FACE_BOUND('',#10656,.T.);
#10656 = EDGE_LOOP('',(#10657,#10658,#10659,#10665));
#10657 = ORIENTED_EDGE('',*,*,#10626,.T.);
#10658 = ORIENTED_EDGE('',*,*,#10387,.T.);
#10659 = ORIENTED_EDGE('',*,*,#10660,.F.);
#10660 = EDGE_CURVE('',#10088,#10379,#10661,.T.);
#10661 = LINE('',#10662,#10663);
#10662 = CARTESIAN_POINT('',(116.7,-91.499989,0.));
#10663 = VECTOR('',#10664,1.);
#10664 = DIRECTION('',(0.,0.,1.));
#10665 = ORIENTED_EDGE('',*,*,#10096,.F.);
#10666 = PLANE('',#10667);
#10667 = AXIS2_PLACEMENT_3D('',#10668,#10669,#10670);
#10668 = CARTESIAN_POINT('',(110.8,-91.499989,0.));
#10669 = DIRECTION('',(0.,1.,0.));
#10670 = DIRECTION('',(1.,0.,0.));
#10671 = ADVANCED_FACE('',(#10672),#10683,.T.);
#10672 = FACE_BOUND('',#10673,.T.);
#10673 = EDGE_LOOP('',(#10674,#10680,#10681,#10682));
#10674 = ORIENTED_EDGE('',*,*,#10675,.T.);
#10675 = EDGE_CURVE('',#10019,#10310,#10676,.T.);
#10676 = LINE('',#10677,#10678);
#10677 = CARTESIAN_POINT('',(106.1,-108.499989,0.));
#10678 = VECTOR('',#10679,1.);
#10679 = DIRECTION('',(0.,0.,1.));
#10680 = ORIENTED_EDGE('',*,*,#10309,.T.);
#10681 = ORIENTED_EDGE('',*,*,#10641,.F.);
#10682 = ORIENTED_EDGE('',*,*,#10018,.F.);
#10683 = CYLINDRICAL_SURFACE('',#10684,0.800006572273);
#10684 = AXIS2_PLACEMENT_3D('',#10685,#10686,#10687);
#10685 = CARTESIAN_POINT('',(106.10000657224,-107.6999824277,0.));
#10686 = DIRECTION('',(0.,0.,-1.));
#10687 = DIRECTION('',(-8.215240249752E-06,-0.999999999966,-0.));
#10688 = ADVANCED_FACE('',(#10689),#10700,.T.);
#10689 = FACE_BOUND('',#10690,.T.);
#10690 = EDGE_LOOP('',(#10691,#10692,#10693,#10699));
#10691 = ORIENTED_EDGE('',*,*,#10660,.T.);
#10692 = ORIENTED_EDGE('',*,*,#10378,.T.);
#10693 = ORIENTED_EDGE('',*,*,#10694,.F.);
#10694 = EDGE_CURVE('',#10080,#10371,#10695,.T.);
#10695 = LINE('',#10696,#10697);
#10696 = CARTESIAN_POINT('',(117.5,-92.295805,0.));
#10697 = VECTOR('',#10698,1.);
#10698 = DIRECTION('',(0.,0.,1.));
#10699 = ORIENTED_EDGE('',*,*,#10087,.F.);
#10700 = CYLINDRICAL_SURFACE('',#10701,0.800011697452);
#10701 = AXIS2_PLACEMENT_3D('',#10702,#10703,#10704);
#10702 = CARTESIAN_POINT('',(116.69999930488,-92.30000069745,0.));
#10703 = DIRECTION('',(0.,0.,-1.));
#10704 = DIRECTION('',(8.688792227063E-07,1.,0.));
#10705 = ADVANCED_FACE('',(#10706),#10717,.T.);
#10706 = FACE_BOUND('',#10707,.T.);
#10707 = EDGE_LOOP('',(#10708,#10714,#10715,#10716));
#10708 = ORIENTED_EDGE('',*,*,#10709,.T.);
#10709 = EDGE_CURVE('',#10028,#10319,#10710,.T.);
#10710 = LINE('',#10711,#10712);
#10711 = CARTESIAN_POINT('',(107.796001,-108.499989,0.));
#10712 = VECTOR('',#10713,1.);
#10713 = DIRECTION('',(0.,0.,1.));
#10714 = ORIENTED_EDGE('',*,*,#10318,.T.);
#10715 = ORIENTED_EDGE('',*,*,#10675,.F.);
#10716 = ORIENTED_EDGE('',*,*,#10027,.F.);
#10717 = PLANE('',#10718);
#10718 = AXIS2_PLACEMENT_3D('',#10719,#10720,#10721);
#10719 = CARTESIAN_POINT('',(107.796001,-108.499989,0.));
#10720 = DIRECTION('',(0.,-1.,0.));
#10721 = DIRECTION('',(-1.,0.,0.));
#10722 = ADVANCED_FACE('',(#10723),#10734,.T.);
#10723 = FACE_BOUND('',#10724,.T.);
#10724 = EDGE_LOOP('',(#10725,#10726,#10727,#10733));
#10725 = ORIENTED_EDGE('',*,*,#10694,.T.);
#10726 = ORIENTED_EDGE('',*,*,#10370,.T.);
#10727 = ORIENTED_EDGE('',*,*,#10728,.F.);
#10728 = EDGE_CURVE('',#10071,#10362,#10729,.T.);
#10729 = LINE('',#10730,#10731);
#10730 = CARTESIAN_POINT('',(117.5,-107.7,0.));
#10731 = VECTOR('',#10732,1.);
#10732 = DIRECTION('',(0.,0.,1.));
#10733 = ORIENTED_EDGE('',*,*,#10079,.F.);
#10734 = PLANE('',#10735);
#10735 = AXIS2_PLACEMENT_3D('',#10736,#10737,#10738);
#10736 = CARTESIAN_POINT('',(117.5,-92.295805,0.));
#10737 = DIRECTION('',(1.,0.,-0.));
#10738 = DIRECTION('',(0.,-1.,0.));
#10739 = ADVANCED_FACE('',(#10740),#10751,.T.);
#10740 = FACE_BOUND('',#10741,.T.);
#10741 = EDGE_LOOP('',(#10742,#10748,#10749,#10750));
#10742 = ORIENTED_EDGE('',*,*,#10743,.T.);
#10743 = EDGE_CURVE('',#10036,#10327,#10744,.T.);
#10744 = LINE('',#10745,#10746);
#10745 = CARTESIAN_POINT('',(108.6,-107.699989,0.));
#10746 = VECTOR('',#10747,1.);
#10747 = DIRECTION('',(0.,0.,1.));
#10748 = ORIENTED_EDGE('',*,*,#10326,.T.);
#10749 = ORIENTED_EDGE('',*,*,#10709,.F.);
#10750 = ORIENTED_EDGE('',*,*,#10035,.F.);
#10751 = CYLINDRICAL_SURFACE('',#10752,0.79999804508);
#10752 = AXIS2_PLACEMENT_3D('',#10753,#10754,#10755);
#10753 = CARTESIAN_POINT('',(107.800001955,-107.7000009597,0.));
#10754 = DIRECTION('',(0.,0.,-1.));
#10755 = DIRECTION('',(0.999999999888,1.494976442316E-05,0.));
#10756 = ADVANCED_FACE('',(#10757),#10768,.T.);
#10757 = FACE_BOUND('',#10758,.T.);
#10758 = EDGE_LOOP('',(#10759,#10760,#10761,#10767));
#10759 = ORIENTED_EDGE('',*,*,#10728,.T.);
#10760 = ORIENTED_EDGE('',*,*,#10361,.T.);
#10761 = ORIENTED_EDGE('',*,*,#10762,.F.);
#10762 = EDGE_CURVE('',#10063,#10354,#10763,.T.);
#10763 = LINE('',#10764,#10765);
#10764 = CARTESIAN_POINT('',(116.695805,-108.499989,0.));
#10765 = VECTOR('',#10766,1.);
#10766 = DIRECTION('',(0.,0.,1.));
#10767 = ORIENTED_EDGE('',*,*,#10070,.F.);
#10768 = CYLINDRICAL_SURFACE('',#10769,0.799999744043);
#10769 = AXIS2_PLACEMENT_3D('',#10770,#10771,#10772);
#10770 = CARTESIAN_POINT('',(116.70000025595,-107.7000002561,0.));
#10771 = DIRECTION('',(0.,0.,-1.));
#10772 = DIRECTION('',(1.,3.201801093923E-07,0.));
#10773 = ADVANCED_FACE('',(#10774),#10785,.F.);
#10774 = FACE_BOUND('',#10775,.T.);
#10775 = EDGE_LOOP('',(#10776,#10782,#10783,#10784));
#10776 = ORIENTED_EDGE('',*,*,#10777,.T.);
#10777 = EDGE_CURVE('',#10045,#10336,#10778,.T.);
#10778 = LINE('',#10779,#10780);
#10779 = CARTESIAN_POINT('',(110.,-107.699989,0.));
#10780 = VECTOR('',#10781,1.);
#10781 = DIRECTION('',(0.,0.,1.));
#10782 = ORIENTED_EDGE('',*,*,#10335,.T.);
#10783 = ORIENTED_EDGE('',*,*,#10743,.F.);
#10784 = ORIENTED_EDGE('',*,*,#10044,.F.);
#10785 = CYLINDRICAL_SURFACE('',#10786,0.7);
#10786 = AXIS2_PLACEMENT_3D('',#10787,#10788,#10789);
#10787 = CARTESIAN_POINT('',(109.3,-107.699989,0.));
#10788 = DIRECTION('',(-0.,-0.,-1.));
#10789 = DIRECTION('',(1.,0.,-0.));
#10790 = ADVANCED_FACE('',(#10791),#10802,.T.);
#10791 = FACE_BOUND('',#10792,.T.);
#10792 = EDGE_LOOP('',(#10793,#10794,#10795,#10801));
#10793 = ORIENTED_EDGE('',*,*,#10762,.T.);
#10794 = ORIENTED_EDGE('',*,*,#10353,.T.);
#10795 = ORIENTED_EDGE('',*,*,#10796,.F.);
#10796 = EDGE_CURVE('',#10054,#10345,#10797,.T.);
#10797 = LINE('',#10798,#10799);
#10798 = CARTESIAN_POINT('',(110.8,-108.499989,0.));
#10799 = VECTOR('',#10800,1.);
#10800 = DIRECTION('',(0.,0.,1.));
#10801 = ORIENTED_EDGE('',*,*,#10062,.F.);
#10802 = PLANE('',#10803);
#10803 = AXIS2_PLACEMENT_3D('',#10804,#10805,#10806);
#10804 = CARTESIAN_POINT('',(116.695805,-108.499989,0.));
#10805 = DIRECTION('',(0.,-1.,0.));
#10806 = DIRECTION('',(-1.,0.,0.));
#10807 = ADVANCED_FACE('',(#10808),#10814,.T.);
#10808 = FACE_BOUND('',#10809,.T.);
#10809 = EDGE_LOOP('',(#10810,#10811,#10812,#10813));
#10810 = ORIENTED_EDGE('',*,*,#10796,.T.);
#10811 = ORIENTED_EDGE('',*,*,#10344,.T.);
#10812 = ORIENTED_EDGE('',*,*,#10777,.F.);
#10813 = ORIENTED_EDGE('',*,*,#10053,.F.);
#10814 = CYLINDRICAL_SURFACE('',#10815,0.800006572273);
#10815 = AXIS2_PLACEMENT_3D('',#10816,#10817,#10818);
#10816 = CARTESIAN_POINT('',(110.80000657224,-107.6999824277,0.));
#10817 = DIRECTION('',(0.,0.,-1.));
#10818 = DIRECTION('',(-8.215240231988E-06,-0.999999999966,-0.));
#10819 = ADVANCED_FACE('',(#10820),#10831,.F.);
#10820 = FACE_BOUND('',#10821,.T.);
#10821 = EDGE_LOOP('',(#10822,#10823,#10829,#10830));
#10822 = ORIENTED_EDGE('',*,*,#10122,.T.);
#10823 = ORIENTED_EDGE('',*,*,#10824,.T.);
#10824 = EDGE_CURVE('',#10123,#10414,#10825,.T.);
#10825 = LINE('',#10826,#10827);
#10826 = CARTESIAN_POINT('',(110.1,-104.875,-4.6E-02));
#10827 = VECTOR('',#10828,1.);
#10828 = DIRECTION('',(0.,0.,1.));
#10829 = ORIENTED_EDGE('',*,*,#10413,.F.);
#10830 = ORIENTED_EDGE('',*,*,#10824,.F.);
#10831 = CYLINDRICAL_SURFACE('',#10832,0.875);
#10832 = AXIS2_PLACEMENT_3D('',#10833,#10834,#10835);
#10833 = CARTESIAN_POINT('',(110.1,-104.,-4.6E-02));
#10834 = DIRECTION('',(-0.,-0.,-1.));
#10835 = DIRECTION('',(-0.,-1.,0.));
#10836 = ADVANCED_FACE('',(#10837),#10848,.F.);
#10837 = FACE_BOUND('',#10838,.T.);
#10838 = EDGE_LOOP('',(#10839,#10840,#10846,#10847));
#10839 = ORIENTED_EDGE('',*,*,#10133,.T.);
#10840 = ORIENTED_EDGE('',*,*,#10841,.T.);
#10841 = EDGE_CURVE('',#10134,#10425,#10842,.T.);
#10842 = LINE('',#10843,#10844);
#10843 = CARTESIAN_POINT('',(112.9,-106.875,-4.6E-02));
#10844 = VECTOR('',#10845,1.);
#10845 = DIRECTION('',(0.,0.,1.));
#10846 = ORIENTED_EDGE('',*,*,#10424,.F.);
#10847 = ORIENTED_EDGE('',*,*,#10841,.F.);
#10848 = CYLINDRICAL_SURFACE('',#10849,0.875);
#10849 = AXIS2_PLACEMENT_3D('',#10850,#10851,#10852);
#10850 = CARTESIAN_POINT('',(112.9,-106.,-4.6E-02));
#10851 = DIRECTION('',(-0.,-0.,-1.));
#10852 = DIRECTION('',(-0.,-1.,0.));
#10853 = ADVANCED_FACE('',(#10854),#10865,.F.);
#10854 = FACE_BOUND('',#10855,.T.);
#10855 = EDGE_LOOP('',(#10856,#10857,#10863,#10864));
#10856 = ORIENTED_EDGE('',*,*,#10144,.T.);
#10857 = ORIENTED_EDGE('',*,*,#10858,.T.);
#10858 = EDGE_CURVE('',#10145,#10436,#10859,.T.);
#10859 = LINE('',#10860,#10861);
#10860 = CARTESIAN_POINT('',(112.9,-102.875,-4.6E-02));
#10861 = VECTOR('',#10862,1.);
#10862 = DIRECTION('',(0.,0.,1.));
#10863 = ORIENTED_EDGE('',*,*,#10435,.F.);
#10864 = ORIENTED_EDGE('',*,*,#10858,.F.);
#10865 = CYLINDRICAL_SURFACE('',#10866,0.875);
#10866 = AXIS2_PLACEMENT_3D('',#10867,#10868,#10869);
#10867 = CARTESIAN_POINT('',(112.9,-102.,-4.6E-02));
#10868 = DIRECTION('',(-0.,-0.,-1.));
#10869 = DIRECTION('',(-0.,-1.,0.));
#10870 = ADVANCED_FACE('',(#10871),#10882,.F.);
#10871 = FACE_BOUND('',#10872,.T.);
#10872 = EDGE_LOOP('',(#10873,#10874,#10880,#10881));
#10873 = ORIENTED_EDGE('',*,*,#10155,.T.);
#10874 = ORIENTED_EDGE('',*,*,#10875,.T.);
#10875 = EDGE_CURVE('',#10156,#10447,#10876,.T.);
#10876 = LINE('',#10877,#10878);
#10877 = CARTESIAN_POINT('',(116.2,-107.1,-4.6E-02));
#10878 = VECTOR('',#10879,1.);
#10879 = DIRECTION('',(0.,0.,1.));
#10880 = ORIENTED_EDGE('',*,*,#10446,.F.);
#10881 = ORIENTED_EDGE('',*,*,#10875,.F.);
#10882 = CYLINDRICAL_SURFACE('',#10883,0.5);
#10883 = AXIS2_PLACEMENT_3D('',#10884,#10885,#10886);
#10884 = CARTESIAN_POINT('',(116.2,-106.6,-4.6E-02));
#10885 = DIRECTION('',(-0.,-0.,-1.));
#10886 = DIRECTION('',(-0.,-1.,0.));
#10887 = ADVANCED_FACE('',(#10888),#10899,.F.);
#10888 = FACE_BOUND('',#10889,.T.);
#10889 = EDGE_LOOP('',(#10890,#10891,#10897,#10898));
#10890 = ORIENTED_EDGE('',*,*,#10166,.T.);
#10891 = ORIENTED_EDGE('',*,*,#10892,.T.);
#10892 = EDGE_CURVE('',#10167,#10458,#10893,.T.);
#10893 = LINE('',#10894,#10895);
#10894 = CARTESIAN_POINT('',(116.2,-105.1,-4.6E-02));
#10895 = VECTOR('',#10896,1.);
#10896 = DIRECTION('',(0.,0.,1.));
#10897 = ORIENTED_EDGE('',*,*,#10457,.F.);
#10898 = ORIENTED_EDGE('',*,*,#10892,.F.);
#10899 = CYLINDRICAL_SURFACE('',#10900,0.5);
#10900 = AXIS2_PLACEMENT_3D('',#10901,#10902,#10903);
#10901 = CARTESIAN_POINT('',(116.2,-104.6,-4.6E-02));
#10902 = DIRECTION('',(-0.,-0.,-1.));
#10903 = DIRECTION('',(-0.,-1.,0.));
#10904 = ADVANCED_FACE('',(#10905),#10916,.F.);
#10905 = FACE_BOUND('',#10906,.T.);
#10906 = EDGE_LOOP('',(#10907,#10908,#10914,#10915));
#10907 = ORIENTED_EDGE('',*,*,#10177,.T.);
#10908 = ORIENTED_EDGE('',*,*,#10909,.T.);
#10909 = EDGE_CURVE('',#10178,#10469,#10910,.T.);
#10910 = LINE('',#10911,#10912);
#10911 = CARTESIAN_POINT('',(116.2,-103.1,-4.6E-02));
#10912 = VECTOR('',#10913,1.);
#10913 = DIRECTION('',(0.,0.,1.));
#10914 = ORIENTED_EDGE('',*,*,#10468,.F.);
#10915 = ORIENTED_EDGE('',*,*,#10909,.F.);
#10916 = CYLINDRICAL_SURFACE('',#10917,0.5);
#10917 = AXIS2_PLACEMENT_3D('',#10918,#10919,#10920);
#10918 = CARTESIAN_POINT('',(116.2,-102.6,-4.6E-02));
#10919 = DIRECTION('',(-0.,-0.,-1.));
#10920 = DIRECTION('',(-0.,-1.,0.));
#10921 = ADVANCED_FACE('',(#10922),#10933,.F.);
#10922 = FACE_BOUND('',#10923,.T.);
#10923 = EDGE_LOOP('',(#10924,#10925,#10931,#10932));
#10924 = ORIENTED_EDGE('',*,*,#10188,.T.);
#10925 = ORIENTED_EDGE('',*,*,#10926,.T.);
#10926 = EDGE_CURVE('',#10189,#10480,#10927,.T.);
#10927 = LINE('',#10928,#10929);
#10928 = CARTESIAN_POINT('',(116.,-100.97,-4.6E-02));
#10929 = VECTOR('',#10930,1.);
#10930 = DIRECTION('',(0.,0.,1.));
#10931 = ORIENTED_EDGE('',*,*,#10479,.F.);
#10932 = ORIENTED_EDGE('',*,*,#10926,.F.);
#10933 = CYLINDRICAL_SURFACE('',#10934,0.7);
#10934 = AXIS2_PLACEMENT_3D('',#10935,#10936,#10937);
#10935 = CARTESIAN_POINT('',(116.,-100.27,-4.6E-02));
#10936 = DIRECTION('',(-0.,-0.,-1.));
#10937 = DIRECTION('',(-0.,-1.,0.));
#10938 = ADVANCED_FACE('',(#10939),#10950,.F.);
#10939 = FACE_BOUND('',#10940,.T.);
#10940 = EDGE_LOOP('',(#10941,#10942,#10948,#10949));
#10941 = ORIENTED_EDGE('',*,*,#10199,.T.);
#10942 = ORIENTED_EDGE('',*,*,#10943,.T.);
#10943 = EDGE_CURVE('',#10200,#10491,#10944,.T.);
#10944 = LINE('',#10945,#10946);
#10945 = CARTESIAN_POINT('',(110.1,-100.875,-4.6E-02));
#10946 = VECTOR('',#10947,1.);
#10947 = DIRECTION('',(0.,0.,1.));
#10948 = ORIENTED_EDGE('',*,*,#10490,.F.);
#10949 = ORIENTED_EDGE('',*,*,#10943,.F.);
#10950 = CYLINDRICAL_SURFACE('',#10951,0.875);
#10951 = AXIS2_PLACEMENT_3D('',#10952,#10953,#10954);
#10952 = CARTESIAN_POINT('',(110.1,-100.,-4.6E-02));
#10953 = DIRECTION('',(-0.,-0.,-1.));
#10954 = DIRECTION('',(-0.,-1.,0.));
#10955 = ADVANCED_FACE('',(#10956),#10967,.F.);
#10956 = FACE_BOUND('',#10957,.T.);
#10957 = EDGE_LOOP('',(#10958,#10959,#10965,#10966));
#10958 = ORIENTED_EDGE('',*,*,#10210,.T.);
#10959 = ORIENTED_EDGE('',*,*,#10960,.T.);
#10960 = EDGE_CURVE('',#10211,#10502,#10961,.T.);
#10961 = LINE('',#10962,#10963);
#10962 = CARTESIAN_POINT('',(112.9,-98.875,-4.6E-02));
#10963 = VECTOR('',#10964,1.);
#10964 = DIRECTION('',(0.,0.,1.));
#10965 = ORIENTED_EDGE('',*,*,#10501,.F.);
#10966 = ORIENTED_EDGE('',*,*,#10960,.F.);
#10967 = CYLINDRICAL_SURFACE('',#10968,0.875);
#10968 = AXIS2_PLACEMENT_3D('',#10969,#10970,#10971);
#10969 = CARTESIAN_POINT('',(112.9,-98.,-4.6E-02));
#10970 = DIRECTION('',(-0.,-0.,-1.));
#10971 = DIRECTION('',(-0.,-1.,0.));
#10972 = ADVANCED_FACE('',(#10973),#10984,.F.);
#10973 = FACE_BOUND('',#10974,.T.);
#10974 = EDGE_LOOP('',(#10975,#10976,#10982,#10983));
#10975 = ORIENTED_EDGE('',*,*,#10221,.T.);
#10976 = ORIENTED_EDGE('',*,*,#10977,.T.);
#10977 = EDGE_CURVE('',#10222,#10513,#10978,.T.);
#10978 = LINE('',#10979,#10980);
#10979 = CARTESIAN_POINT('',(110.1,-96.875,-4.6E-02));
#10980 = VECTOR('',#10981,1.);
#10981 = DIRECTION('',(0.,0.,1.));
#10982 = ORIENTED_EDGE('',*,*,#10512,.F.);
#10983 = ORIENTED_EDGE('',*,*,#10977,.F.);
#10984 = CYLINDRICAL_SURFACE('',#10985,0.875);
#10985 = AXIS2_PLACEMENT_3D('',#10986,#10987,#10988);
#10986 = CARTESIAN_POINT('',(110.1,-96.,-4.6E-02));
#10987 = DIRECTION('',(-0.,-0.,-1.));
#10988 = DIRECTION('',(-0.,-1.,0.));
#10989 = ADVANCED_FACE('',(#10990),#11001,.F.);
#10990 = FACE_BOUND('',#10991,.T.);
#10991 = EDGE_LOOP('',(#10992,#10993,#10999,#11000));
#10992 = ORIENTED_EDGE('',*,*,#10232,.T.);
#10993 = ORIENTED_EDGE('',*,*,#10994,.T.);
#10994 = EDGE_CURVE('',#10233,#10524,#10995,.T.);
#10995 = LINE('',#10996,#10997);
#10996 = CARTESIAN_POINT('',(112.9,-94.875,-4.6E-02));
#10997 = VECTOR('',#10998,1.);
#10998 = DIRECTION('',(0.,0.,1.));
#10999 = ORIENTED_EDGE('',*,*,#10523,.F.);
#11000 = ORIENTED_EDGE('',*,*,#10994,.F.);
#11001 = CYLINDRICAL_SURFACE('',#11002,0.875);
#11002 = AXIS2_PLACEMENT_3D('',#11003,#11004,#11005);
#11003 = CARTESIAN_POINT('',(112.9,-94.,-4.6E-02));
#11004 = DIRECTION('',(-0.,-0.,-1.));
#11005 = DIRECTION('',(-0.,-1.,0.));
#11006 = ADVANCED_FACE('',(#11007),#11018,.F.);
#11007 = FACE_BOUND('',#11008,.T.);
#11008 = EDGE_LOOP('',(#11009,#11010,#11016,#11017));
#11009 = ORIENTED_EDGE('',*,*,#10243,.T.);
#11010 = ORIENTED_EDGE('',*,*,#11011,.T.);
#11011 = EDGE_CURVE('',#10244,#10535,#11012,.T.);
#11012 = LINE('',#11013,#11014);
#11013 = CARTESIAN_POINT('',(116.,-98.37,-4.6E-02));
#11014 = VECTOR('',#11015,1.);
#11015 = DIRECTION('',(0.,0.,1.));
#11016 = ORIENTED_EDGE('',*,*,#10534,.F.);
#11017 = ORIENTED_EDGE('',*,*,#11011,.F.);
#11018 = CYLINDRICAL_SURFACE('',#11019,0.7);
#11019 = AXIS2_PLACEMENT_3D('',#11020,#11021,#11022);
#11020 = CARTESIAN_POINT('',(116.,-97.67,-4.6E-02));
#11021 = DIRECTION('',(-0.,-0.,-1.));
#11022 = DIRECTION('',(-0.,-1.,0.));
#11023 = ADVANCED_FACE('',(#11024),#11035,.F.);
#11024 = FACE_BOUND('',#11025,.T.);
#11025 = EDGE_LOOP('',(#11026,#11027,#11033,#11034));
#11026 = ORIENTED_EDGE('',*,*,#10254,.T.);
#11027 = ORIENTED_EDGE('',*,*,#11028,.T.);
#11028 = EDGE_CURVE('',#10255,#10546,#11029,.T.);
#11029 = LINE('',#11030,#11031);
#11030 = CARTESIAN_POINT('',(116.2,-95.9,-4.6E-02));
#11031 = VECTOR('',#11032,1.);
#11032 = DIRECTION('',(0.,0.,1.));
#11033 = ORIENTED_EDGE('',*,*,#10545,.F.);
#11034 = ORIENTED_EDGE('',*,*,#11028,.F.);
#11035 = CYLINDRICAL_SURFACE('',#11036,0.5);
#11036 = AXIS2_PLACEMENT_3D('',#11037,#11038,#11039);
#11037 = CARTESIAN_POINT('',(116.2,-95.4,-4.6E-02));
#11038 = DIRECTION('',(-0.,-0.,-1.));
#11039 = DIRECTION('',(-0.,-1.,0.));
#11040 = ADVANCED_FACE('',(#11041),#11052,.F.);
#11041 = FACE_BOUND('',#11042,.T.);
#11042 = EDGE_LOOP('',(#11043,#11044,#11050,#11051));
#11043 = ORIENTED_EDGE('',*,*,#10265,.T.);
#11044 = ORIENTED_EDGE('',*,*,#11045,.T.);
#11045 = EDGE_CURVE('',#10266,#10557,#11046,.T.);
#11046 = LINE('',#11047,#11048);
#11047 = CARTESIAN_POINT('',(116.2,-93.9,-4.6E-02));
#11048 = VECTOR('',#11049,1.);
#11049 = DIRECTION('',(0.,0.,1.));
#11050 = ORIENTED_EDGE('',*,*,#10556,.F.);
#11051 = ORIENTED_EDGE('',*,*,#11045,.F.);
#11052 = CYLINDRICAL_SURFACE('',#11053,0.5);
#11053 = AXIS2_PLACEMENT_3D('',#11054,#11055,#11056);
#11054 = CARTESIAN_POINT('',(116.2,-93.4,-4.6E-02));
#11055 = DIRECTION('',(-0.,-0.,-1.));
#11056 = DIRECTION('',(-0.,-1.,0.));
#11057 = ( GEOMETRIC_REPRESENTATION_CONTEXT(3) 
GLOBAL_UNCERTAINTY_ASSIGNED_CONTEXT((#11061)) 
GLOBAL_UNIT_ASSIGNED_CONTEXT((#11058,#11059,#11060)) 
REPRESENTATION_CONTEXT('Context #1',
  '3D Context with UNIT and UNCERTAINTY') );
#11058 = ( LENGTH_UNIT() NAMED_UNIT(*) SI_UNIT(.MILLI.,.METRE.) );
#11059 = ( NAMED_UNIT(*) PLANE_ANGLE_UNIT() SI_UNIT($,.RADIAN.) );
#11060 = ( NAMED_UNIT(*) SI_UNIT($,.STERADIAN.) SOLID_ANGLE_UNIT() );
#11061 = UNCERTAINTY_MEASURE_WITH_UNIT(LENGTH_MEASURE(1.E-07),#11058,
  'distance_accuracy_value','confusion accuracy');
#11062 = CONTEXT_DEPENDENT_SHAPE_REPRESENTATION(#11063,#11065);
#11063 = ( REPRESENTATION_RELATIONSHIP('','',#9878,#10) 
REPRESENTATION_RELATIONSHIP_WITH_TRANSFORMATION(#11064) 
SHAPE_REPRESENTATION_RELATIONSHIP() );
#11064 = ITEM_DEFINED_TRANSFORMATION('','',#11,#39);
#11065 = PRODUCT_DEFINITION_SHAPE('Placement','Placement of an item',
  #11066);
#11066 = NEXT_ASSEMBLY_USAGE_OCCURRENCE('7','=>[0:1:1:5]','',#5,#9873,$
  );
#11067 = PRODUCT_RELATED_PRODUCT_CATEGORY('part',$,(#9875));
#11068 = MECHANICAL_DESIGN_GEOMETRIC_PRESENTATION_REPRESENTATION('',(
    #11069),#11057);
#11069 = STYLED_ITEM('color',(#11070),#9879);
#11070 = PRESENTATION_STYLE_ASSIGNMENT((#11071));
#11071 = SURFACE_STYLE_USAGE(.BOTH.,#11072);
#11072 = SURFACE_SIDE_STYLE('',(#11073));
#11073 = SURFACE_STYLE_FILL_AREA(#11074);
#11074 = FILL_AREA_STYLE('',(#11075));
#11075 = FILL_AREA_STYLE_COLOUR('',#11076);
#11076 = COLOUR_RGB('',0.313304153717,0.484529207832,0.410020903123);
#11077 = MECHANICAL_DESIGN_GEOMETRIC_PRESENTATION_REPRESENTATION('',(
    #11078,#11086,#11093,#11100,#11107,#11114,#11122,#11129,#11136,
    #11143,#11150,#11157,#11164,#11171,#11178,#11185,#11192,#11199,
    #11206,#11214,#11221,#11228,#11235,#11242,#11249,#11256,#11263),
  #2603);
#11078 = STYLED_ITEM('color',(#11079),#1893);
#11079 = PRESENTATION_STYLE_ASSIGNMENT((#11080));
#11080 = SURFACE_STYLE_USAGE(.BOTH.,#11081);
#11081 = SURFACE_SIDE_STYLE('',(#11082));
#11082 = SURFACE_STYLE_FILL_AREA(#11083);
#11083 = FILL_AREA_STYLE('',(#11084));
#11084 = FILL_AREA_STYLE_COLOUR('',#11085);
#11085 = COLOUR_RGB('',0.823999987314,0.819999987296,0.781000009244);
#11086 = STYLED_ITEM('color',(#11087),#1933);
#11087 = PRESENTATION_STYLE_ASSIGNMENT((#11088));
#11088 = SURFACE_STYLE_USAGE(.BOTH.,#11089);
#11089 = SURFACE_SIDE_STYLE('',(#11090));
#11090 = SURFACE_STYLE_FILL_AREA(#11091);
#11091 = FILL_AREA_STYLE('',(#11092));
#11092 = FILL_AREA_STYLE_COLOUR('',#11085);
#11093 = STYLED_ITEM('color',(#11094),#1966);
#11094 = PRESENTATION_STYLE_ASSIGNMENT((#11095));
#11095 = SURFACE_STYLE_USAGE(.BOTH.,#11096);
#11096 = SURFACE_SIDE_STYLE('',(#11097));
#11097 = SURFACE_STYLE_FILL_AREA(#11098);
#11098 = FILL_AREA_STYLE('',(#11099));
#11099 = FILL_AREA_STYLE_COLOUR('',#11085);
#11100 = STYLED_ITEM('color',(#11101),#1990);
#11101 = PRESENTATION_STYLE_ASSIGNMENT((#11102));
#11102 = SURFACE_STYLE_USAGE(.BOTH.,#11103);
#11103 = SURFACE_SIDE_STYLE('',(#11104));
#11104 = SURFACE_STYLE_FILL_AREA(#11105);
#11105 = FILL_AREA_STYLE('',(#11106));
#11106 = FILL_AREA_STYLE_COLOUR('',#11085);
#11107 = STYLED_ITEM('color',(#11108),#2016);
#11108 = PRESENTATION_STYLE_ASSIGNMENT((#11109));
#11109 = SURFACE_STYLE_USAGE(.BOTH.,#11110);
#11110 = SURFACE_SIDE_STYLE('',(#11111));
#11111 = SURFACE_STYLE_FILL_AREA(#11112);
#11112 = FILL_AREA_STYLE('',(#11113));
#11113 = FILL_AREA_STYLE_COLOUR('',#11085);
#11114 = STYLED_ITEM('color',(#11115),#2033);
#11115 = PRESENTATION_STYLE_ASSIGNMENT((#11116));
#11116 = SURFACE_STYLE_USAGE(.BOTH.,#11117);
#11117 = SURFACE_SIDE_STYLE('',(#11118));
#11118 = SURFACE_STYLE_FILL_AREA(#11119);
#11119 = FILL_AREA_STYLE('',(#11120));
#11120 = FILL_AREA_STYLE_COLOUR('',#11121);
#11121 = COLOUR_RGB('',0.147999998088,0.144999993226,0.144999993226);
#11122 = STYLED_ITEM('color',(#11123),#2063);
#11123 = PRESENTATION_STYLE_ASSIGNMENT((#11124));
#11124 = SURFACE_STYLE_USAGE(.BOTH.,#11125);
#11125 = SURFACE_SIDE_STYLE('',(#11126));
#11126 = SURFACE_STYLE_FILL_AREA(#11127);
#11127 = FILL_AREA_STYLE('',(#11128));
#11128 = FILL_AREA_STYLE_COLOUR('',#11121);
#11129 = STYLED_ITEM('color',(#11130),#2101);
#11130 = PRESENTATION_STYLE_ASSIGNMENT((#11131));
#11131 = SURFACE_STYLE_USAGE(.BOTH.,#11132);
#11132 = SURFACE_SIDE_STYLE('',(#11133));
#11133 = SURFACE_STYLE_FILL_AREA(#11134);
#11134 = FILL_AREA_STYLE('',(#11135));
#11135 = FILL_AREA_STYLE_COLOUR('',#11121);
#11136 = STYLED_ITEM('color',(#11137),#2124);
#11137 = PRESENTATION_STYLE_ASSIGNMENT((#11138));
#11138 = SURFACE_STYLE_USAGE(.BOTH.,#11139);
#11139 = SURFACE_SIDE_STYLE('',(#11140));
#11140 = SURFACE_STYLE_FILL_AREA(#11141);
#11141 = FILL_AREA_STYLE('',(#11142));
#11142 = FILL_AREA_STYLE_COLOUR('',#11121);
#11143 = STYLED_ITEM('color',(#11144),#2173);
#11144 = PRESENTATION_STYLE_ASSIGNMENT((#11145));
#11145 = SURFACE_STYLE_USAGE(.BOTH.,#11146);
#11146 = SURFACE_SIDE_STYLE('',(#11147));
#11147 = SURFACE_STYLE_FILL_AREA(#11148);
#11148 = FILL_AREA_STYLE('',(#11149));
#11149 = FILL_AREA_STYLE_COLOUR('',#11121);
#11150 = STYLED_ITEM('color',(#11151),#2196);
#11151 = PRESENTATION_STYLE_ASSIGNMENT((#11152));
#11152 = SURFACE_STYLE_USAGE(.BOTH.,#11153);
#11153 = SURFACE_SIDE_STYLE('',(#11154));
#11154 = SURFACE_STYLE_FILL_AREA(#11155);
#11155 = FILL_AREA_STYLE('',(#11156));
#11156 = FILL_AREA_STYLE_COLOUR('',#11121);
#11157 = STYLED_ITEM('color',(#11158),#2219);
#11158 = PRESENTATION_STYLE_ASSIGNMENT((#11159));
#11159 = SURFACE_STYLE_USAGE(.BOTH.,#11160);
#11160 = SURFACE_SIDE_STYLE('',(#11161));
#11161 = SURFACE_STYLE_FILL_AREA(#11162);
#11162 = FILL_AREA_STYLE('',(#11163));
#11163 = FILL_AREA_STYLE_COLOUR('',#11121);
#11164 = STYLED_ITEM('color',(#11165),#2277);
#11165 = PRESENTATION_STYLE_ASSIGNMENT((#11166));
#11166 = SURFACE_STYLE_USAGE(.BOTH.,#11167);
#11167 = SURFACE_SIDE_STYLE('',(#11168));
#11168 = SURFACE_STYLE_FILL_AREA(#11169);
#11169 = FILL_AREA_STYLE('',(#11170));
#11170 = FILL_AREA_STYLE_COLOUR('',#11121);
#11171 = STYLED_ITEM('color',(#11172),#2300);
#11172 = PRESENTATION_STYLE_ASSIGNMENT((#11173));
#11173 = SURFACE_STYLE_USAGE(.BOTH.,#11174);
#11174 = SURFACE_SIDE_STYLE('',(#11175));
#11175 = SURFACE_STYLE_FILL_AREA(#11176);
#11176 = FILL_AREA_STYLE('',(#11177));
#11177 = FILL_AREA_STYLE_COLOUR('',#11121);
#11178 = STYLED_ITEM('color',(#11179),#2316);
#11179 = PRESENTATION_STYLE_ASSIGNMENT((#11180));
#11180 = SURFACE_STYLE_USAGE(.BOTH.,#11181);
#11181 = SURFACE_SIDE_STYLE('',(#11182));
#11182 = SURFACE_STYLE_FILL_AREA(#11183);
#11183 = FILL_AREA_STYLE('',(#11184));
#11184 = FILL_AREA_STYLE_COLOUR('',#11121);
#11185 = STYLED_ITEM('color',(#11186),#2342);
#11186 = PRESENTATION_STYLE_ASSIGNMENT((#11187));
#11187 = SURFACE_STYLE_USAGE(.BOTH.,#11188);
#11188 = SURFACE_SIDE_STYLE('',(#11189));
#11189 = SURFACE_STYLE_FILL_AREA(#11190);
#11190 = FILL_AREA_STYLE('',(#11191));
#11191 = FILL_AREA_STYLE_COLOUR('',#11085);
#11192 = STYLED_ITEM('color',(#11193),#2373);
#11193 = PRESENTATION_STYLE_ASSIGNMENT((#11194));
#11194 = SURFACE_STYLE_USAGE(.BOTH.,#11195);
#11195 = SURFACE_SIDE_STYLE('',(#11196));
#11196 = SURFACE_STYLE_FILL_AREA(#11197);
#11197 = FILL_AREA_STYLE('',(#11198));
#11198 = FILL_AREA_STYLE_COLOUR('',#11121);
#11199 = STYLED_ITEM('color',(#11200),#2399);
#11200 = PRESENTATION_STYLE_ASSIGNMENT((#11201));
#11201 = SURFACE_STYLE_USAGE(.BOTH.,#11202);
#11202 = SURFACE_SIDE_STYLE('',(#11203));
#11203 = SURFACE_STYLE_FILL_AREA(#11204);
#11204 = FILL_AREA_STYLE('',(#11205));
#11205 = FILL_AREA_STYLE_COLOUR('',#11121);
#11206 = STYLED_ITEM('color',(#11207),#2418);
#11207 = PRESENTATION_STYLE_ASSIGNMENT((#11208));
#11208 = SURFACE_STYLE_USAGE(.BOTH.,#11209);
#11209 = SURFACE_SIDE_STYLE('',(#11210));
#11210 = SURFACE_STYLE_FILL_AREA(#11211);
#11211 = FILL_AREA_STYLE('',(#11212));
#11212 = FILL_AREA_STYLE_COLOUR('',#11213);
#11213 = COLOUR_RGB('',0.690999977303,0.663999984767,0.597999987832);
#11214 = STYLED_ITEM('color',(#11215),#2449);
#11215 = PRESENTATION_STYLE_ASSIGNMENT((#11216));
#11216 = SURFACE_STYLE_USAGE(.BOTH.,#11217);
#11217 = SURFACE_SIDE_STYLE('',(#11218));
#11218 = SURFACE_STYLE_FILL_AREA(#11219);
#11219 = FILL_AREA_STYLE('',(#11220));
#11220 = FILL_AREA_STYLE_COLOUR('',#11213);
#11221 = STYLED_ITEM('color',(#11222),#2473);
#11222 = PRESENTATION_STYLE_ASSIGNMENT((#11223));
#11223 = SURFACE_STYLE_USAGE(.BOTH.,#11224);
#11224 = SURFACE_SIDE_STYLE('',(#11225));
#11225 = SURFACE_STYLE_FILL_AREA(#11226);
#11226 = FILL_AREA_STYLE('',(#11227));
#11227 = FILL_AREA_STYLE_COLOUR('',#11213);
#11228 = STYLED_ITEM('color',(#11229),#2497);
#11229 = PRESENTATION_STYLE_ASSIGNMENT((#11230));
#11230 = SURFACE_STYLE_USAGE(.BOTH.,#11231);
#11231 = SURFACE_SIDE_STYLE('',(#11232));
#11232 = SURFACE_STYLE_FILL_AREA(#11233);
#11233 = FILL_AREA_STYLE('',(#11234));
#11234 = FILL_AREA_STYLE_COLOUR('',#11213);
#11235 = STYLED_ITEM('color',(#11236),#2514);
#11236 = PRESENTATION_STYLE_ASSIGNMENT((#11237));
#11237 = SURFACE_STYLE_USAGE(.BOTH.,#11238);
#11238 = SURFACE_SIDE_STYLE('',(#11239));
#11239 = SURFACE_STYLE_FILL_AREA(#11240);
#11240 = FILL_AREA_STYLE('',(#11241));
#11241 = FILL_AREA_STYLE_COLOUR('',#11085);
#11242 = STYLED_ITEM('color',(#11243),#2538);
#11243 = PRESENTATION_STYLE_ASSIGNMENT((#11244));
#11244 = SURFACE_STYLE_USAGE(.BOTH.,#11245);
#11245 = SURFACE_SIDE_STYLE('',(#11246));
#11246 = SURFACE_STYLE_FILL_AREA(#11247);
#11247 = FILL_AREA_STYLE('',(#11248));
#11248 = FILL_AREA_STYLE_COLOUR('',#11085);
#11249 = STYLED_ITEM('color',(#11250),#2562);
#11250 = PRESENTATION_STYLE_ASSIGNMENT((#11251));
#11251 = SURFACE_STYLE_USAGE(.BOTH.,#11252);
#11252 = SURFACE_SIDE_STYLE('',(#11253));
#11253 = SURFACE_STYLE_FILL_AREA(#11254);
#11254 = FILL_AREA_STYLE('',(#11255));
#11255 = FILL_AREA_STYLE_COLOUR('',#11085);
#11256 = STYLED_ITEM('color',(#11257),#2579);
#11257 = PRESENTATION_STYLE_ASSIGNMENT((#11258));
#11258 = SURFACE_STYLE_USAGE(.BOTH.,#11259);
#11259 = SURFACE_SIDE_STYLE('',(#11260));
#11260 = SURFACE_STYLE_FILL_AREA(#11261);
#11261 = FILL_AREA_STYLE('',(#11262));
#11262 = FILL_AREA_STYLE_COLOUR('',#11085);
#11263 = STYLED_ITEM('color',(#11264),#2591);
#11264 = PRESENTATION_STYLE_ASSIGNMENT((#11265));
#11265 = SURFACE_STYLE_USAGE(.BOTH.,#11266);
#11266 = SURFACE_SIDE_STYLE('',(#11267));
#11267 = SURFACE_STYLE_FILL_AREA(#11268);
#11268 = FILL_AREA_STYLE('',(#11269));
#11269 = FILL_AREA_STYLE_COLOUR('',#11213);
#11270 = MECHANICAL_DESIGN_GEOMETRIC_PRESENTATION_REPRESENTATION('',(
    #11271,#11279,#11286,#11293,#11300,#11307,#11315,#11322,#11329,
    #11336,#11343,#11350,#11357,#11364,#11371,#11378,#11385,#11392,
    #11399,#11406,#11413,#11420,#11427,#11434,#11441,#11448,#11455,
    #11462,#11469,#11476,#11483,#11490,#11497,#11504,#11511,#11518,
    #11525,#11532,#11539,#11546,#11553,#11560,#11567,#11574,#11581,
    #11588,#11595,#11602,#11609,#11616,#11623,#11630,#11637,#11644,
    #11651,#11659,#11666,#11673,#11680,#11687,#11694,#11701,#11708,
    #11715,#11722,#11729,#11736),#1857);
#11271 = STYLED_ITEM('color',(#11272),#59);
#11272 = PRESENTATION_STYLE_ASSIGNMENT((#11273));
#11273 = SURFACE_STYLE_USAGE(.BOTH.,#11274);
#11274 = SURFACE_SIDE_STYLE('',(#11275));
#11275 = SURFACE_STYLE_FILL_AREA(#11276);
#11276 = FILL_AREA_STYLE('',(#11277));
#11277 = FILL_AREA_STYLE_COLOUR('',#11278);
#11278 = COLOUR_RGB('',0.823529417451,0.819607860991,0.780392170416);
#11279 = STYLED_ITEM('color',(#11280),#99);
#11280 = PRESENTATION_STYLE_ASSIGNMENT((#11281));
#11281 = SURFACE_STYLE_USAGE(.BOTH.,#11282);
#11282 = SURFACE_SIDE_STYLE('',(#11283));
#11283 = SURFACE_STYLE_FILL_AREA(#11284);
#11284 = FILL_AREA_STYLE('',(#11285));
#11285 = FILL_AREA_STYLE_COLOUR('',#11278);
#11286 = STYLED_ITEM('color',(#11287),#132);
#11287 = PRESENTATION_STYLE_ASSIGNMENT((#11288));
#11288 = SURFACE_STYLE_USAGE(.BOTH.,#11289);
#11289 = SURFACE_SIDE_STYLE('',(#11290));
#11290 = SURFACE_STYLE_FILL_AREA(#11291);
#11291 = FILL_AREA_STYLE('',(#11292));
#11292 = FILL_AREA_STYLE_COLOUR('',#11278);
#11293 = STYLED_ITEM('color',(#11294),#165);
#11294 = PRESENTATION_STYLE_ASSIGNMENT((#11295));
#11295 = SURFACE_STYLE_USAGE(.BOTH.,#11296);
#11296 = SURFACE_SIDE_STYLE('',(#11297));
#11297 = SURFACE_STYLE_FILL_AREA(#11298);
#11298 = FILL_AREA_STYLE('',(#11299));
#11299 = FILL_AREA_STYLE_COLOUR('',#11278);
#11300 = STYLED_ITEM('color',(#11301),#232);
#11301 = PRESENTATION_STYLE_ASSIGNMENT((#11302));
#11302 = SURFACE_STYLE_USAGE(.BOTH.,#11303);
#11303 = SURFACE_SIDE_STYLE('',(#11304));
#11304 = SURFACE_STYLE_FILL_AREA(#11305);
#11305 = FILL_AREA_STYLE('',(#11306));
#11306 = FILL_AREA_STYLE_COLOUR('',#11278);
#11307 = STYLED_ITEM('color',(#11308),#299);
#11308 = PRESENTATION_STYLE_ASSIGNMENT((#11309));
#11309 = SURFACE_STYLE_USAGE(.BOTH.,#11310);
#11310 = SURFACE_SIDE_STYLE('',(#11311));
#11311 = SURFACE_STYLE_FILL_AREA(#11312);
#11312 = FILL_AREA_STYLE('',(#11313));
#11313 = FILL_AREA_STYLE_COLOUR('',#11314);
#11314 = COLOUR_RGB('',0.145098047169,0.14117647753,0.14117647753);
#11315 = STYLED_ITEM('color',(#11316),#344);
#11316 = PRESENTATION_STYLE_ASSIGNMENT((#11317));
#11317 = SURFACE_STYLE_USAGE(.BOTH.,#11318);
#11318 = SURFACE_SIDE_STYLE('',(#11319));
#11319 = SURFACE_STYLE_FILL_AREA(#11320);
#11320 = FILL_AREA_STYLE('',(#11321));
#11321 = FILL_AREA_STYLE_COLOUR('',#11278);
#11322 = STYLED_ITEM('color',(#11323),#361);
#11323 = PRESENTATION_STYLE_ASSIGNMENT((#11324));
#11324 = SURFACE_STYLE_USAGE(.BOTH.,#11325);
#11325 = SURFACE_SIDE_STYLE('',(#11326));
#11326 = SURFACE_STYLE_FILL_AREA(#11327);
#11327 = FILL_AREA_STYLE('',(#11328));
#11328 = FILL_AREA_STYLE_COLOUR('',#11314);
#11329 = STYLED_ITEM('color',(#11330),#384);
#11330 = PRESENTATION_STYLE_ASSIGNMENT((#11331));
#11331 = SURFACE_STYLE_USAGE(.BOTH.,#11332);
#11332 = SURFACE_SIDE_STYLE('',(#11333));
#11333 = SURFACE_STYLE_FILL_AREA(#11334);
#11334 = FILL_AREA_STYLE('',(#11335));
#11335 = FILL_AREA_STYLE_COLOUR('',#11278);
#11336 = STYLED_ITEM('color',(#11337),#406);
#11337 = PRESENTATION_STYLE_ASSIGNMENT((#11338));
#11338 = SURFACE_STYLE_USAGE(.BOTH.,#11339);
#11339 = SURFACE_SIDE_STYLE('',(#11340));
#11340 = SURFACE_STYLE_FILL_AREA(#11341);
#11341 = FILL_AREA_STYLE('',(#11342));
#11342 = FILL_AREA_STYLE_COLOUR('',#11278);
#11343 = STYLED_ITEM('color',(#11344),#423);
#11344 = PRESENTATION_STYLE_ASSIGNMENT((#11345));
#11345 = SURFACE_STYLE_USAGE(.BOTH.,#11346);
#11346 = SURFACE_SIDE_STYLE('',(#11347));
#11347 = SURFACE_STYLE_FILL_AREA(#11348);
#11348 = FILL_AREA_STYLE('',(#11349));
#11349 = FILL_AREA_STYLE_COLOUR('',#11278);
#11350 = STYLED_ITEM('color',(#11351),#440);
#11351 = PRESENTATION_STYLE_ASSIGNMENT((#11352));
#11352 = SURFACE_STYLE_USAGE(.BOTH.,#11353);
#11353 = SURFACE_SIDE_STYLE('',(#11354));
#11354 = SURFACE_STYLE_FILL_AREA(#11355);
#11355 = FILL_AREA_STYLE('',(#11356));
#11356 = FILL_AREA_STYLE_COLOUR('',#11278);
#11357 = STYLED_ITEM('color',(#11358),#457);
#11358 = PRESENTATION_STYLE_ASSIGNMENT((#11359));
#11359 = SURFACE_STYLE_USAGE(.BOTH.,#11360);
#11360 = SURFACE_SIDE_STYLE('',(#11361));
#11361 = SURFACE_STYLE_FILL_AREA(#11362);
#11362 = FILL_AREA_STYLE('',(#11363));
#11363 = FILL_AREA_STYLE_COLOUR('',#11278);
#11364 = STYLED_ITEM('color',(#11365),#469);
#11365 = PRESENTATION_STYLE_ASSIGNMENT((#11366));
#11366 = SURFACE_STYLE_USAGE(.BOTH.,#11367);
#11367 = SURFACE_SIDE_STYLE('',(#11368));
#11368 = SURFACE_STYLE_FILL_AREA(#11369);
#11369 = FILL_AREA_STYLE('',(#11370));
#11370 = FILL_AREA_STYLE_COLOUR('',#11314);
#11371 = STYLED_ITEM('color',(#11372),#492);
#11372 = PRESENTATION_STYLE_ASSIGNMENT((#11373));
#11373 = SURFACE_STYLE_USAGE(.BOTH.,#11374);
#11374 = SURFACE_SIDE_STYLE('',(#11375));
#11375 = SURFACE_STYLE_FILL_AREA(#11376);
#11376 = FILL_AREA_STYLE('',(#11377));
#11377 = FILL_AREA_STYLE_COLOUR('',#11314);
#11378 = STYLED_ITEM('color',(#11379),#555);
#11379 = PRESENTATION_STYLE_ASSIGNMENT((#11380));
#11380 = SURFACE_STYLE_USAGE(.BOTH.,#11381);
#11381 = SURFACE_SIDE_STYLE('',(#11382));
#11382 = SURFACE_STYLE_FILL_AREA(#11383);
#11383 = FILL_AREA_STYLE('',(#11384));
#11384 = FILL_AREA_STYLE_COLOUR('',#11314);
#11385 = STYLED_ITEM('color',(#11386),#578);
#11386 = PRESENTATION_STYLE_ASSIGNMENT((#11387));
#11387 = SURFACE_STYLE_USAGE(.BOTH.,#11388);
#11388 = SURFACE_SIDE_STYLE('',(#11389));
#11389 = SURFACE_STYLE_FILL_AREA(#11390);
#11390 = FILL_AREA_STYLE('',(#11391));
#11391 = FILL_AREA_STYLE_COLOUR('',#11314);
#11392 = STYLED_ITEM('color',(#11393),#601);
#11393 = PRESENTATION_STYLE_ASSIGNMENT((#11394));
#11394 = SURFACE_STYLE_USAGE(.BOTH.,#11395);
#11395 = SURFACE_SIDE_STYLE('',(#11396));
#11396 = SURFACE_STYLE_FILL_AREA(#11397);
#11397 = FILL_AREA_STYLE('',(#11398));
#11398 = FILL_AREA_STYLE_COLOUR('',#11314);
#11399 = STYLED_ITEM('color',(#11400),#624);
#11400 = PRESENTATION_STYLE_ASSIGNMENT((#11401));
#11401 = SURFACE_STYLE_USAGE(.BOTH.,#11402);
#11402 = SURFACE_SIDE_STYLE('',(#11403));
#11403 = SURFACE_STYLE_FILL_AREA(#11404);
#11404 = FILL_AREA_STYLE('',(#11405));
#11405 = FILL_AREA_STYLE_COLOUR('',#11314);
#11406 = STYLED_ITEM('color',(#11407),#654);
#11407 = PRESENTATION_STYLE_ASSIGNMENT((#11408));
#11408 = SURFACE_STYLE_USAGE(.BOTH.,#11409);
#11409 = SURFACE_SIDE_STYLE('',(#11410));
#11410 = SURFACE_STYLE_FILL_AREA(#11411);
#11411 = FILL_AREA_STYLE('',(#11412));
#11412 = FILL_AREA_STYLE_COLOUR('',#11278);
#11413 = STYLED_ITEM('color',(#11414),#678);
#11414 = PRESENTATION_STYLE_ASSIGNMENT((#11415));
#11415 = SURFACE_STYLE_USAGE(.BOTH.,#11416);
#11416 = SURFACE_SIDE_STYLE('',(#11417));
#11417 = SURFACE_STYLE_FILL_AREA(#11418);
#11418 = FILL_AREA_STYLE('',(#11419));
#11419 = FILL_AREA_STYLE_COLOUR('',#11314);
#11420 = STYLED_ITEM('color',(#11421),#701);
#11421 = PRESENTATION_STYLE_ASSIGNMENT((#11422));
#11422 = SURFACE_STYLE_USAGE(.BOTH.,#11423);
#11423 = SURFACE_SIDE_STYLE('',(#11424));
#11424 = SURFACE_STYLE_FILL_AREA(#11425);
#11425 = FILL_AREA_STYLE('',(#11426));
#11426 = FILL_AREA_STYLE_COLOUR('',#11314);
#11427 = STYLED_ITEM('color',(#11428),#724);
#11428 = PRESENTATION_STYLE_ASSIGNMENT((#11429));
#11429 = SURFACE_STYLE_USAGE(.BOTH.,#11430);
#11430 = SURFACE_SIDE_STYLE('',(#11431));
#11431 = SURFACE_STYLE_FILL_AREA(#11432);
#11432 = FILL_AREA_STYLE('',(#11433));
#11433 = FILL_AREA_STYLE_COLOUR('',#11314);
#11434 = STYLED_ITEM('color',(#11435),#769);
#11435 = PRESENTATION_STYLE_ASSIGNMENT((#11436));
#11436 = SURFACE_STYLE_USAGE(.BOTH.,#11437);
#11437 = SURFACE_SIDE_STYLE('',(#11438));
#11438 = SURFACE_STYLE_FILL_AREA(#11439);
#11439 = FILL_AREA_STYLE('',(#11440));
#11440 = FILL_AREA_STYLE_COLOUR('',#11314);
#11441 = STYLED_ITEM('color',(#11442),#792);
#11442 = PRESENTATION_STYLE_ASSIGNMENT((#11443));
#11443 = SURFACE_STYLE_USAGE(.BOTH.,#11444);
#11444 = SURFACE_SIDE_STYLE('',(#11445));
#11445 = SURFACE_STYLE_FILL_AREA(#11446);
#11446 = FILL_AREA_STYLE('',(#11447));
#11447 = FILL_AREA_STYLE_COLOUR('',#11314);
#11448 = STYLED_ITEM('color',(#11449),#809);
#11449 = PRESENTATION_STYLE_ASSIGNMENT((#11450));
#11450 = SURFACE_STYLE_USAGE(.BOTH.,#11451);
#11451 = SURFACE_SIDE_STYLE('',(#11452));
#11452 = SURFACE_STYLE_FILL_AREA(#11453);
#11453 = FILL_AREA_STYLE('',(#11454));
#11454 = FILL_AREA_STYLE_COLOUR('',#11314);
#11455 = STYLED_ITEM('color',(#11456),#832);
#11456 = PRESENTATION_STYLE_ASSIGNMENT((#11457));
#11457 = SURFACE_STYLE_USAGE(.BOTH.,#11458);
#11458 = SURFACE_SIDE_STYLE('',(#11459));
#11459 = SURFACE_STYLE_FILL_AREA(#11460);
#11460 = FILL_AREA_STYLE('',(#11461));
#11461 = FILL_AREA_STYLE_COLOUR('',#11314);
#11462 = STYLED_ITEM('color',(#11463),#849);
#11463 = PRESENTATION_STYLE_ASSIGNMENT((#11464));
#11464 = SURFACE_STYLE_USAGE(.BOTH.,#11465);
#11465 = SURFACE_SIDE_STYLE('',(#11466));
#11466 = SURFACE_STYLE_FILL_AREA(#11467);
#11467 = FILL_AREA_STYLE('',(#11468));
#11468 = FILL_AREA_STYLE_COLOUR('',#11314);
#11469 = STYLED_ITEM('color',(#11470),#872);
#11470 = PRESENTATION_STYLE_ASSIGNMENT((#11471));
#11471 = SURFACE_STYLE_USAGE(.BOTH.,#11472);
#11472 = SURFACE_SIDE_STYLE('',(#11473));
#11473 = SURFACE_STYLE_FILL_AREA(#11474);
#11474 = FILL_AREA_STYLE('',(#11475));
#11475 = FILL_AREA_STYLE_COLOUR('',#11314);
#11476 = STYLED_ITEM('color',(#11477),#895);
#11477 = PRESENTATION_STYLE_ASSIGNMENT((#11478));
#11478 = SURFACE_STYLE_USAGE(.BOTH.,#11479);
#11479 = SURFACE_SIDE_STYLE('',(#11480));
#11480 = SURFACE_STYLE_FILL_AREA(#11481);
#11481 = FILL_AREA_STYLE('',(#11482));
#11482 = FILL_AREA_STYLE_COLOUR('',#11314);
#11483 = STYLED_ITEM('color',(#11484),#926);
#11484 = PRESENTATION_STYLE_ASSIGNMENT((#11485));
#11485 = SURFACE_STYLE_USAGE(.BOTH.,#11486);
#11486 = SURFACE_SIDE_STYLE('',(#11487));
#11487 = SURFACE_STYLE_FILL_AREA(#11488);
#11488 = FILL_AREA_STYLE('',(#11489));
#11489 = FILL_AREA_STYLE_COLOUR('',#11314);
#11490 = STYLED_ITEM('color',(#11491),#949);
#11491 = PRESENTATION_STYLE_ASSIGNMENT((#11492));
#11492 = SURFACE_STYLE_USAGE(.BOTH.,#11493);
#11493 = SURFACE_SIDE_STYLE('',(#11494));
#11494 = SURFACE_STYLE_FILL_AREA(#11495);
#11495 = FILL_AREA_STYLE('',(#11496));
#11496 = FILL_AREA_STYLE_COLOUR('',#11314);
#11497 = STYLED_ITEM('color',(#11498),#972);
#11498 = PRESENTATION_STYLE_ASSIGNMENT((#11499));
#11499 = SURFACE_STYLE_USAGE(.BOTH.,#11500);
#11500 = SURFACE_SIDE_STYLE('',(#11501));
#11501 = SURFACE_STYLE_FILL_AREA(#11502);
#11502 = FILL_AREA_STYLE('',(#11503));
#11503 = FILL_AREA_STYLE_COLOUR('',#11314);
#11504 = STYLED_ITEM('color',(#11505),#1002);
#11505 = PRESENTATION_STYLE_ASSIGNMENT((#11506));
#11506 = SURFACE_STYLE_USAGE(.BOTH.,#11507);
#11507 = SURFACE_SIDE_STYLE('',(#11508));
#11508 = SURFACE_STYLE_FILL_AREA(#11509);
#11509 = FILL_AREA_STYLE('',(#11510));
#11510 = FILL_AREA_STYLE_COLOUR('',#11314);
#11511 = STYLED_ITEM('color',(#11512),#1032);
#11512 = PRESENTATION_STYLE_ASSIGNMENT((#11513));
#11513 = SURFACE_STYLE_USAGE(.BOTH.,#11514);
#11514 = SURFACE_SIDE_STYLE('',(#11515));
#11515 = SURFACE_STYLE_FILL_AREA(#11516);
#11516 = FILL_AREA_STYLE('',(#11517));
#11517 = FILL_AREA_STYLE_COLOUR('',#11278);
#11518 = STYLED_ITEM('color',(#11519),#1065);
#11519 = PRESENTATION_STYLE_ASSIGNMENT((#11520));
#11520 = SURFACE_STYLE_USAGE(.BOTH.,#11521);
#11521 = SURFACE_SIDE_STYLE('',(#11522));
#11522 = SURFACE_STYLE_FILL_AREA(#11523);
#11523 = FILL_AREA_STYLE('',(#11524));
#11524 = FILL_AREA_STYLE_COLOUR('',#11314);
#11525 = STYLED_ITEM('color',(#11526),#1082);
#11526 = PRESENTATION_STYLE_ASSIGNMENT((#11527));
#11527 = SURFACE_STYLE_USAGE(.BOTH.,#11528);
#11528 = SURFACE_SIDE_STYLE('',(#11529));
#11529 = SURFACE_STYLE_FILL_AREA(#11530);
#11530 = FILL_AREA_STYLE('',(#11531));
#11531 = FILL_AREA_STYLE_COLOUR('',#11314);
#11532 = STYLED_ITEM('color',(#11533),#1099);
#11533 = PRESENTATION_STYLE_ASSIGNMENT((#11534));
#11534 = SURFACE_STYLE_USAGE(.BOTH.,#11535);
#11535 = SURFACE_SIDE_STYLE('',(#11536));
#11536 = SURFACE_STYLE_FILL_AREA(#11537);
#11537 = FILL_AREA_STYLE('',(#11538));
#11538 = FILL_AREA_STYLE_COLOUR('',#11314);
#11539 = STYLED_ITEM('color',(#11540),#1122);
#11540 = PRESENTATION_STYLE_ASSIGNMENT((#11541));
#11541 = SURFACE_STYLE_USAGE(.BOTH.,#11542);
#11542 = SURFACE_SIDE_STYLE('',(#11543));
#11543 = SURFACE_STYLE_FILL_AREA(#11544);
#11544 = FILL_AREA_STYLE('',(#11545));
#11545 = FILL_AREA_STYLE_COLOUR('',#11314);
#11546 = STYLED_ITEM('color',(#11547),#1145);
#11547 = PRESENTATION_STYLE_ASSIGNMENT((#11548));
#11548 = SURFACE_STYLE_USAGE(.BOTH.,#11549);
#11549 = SURFACE_SIDE_STYLE('',(#11550));
#11550 = SURFACE_STYLE_FILL_AREA(#11551);
#11551 = FILL_AREA_STYLE('',(#11552));
#11552 = FILL_AREA_STYLE_COLOUR('',#11314);
#11553 = STYLED_ITEM('color',(#11554),#1235);
#11554 = PRESENTATION_STYLE_ASSIGNMENT((#11555));
#11555 = SURFACE_STYLE_USAGE(.BOTH.,#11556);
#11556 = SURFACE_SIDE_STYLE('',(#11557));
#11557 = SURFACE_STYLE_FILL_AREA(#11558);
#11558 = FILL_AREA_STYLE('',(#11559));
#11559 = FILL_AREA_STYLE_COLOUR('',#11314);
#11560 = STYLED_ITEM('color',(#11561),#1251);
#11561 = PRESENTATION_STYLE_ASSIGNMENT((#11562));
#11562 = SURFACE_STYLE_USAGE(.BOTH.,#11563);
#11563 = SURFACE_SIDE_STYLE('',(#11564));
#11564 = SURFACE_STYLE_FILL_AREA(#11565);
#11565 = FILL_AREA_STYLE('',(#11566));
#11566 = FILL_AREA_STYLE_COLOUR('',#11314);
#11567 = STYLED_ITEM('color',(#11568),#1274);
#11568 = PRESENTATION_STYLE_ASSIGNMENT((#11569));
#11569 = SURFACE_STYLE_USAGE(.BOTH.,#11570);
#11570 = SURFACE_SIDE_STYLE('',(#11571));
#11571 = SURFACE_STYLE_FILL_AREA(#11572);
#11572 = FILL_AREA_STYLE('',(#11573));
#11573 = FILL_AREA_STYLE_COLOUR('',#11314);
#11574 = STYLED_ITEM('color',(#11575),#1304);
#11575 = PRESENTATION_STYLE_ASSIGNMENT((#11576));
#11576 = SURFACE_STYLE_USAGE(.BOTH.,#11577);
#11577 = SURFACE_SIDE_STYLE('',(#11578));
#11578 = SURFACE_STYLE_FILL_AREA(#11579);
#11579 = FILL_AREA_STYLE('',(#11580));
#11580 = FILL_AREA_STYLE_COLOUR('',#11278);
#11581 = STYLED_ITEM('color',(#11582),#1379);
#11582 = PRESENTATION_STYLE_ASSIGNMENT((#11583));
#11583 = SURFACE_STYLE_USAGE(.BOTH.,#11584);
#11584 = SURFACE_SIDE_STYLE('',(#11585));
#11585 = SURFACE_STYLE_FILL_AREA(#11586);
#11586 = FILL_AREA_STYLE('',(#11587));
#11587 = FILL_AREA_STYLE_COLOUR('',#11278);
#11588 = STYLED_ITEM('color',(#11589),#1454);
#11589 = PRESENTATION_STYLE_ASSIGNMENT((#11590));
#11590 = SURFACE_STYLE_USAGE(.BOTH.,#11591);
#11591 = SURFACE_SIDE_STYLE('',(#11592));
#11592 = SURFACE_STYLE_FILL_AREA(#11593);
#11593 = FILL_AREA_STYLE('',(#11594));
#11594 = FILL_AREA_STYLE_COLOUR('',#11314);
#11595 = STYLED_ITEM('color',(#11596),#1484);
#11596 = PRESENTATION_STYLE_ASSIGNMENT((#11597));
#11597 = SURFACE_STYLE_USAGE(.BOTH.,#11598);
#11598 = SURFACE_SIDE_STYLE('',(#11599));
#11599 = SURFACE_STYLE_FILL_AREA(#11600);
#11600 = FILL_AREA_STYLE('',(#11601));
#11601 = FILL_AREA_STYLE_COLOUR('',#11278);
#11602 = STYLED_ITEM('color',(#11603),#1501);
#11603 = PRESENTATION_STYLE_ASSIGNMENT((#11604));
#11604 = SURFACE_STYLE_USAGE(.BOTH.,#11605);
#11605 = SURFACE_SIDE_STYLE('',(#11606));
#11606 = SURFACE_STYLE_FILL_AREA(#11607);
#11607 = FILL_AREA_STYLE('',(#11608));
#11608 = FILL_AREA_STYLE_COLOUR('',#11314);
#11609 = STYLED_ITEM('color',(#11610),#1518);
#11610 = PRESENTATION_STYLE_ASSIGNMENT((#11611));
#11611 = SURFACE_STYLE_USAGE(.BOTH.,#11612);
#11612 = SURFACE_SIDE_STYLE('',(#11613));
#11613 = SURFACE_STYLE_FILL_AREA(#11614);
#11614 = FILL_AREA_STYLE('',(#11615));
#11615 = FILL_AREA_STYLE_COLOUR('',#11314);
#11616 = STYLED_ITEM('color',(#11617),#1535);
#11617 = PRESENTATION_STYLE_ASSIGNMENT((#11618));
#11618 = SURFACE_STYLE_USAGE(.BOTH.,#11619);
#11619 = SURFACE_SIDE_STYLE('',(#11620));
#11620 = SURFACE_STYLE_FILL_AREA(#11621);
#11621 = FILL_AREA_STYLE('',(#11622));
#11622 = FILL_AREA_STYLE_COLOUR('',#11314);
#11623 = STYLED_ITEM('color',(#11624),#1551);
#11624 = PRESENTATION_STYLE_ASSIGNMENT((#11625));
#11625 = SURFACE_STYLE_USAGE(.BOTH.,#11626);
#11626 = SURFACE_SIDE_STYLE('',(#11627));
#11627 = SURFACE_STYLE_FILL_AREA(#11628);
#11628 = FILL_AREA_STYLE('',(#11629));
#11629 = FILL_AREA_STYLE_COLOUR('',#11314);
#11630 = STYLED_ITEM('color',(#11631),#1578);
#11631 = PRESENTATION_STYLE_ASSIGNMENT((#11632));
#11632 = SURFACE_STYLE_USAGE(.BOTH.,#11633);
#11633 = SURFACE_SIDE_STYLE('',(#11634));
#11634 = SURFACE_STYLE_FILL_AREA(#11635);
#11635 = FILL_AREA_STYLE('',(#11636));
#11636 = FILL_AREA_STYLE_COLOUR('',#11314);
#11637 = STYLED_ITEM('color',(#11638),#1594);
#11638 = PRESENTATION_STYLE_ASSIGNMENT((#11639));
#11639 = SURFACE_STYLE_USAGE(.BOTH.,#11640);
#11640 = SURFACE_SIDE_STYLE('',(#11641));
#11641 = SURFACE_STYLE_FILL_AREA(#11642);
#11642 = FILL_AREA_STYLE('',(#11643));
#11643 = FILL_AREA_STYLE_COLOUR('',#11314);
#11644 = STYLED_ITEM('color',(#11645),#1606);
#11645 = PRESENTATION_STYLE_ASSIGNMENT((#11646));
#11646 = SURFACE_STYLE_USAGE(.BOTH.,#11647);
#11647 = SURFACE_SIDE_STYLE('',(#11648));
#11648 = SURFACE_STYLE_FILL_AREA(#11649);
#11649 = FILL_AREA_STYLE('',(#11650));
#11650 = FILL_AREA_STYLE_COLOUR('',#11314);
#11651 = STYLED_ITEM('color',(#11652),#1618);
#11652 = PRESENTATION_STYLE_ASSIGNMENT((#11653));
#11653 = SURFACE_STYLE_USAGE(.BOTH.,#11654);
#11654 = SURFACE_SIDE_STYLE('',(#11655));
#11655 = SURFACE_STYLE_FILL_AREA(#11656);
#11656 = FILL_AREA_STYLE('',(#11657));
#11657 = FILL_AREA_STYLE_COLOUR('',#11658);
#11658 = COLOUR_RGB('',0.690196106937,0.662745111292,0.596078458879);
#11659 = STYLED_ITEM('color',(#11660),#1649);
#11660 = PRESENTATION_STYLE_ASSIGNMENT((#11661));
#11661 = SURFACE_STYLE_USAGE(.BOTH.,#11662);
#11662 = SURFACE_SIDE_STYLE('',(#11663));
#11663 = SURFACE_STYLE_FILL_AREA(#11664);
#11664 = FILL_AREA_STYLE('',(#11665));
#11665 = FILL_AREA_STYLE_COLOUR('',#11658);
#11666 = STYLED_ITEM('color',(#11667),#1673);
#11667 = PRESENTATION_STYLE_ASSIGNMENT((#11668));
#11668 = SURFACE_STYLE_USAGE(.BOTH.,#11669);
#11669 = SURFACE_SIDE_STYLE('',(#11670));
#11670 = SURFACE_STYLE_FILL_AREA(#11671);
#11671 = FILL_AREA_STYLE('',(#11672));
#11672 = FILL_AREA_STYLE_COLOUR('',#11658);
#11673 = STYLED_ITEM('color',(#11674),#1697);
#11674 = PRESENTATION_STYLE_ASSIGNMENT((#11675));
#11675 = SURFACE_STYLE_USAGE(.BOTH.,#11676);
#11676 = SURFACE_SIDE_STYLE('',(#11677));
#11677 = SURFACE_STYLE_FILL_AREA(#11678);
#11678 = FILL_AREA_STYLE('',(#11679));
#11679 = FILL_AREA_STYLE_COLOUR('',#11658);
#11680 = STYLED_ITEM('color',(#11681),#1714);
#11681 = PRESENTATION_STYLE_ASSIGNMENT((#11682));
#11682 = SURFACE_STYLE_USAGE(.BOTH.,#11683);
#11683 = SURFACE_SIDE_STYLE('',(#11684));
#11684 = SURFACE_STYLE_FILL_AREA(#11685);
#11685 = FILL_AREA_STYLE('',(#11686));
#11686 = FILL_AREA_STYLE_COLOUR('',#11278);
#11687 = STYLED_ITEM('color',(#11688),#1731);
#11688 = PRESENTATION_STYLE_ASSIGNMENT((#11689));
#11689 = SURFACE_STYLE_USAGE(.BOTH.,#11690);
#11690 = SURFACE_SIDE_STYLE('',(#11691));
#11691 = SURFACE_STYLE_FILL_AREA(#11692);
#11692 = FILL_AREA_STYLE('',(#11693));
#11693 = FILL_AREA_STYLE_COLOUR('',#11278);
#11694 = STYLED_ITEM('color',(#11695),#1748);
#11695 = PRESENTATION_STYLE_ASSIGNMENT((#11696));
#11696 = SURFACE_STYLE_USAGE(.BOTH.,#11697);
#11697 = SURFACE_SIDE_STYLE('',(#11698));
#11698 = SURFACE_STYLE_FILL_AREA(#11699);
#11699 = FILL_AREA_STYLE('',(#11700));
#11700 = FILL_AREA_STYLE_COLOUR('',#11278);
#11701 = STYLED_ITEM('color',(#11702),#1765);
#11702 = PRESENTATION_STYLE_ASSIGNMENT((#11703));
#11703 = SURFACE_STYLE_USAGE(.BOTH.,#11704);
#11704 = SURFACE_SIDE_STYLE('',(#11705));
#11705 = SURFACE_STYLE_FILL_AREA(#11706);
#11706 = FILL_AREA_STYLE('',(#11707));
#11707 = FILL_AREA_STYLE_COLOUR('',#11278);
#11708 = STYLED_ITEM('color',(#11709),#1782);
#11709 = PRESENTATION_STYLE_ASSIGNMENT((#11710));
#11710 = SURFACE_STYLE_USAGE(.BOTH.,#11711);
#11711 = SURFACE_SIDE_STYLE('',(#11712));
#11712 = SURFACE_STYLE_FILL_AREA(#11713);
#11713 = FILL_AREA_STYLE('',(#11714));
#11714 = FILL_AREA_STYLE_COLOUR('',#11278);
#11715 = STYLED_ITEM('color',(#11716),#1799);
#11716 = PRESENTATION_STYLE_ASSIGNMENT((#11717));
#11717 = SURFACE_STYLE_USAGE(.BOTH.,#11718);
#11718 = SURFACE_SIDE_STYLE('',(#11719));
#11719 = SURFACE_STYLE_FILL_AREA(#11720);
#11720 = FILL_AREA_STYLE('',(#11721));
#11721 = FILL_AREA_STYLE_COLOUR('',#11278);
#11722 = STYLED_ITEM('color',(#11723),#1816);
#11723 = PRESENTATION_STYLE_ASSIGNMENT((#11724));
#11724 = SURFACE_STYLE_USAGE(.BOTH.,#11725);
#11725 = SURFACE_SIDE_STYLE('',(#11726));
#11726 = SURFACE_STYLE_FILL_AREA(#11727);
#11727 = FILL_AREA_STYLE('',(#11728));
#11728 = FILL_AREA_STYLE_COLOUR('',#11278);
#11729 = STYLED_ITEM('color',(#11730),#1833);
#11730 = PRESENTATION_STYLE_ASSIGNMENT((#11731));
#11731 = SURFACE_STYLE_USAGE(.BOTH.,#11732);
#11732 = SURFACE_SIDE_STYLE('',(#11733));
#11733 = SURFACE_STYLE_FILL_AREA(#11734);
#11734 = FILL_AREA_STYLE('',(#11735));
#11735 = FILL_AREA_STYLE_COLOUR('',#11278);
#11736 = STYLED_ITEM('color',(#11737),#1845);
#11737 = PRESENTATION_STYLE_ASSIGNMENT((#11738));
#11738 = SURFACE_STYLE_USAGE(.BOTH.,#11739);
#11739 = SURFACE_SIDE_STYLE('',(#11740));
#11740 = SURFACE_STYLE_FILL_AREA(#11741);
#11741 = FILL_AREA_STYLE('',(#11742));
#11742 = FILL_AREA_STYLE_COLOUR('',#11658);
#11743 = MECHANICAL_DESIGN_GEOMETRIC_PRESENTATION_REPRESENTATION('',(
    #11744,#11752,#11759,#11766,#11773,#11780,#11787,#11794,#11801,
    #11808,#11815,#11822,#11829,#11836,#11843,#11850,#11857,#11864,
    #11871,#11878,#11885,#11892,#11899,#11906,#11913,#11920,#11927,
    #11934,#11941,#11948,#11955,#11962,#11969,#11976,#11983,#11990,
    #11997,#12004,#12011,#12018,#12025,#12032,#12039,#12046,#12053,
    #12060,#12067,#12074,#12081,#12088,#12095,#12102),#9860);
#11744 = STYLED_ITEM('color',(#11745),#2622);
#11745 = PRESENTATION_STYLE_ASSIGNMENT((#11746));
#11746 = SURFACE_STYLE_USAGE(.BOTH.,#11747);
#11747 = SURFACE_SIDE_STYLE('',(#11748));
#11748 = SURFACE_STYLE_FILL_AREA(#11749);
#11749 = FILL_AREA_STYLE('',(#11750));
#11750 = FILL_AREA_STYLE_COLOUR('',#11751);
#11751 = COLOUR_RGB('',0.735356983052,0.735356983052,0.735356983052);
#11752 = STYLED_ITEM('color',(#11753),#2912);
#11753 = PRESENTATION_STYLE_ASSIGNMENT((#11754));
#11754 = SURFACE_STYLE_USAGE(.BOTH.,#11755);
#11755 = SURFACE_SIDE_STYLE('',(#11756));
#11756 = SURFACE_STYLE_FILL_AREA(#11757);
#11757 = FILL_AREA_STYLE('',(#11758));
#11758 = FILL_AREA_STYLE_COLOUR('',#11751);
#11759 = STYLED_ITEM('color',(#11760),#3202);
#11760 = PRESENTATION_STYLE_ASSIGNMENT((#11761));
#11761 = SURFACE_STYLE_USAGE(.BOTH.,#11762);
#11762 = SURFACE_SIDE_STYLE('',(#11763));
#11763 = SURFACE_STYLE_FILL_AREA(#11764);
#11764 = FILL_AREA_STYLE('',(#11765));
#11765 = FILL_AREA_STYLE_COLOUR('',#11751);
#11766 = STYLED_ITEM('color',(#11767),#3531);
#11767 = PRESENTATION_STYLE_ASSIGNMENT((#11768));
#11768 = SURFACE_STYLE_USAGE(.BOTH.,#11769);
#11769 = SURFACE_SIDE_STYLE('',(#11770));
#11770 = SURFACE_STYLE_FILL_AREA(#11771);
#11771 = FILL_AREA_STYLE('',(#11772));
#11772 = FILL_AREA_STYLE_COLOUR('',#11751);
#11773 = STYLED_ITEM('color',(#11774),#3860);
#11774 = PRESENTATION_STYLE_ASSIGNMENT((#11775));
#11775 = SURFACE_STYLE_USAGE(.BOTH.,#11776);
#11776 = SURFACE_SIDE_STYLE('',(#11777));
#11777 = SURFACE_STYLE_FILL_AREA(#11778);
#11778 = FILL_AREA_STYLE('',(#11779));
#11779 = FILL_AREA_STYLE_COLOUR('',#11751);
#11780 = STYLED_ITEM('color',(#11781),#3952);
#11781 = PRESENTATION_STYLE_ASSIGNMENT((#11782));
#11782 = SURFACE_STYLE_USAGE(.BOTH.,#11783);
#11783 = SURFACE_SIDE_STYLE('',(#11784));
#11784 = SURFACE_STYLE_FILL_AREA(#11785);
#11785 = FILL_AREA_STYLE('',(#11786));
#11786 = FILL_AREA_STYLE_COLOUR('',#11751);
#11787 = STYLED_ITEM('color',(#11788),#4044);
#11788 = PRESENTATION_STYLE_ASSIGNMENT((#11789));
#11789 = SURFACE_STYLE_USAGE(.BOTH.,#11790);
#11790 = SURFACE_SIDE_STYLE('',(#11791));
#11791 = SURFACE_STYLE_FILL_AREA(#11792);
#11792 = FILL_AREA_STYLE('',(#11793));
#11793 = FILL_AREA_STYLE_COLOUR('',#11751);
#11794 = STYLED_ITEM('color',(#11795),#4136);
#11795 = PRESENTATION_STYLE_ASSIGNMENT((#11796));
#11796 = SURFACE_STYLE_USAGE(.BOTH.,#11797);
#11797 = SURFACE_SIDE_STYLE('',(#11798));
#11798 = SURFACE_STYLE_FILL_AREA(#11799);
#11799 = FILL_AREA_STYLE('',(#11800));
#11800 = FILL_AREA_STYLE_COLOUR('',#11751);
#11801 = STYLED_ITEM('color',(#11802),#4228);
#11802 = PRESENTATION_STYLE_ASSIGNMENT((#11803));
#11803 = SURFACE_STYLE_USAGE(.BOTH.,#11804);
#11804 = SURFACE_SIDE_STYLE('',(#11805));
#11805 = SURFACE_STYLE_FILL_AREA(#11806);
#11806 = FILL_AREA_STYLE('',(#11807));
#11807 = FILL_AREA_STYLE_COLOUR('',#11751);
#11808 = STYLED_ITEM('color',(#11809),#4518);
#11809 = PRESENTATION_STYLE_ASSIGNMENT((#11810));
#11810 = SURFACE_STYLE_USAGE(.BOTH.,#11811);
#11811 = SURFACE_SIDE_STYLE('',(#11812));
#11812 = SURFACE_STYLE_FILL_AREA(#11813);
#11813 = FILL_AREA_STYLE('',(#11814));
#11814 = FILL_AREA_STYLE_COLOUR('',#11751);
#11815 = STYLED_ITEM('color',(#11816),#4808);
#11816 = PRESENTATION_STYLE_ASSIGNMENT((#11817));
#11817 = SURFACE_STYLE_USAGE(.BOTH.,#11818);
#11818 = SURFACE_SIDE_STYLE('',(#11819));
#11819 = SURFACE_STYLE_FILL_AREA(#11820);
#11820 = FILL_AREA_STYLE('',(#11821));
#11821 = FILL_AREA_STYLE_COLOUR('',#11751);
#11822 = STYLED_ITEM('color',(#11823),#5098);
#11823 = PRESENTATION_STYLE_ASSIGNMENT((#11824));
#11824 = SURFACE_STYLE_USAGE(.BOTH.,#11825);
#11825 = SURFACE_SIDE_STYLE('',(#11826));
#11826 = SURFACE_STYLE_FILL_AREA(#11827);
#11827 = FILL_AREA_STYLE('',(#11828));
#11828 = FILL_AREA_STYLE_COLOUR('',#11751);
#11829 = STYLED_ITEM('color',(#11830),#5388);
#11830 = PRESENTATION_STYLE_ASSIGNMENT((#11831));
#11831 = SURFACE_STYLE_USAGE(.BOTH.,#11832);
#11832 = SURFACE_SIDE_STYLE('',(#11833));
#11833 = SURFACE_STYLE_FILL_AREA(#11834);
#11834 = FILL_AREA_STYLE('',(#11835));
#11835 = FILL_AREA_STYLE_COLOUR('',#11751);
#11836 = STYLED_ITEM('color',(#11837),#5480);
#11837 = PRESENTATION_STYLE_ASSIGNMENT((#11838));
#11838 = SURFACE_STYLE_USAGE(.BOTH.,#11839);
#11839 = SURFACE_SIDE_STYLE('',(#11840));
#11840 = SURFACE_STYLE_FILL_AREA(#11841);
#11841 = FILL_AREA_STYLE('',(#11842));
#11842 = FILL_AREA_STYLE_COLOUR('',#11751);
#11843 = STYLED_ITEM('color',(#11844),#5572);
#11844 = PRESENTATION_STYLE_ASSIGNMENT((#11845));
#11845 = SURFACE_STYLE_USAGE(.BOTH.,#11846);
#11846 = SURFACE_SIDE_STYLE('',(#11847));
#11847 = SURFACE_STYLE_FILL_AREA(#11848);
#11848 = FILL_AREA_STYLE('',(#11849));
#11849 = FILL_AREA_STYLE_COLOUR('',#11751);
#11850 = STYLED_ITEM('color',(#11851),#5664);
#11851 = PRESENTATION_STYLE_ASSIGNMENT((#11852));
#11852 = SURFACE_STYLE_USAGE(.BOTH.,#11853);
#11853 = SURFACE_SIDE_STYLE('',(#11854));
#11854 = SURFACE_STYLE_FILL_AREA(#11855);
#11855 = FILL_AREA_STYLE('',(#11856));
#11856 = FILL_AREA_STYLE_COLOUR('',#11751);
#11857 = STYLED_ITEM('color',(#11858),#5756);
#11858 = PRESENTATION_STYLE_ASSIGNMENT((#11859));
#11859 = SURFACE_STYLE_USAGE(.BOTH.,#11860);
#11860 = SURFACE_SIDE_STYLE('',(#11861));
#11861 = SURFACE_STYLE_FILL_AREA(#11862);
#11862 = FILL_AREA_STYLE('',(#11863));
#11863 = FILL_AREA_STYLE_COLOUR('',#11751);
#11864 = STYLED_ITEM('color',(#11865),#5848);
#11865 = PRESENTATION_STYLE_ASSIGNMENT((#11866));
#11866 = SURFACE_STYLE_USAGE(.BOTH.,#11867);
#11867 = SURFACE_SIDE_STYLE('',(#11868));
#11868 = SURFACE_STYLE_FILL_AREA(#11869);
#11869 = FILL_AREA_STYLE('',(#11870));
#11870 = FILL_AREA_STYLE_COLOUR('',#11751);
#11871 = STYLED_ITEM('color',(#11872),#5940);
#11872 = PRESENTATION_STYLE_ASSIGNMENT((#11873));
#11873 = SURFACE_STYLE_USAGE(.BOTH.,#11874);
#11874 = SURFACE_SIDE_STYLE('',(#11875));
#11875 = SURFACE_STYLE_FILL_AREA(#11876);
#11876 = FILL_AREA_STYLE('',(#11877));
#11877 = FILL_AREA_STYLE_COLOUR('',#11751);
#11878 = STYLED_ITEM('color',(#11879),#6032);
#11879 = PRESENTATION_STYLE_ASSIGNMENT((#11880));
#11880 = SURFACE_STYLE_USAGE(.BOTH.,#11881);
#11881 = SURFACE_SIDE_STYLE('',(#11882));
#11882 = SURFACE_STYLE_FILL_AREA(#11883);
#11883 = FILL_AREA_STYLE('',(#11884));
#11884 = FILL_AREA_STYLE_COLOUR('',#11751);
#11885 = STYLED_ITEM('color',(#11886),#6124);
#11886 = PRESENTATION_STYLE_ASSIGNMENT((#11887));
#11887 = SURFACE_STYLE_USAGE(.BOTH.,#11888);
#11888 = SURFACE_SIDE_STYLE('',(#11889));
#11889 = SURFACE_STYLE_FILL_AREA(#11890);
#11890 = FILL_AREA_STYLE('',(#11891));
#11891 = FILL_AREA_STYLE_COLOUR('',#11751);
#11892 = STYLED_ITEM('color',(#11893),#6216);
#11893 = PRESENTATION_STYLE_ASSIGNMENT((#11894));
#11894 = SURFACE_STYLE_USAGE(.BOTH.,#11895);
#11895 = SURFACE_SIDE_STYLE('',(#11896));
#11896 = SURFACE_STYLE_FILL_AREA(#11897);
#11897 = FILL_AREA_STYLE('',(#11898));
#11898 = FILL_AREA_STYLE_COLOUR('',#11751);
#11899 = STYLED_ITEM('color',(#11900),#6308);
#11900 = PRESENTATION_STYLE_ASSIGNMENT((#11901));
#11901 = SURFACE_STYLE_USAGE(.BOTH.,#11902);
#11902 = SURFACE_SIDE_STYLE('',(#11903));
#11903 = SURFACE_STYLE_FILL_AREA(#11904);
#11904 = FILL_AREA_STYLE('',(#11905));
#11905 = FILL_AREA_STYLE_COLOUR('',#11751);
#11906 = STYLED_ITEM('color',(#11907),#6400);
#11907 = PRESENTATION_STYLE_ASSIGNMENT((#11908));
#11908 = SURFACE_STYLE_USAGE(.BOTH.,#11909);
#11909 = SURFACE_SIDE_STYLE('',(#11910));
#11910 = SURFACE_STYLE_FILL_AREA(#11911);
#11911 = FILL_AREA_STYLE('',(#11912));
#11912 = FILL_AREA_STYLE_COLOUR('',#11751);
#11913 = STYLED_ITEM('color',(#11914),#6492);
#11914 = PRESENTATION_STYLE_ASSIGNMENT((#11915));
#11915 = SURFACE_STYLE_USAGE(.BOTH.,#11916);
#11916 = SURFACE_SIDE_STYLE('',(#11917));
#11917 = SURFACE_STYLE_FILL_AREA(#11918);
#11918 = FILL_AREA_STYLE('',(#11919));
#11919 = FILL_AREA_STYLE_COLOUR('',#11751);
#11920 = STYLED_ITEM('color',(#11921),#6584);
#11921 = PRESENTATION_STYLE_ASSIGNMENT((#11922));
#11922 = SURFACE_STYLE_USAGE(.BOTH.,#11923);
#11923 = SURFACE_SIDE_STYLE('',(#11924));
#11924 = SURFACE_STYLE_FILL_AREA(#11925);
#11925 = FILL_AREA_STYLE('',(#11926));
#11926 = FILL_AREA_STYLE_COLOUR('',#11751);
#11927 = STYLED_ITEM('color',(#11928),#6676);
#11928 = PRESENTATION_STYLE_ASSIGNMENT((#11929));
#11929 = SURFACE_STYLE_USAGE(.BOTH.,#11930);
#11930 = SURFACE_SIDE_STYLE('',(#11931));
#11931 = SURFACE_STYLE_FILL_AREA(#11932);
#11932 = FILL_AREA_STYLE('',(#11933));
#11933 = FILL_AREA_STYLE_COLOUR('',#11751);
#11934 = STYLED_ITEM('color',(#11935),#6768);
#11935 = PRESENTATION_STYLE_ASSIGNMENT((#11936));
#11936 = SURFACE_STYLE_USAGE(.BOTH.,#11937);
#11937 = SURFACE_SIDE_STYLE('',(#11938));
#11938 = SURFACE_STYLE_FILL_AREA(#11939);
#11939 = FILL_AREA_STYLE('',(#11940));
#11940 = FILL_AREA_STYLE_COLOUR('',#11751);
#11941 = STYLED_ITEM('color',(#11942),#7058);
#11942 = PRESENTATION_STYLE_ASSIGNMENT((#11943));
#11943 = SURFACE_STYLE_USAGE(.BOTH.,#11944);
#11944 = SURFACE_SIDE_STYLE('',(#11945));
#11945 = SURFACE_STYLE_FILL_AREA(#11946);
#11946 = FILL_AREA_STYLE('',(#11947));
#11947 = FILL_AREA_STYLE_COLOUR('',#11751);
#11948 = STYLED_ITEM('color',(#11949),#7348);
#11949 = PRESENTATION_STYLE_ASSIGNMENT((#11950));
#11950 = SURFACE_STYLE_USAGE(.BOTH.,#11951);
#11951 = SURFACE_SIDE_STYLE('',(#11952));
#11952 = SURFACE_STYLE_FILL_AREA(#11953);
#11953 = FILL_AREA_STYLE('',(#11954));
#11954 = FILL_AREA_STYLE_COLOUR('',#11751);
#11955 = STYLED_ITEM('color',(#11956),#7440);
#11956 = PRESENTATION_STYLE_ASSIGNMENT((#11957));
#11957 = SURFACE_STYLE_USAGE(.BOTH.,#11958);
#11958 = SURFACE_SIDE_STYLE('',(#11959));
#11959 = SURFACE_STYLE_FILL_AREA(#11960);
#11960 = FILL_AREA_STYLE('',(#11961));
#11961 = FILL_AREA_STYLE_COLOUR('',#11751);
#11962 = STYLED_ITEM('color',(#11963),#7532);
#11963 = PRESENTATION_STYLE_ASSIGNMENT((#11964));
#11964 = SURFACE_STYLE_USAGE(.BOTH.,#11965);
#11965 = SURFACE_SIDE_STYLE('',(#11966));
#11966 = SURFACE_STYLE_FILL_AREA(#11967);
#11967 = FILL_AREA_STYLE('',(#11968));
#11968 = FILL_AREA_STYLE_COLOUR('',#11751);
#11969 = STYLED_ITEM('color',(#11970),#7624);
#11970 = PRESENTATION_STYLE_ASSIGNMENT((#11971));
#11971 = SURFACE_STYLE_USAGE(.BOTH.,#11972);
#11972 = SURFACE_SIDE_STYLE('',(#11973));
#11973 = SURFACE_STYLE_FILL_AREA(#11974);
#11974 = FILL_AREA_STYLE('',(#11975));
#11975 = FILL_AREA_STYLE_COLOUR('',#11751);
#11976 = STYLED_ITEM('color',(#11977),#7716);
#11977 = PRESENTATION_STYLE_ASSIGNMENT((#11978));
#11978 = SURFACE_STYLE_USAGE(.BOTH.,#11979);
#11979 = SURFACE_SIDE_STYLE('',(#11980));
#11980 = SURFACE_STYLE_FILL_AREA(#11981);
#11981 = FILL_AREA_STYLE('',(#11982));
#11982 = FILL_AREA_STYLE_COLOUR('',#11751);
#11983 = STYLED_ITEM('color',(#11984),#7808);
#11984 = PRESENTATION_STYLE_ASSIGNMENT((#11985));
#11985 = SURFACE_STYLE_USAGE(.BOTH.,#11986);
#11986 = SURFACE_SIDE_STYLE('',(#11987));
#11987 = SURFACE_STYLE_FILL_AREA(#11988);
#11988 = FILL_AREA_STYLE('',(#11989));
#11989 = FILL_AREA_STYLE_COLOUR('',#11751);
#11990 = STYLED_ITEM('color',(#11991),#7900);
#11991 = PRESENTATION_STYLE_ASSIGNMENT((#11992));
#11992 = SURFACE_STYLE_USAGE(.BOTH.,#11993);
#11993 = SURFACE_SIDE_STYLE('',(#11994));
#11994 = SURFACE_STYLE_FILL_AREA(#11995);
#11995 = FILL_AREA_STYLE('',(#11996));
#11996 = FILL_AREA_STYLE_COLOUR('',#11751);
#11997 = STYLED_ITEM('color',(#11998),#7992);
#11998 = PRESENTATION_STYLE_ASSIGNMENT((#11999));
#11999 = SURFACE_STYLE_USAGE(.BOTH.,#12000);
#12000 = SURFACE_SIDE_STYLE('',(#12001));
#12001 = SURFACE_STYLE_FILL_AREA(#12002);
#12002 = FILL_AREA_STYLE('',(#12003));
#12003 = FILL_AREA_STYLE_COLOUR('',#11751);
#12004 = STYLED_ITEM('color',(#12005),#8084);
#12005 = PRESENTATION_STYLE_ASSIGNMENT((#12006));
#12006 = SURFACE_STYLE_USAGE(.BOTH.,#12007);
#12007 = SURFACE_SIDE_STYLE('',(#12008));
#12008 = SURFACE_STYLE_FILL_AREA(#12009);
#12009 = FILL_AREA_STYLE('',(#12010));
#12010 = FILL_AREA_STYLE_COLOUR('',#11751);
#12011 = STYLED_ITEM('color',(#12012),#8176);
#12012 = PRESENTATION_STYLE_ASSIGNMENT((#12013));
#12013 = SURFACE_STYLE_USAGE(.BOTH.,#12014);
#12014 = SURFACE_SIDE_STYLE('',(#12015));
#12015 = SURFACE_STYLE_FILL_AREA(#12016);
#12016 = FILL_AREA_STYLE('',(#12017));
#12017 = FILL_AREA_STYLE_COLOUR('',#11751);
#12018 = STYLED_ITEM('color',(#12019),#8268);
#12019 = PRESENTATION_STYLE_ASSIGNMENT((#12020));
#12020 = SURFACE_STYLE_USAGE(.BOTH.,#12021);
#12021 = SURFACE_SIDE_STYLE('',(#12022));
#12022 = SURFACE_STYLE_FILL_AREA(#12023);
#12023 = FILL_AREA_STYLE('',(#12024));
#12024 = FILL_AREA_STYLE_COLOUR('',#11751);
#12025 = STYLED_ITEM('color',(#12026),#8360);
#12026 = PRESENTATION_STYLE_ASSIGNMENT((#12027));
#12027 = SURFACE_STYLE_USAGE(.BOTH.,#12028);
#12028 = SURFACE_SIDE_STYLE('',(#12029));
#12029 = SURFACE_STYLE_FILL_AREA(#12030);
#12030 = FILL_AREA_STYLE('',(#12031));
#12031 = FILL_AREA_STYLE_COLOUR('',#11751);
#12032 = STYLED_ITEM('color',(#12033),#8452);
#12033 = PRESENTATION_STYLE_ASSIGNMENT((#12034));
#12034 = SURFACE_STYLE_USAGE(.BOTH.,#12035);
#12035 = SURFACE_SIDE_STYLE('',(#12036));
#12036 = SURFACE_STYLE_FILL_AREA(#12037);
#12037 = FILL_AREA_STYLE('',(#12038));
#12038 = FILL_AREA_STYLE_COLOUR('',#11751);
#12039 = STYLED_ITEM('color',(#12040),#8544);
#12040 = PRESENTATION_STYLE_ASSIGNMENT((#12041));
#12041 = SURFACE_STYLE_USAGE(.BOTH.,#12042);
#12042 = SURFACE_SIDE_STYLE('',(#12043));
#12043 = SURFACE_STYLE_FILL_AREA(#12044);
#12044 = FILL_AREA_STYLE('',(#12045));
#12045 = FILL_AREA_STYLE_COLOUR('',#11751);
#12046 = STYLED_ITEM('color',(#12047),#8636);
#12047 = PRESENTATION_STYLE_ASSIGNMENT((#12048));
#12048 = SURFACE_STYLE_USAGE(.BOTH.,#12049);
#12049 = SURFACE_SIDE_STYLE('',(#12050));
#12050 = SURFACE_STYLE_FILL_AREA(#12051);
#12051 = FILL_AREA_STYLE('',(#12052));
#12052 = FILL_AREA_STYLE_COLOUR('',#11751);
#12053 = STYLED_ITEM('color',(#12054),#8728);
#12054 = PRESENTATION_STYLE_ASSIGNMENT((#12055));
#12055 = SURFACE_STYLE_USAGE(.BOTH.,#12056);
#12056 = SURFACE_SIDE_STYLE('',(#12057));
#12057 = SURFACE_STYLE_FILL_AREA(#12058);
#12058 = FILL_AREA_STYLE('',(#12059));
#12059 = FILL_AREA_STYLE_COLOUR('',#11751);
#12060 = STYLED_ITEM('color',(#12061),#8820);
#12061 = PRESENTATION_STYLE_ASSIGNMENT((#12062));
#12062 = SURFACE_STYLE_USAGE(.BOTH.,#12063);
#12063 = SURFACE_SIDE_STYLE('',(#12064));
#12064 = SURFACE_STYLE_FILL_AREA(#12065);
#12065 = FILL_AREA_STYLE('',(#12066));
#12066 = FILL_AREA_STYLE_COLOUR('',#11751);
#12067 = STYLED_ITEM('color',(#12068),#8912);
#12068 = PRESENTATION_STYLE_ASSIGNMENT((#12069));
#12069 = SURFACE_STYLE_USAGE(.BOTH.,#12070);
#12070 = SURFACE_SIDE_STYLE('',(#12071));
#12071 = SURFACE_STYLE_FILL_AREA(#12072);
#12072 = FILL_AREA_STYLE('',(#12073));
#12073 = FILL_AREA_STYLE_COLOUR('',#11751);
#12074 = STYLED_ITEM('color',(#12075),#9004);
#12075 = PRESENTATION_STYLE_ASSIGNMENT((#12076));
#12076 = SURFACE_STYLE_USAGE(.BOTH.,#12077);
#12077 = SURFACE_SIDE_STYLE('',(#12078));
#12078 = SURFACE_STYLE_FILL_AREA(#12079);
#12079 = FILL_AREA_STYLE('',(#12080));
#12080 = FILL_AREA_STYLE_COLOUR('',#11751);
#12081 = STYLED_ITEM('color',(#12082),#9096);
#12082 = PRESENTATION_STYLE_ASSIGNMENT((#12083));
#12083 = SURFACE_STYLE_USAGE(.BOTH.,#12084);
#12084 = SURFACE_SIDE_STYLE('',(#12085));
#12085 = SURFACE_STYLE_FILL_AREA(#12086);
#12086 = FILL_AREA_STYLE('',(#12087));
#12087 = FILL_AREA_STYLE_COLOUR('',#11751);
#12088 = STYLED_ITEM('color',(#12089),#9188);
#12089 = PRESENTATION_STYLE_ASSIGNMENT((#12090));
#12090 = SURFACE_STYLE_USAGE(.BOTH.,#12091);
#12091 = SURFACE_SIDE_STYLE('',(#12092));
#12092 = SURFACE_STYLE_FILL_AREA(#12093);
#12093 = FILL_AREA_STYLE('',(#12094));
#12094 = FILL_AREA_STYLE_COLOUR('',#11751);
#12095 = STYLED_ITEM('color',(#12096),#9280);
#12096 = PRESENTATION_STYLE_ASSIGNMENT((#12097));
#12097 = SURFACE_STYLE_USAGE(.BOTH.,#12098);
#12098 = SURFACE_SIDE_STYLE('',(#12099));
#12099 = SURFACE_STYLE_FILL_AREA(#12100);
#12100 = FILL_AREA_STYLE('',(#12101));
#12101 = FILL_AREA_STYLE_COLOUR('',#11751);
#12102 = STYLED_ITEM('color',(#12103),#9570);
#12103 = PRESENTATION_STYLE_ASSIGNMENT((#12104));
#12104 = SURFACE_STYLE_USAGE(.BOTH.,#12105);
#12105 = SURFACE_SIDE_STYLE('',(#12106));
#12106 = SURFACE_STYLE_FILL_AREA(#12107);
#12107 = FILL_AREA_STYLE('',(#12108));
#12108 = FILL_AREA_STYLE_COLOUR('',#11751);
ENDSEC;
END-ISO-10303-21;
