ISO-10303-21;
HEADER;
/* Generated by software containing ST-Developer
 * from STEP Tools, Inc. (www.steptools.com) 
 */

FILE_DESCRIPTION(
/* description */ ('FreeCAD Model'),
/* implementation_level */ '2;1');

FILE_NAME(
/* name */ 'KF301-5-2P.step',
/* time_stamp */ '2025-09-01T21:58:10+02:00',
/* author */ (''),
/* organization */ (''),
/* preprocessor_version */ 'ST-DEVELOPER v20.1',
/* originating_system */ 'Autodesk Translation Framework v14.10.0.0',
/* authorisation */ '');

FILE_SCHEMA (('AUTOMOTIVE_DESIGN { 1 0 10303 214 3 1 1 }'));
ENDSEC;

DATA;
#10=MECHANICAL_DESIGN_GEOMETRIC_PRESENTATION_REPRESENTATION('',(#70,#71,
#72,#73),#4220);
#11=ITEM_DEFINED_TRANSFORMATION($,$,#2186,#2372);
#12=ITEM_DEFINED_TRANSFORMATION($,$,#2251,#2373);
#13=ITEM_DEFINED_TRANSFORMATION($,$,#2312,#2374);
#14=ITEM_DEFINED_TRANSFORMATION($,$,#2251,#2375);
#15=ITEM_DEFINED_TRANSFORMATION($,$,#2312,#2376);
#16=(
REPRESENTATION_RELATIONSHIP($,$,#4239,#4238)
REPRESENTATION_RELATIONSHIP_WITH_TRANSFORMATION(#11)
SHAPE_REPRESENTATION_RELATIONSHIP()
);
#17=(
REPRESENTATION_RELATIONSHIP($,$,#4240,#4238)
REPRESENTATION_RELATIONSHIP_WITH_TRANSFORMATION(#12)
SHAPE_REPRESENTATION_RELATIONSHIP()
);
#18=(
REPRESENTATION_RELATIONSHIP($,$,#4241,#4238)
REPRESENTATION_RELATIONSHIP_WITH_TRANSFORMATION(#13)
SHAPE_REPRESENTATION_RELATIONSHIP()
);
#19=(
REPRESENTATION_RELATIONSHIP($,$,#4240,#4238)
REPRESENTATION_RELATIONSHIP_WITH_TRANSFORMATION(#14)
SHAPE_REPRESENTATION_RELATIONSHIP()
);
#20=(
REPRESENTATION_RELATIONSHIP($,$,#4241,#4238)
REPRESENTATION_RELATIONSHIP_WITH_TRANSFORMATION(#15)
SHAPE_REPRESENTATION_RELATIONSHIP()
);
#21=CONTEXT_DEPENDENT_SHAPE_REPRESENTATION(#16,#4233);
#22=CONTEXT_DEPENDENT_SHAPE_REPRESENTATION(#17,#4234);
#23=CONTEXT_DEPENDENT_SHAPE_REPRESENTATION(#18,#4235);
#24=CONTEXT_DEPENDENT_SHAPE_REPRESENTATION(#19,#4236);
#25=CONTEXT_DEPENDENT_SHAPE_REPRESENTATION(#20,#4237);
#26=NEXT_ASSEMBLY_USAGE_OCCURRENCE('case:1','case:1','case:1',#4243,#4244,
'case:1');
#27=NEXT_ASSEMBLY_USAGE_OCCURRENCE('Terminal1:1','Terminal1:1',
'Terminal1:1',#4243,#4245,'Terminal1:1');
#28=NEXT_ASSEMBLY_USAGE_OCCURRENCE('Screw1:1','Screw1:1','Screw1:1',#4243,
#4246,'Screw1:1');
#29=NEXT_ASSEMBLY_USAGE_OCCURRENCE('Terminal1:2','Terminal1:2',
'Terminal1:2',#4243,#4245,'Terminal1:2');
#30=NEXT_ASSEMBLY_USAGE_OCCURRENCE('Screw1:2','Screw1:2','Screw1:2',#4243,
#4246,'Screw1:2');
#31=TOROIDAL_SURFACE('',#2365,0.9,0.1);
#32=CONICAL_SURFACE('',#2338,1.061897183423,0.462512251778);
#33=CONICAL_SURFACE('',#2344,1.061897183423,0.462512251778);
#34=CONICAL_SURFACE('',#2350,1.061897183423,0.462512251778);
#35=CONICAL_SURFACE('',#2356,1.061897183423,0.462512251778);
#36=CONICAL_SURFACE('',#2362,0.405,1.082104136236);
#37=SPHERICAL_SURFACE('',#2313,2.5);
#38=B_SPLINE_CURVE_WITH_KNOTS('',3,(#3427,#3428,#3429,#3430,#3431,#3432,
#3433,#3434,#3435,#3436,#3437,#3438,#3439,#3440,#3441,#3442,#3443,#3444,
#3445,#3446,#3447,#3448,#3449,#3450,#3451,#3452,#3453,#3454,#3455,#3456,
#3457,#3458,#3459,#3460,#3461,#3462,#3463,#3464,#3465,#3466,#3467,#3468,
#3469,#3470,#3471,#3472,#3473,#3474,#3475,#3476,#3477,#3478,#3479,#3480,
#3481,#3482,#3483,#3484,#3485,#3486,#3487,#3488,#3489,#3490,#3491,#3492,
#3493,#3494,#3495,#3496,#3497,#3498,#3499,#3500,#3501,#3502,#3503,#3504,
#3505,#3506,#3507,#3508,#3509,#3510,#3511,#3512,#3513,#3514,#3515,#3516,
#3517,#3518,#3519,#3520,#3521,#3522,#3523),.UNSPECIFIED.,.F.,.F.,(4,3,3,
3,3,3,3,3,3,3,3,3,3,3,3,3,3,3,3,3,3,3,3,3,3,3,3,3,3,3,3,3,4),(0.,0.0153607107193823,
0.0307658095617573,0.0462402549552083,0.05319084053285,0.0762747808993183,
0.101108679881436,0.10958683841,0.135081875507859,0.159485409564929,0.181792088887059,
0.183888943622,0.199062157325921,0.214220848195944,0.229356514086734,0.24446965460886,
0.249984401251,0.265132382847266,0.280308091792106,0.29550538121975,0.310718482551868,
0.316860577129,0.339524223441696,0.363226711959315,0.38927987865036,0.390653550438,
0.415329625785298,0.438517179776785,0.447332097581,0.462787110623364,0.478192936572634,
0.493531432856455,0.499982375931),.UNSPECIFIED.);
#39=B_SPLINE_CURVE_WITH_KNOTS('',3,(#3524,#3525,#3526,#3527,#3528,#3529,
#3530,#3531,#3532,#3533,#3534,#3535,#3536,#3537,#3538,#3539,#3540,#3541,
#3542,#3543,#3544,#3545,#3546,#3547,#3548,#3549,#3550,#3551,#3552,#3553,
#3554,#3555,#3556,#3557,#3558,#3559,#3560,#3561,#3562,#3563,#3564,#3565,
#3566,#3567,#3568,#3569,#3570,#3571,#3572,#3573,#3574,#3575,#3576,#3577,
#3578,#3579,#3580,#3581,#3582,#3583,#3584,#3585,#3586,#3587,#3588,#3589,
#3590,#3591,#3592,#3593,#3594,#3595,#3596,#3597,#3598,#3599,#3600,#3601,
#3602,#3603,#3604,#3605,#3606,#3607,#3608,#3609,#3610,#3611,#3612,#3613,
#3614,#3615,#3616,#3617,#3618,#3619,#3620),.UNSPECIFIED.,.F.,.F.,(4,3,3,
3,3,3,3,3,3,3,3,3,3,3,3,3,3,3,3,3,3,3,3,3,3,3,3,3,3,3,3,3,4),(0.499982375931,
0.515344169553405,0.530750354431382,0.546225890746763,0.553176966352,0.576262534252007,
0.60109818409748,0.609576940078,0.635073774595106,0.659479029045553,0.681787280809433,
0.683884283496,0.69905856688968,0.714218326430132,0.72935505936892,0.744469265351942,
0.749984400774,0.765133450280281,0.780310229092686,0.79550858990705,0.810722763738746,
0.816865291339,0.83953053539131,0.863234694872028,0.889289698083342,0.890663466961,
0.915341281978081,0.938530470658131,0.947346009871,0.96280211246886,0.978209024508925,
0.993548602144573,1.),.UNSPECIFIED.);
#40=B_SPLINE_CURVE_WITH_KNOTS('',3,(#3678,#3679,#3680,#3681,#3682,#3683,
#3684,#3685,#3686,#3687,#3688,#3689,#3690),.UNSPECIFIED.,.F.,.F.,(4,3,3,
3,4),(2530.17821188633,2651.64251620561,2764.22604610931,2864.17765341659,
2951.25568751726),.UNSPECIFIED.);
#41=B_SPLINE_CURVE_WITH_KNOTS('',3,(#3693,#3694,#3695,#3696,#3697,#3698,
#3699,#3700,#3701,#3702,#3703,#3704,#3705,#3706,#3707,#3708,#3709,#3710,
#3711,#3712,#3713,#3714,#3715,#3716,#3717,#3718,#3719,#3720,#3721,#3722,
#3723,#3724,#3725,#3726,#3727,#3728,#3729,#3730,#3731,#3732),
 .UNSPECIFIED.,.F.,.F.,(4,3,3,3,3,3,3,3,3,3,3,3,3,4),(1925.86518389868,
1943.25915988821,1960.16507448265,1974.9577497528,1988.48788119726,2001.18429420189,
2013.10777564628,2024.3139684971,2034.85386446555,2044.77424413488,2053.82700920491,
2062.44189074497,2070.47418369438,2078.50647664378),.UNSPECIFIED.);
#42=B_SPLINE_CURVE_WITH_KNOTS('',3,(#3733,#3734,#3735,#3736),
 .UNSPECIFIED.,.F.,.F.,(4,4),(3428.06216657808,3470.16176256126),
 .UNSPECIFIED.);
#43=B_SPLINE_CURVE_WITH_KNOTS('',3,(#3740,#3741,#3742,#3743,#3744,#3745,
#3746,#3747,#3748,#3749,#3750,#3751,#3752,#3753,#3754,#3755,#3756,#3757,
#3758,#3759,#3760,#3761,#3762,#3763,#3764,#3765,#3766,#3767,#3768,#3769,
#3770,#3771,#3772,#3773,#3774,#3775,#3776,#3777,#3778,#3779),
 .UNSPECIFIED.,.F.,.F.,(4,3,3,3,3,3,3,3,3,3,3,3,3,4),(146.693857941741,
154.425131656182,162.638225111109,171.637067828514,181.197273967083,191.360733371522,
202.173026939729,213.68380101984,226.306988431926,239.719281213427,254.623248581648,
270.228270924791,287.227456468729,299.33515068631),.UNSPECIFIED.);
#44=B_SPLINE_CURVE_WITH_KNOTS('',3,(#3783,#3784,#3785,#3786),
 .UNSPECIFIED.,.F.,.F.,(4,4),(771.71810914256,813.817705125076),
 .UNSPECIFIED.);
#45=B_SPLINE_CURVE_WITH_KNOTS('',3,(#3790,#3791,#3792,#3793,#3794,#3795,
#3796,#3797,#3798,#3799,#3800,#3801,#3802),.UNSPECIFIED.,.F.,.F.,(4,3,3,
3,4),(1281.07147790326,1377.47937232975,1485.46374240287,1606.59070646845,
1702.14895353412),.UNSPECIFIED.);
#46=B_SPLINE_CURVE_WITH_KNOTS('',3,(#3806,#3807,#3808,#3809,#3810,#3811,
#3812,#3813,#3814,#3815,#3816,#3817,#3818),.UNSPECIFIED.,.F.,.F.,(4,3,3,
3,4),(2530.17821188633,2651.64251620561,2764.22604610931,2864.17765341659,
2951.25568751726),.UNSPECIFIED.);
#47=B_SPLINE_CURVE_WITH_KNOTS('',3,(#3821,#3822,#3823,#3824,#3825,#3826,
#3827,#3828,#3829,#3830,#3831,#3832,#3833,#3834,#3835,#3836,#3837,#3838,
#3839,#3840,#3841,#3842,#3843,#3844,#3845,#3846,#3847,#3848,#3849,#3850,
#3851,#3852,#3853,#3854,#3855,#3856,#3857,#3858,#3859,#3860),
 .UNSPECIFIED.,.F.,.F.,(4,3,3,3,3,3,3,3,3,3,3,3,3,4),(1925.86518389868,
1943.2591598882,1960.16507448265,1974.95774975279,1988.48788119726,2001.18429420188,
2013.10777564628,2024.3139684971,2034.85386446555,2044.77424413488,2053.82700920491,
2062.44189074497,2070.47418369437,2078.50647664378),.UNSPECIFIED.);
#48=B_SPLINE_CURVE_WITH_KNOTS('',3,(#3861,#3862,#3863,#3864),
 .UNSPECIFIED.,.F.,.F.,(4,4),(3428.06216657808,3470.16176256126),
 .UNSPECIFIED.);
#49=B_SPLINE_CURVE_WITH_KNOTS('',3,(#3868,#3869,#3870,#3871,#3872,#3873,
#3874,#3875,#3876,#3877,#3878,#3879,#3880,#3881,#3882,#3883,#3884,#3885,
#3886,#3887,#3888,#3889,#3890,#3891,#3892,#3893,#3894,#3895,#3896,#3897,
#3898,#3899,#3900,#3901,#3902,#3903,#3904,#3905,#3906,#3907),
 .UNSPECIFIED.,.F.,.F.,(4,3,3,3,3,3,3,3,3,3,3,3,3,4),(146.693857941741,
154.425131656182,162.638225111107,171.637067828512,181.197273967081,191.36073337152,
202.173026939725,213.68380101984,226.306988431926,239.719281213426,254.623248581647,
270.228270924791,287.227456468729,299.33515068631),.UNSPECIFIED.);
#50=B_SPLINE_CURVE_WITH_KNOTS('',3,(#3911,#3912,#3913,#3914),
 .UNSPECIFIED.,.F.,.F.,(4,4),(771.71810914256,813.817705125076),
 .UNSPECIFIED.);
#51=B_SPLINE_CURVE_WITH_KNOTS('',3,(#3918,#3919,#3920,#3921,#3922,#3923,
#3924,#3925,#3926,#3927,#3928,#3929,#3930),.UNSPECIFIED.,.F.,.F.,(4,3,3,
3,4),(1281.07147790326,1377.47937232975,1485.46374240287,1606.59070646845,
1702.14895353412),.UNSPECIFIED.);
#52=B_SPLINE_CURVE_WITH_KNOTS('',3,(#3934,#3935,#3936,#3937,#3938,#3939,
#3940,#3941,#3942,#3943,#3944,#3945,#3946),.UNSPECIFIED.,.F.,.F.,(4,3,3,
3,4),(2530.17821188633,2651.64251620561,2764.22604610931,2864.17765341659,
2951.25568751726),.UNSPECIFIED.);
#53=B_SPLINE_CURVE_WITH_KNOTS('',3,(#3949,#3950,#3951,#3952,#3953,#3954,
#3955,#3956,#3957,#3958,#3959,#3960,#3961,#3962,#3963,#3964,#3965,#3966,
#3967,#3968,#3969,#3970,#3971,#3972,#3973,#3974,#3975,#3976,#3977,#3978,
#3979,#3980,#3981,#3982,#3983,#3984,#3985,#3986,#3987,#3988),
 .UNSPECIFIED.,.F.,.F.,(4,3,3,3,3,3,3,3,3,3,3,3,3,4),(1925.86518389868,
1943.25915988821,1960.16507448265,1974.9577497528,1988.48788119726,2001.18429420189,
2013.10777564628,2024.3139684971,2034.85386446555,2044.77424413488,2053.82700920491,
2062.44189074497,2070.47418369438,2078.50647664378),.UNSPECIFIED.);
#54=B_SPLINE_CURVE_WITH_KNOTS('',3,(#3989,#3990,#3991,#3992),
 .UNSPECIFIED.,.F.,.F.,(4,4),(3428.06216657808,3470.16176256126),
 .UNSPECIFIED.);
#55=B_SPLINE_CURVE_WITH_KNOTS('',3,(#3996,#3997,#3998,#3999,#4000,#4001,
#4002,#4003,#4004,#4005,#4006,#4007,#4008,#4009,#4010,#4011,#4012,#4013,
#4014,#4015,#4016,#4017,#4018,#4019,#4020,#4021,#4022,#4023,#4024,#4025,
#4026,#4027,#4028,#4029,#4030,#4031,#4032,#4033,#4034,#4035),
 .UNSPECIFIED.,.F.,.F.,(4,3,3,3,3,3,3,3,3,3,3,3,3,4),(146.693857941741,
154.425131656182,162.638225111109,171.637067828514,181.197273967083,191.360733371522,
202.173026939729,213.68380101984,226.306988431926,239.719281213427,254.623248581648,
270.228270924791,287.227456468729,299.33515068631),.UNSPECIFIED.);
#56=B_SPLINE_CURVE_WITH_KNOTS('',3,(#4039,#4040,#4041,#4042),
 .UNSPECIFIED.,.F.,.F.,(4,4),(771.71810914256,813.817705125076),
 .UNSPECIFIED.);
#57=B_SPLINE_CURVE_WITH_KNOTS('',3,(#4046,#4047,#4048,#4049,#4050,#4051,
#4052,#4053,#4054,#4055,#4056,#4057,#4058),.UNSPECIFIED.,.F.,.F.,(4,3,3,
3,4),(1281.07147790326,1377.47937232975,1485.46374240287,1606.59070646845,
1702.14895353412),.UNSPECIFIED.);
#58=B_SPLINE_CURVE_WITH_KNOTS('',3,(#4062,#4063,#4064,#4065,#4066,#4067,
#4068,#4069,#4070,#4071,#4072,#4073,#4074),.UNSPECIFIED.,.F.,.F.,(4,3,3,
3,4),(2530.17821188633,2651.64251620561,2764.22604610931,2864.17765341659,
2951.25568751726),.UNSPECIFIED.);
#59=B_SPLINE_CURVE_WITH_KNOTS('',3,(#4077,#4078,#4079,#4080,#4081,#4082,
#4083,#4084,#4085,#4086,#4087,#4088,#4089,#4090,#4091,#4092,#4093,#4094,
#4095,#4096,#4097,#4098,#4099,#4100,#4101,#4102,#4103,#4104,#4105,#4106,
#4107,#4108,#4109,#4110,#4111,#4112,#4113,#4114,#4115,#4116),
 .UNSPECIFIED.,.F.,.F.,(4,3,3,3,3,3,3,3,3,3,3,3,3,4),(1925.86518389868,
1943.2591598882,1960.16507448265,1974.95774975279,1988.48788119726,2001.18429420188,
2013.10777564628,2024.3139684971,2034.85386446555,2044.77424413488,2053.82700920491,
2062.44189074497,2070.47418369437,2078.50647664378),.UNSPECIFIED.);
#60=B_SPLINE_CURVE_WITH_KNOTS('',3,(#4117,#4118,#4119,#4120),
 .UNSPECIFIED.,.F.,.F.,(4,4),(3428.06216657808,3470.16176256126),
 .UNSPECIFIED.);
#61=B_SPLINE_CURVE_WITH_KNOTS('',3,(#4124,#4125,#4126,#4127,#4128,#4129,
#4130,#4131,#4132,#4133,#4134,#4135,#4136,#4137,#4138,#4139,#4140,#4141,
#4142,#4143,#4144,#4145,#4146,#4147,#4148,#4149,#4150,#4151,#4152,#4153,
#4154,#4155,#4156,#4157,#4158,#4159,#4160,#4161,#4162,#4163),
 .UNSPECIFIED.,.F.,.F.,(4,3,3,3,3,3,3,3,3,3,3,3,3,4),(146.693857941741,
154.425131656182,162.638225111107,171.637067828512,181.197273967081,191.36073337152,
202.173026939725,213.68380101984,226.306988431926,239.719281213426,254.623248581647,
270.228270924791,287.227456468729,299.33515068631),.UNSPECIFIED.);
#62=B_SPLINE_CURVE_WITH_KNOTS('',3,(#4167,#4168,#4169,#4170),
 .UNSPECIFIED.,.F.,.F.,(4,4),(771.71810914256,813.817705125076),
 .UNSPECIFIED.);
#63=B_SPLINE_CURVE_WITH_KNOTS('',3,(#4172,#4173,#4174,#4175,#4176,#4177,
#4178,#4179,#4180,#4181,#4182,#4183,#4184),.UNSPECIFIED.,.F.,.F.,(4,3,3,
3,4),(1281.07147790326,1377.47937232975,1485.46374240287,1606.59070646845,
1702.14895353412),.UNSPECIFIED.);
#64=SHAPE_REPRESENTATION_RELATIONSHIP('SRR','None',#4239,#67);
#65=SHAPE_REPRESENTATION_RELATIONSHIP('SRR','None',#4240,#68);
#66=SHAPE_REPRESENTATION_RELATIONSHIP('SRR','None',#4241,#69);
#67=ADVANCED_BREP_SHAPE_REPRESENTATION('',(#74),#4217);
#68=ADVANCED_BREP_SHAPE_REPRESENTATION('',(#75,#76),#4218);
#69=ADVANCED_BREP_SHAPE_REPRESENTATION('',(#77),#4219);
#70=STYLED_ITEM('',(#4262),#74);
#71=STYLED_ITEM('',(#4263),#75);
#72=STYLED_ITEM('',(#4263),#76);
#73=STYLED_ITEM('',(#4264),#77);
#74=MANIFOLD_SOLID_BREP('Body1',#2147);
#75=MANIFOLD_SOLID_BREP('Body1',#2148);
#76=MANIFOLD_SOLID_BREP('Body2',#2149);
#77=MANIFOLD_SOLID_BREP('Body1',#2150);
#78=ELLIPSE('',#2226,0.894427191,0.4);
#79=ELLIPSE('',#2227,0.894427191,0.4);
#80=ELLIPSE('',#2274,0.225716186106,0.2);
#81=ELLIPSE('',#2275,0.225716186106,0.2);
#82=ELLIPSE('',#2279,0.451432372213,0.4);
#83=ELLIPSE('',#2280,0.451432372213,0.4);
#84=ELLIPSE('',#2287,0.501627258616,0.5);
#85=ELLIPSE('',#2288,0.30097635517,0.3);
#86=ELLIPSE('',#2290,0.30097635517,0.3);
#87=ELLIPSE('',#2291,0.501627258616,0.5);
#88=FACE_BOUND('',#328,.T.);
#89=FACE_BOUND('',#329,.T.);
#90=FACE_BOUND('',#330,.T.);
#91=FACE_BOUND('',#332,.T.);
#92=FACE_BOUND('',#333,.T.);
#93=FACE_BOUND('',#336,.T.);
#94=FACE_BOUND('',#337,.T.);
#95=FACE_BOUND('',#343,.T.);
#96=FACE_BOUND('',#344,.T.);
#97=FACE_BOUND('',#368,.T.);
#98=FACE_BOUND('',#370,.T.);
#99=FACE_BOUND('',#390,.T.);
#100=FACE_BOUND('',#392,.T.);
#101=FACE_BOUND('',#394,.T.);
#102=FACE_BOUND('',#396,.T.);
#103=FACE_BOUND('',#401,.T.);
#104=FACE_BOUND('',#427,.T.);
#105=CYLINDRICAL_SURFACE('',#2210,0.5);
#106=CYLINDRICAL_SURFACE('',#2214,0.5);
#107=CYLINDRICAL_SURFACE('',#2241,1.65);
#108=CYLINDRICAL_SURFACE('',#2246,1.65);
#109=CYLINDRICAL_SURFACE('',#2247,0.4);
#110=CYLINDRICAL_SURFACE('',#2248,0.4);
#111=CYLINDRICAL_SURFACE('',#2259,0.1);
#112=CYLINDRICAL_SURFACE('',#2261,0.3);
#113=CYLINDRICAL_SURFACE('',#2273,0.2);
#114=CYLINDRICAL_SURFACE('',#2276,1.);
#115=CYLINDRICAL_SURFACE('',#2277,0.4);
#116=CYLINDRICAL_SURFACE('',#2292,0.3);
#117=CYLINDRICAL_SURFACE('',#2293,0.5);
#118=CYLINDRICAL_SURFACE('',#2307,0.9);
#119=CYLINDRICAL_SURFACE('',#2308,0.45);
#120=CYLINDRICAL_SURFACE('',#2310,1.5);
#121=CYLINDRICAL_SURFACE('',#2360,1.6);
#122=CYLINDRICAL_SURFACE('',#2369,0.8);
#123=CIRCLE('',#2191,0.5);
#124=CIRCLE('',#2192,0.5);
#125=CIRCLE('',#2209,0.5);
#126=CIRCLE('',#2215,0.5);
#127=CIRCLE('',#2223,1.65);
#128=CIRCLE('',#2224,1.65);
#129=CIRCLE('',#2230,0.4);
#130=CIRCLE('',#2231,1.65);
#131=CIRCLE('',#2237,0.4);
#132=CIRCLE('',#2238,1.65);
#133=CIRCLE('',#2254,0.1);
#134=CIRCLE('',#2255,0.3);
#135=CIRCLE('',#2260,0.1);
#136=CIRCLE('',#2262,0.3);
#137=CIRCLE('',#2267,1.);
#138=CIRCLE('',#2269,1.);
#139=CIRCLE('',#2271,0.4);
#140=CIRCLE('',#2278,0.4);
#141=CIRCLE('',#2299,0.9);
#142=CIRCLE('',#2301,0.45);
#143=CIRCLE('',#2303,1.5);
#144=CIRCLE('',#2305,1.5);
#145=CIRCLE('',#2309,0.45);
#146=CIRCLE('',#2314,1.6);
#147=CIRCLE('',#2315,2.5);
#148=CIRCLE('',#2316,2.496974438414);
#149=CIRCLE('',#2317,2.499456055778);
#150=CIRCLE('',#2318,0.85);
#151=CIRCLE('',#2319,2.499456055778);
#152=CIRCLE('',#2320,2.496974438414);
#153=CIRCLE('',#2321,2.496974438414);
#154=CIRCLE('',#2322,2.499456055778);
#155=CIRCLE('',#2323,0.85);
#156=CIRCLE('',#2324,2.499456055778);
#157=CIRCLE('',#2325,2.496974438414);
#158=CIRCLE('',#2326,2.496974438414);
#159=CIRCLE('',#2327,2.499456055778);
#160=CIRCLE('',#2328,0.85);
#161=CIRCLE('',#2329,2.499456055778);
#162=CIRCLE('',#2330,2.496974438414);
#163=CIRCLE('',#2331,2.496974438414);
#164=CIRCLE('',#2332,2.499456055778);
#165=CIRCLE('',#2333,0.85);
#166=CIRCLE('',#2334,2.499456055778);
#167=CIRCLE('',#2335,2.496974438414);
#168=CIRCLE('',#2339,0.405);
#169=CIRCLE('',#2345,0.405);
#170=CIRCLE('',#2351,0.405);
#171=CIRCLE('',#2357,0.405);
#172=CIRCLE('',#2361,1.6);
#173=CIRCLE('',#2364,0.9);
#174=CIRCLE('',#2366,0.8);
#175=CIRCLE('',#2367,0.8);
#176=CIRCLE('',#2368,0.1);
#177=CIRCLE('',#2370,0.8);
#178=FACE_OUTER_BOUND('',#296,.T.);
#179=FACE_OUTER_BOUND('',#297,.T.);
#180=FACE_OUTER_BOUND('',#298,.T.);
#181=FACE_OUTER_BOUND('',#299,.T.);
#182=FACE_OUTER_BOUND('',#300,.T.);
#183=FACE_OUTER_BOUND('',#301,.T.);
#184=FACE_OUTER_BOUND('',#302,.T.);
#185=FACE_OUTER_BOUND('',#303,.T.);
#186=FACE_OUTER_BOUND('',#304,.T.);
#187=FACE_OUTER_BOUND('',#305,.T.);
#188=FACE_OUTER_BOUND('',#306,.T.);
#189=FACE_OUTER_BOUND('',#307,.T.);
#190=FACE_OUTER_BOUND('',#308,.T.);
#191=FACE_OUTER_BOUND('',#309,.T.);
#192=FACE_OUTER_BOUND('',#310,.T.);
#193=FACE_OUTER_BOUND('',#311,.T.);
#194=FACE_OUTER_BOUND('',#312,.T.);
#195=FACE_OUTER_BOUND('',#313,.T.);
#196=FACE_OUTER_BOUND('',#314,.T.);
#197=FACE_OUTER_BOUND('',#315,.T.);
#198=FACE_OUTER_BOUND('',#316,.T.);
#199=FACE_OUTER_BOUND('',#317,.T.);
#200=FACE_OUTER_BOUND('',#318,.T.);
#201=FACE_OUTER_BOUND('',#319,.T.);
#202=FACE_OUTER_BOUND('',#320,.T.);
#203=FACE_OUTER_BOUND('',#321,.T.);
#204=FACE_OUTER_BOUND('',#322,.T.);
#205=FACE_OUTER_BOUND('',#323,.T.);
#206=FACE_OUTER_BOUND('',#324,.T.);
#207=FACE_OUTER_BOUND('',#325,.T.);
#208=FACE_OUTER_BOUND('',#326,.T.);
#209=FACE_OUTER_BOUND('',#327,.T.);
#210=FACE_OUTER_BOUND('',#331,.T.);
#211=FACE_OUTER_BOUND('',#334,.T.);
#212=FACE_OUTER_BOUND('',#335,.T.);
#213=FACE_OUTER_BOUND('',#338,.T.);
#214=FACE_OUTER_BOUND('',#339,.T.);
#215=FACE_OUTER_BOUND('',#340,.T.);
#216=FACE_OUTER_BOUND('',#341,.T.);
#217=FACE_OUTER_BOUND('',#342,.T.);
#218=FACE_OUTER_BOUND('',#345,.T.);
#219=FACE_OUTER_BOUND('',#346,.T.);
#220=FACE_OUTER_BOUND('',#347,.T.);
#221=FACE_OUTER_BOUND('',#348,.T.);
#222=FACE_OUTER_BOUND('',#349,.T.);
#223=FACE_OUTER_BOUND('',#350,.T.);
#224=FACE_OUTER_BOUND('',#351,.T.);
#225=FACE_OUTER_BOUND('',#352,.T.);
#226=FACE_OUTER_BOUND('',#353,.T.);
#227=FACE_OUTER_BOUND('',#354,.T.);
#228=FACE_OUTER_BOUND('',#355,.T.);
#229=FACE_OUTER_BOUND('',#356,.T.);
#230=FACE_OUTER_BOUND('',#357,.T.);
#231=FACE_OUTER_BOUND('',#358,.T.);
#232=FACE_OUTER_BOUND('',#359,.T.);
#233=FACE_OUTER_BOUND('',#360,.T.);
#234=FACE_OUTER_BOUND('',#361,.T.);
#235=FACE_OUTER_BOUND('',#362,.T.);
#236=FACE_OUTER_BOUND('',#363,.T.);
#237=FACE_OUTER_BOUND('',#364,.T.);
#238=FACE_OUTER_BOUND('',#365,.T.);
#239=FACE_OUTER_BOUND('',#366,.T.);
#240=FACE_OUTER_BOUND('',#367,.T.);
#241=FACE_OUTER_BOUND('',#369,.T.);
#242=FACE_OUTER_BOUND('',#371,.T.);
#243=FACE_OUTER_BOUND('',#372,.T.);
#244=FACE_OUTER_BOUND('',#373,.T.);
#245=FACE_OUTER_BOUND('',#374,.T.);
#246=FACE_OUTER_BOUND('',#375,.T.);
#247=FACE_OUTER_BOUND('',#376,.T.);
#248=FACE_OUTER_BOUND('',#377,.T.);
#249=FACE_OUTER_BOUND('',#378,.T.);
#250=FACE_OUTER_BOUND('',#379,.T.);
#251=FACE_OUTER_BOUND('',#380,.T.);
#252=FACE_OUTER_BOUND('',#381,.T.);
#253=FACE_OUTER_BOUND('',#382,.T.);
#254=FACE_OUTER_BOUND('',#383,.T.);
#255=FACE_OUTER_BOUND('',#384,.T.);
#256=FACE_OUTER_BOUND('',#385,.T.);
#257=FACE_OUTER_BOUND('',#386,.T.);
#258=FACE_OUTER_BOUND('',#387,.T.);
#259=FACE_OUTER_BOUND('',#388,.T.);
#260=FACE_OUTER_BOUND('',#389,.T.);
#261=FACE_OUTER_BOUND('',#391,.T.);
#262=FACE_OUTER_BOUND('',#393,.T.);
#263=FACE_OUTER_BOUND('',#395,.T.);
#264=FACE_OUTER_BOUND('',#397,.T.);
#265=FACE_OUTER_BOUND('',#398,.T.);
#266=FACE_OUTER_BOUND('',#399,.T.);
#267=FACE_OUTER_BOUND('',#400,.T.);
#268=FACE_OUTER_BOUND('',#402,.T.);
#269=FACE_OUTER_BOUND('',#403,.T.);
#270=FACE_OUTER_BOUND('',#404,.T.);
#271=FACE_OUTER_BOUND('',#405,.T.);
#272=FACE_OUTER_BOUND('',#406,.T.);
#273=FACE_OUTER_BOUND('',#407,.T.);
#274=FACE_OUTER_BOUND('',#408,.T.);
#275=FACE_OUTER_BOUND('',#409,.T.);
#276=FACE_OUTER_BOUND('',#410,.T.);
#277=FACE_OUTER_BOUND('',#411,.T.);
#278=FACE_OUTER_BOUND('',#412,.T.);
#279=FACE_OUTER_BOUND('',#413,.T.);
#280=FACE_OUTER_BOUND('',#414,.T.);
#281=FACE_OUTER_BOUND('',#415,.T.);
#282=FACE_OUTER_BOUND('',#416,.T.);
#283=FACE_OUTER_BOUND('',#417,.T.);
#284=FACE_OUTER_BOUND('',#418,.T.);
#285=FACE_OUTER_BOUND('',#419,.T.);
#286=FACE_OUTER_BOUND('',#420,.T.);
#287=FACE_OUTER_BOUND('',#421,.T.);
#288=FACE_OUTER_BOUND('',#422,.T.);
#289=FACE_OUTER_BOUND('',#423,.T.);
#290=FACE_OUTER_BOUND('',#424,.T.);
#291=FACE_OUTER_BOUND('',#425,.T.);
#292=FACE_OUTER_BOUND('',#426,.T.);
#293=FACE_OUTER_BOUND('',#428,.T.);
#294=FACE_OUTER_BOUND('',#429,.T.);
#295=FACE_OUTER_BOUND('',#430,.T.);
#296=EDGE_LOOP('',(#1338,#1339,#1340,#1341,#1342,#1343,#1344,#1345,#1346,
#1347,#1348,#1349,#1350,#1351,#1352,#1353,#1354,#1355,#1356,#1357));
#297=EDGE_LOOP('',(#1358,#1359,#1360,#1361,#1362));
#298=EDGE_LOOP('',(#1363,#1364,#1365,#1366));
#299=EDGE_LOOP('',(#1367,#1368,#1369,#1370,#1371,#1372,#1373,#1374,#1375,
#1376,#1377,#1378,#1379,#1380,#1381,#1382,#1383,#1384,#1385,#1386));
#300=EDGE_LOOP('',(#1387,#1388,#1389,#1390));
#301=EDGE_LOOP('',(#1391,#1392,#1393,#1394,#1395,#1396,#1397,#1398,#1399,
#1400,#1401));
#302=EDGE_LOOP('',(#1402,#1403,#1404,#1405));
#303=EDGE_LOOP('',(#1406,#1407,#1408,#1409));
#304=EDGE_LOOP('',(#1410,#1411,#1412,#1413));
#305=EDGE_LOOP('',(#1414,#1415,#1416,#1417,#1418,#1419,#1420,#1421,#1422,
#1423,#1424));
#306=EDGE_LOOP('',(#1425,#1426,#1427,#1428));
#307=EDGE_LOOP('',(#1429,#1430,#1431,#1432,#1433));
#308=EDGE_LOOP('',(#1434,#1435,#1436,#1437,#1438));
#309=EDGE_LOOP('',(#1439,#1440,#1441,#1442));
#310=EDGE_LOOP('',(#1443,#1444,#1445,#1446,#1447));
#311=EDGE_LOOP('',(#1448,#1449,#1450,#1451));
#312=EDGE_LOOP('',(#1452,#1453,#1454,#1455));
#313=EDGE_LOOP('',(#1456,#1457,#1458,#1459));
#314=EDGE_LOOP('',(#1460,#1461,#1462,#1463));
#315=EDGE_LOOP('',(#1464,#1465,#1466,#1467,#1468,#1469,#1470,#1471));
#316=EDGE_LOOP('',(#1472,#1473,#1474,#1475));
#317=EDGE_LOOP('',(#1476,#1477,#1478,#1479));
#318=EDGE_LOOP('',(#1480,#1481,#1482,#1483));
#319=EDGE_LOOP('',(#1484,#1485,#1486,#1487));
#320=EDGE_LOOP('',(#1488,#1489,#1490,#1491));
#321=EDGE_LOOP('',(#1492,#1493,#1494,#1495));
#322=EDGE_LOOP('',(#1496,#1497,#1498,#1499));
#323=EDGE_LOOP('',(#1500,#1501,#1502,#1503));
#324=EDGE_LOOP('',(#1504,#1505,#1506,#1507));
#325=EDGE_LOOP('',(#1508,#1509,#1510,#1511));
#326=EDGE_LOOP('',(#1512,#1513,#1514,#1515));
#327=EDGE_LOOP('',(#1516,#1517,#1518,#1519));
#328=EDGE_LOOP('',(#1520));
#329=EDGE_LOOP('',(#1521,#1522,#1523,#1524));
#330=EDGE_LOOP('',(#1525));
#331=EDGE_LOOP('',(#1526,#1527,#1528,#1529));
#332=EDGE_LOOP('',(#1530));
#333=EDGE_LOOP('',(#1531));
#334=EDGE_LOOP('',(#1532,#1533,#1534,#1535));
#335=EDGE_LOOP('',(#1536,#1537,#1538,#1539));
#336=EDGE_LOOP('',(#1540));
#337=EDGE_LOOP('',(#1541));
#338=EDGE_LOOP('',(#1542,#1543,#1544,#1545));
#339=EDGE_LOOP('',(#1546,#1547,#1548,#1549));
#340=EDGE_LOOP('',(#1550,#1551,#1552,#1553,#1554,#1555,#1556,#1557));
#341=EDGE_LOOP('',(#1558,#1559,#1560,#1561));
#342=EDGE_LOOP('',(#1562,#1563,#1564,#1565));
#343=EDGE_LOOP('',(#1566));
#344=EDGE_LOOP('',(#1567));
#345=EDGE_LOOP('',(#1568,#1569,#1570,#1571));
#346=EDGE_LOOP('',(#1572,#1573,#1574,#1575));
#347=EDGE_LOOP('',(#1576,#1577,#1578,#1579));
#348=EDGE_LOOP('',(#1580,#1581,#1582,#1583));
#349=EDGE_LOOP('',(#1584,#1585,#1586,#1587));
#350=EDGE_LOOP('',(#1588,#1589,#1590,#1591));
#351=EDGE_LOOP('',(#1592,#1593,#1594,#1595));
#352=EDGE_LOOP('',(#1596,#1597,#1598,#1599));
#353=EDGE_LOOP('',(#1600,#1601,#1602,#1603));
#354=EDGE_LOOP('',(#1604,#1605,#1606,#1607));
#355=EDGE_LOOP('',(#1608,#1609,#1610,#1611));
#356=EDGE_LOOP('',(#1612,#1613,#1614,#1615));
#357=EDGE_LOOP('',(#1616,#1617,#1618,#1619));
#358=EDGE_LOOP('',(#1620,#1621,#1622,#1623));
#359=EDGE_LOOP('',(#1624,#1625,#1626,#1627));
#360=EDGE_LOOP('',(#1628,#1629,#1630,#1631));
#361=EDGE_LOOP('',(#1632,#1633,#1634,#1635));
#362=EDGE_LOOP('',(#1636,#1637,#1638,#1639));
#363=EDGE_LOOP('',(#1640,#1641,#1642,#1643));
#364=EDGE_LOOP('',(#1644,#1645,#1646,#1647));
#365=EDGE_LOOP('',(#1648,#1649,#1650,#1651));
#366=EDGE_LOOP('',(#1652,#1653,#1654,#1655));
#367=EDGE_LOOP('',(#1656,#1657,#1658,#1659));
#368=EDGE_LOOP('',(#1660));
#369=EDGE_LOOP('',(#1661,#1662,#1663,#1664));
#370=EDGE_LOOP('',(#1665));
#371=EDGE_LOOP('',(#1666,#1667,#1668));
#372=EDGE_LOOP('',(#1669,#1670,#1671,#1672));
#373=EDGE_LOOP('',(#1673,#1674,#1675,#1676));
#374=EDGE_LOOP('',(#1677,#1678,#1679,#1680));
#375=EDGE_LOOP('',(#1681,#1682,#1683,#1684,#1685,#1686));
#376=EDGE_LOOP('',(#1687,#1688,#1689,#1690,#1691,#1692));
#377=EDGE_LOOP('',(#1693,#1694,#1695));
#378=EDGE_LOOP('',(#1696,#1697,#1698,#1699,#1700,#1701));
#379=EDGE_LOOP('',(#1702,#1703,#1704,#1705,#1706,#1707));
#380=EDGE_LOOP('',(#1708,#1709,#1710,#1711,#1712,#1713));
#381=EDGE_LOOP('',(#1714,#1715,#1716,#1717,#1718,#1719,#1720,#1721));
#382=EDGE_LOOP('',(#1722,#1723,#1724,#1725,#1726,#1727,#1728,#1729));
#383=EDGE_LOOP('',(#1730,#1731,#1732,#1733));
#384=EDGE_LOOP('',(#1734,#1735,#1736,#1737));
#385=EDGE_LOOP('',(#1738,#1739,#1740,#1741));
#386=EDGE_LOOP('',(#1742,#1743,#1744,#1745));
#387=EDGE_LOOP('',(#1746,#1747,#1748,#1749));
#388=EDGE_LOOP('',(#1750,#1751,#1752,#1753));
#389=EDGE_LOOP('',(#1754,#1755,#1756,#1757));
#390=EDGE_LOOP('',(#1758));
#391=EDGE_LOOP('',(#1759,#1760,#1761,#1762));
#392=EDGE_LOOP('',(#1763));
#393=EDGE_LOOP('',(#1764,#1765,#1766,#1767));
#394=EDGE_LOOP('',(#1768));
#395=EDGE_LOOP('',(#1769,#1770,#1771,#1772));
#396=EDGE_LOOP('',(#1773));
#397=EDGE_LOOP('',(#1774,#1775,#1776,#1777));
#398=EDGE_LOOP('',(#1778,#1779,#1780,#1781,#1782));
#399=EDGE_LOOP('',(#1783,#1784,#1785,#1786));
#400=EDGE_LOOP('',(#1787,#1788,#1789,#1790));
#401=EDGE_LOOP('',(#1791,#1792));
#402=EDGE_LOOP('',(#1793));
#403=EDGE_LOOP('',(#1794,#1795,#1796,#1797,#1798,#1799,#1800,#1801,#1802,
#1803,#1804,#1805,#1806,#1807,#1808,#1809,#1810,#1811,#1812,#1813,#1814,
#1815,#1816));
#404=EDGE_LOOP('',(#1817,#1818,#1819,#1820));
#405=EDGE_LOOP('',(#1821,#1822,#1823,#1824));
#406=EDGE_LOOP('',(#1825,#1826,#1827,#1828));
#407=EDGE_LOOP('',(#1829,#1830,#1831,#1832));
#408=EDGE_LOOP('',(#1833,#1834,#1835,#1836));
#409=EDGE_LOOP('',(#1837,#1838,#1839,#1840));
#410=EDGE_LOOP('',(#1841,#1842,#1843,#1844));
#411=EDGE_LOOP('',(#1845,#1846,#1847,#1848));
#412=EDGE_LOOP('',(#1849,#1850,#1851,#1852));
#413=EDGE_LOOP('',(#1853,#1854,#1855,#1856));
#414=EDGE_LOOP('',(#1857,#1858,#1859,#1860));
#415=EDGE_LOOP('',(#1861,#1862,#1863,#1864));
#416=EDGE_LOOP('',(#1865,#1866,#1867,#1868));
#417=EDGE_LOOP('',(#1869,#1870,#1871,#1872));
#418=EDGE_LOOP('',(#1873,#1874,#1875,#1876));
#419=EDGE_LOOP('',(#1877,#1878,#1879,#1880));
#420=EDGE_LOOP('',(#1881,#1882,#1883,#1884));
#421=EDGE_LOOP('',(#1885,#1886,#1887,#1888));
#422=EDGE_LOOP('',(#1889,#1890,#1891,#1892));
#423=EDGE_LOOP('',(#1893,#1894,#1895,#1896));
#424=EDGE_LOOP('',(#1897,#1898,#1899,#1900));
#425=EDGE_LOOP('',(#1901,#1902,#1903,#1904,#1905,#1906,#1907,#1908,#1909,
#1910,#1911,#1912,#1913,#1914,#1915,#1916,#1917,#1918,#1919,#1920,#1921,
#1922));
#426=EDGE_LOOP('',(#1923));
#427=EDGE_LOOP('',(#1924));
#428=EDGE_LOOP('',(#1925,#1926,#1927,#1928,#1929));
#429=EDGE_LOOP('',(#1930,#1931,#1932,#1933,#1934));
#430=EDGE_LOOP('',(#1935));
#431=LINE('',#2974,#639);
#432=LINE('',#2976,#640);
#433=LINE('',#2978,#641);
#434=LINE('',#2980,#642);
#435=LINE('',#2982,#643);
#436=LINE('',#2984,#644);
#437=LINE('',#2986,#645);
#438=LINE('',#2988,#646);
#439=LINE('',#2990,#647);
#440=LINE('',#2992,#648);
#441=LINE('',#2994,#649);
#442=LINE('',#2996,#650);
#443=LINE('',#2998,#651);
#444=LINE('',#3000,#652);
#445=LINE('',#3002,#653);
#446=LINE('',#3004,#654);
#447=LINE('',#3006,#655);
#448=LINE('',#3008,#656);
#449=LINE('',#3010,#657);
#450=LINE('',#3011,#658);
#451=LINE('',#3015,#659);
#452=LINE('',#3017,#660);
#453=LINE('',#3018,#661);
#454=LINE('',#3019,#662);
#455=LINE('',#3022,#663);
#456=LINE('',#3023,#664);
#457=LINE('',#3027,#665);
#458=LINE('',#3029,#666);
#459=LINE('',#3031,#667);
#460=LINE('',#3033,#668);
#461=LINE('',#3035,#669);
#462=LINE('',#3037,#670);
#463=LINE('',#3038,#671);
#464=LINE('',#3041,#672);
#465=LINE('',#3043,#673);
#466=LINE('',#3046,#674);
#467=LINE('',#3048,#675);
#468=LINE('',#3050,#676);
#469=LINE('',#3052,#677);
#470=LINE('',#3053,#678);
#471=LINE('',#3056,#679);
#472=LINE('',#3057,#680);
#473=LINE('',#3060,#681);
#474=LINE('',#3062,#682);
#475=LINE('',#3063,#683);
#476=LINE('',#3065,#684);
#477=LINE('',#3067,#685);
#478=LINE('',#3069,#686);
#479=LINE('',#3071,#687);
#480=LINE('',#3072,#688);
#481=LINE('',#3075,#689);
#482=LINE('',#3076,#690);
#483=LINE('',#3079,#691);
#484=LINE('',#3080,#692);
#485=LINE('',#3083,#693);
#486=LINE('',#3084,#694);
#487=LINE('',#3087,#695);
#488=LINE('',#3089,#696);
#489=LINE('',#3091,#697);
#490=LINE('',#3092,#698);
#491=LINE('',#3094,#699);
#492=LINE('',#3096,#700);
#493=LINE('',#3097,#701);
#494=LINE('',#3100,#702);
#495=LINE('',#3101,#703);
#496=LINE('',#3104,#704);
#497=LINE('',#3105,#705);
#498=LINE('',#3109,#706);
#499=LINE('',#3110,#707);
#500=LINE('',#3111,#708);
#501=LINE('',#3114,#709);
#502=LINE('',#3115,#710);
#503=LINE('',#3118,#711);
#504=LINE('',#3120,#712);
#505=LINE('',#3121,#713);
#506=LINE('',#3124,#714);
#507=LINE('',#3125,#715);
#508=LINE('',#3128,#716);
#509=LINE('',#3129,#717);
#510=LINE('',#3132,#718);
#511=LINE('',#3133,#719);
#512=LINE('',#3135,#720);
#513=LINE('',#3138,#721);
#514=LINE('',#3140,#722);
#515=LINE('',#3141,#723);
#516=LINE('',#3146,#724);
#517=LINE('',#3147,#725);
#518=LINE('',#3150,#726);
#519=LINE('',#3151,#727);
#520=LINE('',#3153,#728);
#521=LINE('',#3158,#729);
#522=LINE('',#3159,#730);
#523=LINE('',#3162,#731);
#524=LINE('',#3163,#732);
#525=LINE('',#3165,#733);
#526=LINE('',#3167,#734);
#527=LINE('',#3170,#735);
#528=LINE('',#3171,#736);
#529=LINE('',#3173,#737);
#530=LINE('',#3175,#738);
#531=LINE('',#3180,#739);
#532=LINE('',#3182,#740);
#533=LINE('',#3184,#741);
#534=LINE('',#3185,#742);
#535=LINE('',#3196,#743);
#536=LINE('',#3197,#744);
#537=LINE('',#3203,#745);
#538=LINE('',#3207,#746);
#539=LINE('',#3209,#747);
#540=LINE('',#3210,#748);
#541=LINE('',#3213,#749);
#542=LINE('',#3214,#750);
#543=LINE('',#3217,#751);
#544=LINE('',#3218,#752);
#545=LINE('',#3224,#753);
#546=LINE('',#3227,#754);
#547=LINE('',#3230,#755);
#548=LINE('',#3232,#756);
#549=LINE('',#3233,#757);
#550=LINE('',#3236,#758);
#551=LINE('',#3237,#759);
#552=LINE('',#3240,#760);
#553=LINE('',#3241,#761);
#554=LINE('',#3243,#762);
#555=LINE('',#3245,#763);
#556=LINE('',#3247,#764);
#557=LINE('',#3249,#765);
#558=LINE('',#3256,#766);
#559=LINE('',#3258,#767);
#560=LINE('',#3260,#768);
#561=LINE('',#3261,#769);
#562=LINE('',#3267,#770);
#563=LINE('',#3270,#771);
#564=LINE('',#3272,#772);
#565=LINE('',#3273,#773);
#566=LINE('',#3276,#774);
#567=LINE('',#3277,#775);
#568=LINE('',#3280,#776);
#569=LINE('',#3281,#777);
#570=LINE('',#3285,#778);
#571=LINE('',#3289,#779);
#572=LINE('',#3293,#780);
#573=LINE('',#3294,#781);
#574=LINE('',#3295,#782);
#575=LINE('',#3297,#783);
#576=LINE('',#3299,#784);
#577=LINE('',#3302,#785);
#578=LINE('',#3303,#786);
#579=LINE('',#3308,#787);
#580=LINE('',#3309,#788);
#581=LINE('',#3315,#789);
#582=LINE('',#3317,#790);
#583=LINE('',#3322,#791);
#584=LINE('',#3325,#792);
#585=LINE('',#3332,#793);
#586=LINE('',#3336,#794);
#587=LINE('',#3338,#795);
#588=LINE('',#3339,#796);
#589=LINE('',#3341,#797);
#590=LINE('',#3344,#798);
#591=LINE('',#3346,#799);
#592=LINE('',#3347,#800);
#593=LINE('',#3350,#801);
#594=LINE('',#3352,#802);
#595=LINE('',#3353,#803);
#596=LINE('',#3356,#804);
#597=LINE('',#3358,#805);
#598=LINE('',#3359,#806);
#599=LINE('',#3364,#807);
#600=LINE('',#3366,#808);
#601=LINE('',#3368,#809);
#602=LINE('',#3374,#810);
#603=LINE('',#3376,#811);
#604=LINE('',#3378,#812);
#605=LINE('',#3381,#813);
#606=LINE('',#3383,#814);
#607=LINE('',#3385,#815);
#608=LINE('',#3387,#816);
#609=LINE('',#3392,#817);
#610=LINE('',#3394,#818);
#611=LINE('',#3396,#819);
#612=LINE('',#3397,#820);
#613=LINE('',#3401,#821);
#614=LINE('',#3402,#822);
#615=LINE('',#3403,#823);
#616=LINE('',#3408,#824);
#617=LINE('',#3410,#825);
#618=LINE('',#3411,#826);
#619=LINE('',#3415,#827);
#620=LINE('',#3419,#828);
#621=LINE('',#3425,#829);
#622=LINE('',#3624,#830);
#623=LINE('',#3626,#831);
#624=LINE('',#3675,#832);
#625=LINE('',#3677,#833);
#626=LINE('',#3782,#834);
#627=LINE('',#3789,#835);
#628=LINE('',#3805,#836);
#629=LINE('',#3910,#837);
#630=LINE('',#3917,#838);
#631=LINE('',#3933,#839);
#632=LINE('',#4038,#840);
#633=LINE('',#4045,#841);
#634=LINE('',#4061,#842);
#635=LINE('',#4166,#843);
#636=LINE('',#4188,#844);
#637=LINE('',#4191,#845);
#638=LINE('',#4204,#846);
#639=VECTOR('',#2383,1.);
#640=VECTOR('',#2384,1.);
#641=VECTOR('',#2385,1.);
#642=VECTOR('',#2386,1.);
#643=VECTOR('',#2387,1.);
#644=VECTOR('',#2388,1.);
#645=VECTOR('',#2389,1.);
#646=VECTOR('',#2390,1.);
#647=VECTOR('',#2391,1.);
#648=VECTOR('',#2392,1.);
#649=VECTOR('',#2393,1.);
#650=VECTOR('',#2394,1.);
#651=VECTOR('',#2395,1.);
#652=VECTOR('',#2396,1.);
#653=VECTOR('',#2397,1.);
#654=VECTOR('',#2398,1.);
#655=VECTOR('',#2399,1.);
#656=VECTOR('',#2400,1.);
#657=VECTOR('',#2401,1.);
#658=VECTOR('',#2402,1.);
#659=VECTOR('',#2405,1.);
#660=VECTOR('',#2406,1.);
#661=VECTOR('',#2407,1.);
#662=VECTOR('',#2408,1.00000000000064);
#663=VECTOR('',#2411,1.00000000000065);
#664=VECTOR('',#2412,1.);
#665=VECTOR('',#2415,1.);
#666=VECTOR('',#2416,1.);
#667=VECTOR('',#2417,1.);
#668=VECTOR('',#2418,0.99999999999962);
#669=VECTOR('',#2419,1.);
#670=VECTOR('',#2420,0.99999999999962);
#671=VECTOR('',#2421,1.);
#672=VECTOR('',#2424,1.);
#673=VECTOR('',#2425,1.);
#674=VECTOR('',#2428,1.);
#675=VECTOR('',#2429,1.);
#676=VECTOR('',#2430,0.99999999999962);
#677=VECTOR('',#2431,1.);
#678=VECTOR('',#2432,0.99999999999962);
#679=VECTOR('',#2435,1.00000000000065);
#680=VECTOR('',#2436,1.);
#681=VECTOR('',#2439,1.);
#682=VECTOR('',#2440,1.);
#683=VECTOR('',#2441,1.);
#684=VECTOR('',#2442,1.);
#685=VECTOR('',#2443,1.00000000000009);
#686=VECTOR('',#2444,1.);
#687=VECTOR('',#2445,0.999999999999597);
#688=VECTOR('',#2446,1.);
#689=VECTOR('',#2449,1.00000000000065);
#690=VECTOR('',#2450,1.);
#691=VECTOR('',#2453,1.);
#692=VECTOR('',#2454,1.);
#693=VECTOR('',#2457,1.00000000000065);
#694=VECTOR('',#2458,1.);
#695=VECTOR('',#2461,0.999999999999597);
#696=VECTOR('',#2462,1.);
#697=VECTOR('',#2463,1.00000000000009);
#698=VECTOR('',#2464,1.);
#699=VECTOR('',#2465,1.);
#700=VECTOR('',#2466,1.);
#701=VECTOR('',#2467,1.);
#702=VECTOR('',#2470,1.00000000000064);
#703=VECTOR('',#2471,1.);
#704=VECTOR('',#2474,1.);
#705=VECTOR('',#2475,1.);
#706=VECTOR('',#2478,1.);
#707=VECTOR('',#2479,1.00000000000064);
#708=VECTOR('',#2480,1.);
#709=VECTOR('',#2483,1.00000000000065);
#710=VECTOR('',#2484,1.);
#711=VECTOR('',#2487,1.00000000000064);
#712=VECTOR('',#2488,1.);
#713=VECTOR('',#2489,1.);
#714=VECTOR('',#2492,1.00000000000065);
#715=VECTOR('',#2493,1.);
#716=VECTOR('',#2496,1.00000000000065);
#717=VECTOR('',#2497,1.);
#718=VECTOR('',#2500,1.00000000000065);
#719=VECTOR('',#2501,1.);
#720=VECTOR('',#2504,1.);
#721=VECTOR('',#2507,1.);
#722=VECTOR('',#2508,1.);
#723=VECTOR('',#2509,1.);
#724=VECTOR('',#2516,1.);
#725=VECTOR('',#2517,0.99999999999962);
#726=VECTOR('',#2520,1.);
#727=VECTOR('',#2521,1.);
#728=VECTOR('',#2524,0.99999999999962);
#729=VECTOR('',#2531,1.);
#730=VECTOR('',#2532,0.99999999999962);
#731=VECTOR('',#2535,1.);
#732=VECTOR('',#2536,1.);
#733=VECTOR('',#2539,0.99999999999962);
#734=VECTOR('',#2542,1.);
#735=VECTOR('',#2545,1.);
#736=VECTOR('',#2546,1.);
#737=VECTOR('',#2549,1.);
#738=VECTOR('',#2552,1.);
#739=VECTOR('',#2555,1.);
#740=VECTOR('',#2556,1.);
#741=VECTOR('',#2557,1.);
#742=VECTOR('',#2558,1.);
#743=VECTOR('',#2571,1.);
#744=VECTOR('',#2572,1.);
#745=VECTOR('',#2579,1.);
#746=VECTOR('',#2584,1.);
#747=VECTOR('',#2585,1.);
#748=VECTOR('',#2586,1.);
#749=VECTOR('',#2589,1.);
#750=VECTOR('',#2590,1.);
#751=VECTOR('',#2593,1.);
#752=VECTOR('',#2594,1.);
#753=VECTOR('',#2601,1.);
#754=VECTOR('',#2606,1.65);
#755=VECTOR('',#2609,1.);
#756=VECTOR('',#2610,1.);
#757=VECTOR('',#2611,1.);
#758=VECTOR('',#2614,1.);
#759=VECTOR('',#2615,1.);
#760=VECTOR('',#2618,1.);
#761=VECTOR('',#2619,1.);
#762=VECTOR('',#2622,1.);
#763=VECTOR('',#2625,1.65);
#764=VECTOR('',#2628,0.4);
#765=VECTOR('',#2631,0.4);
#766=VECTOR('',#2640,0.99999999999962);
#767=VECTOR('',#2641,0.99999999999962);
#768=VECTOR('',#2642,0.99999999999962);
#769=VECTOR('',#2643,0.99999999999962);
#770=VECTOR('',#2650,1.);
#771=VECTOR('',#2653,1.);
#772=VECTOR('',#2654,0.99999999999962);
#773=VECTOR('',#2655,1.);
#774=VECTOR('',#2658,1.);
#775=VECTOR('',#2659,0.99999999999962);
#776=VECTOR('',#2662,1.);
#777=VECTOR('',#2663,0.99999999999962);
#778=VECTOR('',#2668,1.);
#779=VECTOR('',#2673,1.);
#780=VECTOR('',#2676,1.);
#781=VECTOR('',#2677,1.);
#782=VECTOR('',#2678,1.);
#783=VECTOR('',#2681,0.99999999999962);
#784=VECTOR('',#2684,1.);
#785=VECTOR('',#2687,1.);
#786=VECTOR('',#2688,1.);
#787=VECTOR('',#2693,1.);
#788=VECTOR('',#2694,1.);
#789=VECTOR('',#2701,1.);
#790=VECTOR('',#2704,1.);
#791=VECTOR('',#2709,1.);
#792=VECTOR('',#2714,1.);
#793=VECTOR('',#2721,1.);
#794=VECTOR('',#2726,0.999999999999543);
#795=VECTOR('',#2727,1.);
#796=VECTOR('',#2728,0.999999999999543);
#797=VECTOR('',#2731,1.);
#798=VECTOR('',#2734,0.999999999999543);
#799=VECTOR('',#2735,1.);
#800=VECTOR('',#2736,0.999999999999543);
#801=VECTOR('',#2739,0.999999999999946);
#802=VECTOR('',#2740,1.);
#803=VECTOR('',#2741,0.999999999999946);
#804=VECTOR('',#2744,0.999999999999946);
#805=VECTOR('',#2745,1.);
#806=VECTOR('',#2746,0.999999999999946);
#807=VECTOR('',#2751,0.999999999999548);
#808=VECTOR('',#2752,0.999999999999696);
#809=VECTOR('',#2753,0.999999999999548);
#810=VECTOR('',#2760,0.999999999999548);
#811=VECTOR('',#2761,0.999999999999696);
#812=VECTOR('',#2762,0.999999999999548);
#813=VECTOR('',#2767,1.);
#814=VECTOR('',#2770,1.);
#815=VECTOR('',#2773,1.);
#816=VECTOR('',#2776,1.);
#817=VECTOR('',#2781,1.);
#818=VECTOR('',#2782,1.);
#819=VECTOR('',#2783,1.);
#820=VECTOR('',#2784,1.);
#821=VECTOR('',#2787,1.);
#822=VECTOR('',#2788,1.);
#823=VECTOR('',#2789,1.);
#824=VECTOR('',#2794,1.);
#825=VECTOR('',#2795,1.);
#826=VECTOR('',#2796,1.);
#827=VECTOR('',#2801,1.);
#828=VECTOR('',#2806,1.);
#829=VECTOR('',#2813,0.9);
#830=VECTOR('',#2818,0.45);
#831=VECTOR('',#2821,1.5);
#832=VECTOR('',#2874,0.999999999999662);
#833=VECTOR('',#2875,0.999999999999662);
#834=VECTOR('',#2884,0.999999999999662);
#835=VECTOR('',#2887,0.999999999999662);
#836=VECTOR('',#2890,0.999999999999662);
#837=VECTOR('',#2899,0.999999999999662);
#838=VECTOR('',#2902,0.999999999999662);
#839=VECTOR('',#2905,0.999999999999662);
#840=VECTOR('',#2914,0.999999999999662);
#841=VECTOR('',#2917,0.999999999999662);
#842=VECTOR('',#2920,0.999999999999662);
#843=VECTOR('',#2929,0.999999999999662);
#844=VECTOR('',#2936,1.6);
#845=VECTOR('',#2939,0.405);
#846=VECTOR('',#2956,0.8);
#847=VERTEX_POINT('',#2972);
#848=VERTEX_POINT('',#2973);
#849=VERTEX_POINT('',#2975);
#850=VERTEX_POINT('',#2977);
#851=VERTEX_POINT('',#2979);
#852=VERTEX_POINT('',#2981);
#853=VERTEX_POINT('',#2983);
#854=VERTEX_POINT('',#2985);
#855=VERTEX_POINT('',#2987);
#856=VERTEX_POINT('',#2989);
#857=VERTEX_POINT('',#2991);
#858=VERTEX_POINT('',#2993);
#859=VERTEX_POINT('',#2995);
#860=VERTEX_POINT('',#2997);
#861=VERTEX_POINT('',#2999);
#862=VERTEX_POINT('',#3001);
#863=VERTEX_POINT('',#3003);
#864=VERTEX_POINT('',#3005);
#865=VERTEX_POINT('',#3007);
#866=VERTEX_POINT('',#3009);
#867=VERTEX_POINT('',#3013);
#868=VERTEX_POINT('',#3014);
#869=VERTEX_POINT('',#3016);
#870=VERTEX_POINT('',#3021);
#871=VERTEX_POINT('',#3025);
#872=VERTEX_POINT('',#3026);
#873=VERTEX_POINT('',#3028);
#874=VERTEX_POINT('',#3030);
#875=VERTEX_POINT('',#3032);
#876=VERTEX_POINT('',#3034);
#877=VERTEX_POINT('',#3036);
#878=VERTEX_POINT('',#3039);
#879=VERTEX_POINT('',#3042);
#880=VERTEX_POINT('',#3044);
#881=VERTEX_POINT('',#3047);
#882=VERTEX_POINT('',#3049);
#883=VERTEX_POINT('',#3051);
#884=VERTEX_POINT('',#3055);
#885=VERTEX_POINT('',#3059);
#886=VERTEX_POINT('',#3061);
#887=VERTEX_POINT('',#3064);
#888=VERTEX_POINT('',#3066);
#889=VERTEX_POINT('',#3068);
#890=VERTEX_POINT('',#3070);
#891=VERTEX_POINT('',#3074);
#892=VERTEX_POINT('',#3078);
#893=VERTEX_POINT('',#3082);
#894=VERTEX_POINT('',#3086);
#895=VERTEX_POINT('',#3088);
#896=VERTEX_POINT('',#3090);
#897=VERTEX_POINT('',#3093);
#898=VERTEX_POINT('',#3095);
#899=VERTEX_POINT('',#3099);
#900=VERTEX_POINT('',#3103);
#901=VERTEX_POINT('',#3107);
#902=VERTEX_POINT('',#3108);
#903=VERTEX_POINT('',#3113);
#904=VERTEX_POINT('',#3117);
#905=VERTEX_POINT('',#3119);
#906=VERTEX_POINT('',#3123);
#907=VERTEX_POINT('',#3127);
#908=VERTEX_POINT('',#3131);
#909=VERTEX_POINT('',#3137);
#910=VERTEX_POINT('',#3139);
#911=VERTEX_POINT('',#3145);
#912=VERTEX_POINT('',#3149);
#913=VERTEX_POINT('',#3157);
#914=VERTEX_POINT('',#3161);
#915=VERTEX_POINT('',#3169);
#916=VERTEX_POINT('',#3176);
#917=VERTEX_POINT('',#3178);
#918=VERTEX_POINT('',#3179);
#919=VERTEX_POINT('',#3181);
#920=VERTEX_POINT('',#3183);
#921=VERTEX_POINT('',#3186);
#922=VERTEX_POINT('',#3189);
#923=VERTEX_POINT('',#3191);
#924=VERTEX_POINT('',#3195);
#925=VERTEX_POINT('',#3198);
#926=VERTEX_POINT('',#3200);
#927=VERTEX_POINT('',#3206);
#928=VERTEX_POINT('',#3208);
#929=VERTEX_POINT('',#3212);
#930=VERTEX_POINT('',#3216);
#931=VERTEX_POINT('',#3219);
#932=VERTEX_POINT('',#3221);
#933=VERTEX_POINT('',#3229);
#934=VERTEX_POINT('',#3231);
#935=VERTEX_POINT('',#3235);
#936=VERTEX_POINT('',#3239);
#937=VERTEX_POINT('',#3254);
#938=VERTEX_POINT('',#3255);
#939=VERTEX_POINT('',#3257);
#940=VERTEX_POINT('',#3259);
#941=VERTEX_POINT('',#3263);
#942=VERTEX_POINT('',#3265);
#943=VERTEX_POINT('',#3269);
#944=VERTEX_POINT('',#3271);
#945=VERTEX_POINT('',#3275);
#946=VERTEX_POINT('',#3279);
#947=VERTEX_POINT('',#3283);
#948=VERTEX_POINT('',#3287);
#949=VERTEX_POINT('',#3291);
#950=VERTEX_POINT('',#3292);
#951=VERTEX_POINT('',#3301);
#952=VERTEX_POINT('',#3304);
#953=VERTEX_POINT('',#3307);
#954=VERTEX_POINT('',#3310);
#955=VERTEX_POINT('',#3313);
#956=VERTEX_POINT('',#3319);
#957=VERTEX_POINT('',#3321);
#958=VERTEX_POINT('',#3327);
#959=VERTEX_POINT('',#3329);
#960=VERTEX_POINT('',#3331);
#961=VERTEX_POINT('',#3335);
#962=VERTEX_POINT('',#3337);
#963=VERTEX_POINT('',#3343);
#964=VERTEX_POINT('',#3345);
#965=VERTEX_POINT('',#3349);
#966=VERTEX_POINT('',#3351);
#967=VERTEX_POINT('',#3355);
#968=VERTEX_POINT('',#3357);
#969=VERTEX_POINT('',#3361);
#970=VERTEX_POINT('',#3363);
#971=VERTEX_POINT('',#3365);
#972=VERTEX_POINT('',#3367);
#973=VERTEX_POINT('',#3371);
#974=VERTEX_POINT('',#3373);
#975=VERTEX_POINT('',#3375);
#976=VERTEX_POINT('',#3377);
#977=VERTEX_POINT('',#3390);
#978=VERTEX_POINT('',#3391);
#979=VERTEX_POINT('',#3393);
#980=VERTEX_POINT('',#3395);
#981=VERTEX_POINT('',#3399);
#982=VERTEX_POINT('',#3400);
#983=VERTEX_POINT('',#3404);
#984=VERTEX_POINT('',#3407);
#985=VERTEX_POINT('',#3409);
#986=VERTEX_POINT('',#3412);
#987=VERTEX_POINT('',#3416);
#988=VERTEX_POINT('',#3420);
#989=VERTEX_POINT('',#3424);
#990=VERTEX_POINT('',#3426);
#991=VERTEX_POINT('',#3622);
#992=VERTEX_POINT('',#3630);
#993=VERTEX_POINT('',#3632);
#994=VERTEX_POINT('',#3634);
#995=VERTEX_POINT('',#3636);
#996=VERTEX_POINT('',#3638);
#997=VERTEX_POINT('',#3640);
#998=VERTEX_POINT('',#3642);
#999=VERTEX_POINT('',#3644);
#1000=VERTEX_POINT('',#3646);
#1001=VERTEX_POINT('',#3648);
#1002=VERTEX_POINT('',#3650);
#1003=VERTEX_POINT('',#3652);
#1004=VERTEX_POINT('',#3654);
#1005=VERTEX_POINT('',#3656);
#1006=VERTEX_POINT('',#3658);
#1007=VERTEX_POINT('',#3660);
#1008=VERTEX_POINT('',#3662);
#1009=VERTEX_POINT('',#3664);
#1010=VERTEX_POINT('',#3666);
#1011=VERTEX_POINT('',#3668);
#1012=VERTEX_POINT('',#3670);
#1013=VERTEX_POINT('',#3674);
#1014=VERTEX_POINT('',#3676);
#1015=VERTEX_POINT('',#3692);
#1016=VERTEX_POINT('',#3738);
#1017=VERTEX_POINT('',#3781);
#1018=VERTEX_POINT('',#3788);
#1019=VERTEX_POINT('',#3804);
#1020=VERTEX_POINT('',#3820);
#1021=VERTEX_POINT('',#3866);
#1022=VERTEX_POINT('',#3909);
#1023=VERTEX_POINT('',#3916);
#1024=VERTEX_POINT('',#3932);
#1025=VERTEX_POINT('',#3948);
#1026=VERTEX_POINT('',#3994);
#1027=VERTEX_POINT('',#4037);
#1028=VERTEX_POINT('',#4044);
#1029=VERTEX_POINT('',#4060);
#1030=VERTEX_POINT('',#4076);
#1031=VERTEX_POINT('',#4122);
#1032=VERTEX_POINT('',#4165);
#1033=VERTEX_POINT('',#4186);
#1034=VERTEX_POINT('',#4190);
#1035=VERTEX_POINT('',#4193);
#1036=VERTEX_POINT('',#4196);
#1037=VERTEX_POINT('',#4197);
#1038=VERTEX_POINT('',#4202);
#1039=EDGE_CURVE('',#847,#848,#431,.T.);
#1040=EDGE_CURVE('',#847,#849,#432,.T.);
#1041=EDGE_CURVE('',#849,#850,#433,.T.);
#1042=EDGE_CURVE('',#851,#850,#434,.T.);
#1043=EDGE_CURVE('',#852,#851,#435,.T.);
#1044=EDGE_CURVE('',#852,#853,#436,.T.);
#1045=EDGE_CURVE('',#853,#854,#437,.T.);
#1046=EDGE_CURVE('',#855,#854,#438,.T.);
#1047=EDGE_CURVE('',#856,#855,#439,.T.);
#1048=EDGE_CURVE('',#857,#856,#440,.T.);
#1049=EDGE_CURVE('',#858,#857,#441,.T.);
#1050=EDGE_CURVE('',#859,#858,#442,.T.);
#1051=EDGE_CURVE('',#860,#859,#443,.T.);
#1052=EDGE_CURVE('',#860,#861,#444,.T.);
#1053=EDGE_CURVE('',#861,#862,#445,.T.);
#1054=EDGE_CURVE('',#862,#863,#446,.T.);
#1055=EDGE_CURVE('',#863,#864,#447,.T.);
#1056=EDGE_CURVE('',#864,#865,#448,.T.);
#1057=EDGE_CURVE('',#865,#866,#449,.T.);
#1058=EDGE_CURVE('',#866,#848,#450,.T.);
#1059=EDGE_CURVE('',#867,#868,#451,.T.);
#1060=EDGE_CURVE('',#869,#867,#452,.T.);
#1061=EDGE_CURVE('',#847,#869,#453,.T.);
#1062=EDGE_CURVE('',#848,#868,#454,.T.);
#1063=EDGE_CURVE('',#866,#870,#455,.T.);
#1064=EDGE_CURVE('',#870,#868,#456,.T.);
#1065=EDGE_CURVE('',#871,#872,#457,.T.);
#1066=EDGE_CURVE('',#871,#873,#458,.T.);
#1067=EDGE_CURVE('',#873,#874,#459,.T.);
#1068=EDGE_CURVE('',#875,#874,#460,.T.);
#1069=EDGE_CURVE('',#876,#875,#461,.T.);
#1070=EDGE_CURVE('',#877,#876,#462,.T.);
#1071=EDGE_CURVE('',#877,#849,#463,.T.);
#1072=EDGE_CURVE('',#869,#878,#123,.T.);
#1073=EDGE_CURVE('',#878,#861,#464,.T.);
#1074=EDGE_CURVE('',#879,#860,#465,.T.);
#1075=EDGE_CURVE('',#879,#880,#124,.T.);
#1076=EDGE_CURVE('',#853,#880,#466,.T.);
#1077=EDGE_CURVE('',#881,#852,#467,.T.);
#1078=EDGE_CURVE('',#882,#881,#468,.T.);
#1079=EDGE_CURVE('',#883,#882,#469,.T.);
#1080=EDGE_CURVE('',#872,#883,#470,.T.);
#1081=EDGE_CURVE('',#865,#884,#471,.T.);
#1082=EDGE_CURVE('',#884,#870,#472,.T.);
#1083=EDGE_CURVE('',#877,#885,#473,.T.);
#1084=EDGE_CURVE('',#886,#885,#474,.T.);
#1085=EDGE_CURVE('',#874,#886,#475,.T.);
#1086=EDGE_CURVE('',#887,#873,#476,.T.);
#1087=EDGE_CURVE('',#888,#887,#477,.T.);
#1088=EDGE_CURVE('',#889,#888,#478,.T.);
#1089=EDGE_CURVE('',#890,#889,#479,.T.);
#1090=EDGE_CURVE('',#850,#890,#480,.T.);
#1091=EDGE_CURVE('',#864,#891,#481,.T.);
#1092=EDGE_CURVE('',#891,#884,#482,.T.);
#1093=EDGE_CURVE('',#892,#890,#483,.T.);
#1094=EDGE_CURVE('',#851,#892,#484,.T.);
#1095=EDGE_CURVE('',#863,#893,#485,.T.);
#1096=EDGE_CURVE('',#893,#891,#486,.T.);
#1097=EDGE_CURVE('',#892,#894,#487,.T.);
#1098=EDGE_CURVE('',#894,#895,#488,.T.);
#1099=EDGE_CURVE('',#895,#896,#489,.T.);
#1100=EDGE_CURVE('',#896,#871,#490,.T.);
#1101=EDGE_CURVE('',#872,#897,#491,.T.);
#1102=EDGE_CURVE('',#898,#897,#492,.T.);
#1103=EDGE_CURVE('',#881,#898,#493,.T.);
#1104=EDGE_CURVE('',#862,#899,#494,.T.);
#1105=EDGE_CURVE('',#899,#893,#495,.T.);
#1106=EDGE_CURVE('',#878,#900,#496,.T.);
#1107=EDGE_CURVE('',#899,#900,#497,.T.);
#1108=EDGE_CURVE('',#901,#902,#498,.T.);
#1109=EDGE_CURVE('',#854,#901,#499,.T.);
#1110=EDGE_CURVE('',#880,#902,#500,.T.);
#1111=EDGE_CURVE('',#855,#903,#501,.T.);
#1112=EDGE_CURVE('',#903,#901,#502,.T.);
#1113=EDGE_CURVE('',#859,#904,#503,.T.);
#1114=EDGE_CURVE('',#905,#904,#504,.T.);
#1115=EDGE_CURVE('',#879,#905,#505,.T.);
#1116=EDGE_CURVE('',#856,#906,#506,.T.);
#1117=EDGE_CURVE('',#906,#903,#507,.T.);
#1118=EDGE_CURVE('',#858,#907,#508,.T.);
#1119=EDGE_CURVE('',#904,#907,#509,.T.);
#1120=EDGE_CURVE('',#857,#908,#510,.T.);
#1121=EDGE_CURVE('',#908,#906,#511,.T.);
#1122=EDGE_CURVE('',#907,#908,#512,.T.);
#1123=EDGE_CURVE('',#870,#909,#513,.T.);
#1124=EDGE_CURVE('',#909,#910,#514,.T.);
#1125=EDGE_CURVE('',#893,#910,#515,.T.);
#1126=EDGE_CURVE('',#900,#867,#125,.T.);
#1127=EDGE_CURVE('',#883,#911,#516,.T.);
#1128=EDGE_CURVE('',#897,#911,#517,.T.);
#1129=EDGE_CURVE('',#882,#912,#518,.T.);
#1130=EDGE_CURVE('',#911,#912,#519,.T.);
#1131=EDGE_CURVE('',#912,#898,#520,.T.);
#1132=EDGE_CURVE('',#902,#905,#126,.T.);
#1133=EDGE_CURVE('',#876,#913,#521,.T.);
#1134=EDGE_CURVE('',#885,#913,#522,.T.);
#1135=EDGE_CURVE('',#875,#914,#523,.T.);
#1136=EDGE_CURVE('',#913,#914,#524,.T.);
#1137=EDGE_CURVE('',#914,#886,#525,.T.);
#1138=EDGE_CURVE('',#896,#887,#526,.T.);
#1139=EDGE_CURVE('',#884,#915,#527,.T.);
#1140=EDGE_CURVE('',#915,#909,#528,.T.);
#1141=EDGE_CURVE('',#894,#889,#529,.T.);
#1142=EDGE_CURVE('',#895,#888,#530,.T.);
#1143=EDGE_CURVE('',#916,#916,#127,.T.);
#1144=EDGE_CURVE('',#917,#918,#531,.T.);
#1145=EDGE_CURVE('',#919,#917,#532,.T.);
#1146=EDGE_CURVE('',#920,#919,#533,.T.);
#1147=EDGE_CURVE('',#918,#920,#534,.T.);
#1148=EDGE_CURVE('',#921,#921,#128,.T.);
#1149=EDGE_CURVE('',#922,#922,#78,.T.);
#1150=EDGE_CURVE('',#923,#923,#79,.T.);
#1151=EDGE_CURVE('',#891,#924,#535,.T.);
#1152=EDGE_CURVE('',#924,#915,#536,.T.);
#1153=EDGE_CURVE('',#925,#925,#129,.T.);
#1154=EDGE_CURVE('',#926,#926,#130,.T.);
#1155=EDGE_CURVE('',#910,#924,#537,.T.);
#1156=EDGE_CURVE('',#907,#927,#538,.T.);
#1157=EDGE_CURVE('',#928,#927,#539,.T.);
#1158=EDGE_CURVE('',#903,#928,#540,.T.);
#1159=EDGE_CURVE('',#906,#929,#541,.T.);
#1160=EDGE_CURVE('',#929,#928,#542,.T.);
#1161=EDGE_CURVE('',#908,#930,#543,.T.);
#1162=EDGE_CURVE('',#930,#929,#544,.T.);
#1163=EDGE_CURVE('',#931,#931,#131,.T.);
#1164=EDGE_CURVE('',#932,#932,#132,.T.);
#1165=EDGE_CURVE('',#927,#930,#545,.T.);
#1166=EDGE_CURVE('',#926,#916,#546,.T.);
#1167=EDGE_CURVE('',#917,#933,#547,.T.);
#1168=EDGE_CURVE('',#918,#934,#548,.T.);
#1169=EDGE_CURVE('',#933,#934,#549,.T.);
#1170=EDGE_CURVE('',#920,#935,#550,.T.);
#1171=EDGE_CURVE('',#934,#935,#551,.T.);
#1172=EDGE_CURVE('',#919,#936,#552,.T.);
#1173=EDGE_CURVE('',#935,#936,#553,.T.);
#1174=EDGE_CURVE('',#936,#933,#554,.T.);
#1175=EDGE_CURVE('',#932,#921,#555,.T.);
#1176=EDGE_CURVE('',#925,#922,#556,.T.);
#1177=EDGE_CURVE('',#931,#923,#557,.T.);
#1178=EDGE_CURVE('',#937,#938,#558,.T.);
#1179=EDGE_CURVE('',#937,#939,#559,.T.);
#1180=EDGE_CURVE('',#939,#940,#560,.T.);
#1181=EDGE_CURVE('',#938,#940,#561,.T.);
#1182=EDGE_CURVE('',#941,#937,#133,.T.);
#1183=EDGE_CURVE('',#942,#938,#134,.T.);
#1184=EDGE_CURVE('',#941,#942,#562,.T.);
#1185=EDGE_CURVE('',#939,#943,#563,.T.);
#1186=EDGE_CURVE('',#943,#944,#564,.T.);
#1187=EDGE_CURVE('',#940,#944,#565,.T.);
#1188=EDGE_CURVE('',#945,#937,#566,.T.);
#1189=EDGE_CURVE('',#943,#945,#567,.T.);
#1190=EDGE_CURVE('',#938,#946,#568,.T.);
#1191=EDGE_CURVE('',#944,#946,#569,.T.);
#1192=EDGE_CURVE('',#947,#945,#135,.T.);
#1193=EDGE_CURVE('',#941,#947,#570,.T.);
#1194=EDGE_CURVE('',#948,#946,#136,.T.);
#1195=EDGE_CURVE('',#942,#948,#571,.T.);
#1196=EDGE_CURVE('',#949,#950,#572,.T.);
#1197=EDGE_CURVE('',#949,#941,#573,.T.);
#1198=EDGE_CURVE('',#950,#942,#574,.T.);
#1199=EDGE_CURVE('',#946,#945,#575,.T.);
#1200=EDGE_CURVE('',#947,#948,#576,.T.);
#1201=EDGE_CURVE('',#951,#949,#577,.T.);
#1202=EDGE_CURVE('',#947,#951,#578,.T.);
#1203=EDGE_CURVE('',#952,#952,#137,.T.);
#1204=EDGE_CURVE('',#948,#953,#579,.T.);
#1205=EDGE_CURVE('',#953,#950,#580,.T.);
#1206=EDGE_CURVE('',#954,#954,#138,.T.);
#1207=EDGE_CURVE('',#950,#955,#139,.T.);
#1208=EDGE_CURVE('',#955,#949,#581,.T.);
#1209=EDGE_CURVE('',#951,#953,#582,.T.);
#1210=EDGE_CURVE('',#956,#949,#80,.T.);
#1211=EDGE_CURVE('',#956,#957,#583,.T.);
#1212=EDGE_CURVE('',#957,#951,#81,.T.);
#1213=EDGE_CURVE('',#954,#952,#584,.T.);
#1214=EDGE_CURVE('',#953,#958,#140,.T.);
#1215=EDGE_CURVE('',#959,#958,#82,.T.);
#1216=EDGE_CURVE('',#959,#960,#585,.T.);
#1217=EDGE_CURVE('',#960,#955,#83,.T.);
#1218=EDGE_CURVE('',#960,#961,#586,.T.);
#1219=EDGE_CURVE('',#961,#962,#587,.T.);
#1220=EDGE_CURVE('',#956,#962,#588,.T.);
#1221=EDGE_CURVE('',#958,#951,#589,.T.);
#1222=EDGE_CURVE('',#957,#963,#590,.T.);
#1223=EDGE_CURVE('',#964,#963,#591,.T.);
#1224=EDGE_CURVE('',#959,#964,#592,.T.);
#1225=EDGE_CURVE('',#962,#965,#593,.T.);
#1226=EDGE_CURVE('',#966,#965,#594,.T.);
#1227=EDGE_CURVE('',#963,#966,#595,.T.);
#1228=EDGE_CURVE('',#964,#967,#596,.T.);
#1229=EDGE_CURVE('',#967,#968,#597,.T.);
#1230=EDGE_CURVE('',#961,#968,#598,.T.);
#1231=EDGE_CURVE('',#969,#968,#84,.T.);
#1232=EDGE_CURVE('',#969,#970,#599,.T.);
#1233=EDGE_CURVE('',#971,#970,#600,.T.);
#1234=EDGE_CURVE('',#972,#971,#601,.T.);
#1235=EDGE_CURVE('',#972,#965,#85,.T.);
#1236=EDGE_CURVE('',#973,#966,#86,.T.);
#1237=EDGE_CURVE('',#973,#974,#602,.T.);
#1238=EDGE_CURVE('',#974,#975,#603,.T.);
#1239=EDGE_CURVE('',#976,#975,#604,.T.);
#1240=EDGE_CURVE('',#976,#967,#87,.T.);
#1241=EDGE_CURVE('',#972,#973,#605,.T.);
#1242=EDGE_CURVE('',#976,#969,#606,.T.);
#1243=EDGE_CURVE('',#975,#970,#607,.T.);
#1244=EDGE_CURVE('',#974,#971,#608,.T.);
#1245=EDGE_CURVE('',#977,#978,#609,.T.);
#1246=EDGE_CURVE('',#977,#979,#610,.T.);
#1247=EDGE_CURVE('',#979,#980,#611,.T.);
#1248=EDGE_CURVE('',#978,#980,#612,.T.);
#1249=EDGE_CURVE('',#981,#982,#613,.T.);
#1250=EDGE_CURVE('',#981,#977,#614,.T.);
#1251=EDGE_CURVE('',#982,#978,#615,.T.);
#1252=EDGE_CURVE('',#983,#983,#141,.T.);
#1253=EDGE_CURVE('',#979,#984,#616,.T.);
#1254=EDGE_CURVE('',#984,#985,#617,.T.);
#1255=EDGE_CURVE('',#980,#985,#618,.T.);
#1256=EDGE_CURVE('',#986,#986,#142,.T.);
#1257=EDGE_CURVE('',#984,#981,#619,.T.);
#1258=EDGE_CURVE('',#987,#987,#143,.T.);
#1259=EDGE_CURVE('',#985,#982,#620,.T.);
#1260=EDGE_CURVE('',#988,#988,#144,.T.);
#1261=EDGE_CURVE('',#983,#989,#621,.T.);
#1262=EDGE_CURVE('',#990,#989,#38,.T.);
#1263=EDGE_CURVE('',#989,#990,#39,.T.);
#1264=EDGE_CURVE('',#991,#991,#145,.T.);
#1265=EDGE_CURVE('',#991,#986,#622,.T.);
#1266=EDGE_CURVE('',#988,#987,#623,.T.);
#1267=EDGE_CURVE('',#992,#992,#146,.T.);
#1268=EDGE_CURVE('',#992,#993,#147,.T.);
#1269=EDGE_CURVE('',#994,#993,#148,.T.);
#1270=EDGE_CURVE('',#995,#994,#149,.T.);
#1271=EDGE_CURVE('',#995,#996,#150,.T.);
#1272=EDGE_CURVE('',#997,#996,#151,.T.);
#1273=EDGE_CURVE('',#998,#997,#152,.T.);
#1274=EDGE_CURVE('',#999,#998,#153,.T.);
#1275=EDGE_CURVE('',#1000,#999,#154,.T.);
#1276=EDGE_CURVE('',#1000,#1001,#155,.T.);
#1277=EDGE_CURVE('',#1002,#1001,#156,.T.);
#1278=EDGE_CURVE('',#1003,#1002,#157,.T.);
#1279=EDGE_CURVE('',#1004,#1003,#158,.T.);
#1280=EDGE_CURVE('',#1005,#1004,#159,.T.);
#1281=EDGE_CURVE('',#1005,#1006,#160,.T.);
#1282=EDGE_CURVE('',#1007,#1006,#161,.T.);
#1283=EDGE_CURVE('',#1008,#1007,#162,.T.);
#1284=EDGE_CURVE('',#1009,#1008,#163,.T.);
#1285=EDGE_CURVE('',#1010,#1009,#164,.T.);
#1286=EDGE_CURVE('',#1010,#1011,#165,.T.);
#1287=EDGE_CURVE('',#1012,#1011,#166,.T.);
#1288=EDGE_CURVE('',#993,#1012,#167,.T.);
#1289=EDGE_CURVE('',#1004,#1013,#624,.T.);
#1290=EDGE_CURVE('',#1003,#1014,#625,.T.);
#1291=EDGE_CURVE('',#1013,#1014,#40,.F.);
#1292=EDGE_CURVE('',#1005,#1015,#41,.F.);
#1293=EDGE_CURVE('',#1015,#1013,#42,.F.);
#1294=EDGE_CURVE('',#1016,#1015,#168,.T.);
#1295=EDGE_CURVE('',#1016,#1006,#43,.F.);
#1296=EDGE_CURVE('',#1007,#1017,#626,.T.);
#1297=EDGE_CURVE('',#1017,#1016,#44,.F.);
#1298=EDGE_CURVE('',#1008,#1018,#627,.T.);
#1299=EDGE_CURVE('',#1018,#1017,#45,.F.);
#1300=EDGE_CURVE('',#1009,#1019,#628,.T.);
#1301=EDGE_CURVE('',#1019,#1018,#46,.F.);
#1302=EDGE_CURVE('',#1010,#1020,#47,.F.);
#1303=EDGE_CURVE('',#1020,#1019,#48,.F.);
#1304=EDGE_CURVE('',#1021,#1020,#169,.T.);
#1305=EDGE_CURVE('',#1021,#1011,#49,.F.);
#1306=EDGE_CURVE('',#1012,#1022,#629,.T.);
#1307=EDGE_CURVE('',#1022,#1021,#50,.F.);
#1308=EDGE_CURVE('',#993,#1023,#630,.T.);
#1309=EDGE_CURVE('',#1023,#1022,#51,.F.);
#1310=EDGE_CURVE('',#994,#1024,#631,.T.);
#1311=EDGE_CURVE('',#1024,#1023,#52,.F.);
#1312=EDGE_CURVE('',#995,#1025,#53,.F.);
#1313=EDGE_CURVE('',#1025,#1024,#54,.F.);
#1314=EDGE_CURVE('',#1026,#1025,#170,.T.);
#1315=EDGE_CURVE('',#1026,#996,#55,.F.);
#1316=EDGE_CURVE('',#997,#1027,#632,.T.);
#1317=EDGE_CURVE('',#1027,#1026,#56,.F.);
#1318=EDGE_CURVE('',#998,#1028,#633,.T.);
#1319=EDGE_CURVE('',#1028,#1027,#57,.F.);
#1320=EDGE_CURVE('',#999,#1029,#634,.T.);
#1321=EDGE_CURVE('',#1029,#1028,#58,.F.);
#1322=EDGE_CURVE('',#1000,#1030,#59,.F.);
#1323=EDGE_CURVE('',#1030,#1029,#60,.F.);
#1324=EDGE_CURVE('',#1031,#1030,#171,.T.);
#1325=EDGE_CURVE('',#1031,#1001,#61,.F.);
#1326=EDGE_CURVE('',#1002,#1032,#635,.T.);
#1327=EDGE_CURVE('',#1032,#1031,#62,.F.);
#1328=EDGE_CURVE('',#1014,#1032,#63,.F.);
#1329=EDGE_CURVE('',#1033,#1033,#172,.T.);
#1330=EDGE_CURVE('',#1033,#992,#636,.T.);
#1331=EDGE_CURVE('',#1034,#1023,#637,.T.);
#1332=EDGE_CURVE('',#1035,#1035,#173,.T.);
#1333=EDGE_CURVE('',#1036,#1037,#174,.T.);
#1334=EDGE_CURVE('',#1037,#1036,#175,.T.);
#1335=EDGE_CURVE('',#1036,#1035,#176,.T.);
#1336=EDGE_CURVE('',#1038,#1038,#177,.T.);
#1337=EDGE_CURVE('',#1038,#1037,#638,.T.);
#1338=ORIENTED_EDGE('',*,*,#1039,.F.);
#1339=ORIENTED_EDGE('',*,*,#1040,.T.);
#1340=ORIENTED_EDGE('',*,*,#1041,.T.);
#1341=ORIENTED_EDGE('',*,*,#1042,.F.);
#1342=ORIENTED_EDGE('',*,*,#1043,.F.);
#1343=ORIENTED_EDGE('',*,*,#1044,.T.);
#1344=ORIENTED_EDGE('',*,*,#1045,.T.);
#1345=ORIENTED_EDGE('',*,*,#1046,.F.);
#1346=ORIENTED_EDGE('',*,*,#1047,.F.);
#1347=ORIENTED_EDGE('',*,*,#1048,.F.);
#1348=ORIENTED_EDGE('',*,*,#1049,.F.);
#1349=ORIENTED_EDGE('',*,*,#1050,.F.);
#1350=ORIENTED_EDGE('',*,*,#1051,.F.);
#1351=ORIENTED_EDGE('',*,*,#1052,.T.);
#1352=ORIENTED_EDGE('',*,*,#1053,.T.);
#1353=ORIENTED_EDGE('',*,*,#1054,.T.);
#1354=ORIENTED_EDGE('',*,*,#1055,.T.);
#1355=ORIENTED_EDGE('',*,*,#1056,.T.);
#1356=ORIENTED_EDGE('',*,*,#1057,.T.);
#1357=ORIENTED_EDGE('',*,*,#1058,.T.);
#1358=ORIENTED_EDGE('',*,*,#1059,.F.);
#1359=ORIENTED_EDGE('',*,*,#1060,.F.);
#1360=ORIENTED_EDGE('',*,*,#1061,.F.);
#1361=ORIENTED_EDGE('',*,*,#1039,.T.);
#1362=ORIENTED_EDGE('',*,*,#1062,.T.);
#1363=ORIENTED_EDGE('',*,*,#1063,.T.);
#1364=ORIENTED_EDGE('',*,*,#1064,.T.);
#1365=ORIENTED_EDGE('',*,*,#1062,.F.);
#1366=ORIENTED_EDGE('',*,*,#1058,.F.);
#1367=ORIENTED_EDGE('',*,*,#1065,.F.);
#1368=ORIENTED_EDGE('',*,*,#1066,.T.);
#1369=ORIENTED_EDGE('',*,*,#1067,.T.);
#1370=ORIENTED_EDGE('',*,*,#1068,.F.);
#1371=ORIENTED_EDGE('',*,*,#1069,.F.);
#1372=ORIENTED_EDGE('',*,*,#1070,.F.);
#1373=ORIENTED_EDGE('',*,*,#1071,.T.);
#1374=ORIENTED_EDGE('',*,*,#1040,.F.);
#1375=ORIENTED_EDGE('',*,*,#1061,.T.);
#1376=ORIENTED_EDGE('',*,*,#1072,.T.);
#1377=ORIENTED_EDGE('',*,*,#1073,.T.);
#1378=ORIENTED_EDGE('',*,*,#1052,.F.);
#1379=ORIENTED_EDGE('',*,*,#1074,.F.);
#1380=ORIENTED_EDGE('',*,*,#1075,.T.);
#1381=ORIENTED_EDGE('',*,*,#1076,.F.);
#1382=ORIENTED_EDGE('',*,*,#1044,.F.);
#1383=ORIENTED_EDGE('',*,*,#1077,.F.);
#1384=ORIENTED_EDGE('',*,*,#1078,.F.);
#1385=ORIENTED_EDGE('',*,*,#1079,.F.);
#1386=ORIENTED_EDGE('',*,*,#1080,.F.);
#1387=ORIENTED_EDGE('',*,*,#1081,.T.);
#1388=ORIENTED_EDGE('',*,*,#1082,.T.);
#1389=ORIENTED_EDGE('',*,*,#1063,.F.);
#1390=ORIENTED_EDGE('',*,*,#1057,.F.);
#1391=ORIENTED_EDGE('',*,*,#1041,.F.);
#1392=ORIENTED_EDGE('',*,*,#1071,.F.);
#1393=ORIENTED_EDGE('',*,*,#1083,.T.);
#1394=ORIENTED_EDGE('',*,*,#1084,.F.);
#1395=ORIENTED_EDGE('',*,*,#1085,.F.);
#1396=ORIENTED_EDGE('',*,*,#1067,.F.);
#1397=ORIENTED_EDGE('',*,*,#1086,.F.);
#1398=ORIENTED_EDGE('',*,*,#1087,.F.);
#1399=ORIENTED_EDGE('',*,*,#1088,.F.);
#1400=ORIENTED_EDGE('',*,*,#1089,.F.);
#1401=ORIENTED_EDGE('',*,*,#1090,.F.);
#1402=ORIENTED_EDGE('',*,*,#1091,.T.);
#1403=ORIENTED_EDGE('',*,*,#1092,.T.);
#1404=ORIENTED_EDGE('',*,*,#1081,.F.);
#1405=ORIENTED_EDGE('',*,*,#1056,.F.);
#1406=ORIENTED_EDGE('',*,*,#1042,.T.);
#1407=ORIENTED_EDGE('',*,*,#1090,.T.);
#1408=ORIENTED_EDGE('',*,*,#1093,.F.);
#1409=ORIENTED_EDGE('',*,*,#1094,.F.);
#1410=ORIENTED_EDGE('',*,*,#1095,.T.);
#1411=ORIENTED_EDGE('',*,*,#1096,.T.);
#1412=ORIENTED_EDGE('',*,*,#1091,.F.);
#1413=ORIENTED_EDGE('',*,*,#1055,.F.);
#1414=ORIENTED_EDGE('',*,*,#1043,.T.);
#1415=ORIENTED_EDGE('',*,*,#1094,.T.);
#1416=ORIENTED_EDGE('',*,*,#1097,.T.);
#1417=ORIENTED_EDGE('',*,*,#1098,.T.);
#1418=ORIENTED_EDGE('',*,*,#1099,.T.);
#1419=ORIENTED_EDGE('',*,*,#1100,.T.);
#1420=ORIENTED_EDGE('',*,*,#1065,.T.);
#1421=ORIENTED_EDGE('',*,*,#1101,.T.);
#1422=ORIENTED_EDGE('',*,*,#1102,.F.);
#1423=ORIENTED_EDGE('',*,*,#1103,.F.);
#1424=ORIENTED_EDGE('',*,*,#1077,.T.);
#1425=ORIENTED_EDGE('',*,*,#1104,.T.);
#1426=ORIENTED_EDGE('',*,*,#1105,.T.);
#1427=ORIENTED_EDGE('',*,*,#1095,.F.);
#1428=ORIENTED_EDGE('',*,*,#1054,.F.);
#1429=ORIENTED_EDGE('',*,*,#1053,.F.);
#1430=ORIENTED_EDGE('',*,*,#1073,.F.);
#1431=ORIENTED_EDGE('',*,*,#1106,.T.);
#1432=ORIENTED_EDGE('',*,*,#1107,.F.);
#1433=ORIENTED_EDGE('',*,*,#1104,.F.);
#1434=ORIENTED_EDGE('',*,*,#1108,.F.);
#1435=ORIENTED_EDGE('',*,*,#1109,.F.);
#1436=ORIENTED_EDGE('',*,*,#1045,.F.);
#1437=ORIENTED_EDGE('',*,*,#1076,.T.);
#1438=ORIENTED_EDGE('',*,*,#1110,.T.);
#1439=ORIENTED_EDGE('',*,*,#1111,.F.);
#1440=ORIENTED_EDGE('',*,*,#1046,.T.);
#1441=ORIENTED_EDGE('',*,*,#1109,.T.);
#1442=ORIENTED_EDGE('',*,*,#1112,.F.);
#1443=ORIENTED_EDGE('',*,*,#1051,.T.);
#1444=ORIENTED_EDGE('',*,*,#1113,.T.);
#1445=ORIENTED_EDGE('',*,*,#1114,.F.);
#1446=ORIENTED_EDGE('',*,*,#1115,.F.);
#1447=ORIENTED_EDGE('',*,*,#1074,.T.);
#1448=ORIENTED_EDGE('',*,*,#1116,.F.);
#1449=ORIENTED_EDGE('',*,*,#1047,.T.);
#1450=ORIENTED_EDGE('',*,*,#1111,.T.);
#1451=ORIENTED_EDGE('',*,*,#1117,.F.);
#1452=ORIENTED_EDGE('',*,*,#1113,.F.);
#1453=ORIENTED_EDGE('',*,*,#1050,.T.);
#1454=ORIENTED_EDGE('',*,*,#1118,.T.);
#1455=ORIENTED_EDGE('',*,*,#1119,.F.);
#1456=ORIENTED_EDGE('',*,*,#1120,.F.);
#1457=ORIENTED_EDGE('',*,*,#1048,.T.);
#1458=ORIENTED_EDGE('',*,*,#1116,.T.);
#1459=ORIENTED_EDGE('',*,*,#1121,.F.);
#1460=ORIENTED_EDGE('',*,*,#1118,.F.);
#1461=ORIENTED_EDGE('',*,*,#1049,.T.);
#1462=ORIENTED_EDGE('',*,*,#1120,.T.);
#1463=ORIENTED_EDGE('',*,*,#1122,.F.);
#1464=ORIENTED_EDGE('',*,*,#1059,.T.);
#1465=ORIENTED_EDGE('',*,*,#1064,.F.);
#1466=ORIENTED_EDGE('',*,*,#1123,.T.);
#1467=ORIENTED_EDGE('',*,*,#1124,.T.);
#1468=ORIENTED_EDGE('',*,*,#1125,.F.);
#1469=ORIENTED_EDGE('',*,*,#1105,.F.);
#1470=ORIENTED_EDGE('',*,*,#1107,.T.);
#1471=ORIENTED_EDGE('',*,*,#1126,.T.);
#1472=ORIENTED_EDGE('',*,*,#1072,.F.);
#1473=ORIENTED_EDGE('',*,*,#1060,.T.);
#1474=ORIENTED_EDGE('',*,*,#1126,.F.);
#1475=ORIENTED_EDGE('',*,*,#1106,.F.);
#1476=ORIENTED_EDGE('',*,*,#1101,.F.);
#1477=ORIENTED_EDGE('',*,*,#1080,.T.);
#1478=ORIENTED_EDGE('',*,*,#1127,.T.);
#1479=ORIENTED_EDGE('',*,*,#1128,.F.);
#1480=ORIENTED_EDGE('',*,*,#1127,.F.);
#1481=ORIENTED_EDGE('',*,*,#1079,.T.);
#1482=ORIENTED_EDGE('',*,*,#1129,.T.);
#1483=ORIENTED_EDGE('',*,*,#1130,.F.);
#1484=ORIENTED_EDGE('',*,*,#1129,.F.);
#1485=ORIENTED_EDGE('',*,*,#1078,.T.);
#1486=ORIENTED_EDGE('',*,*,#1103,.T.);
#1487=ORIENTED_EDGE('',*,*,#1131,.F.);
#1488=ORIENTED_EDGE('',*,*,#1075,.F.);
#1489=ORIENTED_EDGE('',*,*,#1115,.T.);
#1490=ORIENTED_EDGE('',*,*,#1132,.F.);
#1491=ORIENTED_EDGE('',*,*,#1110,.F.);
#1492=ORIENTED_EDGE('',*,*,#1083,.F.);
#1493=ORIENTED_EDGE('',*,*,#1070,.T.);
#1494=ORIENTED_EDGE('',*,*,#1133,.T.);
#1495=ORIENTED_EDGE('',*,*,#1134,.F.);
#1496=ORIENTED_EDGE('',*,*,#1133,.F.);
#1497=ORIENTED_EDGE('',*,*,#1069,.T.);
#1498=ORIENTED_EDGE('',*,*,#1135,.T.);
#1499=ORIENTED_EDGE('',*,*,#1136,.F.);
#1500=ORIENTED_EDGE('',*,*,#1135,.F.);
#1501=ORIENTED_EDGE('',*,*,#1068,.T.);
#1502=ORIENTED_EDGE('',*,*,#1085,.T.);
#1503=ORIENTED_EDGE('',*,*,#1137,.F.);
#1504=ORIENTED_EDGE('',*,*,#1138,.T.);
#1505=ORIENTED_EDGE('',*,*,#1086,.T.);
#1506=ORIENTED_EDGE('',*,*,#1066,.F.);
#1507=ORIENTED_EDGE('',*,*,#1100,.F.);
#1508=ORIENTED_EDGE('',*,*,#1139,.T.);
#1509=ORIENTED_EDGE('',*,*,#1140,.T.);
#1510=ORIENTED_EDGE('',*,*,#1123,.F.);
#1511=ORIENTED_EDGE('',*,*,#1082,.F.);
#1512=ORIENTED_EDGE('',*,*,#1093,.T.);
#1513=ORIENTED_EDGE('',*,*,#1089,.T.);
#1514=ORIENTED_EDGE('',*,*,#1141,.F.);
#1515=ORIENTED_EDGE('',*,*,#1097,.F.);
#1516=ORIENTED_EDGE('',*,*,#1141,.T.);
#1517=ORIENTED_EDGE('',*,*,#1088,.T.);
#1518=ORIENTED_EDGE('',*,*,#1142,.F.);
#1519=ORIENTED_EDGE('',*,*,#1098,.F.);
#1520=ORIENTED_EDGE('',*,*,#1143,.F.);
#1521=ORIENTED_EDGE('',*,*,#1144,.F.);
#1522=ORIENTED_EDGE('',*,*,#1145,.F.);
#1523=ORIENTED_EDGE('',*,*,#1146,.F.);
#1524=ORIENTED_EDGE('',*,*,#1147,.F.);
#1525=ORIENTED_EDGE('',*,*,#1148,.F.);
#1526=ORIENTED_EDGE('',*,*,#1142,.T.);
#1527=ORIENTED_EDGE('',*,*,#1087,.T.);
#1528=ORIENTED_EDGE('',*,*,#1138,.F.);
#1529=ORIENTED_EDGE('',*,*,#1099,.F.);
#1530=ORIENTED_EDGE('',*,*,#1149,.F.);
#1531=ORIENTED_EDGE('',*,*,#1150,.F.);
#1532=ORIENTED_EDGE('',*,*,#1084,.T.);
#1533=ORIENTED_EDGE('',*,*,#1134,.T.);
#1534=ORIENTED_EDGE('',*,*,#1136,.T.);
#1535=ORIENTED_EDGE('',*,*,#1137,.T.);
#1536=ORIENTED_EDGE('',*,*,#1151,.T.);
#1537=ORIENTED_EDGE('',*,*,#1152,.T.);
#1538=ORIENTED_EDGE('',*,*,#1139,.F.);
#1539=ORIENTED_EDGE('',*,*,#1092,.F.);
#1540=ORIENTED_EDGE('',*,*,#1153,.T.);
#1541=ORIENTED_EDGE('',*,*,#1154,.T.);
#1542=ORIENTED_EDGE('',*,*,#1125,.T.);
#1543=ORIENTED_EDGE('',*,*,#1155,.T.);
#1544=ORIENTED_EDGE('',*,*,#1151,.F.);
#1545=ORIENTED_EDGE('',*,*,#1096,.F.);
#1546=ORIENTED_EDGE('',*,*,#1128,.T.);
#1547=ORIENTED_EDGE('',*,*,#1130,.T.);
#1548=ORIENTED_EDGE('',*,*,#1131,.T.);
#1549=ORIENTED_EDGE('',*,*,#1102,.T.);
#1550=ORIENTED_EDGE('',*,*,#1108,.T.);
#1551=ORIENTED_EDGE('',*,*,#1132,.T.);
#1552=ORIENTED_EDGE('',*,*,#1114,.T.);
#1553=ORIENTED_EDGE('',*,*,#1119,.T.);
#1554=ORIENTED_EDGE('',*,*,#1156,.T.);
#1555=ORIENTED_EDGE('',*,*,#1157,.F.);
#1556=ORIENTED_EDGE('',*,*,#1158,.F.);
#1557=ORIENTED_EDGE('',*,*,#1112,.T.);
#1558=ORIENTED_EDGE('',*,*,#1159,.F.);
#1559=ORIENTED_EDGE('',*,*,#1117,.T.);
#1560=ORIENTED_EDGE('',*,*,#1158,.T.);
#1561=ORIENTED_EDGE('',*,*,#1160,.F.);
#1562=ORIENTED_EDGE('',*,*,#1161,.F.);
#1563=ORIENTED_EDGE('',*,*,#1121,.T.);
#1564=ORIENTED_EDGE('',*,*,#1159,.T.);
#1565=ORIENTED_EDGE('',*,*,#1162,.F.);
#1566=ORIENTED_EDGE('',*,*,#1163,.T.);
#1567=ORIENTED_EDGE('',*,*,#1164,.T.);
#1568=ORIENTED_EDGE('',*,*,#1156,.F.);
#1569=ORIENTED_EDGE('',*,*,#1122,.T.);
#1570=ORIENTED_EDGE('',*,*,#1161,.T.);
#1571=ORIENTED_EDGE('',*,*,#1165,.F.);
#1572=ORIENTED_EDGE('',*,*,#1152,.F.);
#1573=ORIENTED_EDGE('',*,*,#1155,.F.);
#1574=ORIENTED_EDGE('',*,*,#1124,.F.);
#1575=ORIENTED_EDGE('',*,*,#1140,.F.);
#1576=ORIENTED_EDGE('',*,*,#1154,.F.);
#1577=ORIENTED_EDGE('',*,*,#1166,.T.);
#1578=ORIENTED_EDGE('',*,*,#1143,.T.);
#1579=ORIENTED_EDGE('',*,*,#1166,.F.);
#1580=ORIENTED_EDGE('',*,*,#1167,.F.);
#1581=ORIENTED_EDGE('',*,*,#1144,.T.);
#1582=ORIENTED_EDGE('',*,*,#1168,.T.);
#1583=ORIENTED_EDGE('',*,*,#1169,.F.);
#1584=ORIENTED_EDGE('',*,*,#1168,.F.);
#1585=ORIENTED_EDGE('',*,*,#1147,.T.);
#1586=ORIENTED_EDGE('',*,*,#1170,.T.);
#1587=ORIENTED_EDGE('',*,*,#1171,.F.);
#1588=ORIENTED_EDGE('',*,*,#1170,.F.);
#1589=ORIENTED_EDGE('',*,*,#1146,.T.);
#1590=ORIENTED_EDGE('',*,*,#1172,.T.);
#1591=ORIENTED_EDGE('',*,*,#1173,.F.);
#1592=ORIENTED_EDGE('',*,*,#1172,.F.);
#1593=ORIENTED_EDGE('',*,*,#1145,.T.);
#1594=ORIENTED_EDGE('',*,*,#1167,.T.);
#1595=ORIENTED_EDGE('',*,*,#1174,.F.);
#1596=ORIENTED_EDGE('',*,*,#1164,.F.);
#1597=ORIENTED_EDGE('',*,*,#1175,.T.);
#1598=ORIENTED_EDGE('',*,*,#1148,.T.);
#1599=ORIENTED_EDGE('',*,*,#1175,.F.);
#1600=ORIENTED_EDGE('',*,*,#1153,.F.);
#1601=ORIENTED_EDGE('',*,*,#1176,.T.);
#1602=ORIENTED_EDGE('',*,*,#1149,.T.);
#1603=ORIENTED_EDGE('',*,*,#1176,.F.);
#1604=ORIENTED_EDGE('',*,*,#1163,.F.);
#1605=ORIENTED_EDGE('',*,*,#1177,.T.);
#1606=ORIENTED_EDGE('',*,*,#1150,.T.);
#1607=ORIENTED_EDGE('',*,*,#1177,.F.);
#1608=ORIENTED_EDGE('',*,*,#1162,.T.);
#1609=ORIENTED_EDGE('',*,*,#1160,.T.);
#1610=ORIENTED_EDGE('',*,*,#1157,.T.);
#1611=ORIENTED_EDGE('',*,*,#1165,.T.);
#1612=ORIENTED_EDGE('',*,*,#1169,.T.);
#1613=ORIENTED_EDGE('',*,*,#1171,.T.);
#1614=ORIENTED_EDGE('',*,*,#1173,.T.);
#1615=ORIENTED_EDGE('',*,*,#1174,.T.);
#1616=ORIENTED_EDGE('',*,*,#1178,.F.);
#1617=ORIENTED_EDGE('',*,*,#1179,.T.);
#1618=ORIENTED_EDGE('',*,*,#1180,.T.);
#1619=ORIENTED_EDGE('',*,*,#1181,.F.);
#1620=ORIENTED_EDGE('',*,*,#1182,.T.);
#1621=ORIENTED_EDGE('',*,*,#1178,.T.);
#1622=ORIENTED_EDGE('',*,*,#1183,.F.);
#1623=ORIENTED_EDGE('',*,*,#1184,.F.);
#1624=ORIENTED_EDGE('',*,*,#1180,.F.);
#1625=ORIENTED_EDGE('',*,*,#1185,.T.);
#1626=ORIENTED_EDGE('',*,*,#1186,.T.);
#1627=ORIENTED_EDGE('',*,*,#1187,.F.);
#1628=ORIENTED_EDGE('',*,*,#1188,.F.);
#1629=ORIENTED_EDGE('',*,*,#1189,.F.);
#1630=ORIENTED_EDGE('',*,*,#1185,.F.);
#1631=ORIENTED_EDGE('',*,*,#1179,.F.);
#1632=ORIENTED_EDGE('',*,*,#1190,.F.);
#1633=ORIENTED_EDGE('',*,*,#1181,.T.);
#1634=ORIENTED_EDGE('',*,*,#1187,.T.);
#1635=ORIENTED_EDGE('',*,*,#1191,.T.);
#1636=ORIENTED_EDGE('',*,*,#1192,.T.);
#1637=ORIENTED_EDGE('',*,*,#1188,.T.);
#1638=ORIENTED_EDGE('',*,*,#1182,.F.);
#1639=ORIENTED_EDGE('',*,*,#1193,.T.);
#1640=ORIENTED_EDGE('',*,*,#1183,.T.);
#1641=ORIENTED_EDGE('',*,*,#1190,.T.);
#1642=ORIENTED_EDGE('',*,*,#1194,.F.);
#1643=ORIENTED_EDGE('',*,*,#1195,.F.);
#1644=ORIENTED_EDGE('',*,*,#1196,.F.);
#1645=ORIENTED_EDGE('',*,*,#1197,.T.);
#1646=ORIENTED_EDGE('',*,*,#1184,.T.);
#1647=ORIENTED_EDGE('',*,*,#1198,.F.);
#1648=ORIENTED_EDGE('',*,*,#1186,.F.);
#1649=ORIENTED_EDGE('',*,*,#1189,.T.);
#1650=ORIENTED_EDGE('',*,*,#1199,.F.);
#1651=ORIENTED_EDGE('',*,*,#1191,.F.);
#1652=ORIENTED_EDGE('',*,*,#1194,.T.);
#1653=ORIENTED_EDGE('',*,*,#1199,.T.);
#1654=ORIENTED_EDGE('',*,*,#1192,.F.);
#1655=ORIENTED_EDGE('',*,*,#1200,.T.);
#1656=ORIENTED_EDGE('',*,*,#1197,.F.);
#1657=ORIENTED_EDGE('',*,*,#1201,.F.);
#1658=ORIENTED_EDGE('',*,*,#1202,.F.);
#1659=ORIENTED_EDGE('',*,*,#1193,.F.);
#1660=ORIENTED_EDGE('',*,*,#1203,.T.);
#1661=ORIENTED_EDGE('',*,*,#1198,.T.);
#1662=ORIENTED_EDGE('',*,*,#1195,.T.);
#1663=ORIENTED_EDGE('',*,*,#1204,.T.);
#1664=ORIENTED_EDGE('',*,*,#1205,.T.);
#1665=ORIENTED_EDGE('',*,*,#1206,.T.);
#1666=ORIENTED_EDGE('',*,*,#1196,.T.);
#1667=ORIENTED_EDGE('',*,*,#1207,.T.);
#1668=ORIENTED_EDGE('',*,*,#1208,.T.);
#1669=ORIENTED_EDGE('',*,*,#1200,.F.);
#1670=ORIENTED_EDGE('',*,*,#1202,.T.);
#1671=ORIENTED_EDGE('',*,*,#1209,.T.);
#1672=ORIENTED_EDGE('',*,*,#1204,.F.);
#1673=ORIENTED_EDGE('',*,*,#1201,.T.);
#1674=ORIENTED_EDGE('',*,*,#1210,.F.);
#1675=ORIENTED_EDGE('',*,*,#1211,.T.);
#1676=ORIENTED_EDGE('',*,*,#1212,.T.);
#1677=ORIENTED_EDGE('',*,*,#1206,.F.);
#1678=ORIENTED_EDGE('',*,*,#1213,.T.);
#1679=ORIENTED_EDGE('',*,*,#1203,.F.);
#1680=ORIENTED_EDGE('',*,*,#1213,.F.);
#1681=ORIENTED_EDGE('',*,*,#1205,.F.);
#1682=ORIENTED_EDGE('',*,*,#1214,.T.);
#1683=ORIENTED_EDGE('',*,*,#1215,.F.);
#1684=ORIENTED_EDGE('',*,*,#1216,.T.);
#1685=ORIENTED_EDGE('',*,*,#1217,.T.);
#1686=ORIENTED_EDGE('',*,*,#1207,.F.);
#1687=ORIENTED_EDGE('',*,*,#1208,.F.);
#1688=ORIENTED_EDGE('',*,*,#1217,.F.);
#1689=ORIENTED_EDGE('',*,*,#1218,.T.);
#1690=ORIENTED_EDGE('',*,*,#1219,.T.);
#1691=ORIENTED_EDGE('',*,*,#1220,.F.);
#1692=ORIENTED_EDGE('',*,*,#1210,.T.);
#1693=ORIENTED_EDGE('',*,*,#1209,.F.);
#1694=ORIENTED_EDGE('',*,*,#1221,.F.);
#1695=ORIENTED_EDGE('',*,*,#1214,.F.);
#1696=ORIENTED_EDGE('',*,*,#1221,.T.);
#1697=ORIENTED_EDGE('',*,*,#1212,.F.);
#1698=ORIENTED_EDGE('',*,*,#1222,.T.);
#1699=ORIENTED_EDGE('',*,*,#1223,.F.);
#1700=ORIENTED_EDGE('',*,*,#1224,.F.);
#1701=ORIENTED_EDGE('',*,*,#1215,.T.);
#1702=ORIENTED_EDGE('',*,*,#1220,.T.);
#1703=ORIENTED_EDGE('',*,*,#1225,.T.);
#1704=ORIENTED_EDGE('',*,*,#1226,.F.);
#1705=ORIENTED_EDGE('',*,*,#1227,.F.);
#1706=ORIENTED_EDGE('',*,*,#1222,.F.);
#1707=ORIENTED_EDGE('',*,*,#1211,.F.);
#1708=ORIENTED_EDGE('',*,*,#1216,.F.);
#1709=ORIENTED_EDGE('',*,*,#1224,.T.);
#1710=ORIENTED_EDGE('',*,*,#1228,.T.);
#1711=ORIENTED_EDGE('',*,*,#1229,.T.);
#1712=ORIENTED_EDGE('',*,*,#1230,.F.);
#1713=ORIENTED_EDGE('',*,*,#1218,.F.);
#1714=ORIENTED_EDGE('',*,*,#1230,.T.);
#1715=ORIENTED_EDGE('',*,*,#1231,.F.);
#1716=ORIENTED_EDGE('',*,*,#1232,.T.);
#1717=ORIENTED_EDGE('',*,*,#1233,.F.);
#1718=ORIENTED_EDGE('',*,*,#1234,.F.);
#1719=ORIENTED_EDGE('',*,*,#1235,.T.);
#1720=ORIENTED_EDGE('',*,*,#1225,.F.);
#1721=ORIENTED_EDGE('',*,*,#1219,.F.);
#1722=ORIENTED_EDGE('',*,*,#1228,.F.);
#1723=ORIENTED_EDGE('',*,*,#1223,.T.);
#1724=ORIENTED_EDGE('',*,*,#1227,.T.);
#1725=ORIENTED_EDGE('',*,*,#1236,.F.);
#1726=ORIENTED_EDGE('',*,*,#1237,.T.);
#1727=ORIENTED_EDGE('',*,*,#1238,.T.);
#1728=ORIENTED_EDGE('',*,*,#1239,.F.);
#1729=ORIENTED_EDGE('',*,*,#1240,.T.);
#1730=ORIENTED_EDGE('',*,*,#1226,.T.);
#1731=ORIENTED_EDGE('',*,*,#1235,.F.);
#1732=ORIENTED_EDGE('',*,*,#1241,.T.);
#1733=ORIENTED_EDGE('',*,*,#1236,.T.);
#1734=ORIENTED_EDGE('',*,*,#1229,.F.);
#1735=ORIENTED_EDGE('',*,*,#1240,.F.);
#1736=ORIENTED_EDGE('',*,*,#1242,.T.);
#1737=ORIENTED_EDGE('',*,*,#1231,.T.);
#1738=ORIENTED_EDGE('',*,*,#1242,.F.);
#1739=ORIENTED_EDGE('',*,*,#1239,.T.);
#1740=ORIENTED_EDGE('',*,*,#1243,.T.);
#1741=ORIENTED_EDGE('',*,*,#1232,.F.);
#1742=ORIENTED_EDGE('',*,*,#1244,.T.);
#1743=ORIENTED_EDGE('',*,*,#1233,.T.);
#1744=ORIENTED_EDGE('',*,*,#1243,.F.);
#1745=ORIENTED_EDGE('',*,*,#1238,.F.);
#1746=ORIENTED_EDGE('',*,*,#1234,.T.);
#1747=ORIENTED_EDGE('',*,*,#1244,.F.);
#1748=ORIENTED_EDGE('',*,*,#1237,.F.);
#1749=ORIENTED_EDGE('',*,*,#1241,.F.);
#1750=ORIENTED_EDGE('',*,*,#1245,.F.);
#1751=ORIENTED_EDGE('',*,*,#1246,.T.);
#1752=ORIENTED_EDGE('',*,*,#1247,.T.);
#1753=ORIENTED_EDGE('',*,*,#1248,.F.);
#1754=ORIENTED_EDGE('',*,*,#1249,.F.);
#1755=ORIENTED_EDGE('',*,*,#1250,.T.);
#1756=ORIENTED_EDGE('',*,*,#1245,.T.);
#1757=ORIENTED_EDGE('',*,*,#1251,.F.);
#1758=ORIENTED_EDGE('',*,*,#1252,.F.);
#1759=ORIENTED_EDGE('',*,*,#1247,.F.);
#1760=ORIENTED_EDGE('',*,*,#1253,.T.);
#1761=ORIENTED_EDGE('',*,*,#1254,.T.);
#1762=ORIENTED_EDGE('',*,*,#1255,.F.);
#1763=ORIENTED_EDGE('',*,*,#1256,.F.);
#1764=ORIENTED_EDGE('',*,*,#1246,.F.);
#1765=ORIENTED_EDGE('',*,*,#1250,.F.);
#1766=ORIENTED_EDGE('',*,*,#1257,.F.);
#1767=ORIENTED_EDGE('',*,*,#1253,.F.);
#1768=ORIENTED_EDGE('',*,*,#1258,.T.);
#1769=ORIENTED_EDGE('',*,*,#1248,.T.);
#1770=ORIENTED_EDGE('',*,*,#1255,.T.);
#1771=ORIENTED_EDGE('',*,*,#1259,.T.);
#1772=ORIENTED_EDGE('',*,*,#1251,.T.);
#1773=ORIENTED_EDGE('',*,*,#1260,.F.);
#1774=ORIENTED_EDGE('',*,*,#1254,.F.);
#1775=ORIENTED_EDGE('',*,*,#1257,.T.);
#1776=ORIENTED_EDGE('',*,*,#1249,.T.);
#1777=ORIENTED_EDGE('',*,*,#1259,.F.);
#1778=ORIENTED_EDGE('',*,*,#1252,.T.);
#1779=ORIENTED_EDGE('',*,*,#1261,.T.);
#1780=ORIENTED_EDGE('',*,*,#1262,.F.);
#1781=ORIENTED_EDGE('',*,*,#1263,.F.);
#1782=ORIENTED_EDGE('',*,*,#1261,.F.);
#1783=ORIENTED_EDGE('',*,*,#1264,.T.);
#1784=ORIENTED_EDGE('',*,*,#1265,.T.);
#1785=ORIENTED_EDGE('',*,*,#1256,.T.);
#1786=ORIENTED_EDGE('',*,*,#1265,.F.);
#1787=ORIENTED_EDGE('',*,*,#1260,.T.);
#1788=ORIENTED_EDGE('',*,*,#1266,.T.);
#1789=ORIENTED_EDGE('',*,*,#1258,.F.);
#1790=ORIENTED_EDGE('',*,*,#1266,.F.);
#1791=ORIENTED_EDGE('',*,*,#1262,.T.);
#1792=ORIENTED_EDGE('',*,*,#1263,.T.);
#1793=ORIENTED_EDGE('',*,*,#1264,.F.);
#1794=ORIENTED_EDGE('',*,*,#1267,.T.);
#1795=ORIENTED_EDGE('',*,*,#1268,.T.);
#1796=ORIENTED_EDGE('',*,*,#1269,.F.);
#1797=ORIENTED_EDGE('',*,*,#1270,.F.);
#1798=ORIENTED_EDGE('',*,*,#1271,.T.);
#1799=ORIENTED_EDGE('',*,*,#1272,.F.);
#1800=ORIENTED_EDGE('',*,*,#1273,.F.);
#1801=ORIENTED_EDGE('',*,*,#1274,.F.);
#1802=ORIENTED_EDGE('',*,*,#1275,.F.);
#1803=ORIENTED_EDGE('',*,*,#1276,.T.);
#1804=ORIENTED_EDGE('',*,*,#1277,.F.);
#1805=ORIENTED_EDGE('',*,*,#1278,.F.);
#1806=ORIENTED_EDGE('',*,*,#1279,.F.);
#1807=ORIENTED_EDGE('',*,*,#1280,.F.);
#1808=ORIENTED_EDGE('',*,*,#1281,.T.);
#1809=ORIENTED_EDGE('',*,*,#1282,.F.);
#1810=ORIENTED_EDGE('',*,*,#1283,.F.);
#1811=ORIENTED_EDGE('',*,*,#1284,.F.);
#1812=ORIENTED_EDGE('',*,*,#1285,.F.);
#1813=ORIENTED_EDGE('',*,*,#1286,.T.);
#1814=ORIENTED_EDGE('',*,*,#1287,.F.);
#1815=ORIENTED_EDGE('',*,*,#1288,.F.);
#1816=ORIENTED_EDGE('',*,*,#1268,.F.);
#1817=ORIENTED_EDGE('',*,*,#1289,.F.);
#1818=ORIENTED_EDGE('',*,*,#1279,.T.);
#1819=ORIENTED_EDGE('',*,*,#1290,.T.);
#1820=ORIENTED_EDGE('',*,*,#1291,.F.);
#1821=ORIENTED_EDGE('',*,*,#1292,.F.);
#1822=ORIENTED_EDGE('',*,*,#1280,.T.);
#1823=ORIENTED_EDGE('',*,*,#1289,.T.);
#1824=ORIENTED_EDGE('',*,*,#1293,.F.);
#1825=ORIENTED_EDGE('',*,*,#1294,.F.);
#1826=ORIENTED_EDGE('',*,*,#1295,.T.);
#1827=ORIENTED_EDGE('',*,*,#1281,.F.);
#1828=ORIENTED_EDGE('',*,*,#1292,.T.);
#1829=ORIENTED_EDGE('',*,*,#1296,.F.);
#1830=ORIENTED_EDGE('',*,*,#1282,.T.);
#1831=ORIENTED_EDGE('',*,*,#1295,.F.);
#1832=ORIENTED_EDGE('',*,*,#1297,.F.);
#1833=ORIENTED_EDGE('',*,*,#1298,.F.);
#1834=ORIENTED_EDGE('',*,*,#1283,.T.);
#1835=ORIENTED_EDGE('',*,*,#1296,.T.);
#1836=ORIENTED_EDGE('',*,*,#1299,.F.);
#1837=ORIENTED_EDGE('',*,*,#1300,.F.);
#1838=ORIENTED_EDGE('',*,*,#1284,.T.);
#1839=ORIENTED_EDGE('',*,*,#1298,.T.);
#1840=ORIENTED_EDGE('',*,*,#1301,.F.);
#1841=ORIENTED_EDGE('',*,*,#1302,.F.);
#1842=ORIENTED_EDGE('',*,*,#1285,.T.);
#1843=ORIENTED_EDGE('',*,*,#1300,.T.);
#1844=ORIENTED_EDGE('',*,*,#1303,.F.);
#1845=ORIENTED_EDGE('',*,*,#1304,.F.);
#1846=ORIENTED_EDGE('',*,*,#1305,.T.);
#1847=ORIENTED_EDGE('',*,*,#1286,.F.);
#1848=ORIENTED_EDGE('',*,*,#1302,.T.);
#1849=ORIENTED_EDGE('',*,*,#1306,.F.);
#1850=ORIENTED_EDGE('',*,*,#1287,.T.);
#1851=ORIENTED_EDGE('',*,*,#1305,.F.);
#1852=ORIENTED_EDGE('',*,*,#1307,.F.);
#1853=ORIENTED_EDGE('',*,*,#1308,.F.);
#1854=ORIENTED_EDGE('',*,*,#1288,.T.);
#1855=ORIENTED_EDGE('',*,*,#1306,.T.);
#1856=ORIENTED_EDGE('',*,*,#1309,.F.);
#1857=ORIENTED_EDGE('',*,*,#1310,.F.);
#1858=ORIENTED_EDGE('',*,*,#1269,.T.);
#1859=ORIENTED_EDGE('',*,*,#1308,.T.);
#1860=ORIENTED_EDGE('',*,*,#1311,.F.);
#1861=ORIENTED_EDGE('',*,*,#1312,.F.);
#1862=ORIENTED_EDGE('',*,*,#1270,.T.);
#1863=ORIENTED_EDGE('',*,*,#1310,.T.);
#1864=ORIENTED_EDGE('',*,*,#1313,.F.);
#1865=ORIENTED_EDGE('',*,*,#1314,.F.);
#1866=ORIENTED_EDGE('',*,*,#1315,.T.);
#1867=ORIENTED_EDGE('',*,*,#1271,.F.);
#1868=ORIENTED_EDGE('',*,*,#1312,.T.);
#1869=ORIENTED_EDGE('',*,*,#1316,.F.);
#1870=ORIENTED_EDGE('',*,*,#1272,.T.);
#1871=ORIENTED_EDGE('',*,*,#1315,.F.);
#1872=ORIENTED_EDGE('',*,*,#1317,.F.);
#1873=ORIENTED_EDGE('',*,*,#1318,.F.);
#1874=ORIENTED_EDGE('',*,*,#1273,.T.);
#1875=ORIENTED_EDGE('',*,*,#1316,.T.);
#1876=ORIENTED_EDGE('',*,*,#1319,.F.);
#1877=ORIENTED_EDGE('',*,*,#1320,.F.);
#1878=ORIENTED_EDGE('',*,*,#1274,.T.);
#1879=ORIENTED_EDGE('',*,*,#1318,.T.);
#1880=ORIENTED_EDGE('',*,*,#1321,.F.);
#1881=ORIENTED_EDGE('',*,*,#1322,.F.);
#1882=ORIENTED_EDGE('',*,*,#1275,.T.);
#1883=ORIENTED_EDGE('',*,*,#1320,.T.);
#1884=ORIENTED_EDGE('',*,*,#1323,.F.);
#1885=ORIENTED_EDGE('',*,*,#1324,.F.);
#1886=ORIENTED_EDGE('',*,*,#1325,.T.);
#1887=ORIENTED_EDGE('',*,*,#1276,.F.);
#1888=ORIENTED_EDGE('',*,*,#1322,.T.);
#1889=ORIENTED_EDGE('',*,*,#1326,.F.);
#1890=ORIENTED_EDGE('',*,*,#1277,.T.);
#1891=ORIENTED_EDGE('',*,*,#1325,.F.);
#1892=ORIENTED_EDGE('',*,*,#1327,.F.);
#1893=ORIENTED_EDGE('',*,*,#1328,.F.);
#1894=ORIENTED_EDGE('',*,*,#1290,.F.);
#1895=ORIENTED_EDGE('',*,*,#1278,.T.);
#1896=ORIENTED_EDGE('',*,*,#1326,.T.);
#1897=ORIENTED_EDGE('',*,*,#1329,.T.);
#1898=ORIENTED_EDGE('',*,*,#1330,.T.);
#1899=ORIENTED_EDGE('',*,*,#1267,.F.);
#1900=ORIENTED_EDGE('',*,*,#1330,.F.);
#1901=ORIENTED_EDGE('',*,*,#1331,.T.);
#1902=ORIENTED_EDGE('',*,*,#1309,.T.);
#1903=ORIENTED_EDGE('',*,*,#1307,.T.);
#1904=ORIENTED_EDGE('',*,*,#1304,.T.);
#1905=ORIENTED_EDGE('',*,*,#1303,.T.);
#1906=ORIENTED_EDGE('',*,*,#1301,.T.);
#1907=ORIENTED_EDGE('',*,*,#1299,.T.);
#1908=ORIENTED_EDGE('',*,*,#1297,.T.);
#1909=ORIENTED_EDGE('',*,*,#1294,.T.);
#1910=ORIENTED_EDGE('',*,*,#1293,.T.);
#1911=ORIENTED_EDGE('',*,*,#1291,.T.);
#1912=ORIENTED_EDGE('',*,*,#1328,.T.);
#1913=ORIENTED_EDGE('',*,*,#1327,.T.);
#1914=ORIENTED_EDGE('',*,*,#1324,.T.);
#1915=ORIENTED_EDGE('',*,*,#1323,.T.);
#1916=ORIENTED_EDGE('',*,*,#1321,.T.);
#1917=ORIENTED_EDGE('',*,*,#1319,.T.);
#1918=ORIENTED_EDGE('',*,*,#1317,.T.);
#1919=ORIENTED_EDGE('',*,*,#1314,.T.);
#1920=ORIENTED_EDGE('',*,*,#1313,.T.);
#1921=ORIENTED_EDGE('',*,*,#1311,.T.);
#1922=ORIENTED_EDGE('',*,*,#1331,.F.);
#1923=ORIENTED_EDGE('',*,*,#1329,.F.);
#1924=ORIENTED_EDGE('',*,*,#1332,.T.);
#1925=ORIENTED_EDGE('',*,*,#1333,.T.);
#1926=ORIENTED_EDGE('',*,*,#1334,.T.);
#1927=ORIENTED_EDGE('',*,*,#1335,.T.);
#1928=ORIENTED_EDGE('',*,*,#1332,.F.);
#1929=ORIENTED_EDGE('',*,*,#1335,.F.);
#1930=ORIENTED_EDGE('',*,*,#1336,.T.);
#1931=ORIENTED_EDGE('',*,*,#1337,.T.);
#1932=ORIENTED_EDGE('',*,*,#1333,.F.);
#1933=ORIENTED_EDGE('',*,*,#1334,.F.);
#1934=ORIENTED_EDGE('',*,*,#1337,.F.);
#1935=ORIENTED_EDGE('',*,*,#1336,.F.);
#1936=PLANE('',#2187);
#1937=PLANE('',#2188);
#1938=PLANE('',#2189);
#1939=PLANE('',#2190);
#1940=PLANE('',#2193);
#1941=PLANE('',#2194);
#1942=PLANE('',#2195);
#1943=PLANE('',#2196);
#1944=PLANE('',#2197);
#1945=PLANE('',#2198);
#1946=PLANE('',#2199);
#1947=PLANE('',#2200);
#1948=PLANE('',#2201);
#1949=PLANE('',#2202);
#1950=PLANE('',#2203);
#1951=PLANE('',#2204);
#1952=PLANE('',#2205);
#1953=PLANE('',#2206);
#1954=PLANE('',#2207);
#1955=PLANE('',#2208);
#1956=PLANE('',#2211);
#1957=PLANE('',#2212);
#1958=PLANE('',#2213);
#1959=PLANE('',#2216);
#1960=PLANE('',#2217);
#1961=PLANE('',#2218);
#1962=PLANE('',#2219);
#1963=PLANE('',#2220);
#1964=PLANE('',#2221);
#1965=PLANE('',#2222);
#1966=PLANE('',#2225);
#1967=PLANE('',#2228);
#1968=PLANE('',#2229);
#1969=PLANE('',#2232);
#1970=PLANE('',#2233);
#1971=PLANE('',#2234);
#1972=PLANE('',#2235);
#1973=PLANE('',#2236);
#1974=PLANE('',#2239);
#1975=PLANE('',#2240);
#1976=PLANE('',#2242);
#1977=PLANE('',#2243);
#1978=PLANE('',#2244);
#1979=PLANE('',#2245);
#1980=PLANE('',#2249);
#1981=PLANE('',#2250);
#1982=PLANE('',#2252);
#1983=PLANE('',#2253);
#1984=PLANE('',#2256);
#1985=PLANE('',#2257);
#1986=PLANE('',#2258);
#1987=PLANE('',#2263);
#1988=PLANE('',#2264);
#1989=PLANE('',#2265);
#1990=PLANE('',#2266);
#1991=PLANE('',#2268);
#1992=PLANE('',#2270);
#1993=PLANE('',#2272);
#1994=PLANE('',#2281);
#1995=PLANE('',#2282);
#1996=PLANE('',#2283);
#1997=PLANE('',#2284);
#1998=PLANE('',#2285);
#1999=PLANE('',#2286);
#2000=PLANE('',#2289);
#2001=PLANE('',#2294);
#2002=PLANE('',#2295);
#2003=PLANE('',#2296);
#2004=PLANE('',#2297);
#2005=PLANE('',#2298);
#2006=PLANE('',#2300);
#2007=PLANE('',#2302);
#2008=PLANE('',#2304);
#2009=PLANE('',#2306);
#2010=PLANE('',#2311);
#2011=PLANE('',#2336);
#2012=PLANE('',#2337);
#2013=PLANE('',#2340);
#2014=PLANE('',#2341);
#2015=PLANE('',#2342);
#2016=PLANE('',#2343);
#2017=PLANE('',#2346);
#2018=PLANE('',#2347);
#2019=PLANE('',#2348);
#2020=PLANE('',#2349);
#2021=PLANE('',#2352);
#2022=PLANE('',#2353);
#2023=PLANE('',#2354);
#2024=PLANE('',#2355);
#2025=PLANE('',#2358);
#2026=PLANE('',#2359);
#2027=PLANE('',#2363);
#2028=PLANE('',#2371);
#2029=ADVANCED_FACE('',(#178),#1936,.T.);
#2030=ADVANCED_FACE('',(#179),#1937,.T.);
#2031=ADVANCED_FACE('',(#180),#1938,.T.);
#2032=ADVANCED_FACE('',(#181),#1939,.T.);
#2033=ADVANCED_FACE('',(#182),#1940,.T.);
#2034=ADVANCED_FACE('',(#183),#1941,.T.);
#2035=ADVANCED_FACE('',(#184),#1942,.T.);
#2036=ADVANCED_FACE('',(#185),#1943,.T.);
#2037=ADVANCED_FACE('',(#186),#1944,.T.);
#2038=ADVANCED_FACE('',(#187),#1945,.F.);
#2039=ADVANCED_FACE('',(#188),#1946,.T.);
#2040=ADVANCED_FACE('',(#189),#1947,.T.);
#2041=ADVANCED_FACE('',(#190),#1948,.F.);
#2042=ADVANCED_FACE('',(#191),#1949,.F.);
#2043=ADVANCED_FACE('',(#192),#1950,.F.);
#2044=ADVANCED_FACE('',(#193),#1951,.F.);
#2045=ADVANCED_FACE('',(#194),#1952,.F.);
#2046=ADVANCED_FACE('',(#195),#1953,.F.);
#2047=ADVANCED_FACE('',(#196),#1954,.F.);
#2048=ADVANCED_FACE('',(#197),#1955,.T.);
#2049=ADVANCED_FACE('',(#198),#105,.F.);
#2050=ADVANCED_FACE('',(#199),#1956,.F.);
#2051=ADVANCED_FACE('',(#200),#1957,.F.);
#2052=ADVANCED_FACE('',(#201),#1958,.F.);
#2053=ADVANCED_FACE('',(#202),#106,.F.);
#2054=ADVANCED_FACE('',(#203),#1959,.F.);
#2055=ADVANCED_FACE('',(#204),#1960,.F.);
#2056=ADVANCED_FACE('',(#205),#1961,.F.);
#2057=ADVANCED_FACE('',(#206),#1962,.T.);
#2058=ADVANCED_FACE('',(#207),#1963,.T.);
#2059=ADVANCED_FACE('',(#208),#1964,.T.);
#2060=ADVANCED_FACE('',(#209,#88,#89,#90),#1965,.T.);
#2061=ADVANCED_FACE('',(#210,#91,#92),#1966,.T.);
#2062=ADVANCED_FACE('',(#211),#1967,.F.);
#2063=ADVANCED_FACE('',(#212,#93,#94),#1968,.T.);
#2064=ADVANCED_FACE('',(#213),#1969,.T.);
#2065=ADVANCED_FACE('',(#214),#1970,.T.);
#2066=ADVANCED_FACE('',(#215),#1971,.F.);
#2067=ADVANCED_FACE('',(#216),#1972,.F.);
#2068=ADVANCED_FACE('',(#217,#95,#96),#1973,.F.);
#2069=ADVANCED_FACE('',(#218),#1974,.F.);
#2070=ADVANCED_FACE('',(#219),#1975,.F.);
#2071=ADVANCED_FACE('',(#220),#107,.F.);
#2072=ADVANCED_FACE('',(#221),#1976,.F.);
#2073=ADVANCED_FACE('',(#222),#1977,.F.);
#2074=ADVANCED_FACE('',(#223),#1978,.F.);
#2075=ADVANCED_FACE('',(#224),#1979,.F.);
#2076=ADVANCED_FACE('',(#225),#108,.F.);
#2077=ADVANCED_FACE('',(#226),#109,.F.);
#2078=ADVANCED_FACE('',(#227),#110,.F.);
#2079=ADVANCED_FACE('',(#228),#1980,.F.);
#2080=ADVANCED_FACE('',(#229),#1981,.T.);
#2081=ADVANCED_FACE('',(#230),#1982,.F.);
#2082=ADVANCED_FACE('',(#231),#1983,.F.);
#2083=ADVANCED_FACE('',(#232),#1984,.F.);
#2084=ADVANCED_FACE('',(#233),#1985,.F.);
#2085=ADVANCED_FACE('',(#234),#1986,.T.);
#2086=ADVANCED_FACE('',(#235),#111,.F.);
#2087=ADVANCED_FACE('',(#236),#112,.T.);
#2088=ADVANCED_FACE('',(#237),#1987,.F.);
#2089=ADVANCED_FACE('',(#238),#1988,.F.);
#2090=ADVANCED_FACE('',(#239),#1989,.T.);
#2091=ADVANCED_FACE('',(#240,#97),#1990,.F.);
#2092=ADVANCED_FACE('',(#241,#98),#1991,.T.);
#2093=ADVANCED_FACE('',(#242),#1992,.T.);
#2094=ADVANCED_FACE('',(#243),#1993,.F.);
#2095=ADVANCED_FACE('',(#244),#113,.F.);
#2096=ADVANCED_FACE('',(#245),#114,.F.);
#2097=ADVANCED_FACE('',(#246),#115,.T.);
#2098=ADVANCED_FACE('',(#247),#1994,.F.);
#2099=ADVANCED_FACE('',(#248),#1995,.F.);
#2100=ADVANCED_FACE('',(#249),#1996,.T.);
#2101=ADVANCED_FACE('',(#250),#1997,.F.);
#2102=ADVANCED_FACE('',(#251),#1998,.T.);
#2103=ADVANCED_FACE('',(#252),#1999,.F.);
#2104=ADVANCED_FACE('',(#253),#2000,.T.);
#2105=ADVANCED_FACE('',(#254),#116,.F.);
#2106=ADVANCED_FACE('',(#255),#117,.T.);
#2107=ADVANCED_FACE('',(#256),#2001,.T.);
#2108=ADVANCED_FACE('',(#257),#2002,.F.);
#2109=ADVANCED_FACE('',(#258),#2003,.F.);
#2110=ADVANCED_FACE('',(#259),#2004,.F.);
#2111=ADVANCED_FACE('',(#260,#99),#2005,.F.);
#2112=ADVANCED_FACE('',(#261,#100),#2006,.F.);
#2113=ADVANCED_FACE('',(#262,#101),#2007,.T.);
#2114=ADVANCED_FACE('',(#263,#102),#2008,.F.);
#2115=ADVANCED_FACE('',(#264),#2009,.F.);
#2116=ADVANCED_FACE('',(#265),#118,.F.);
#2117=ADVANCED_FACE('',(#266),#119,.T.);
#2118=ADVANCED_FACE('',(#267,#103),#120,.F.);
#2119=ADVANCED_FACE('',(#268),#2010,.F.);
#2120=ADVANCED_FACE('',(#269),#37,.T.);
#2121=ADVANCED_FACE('',(#270),#2011,.T.);
#2122=ADVANCED_FACE('',(#271),#2012,.T.);
#2123=ADVANCED_FACE('',(#272),#32,.F.);
#2124=ADVANCED_FACE('',(#273),#2013,.T.);
#2125=ADVANCED_FACE('',(#274),#2014,.T.);
#2126=ADVANCED_FACE('',(#275),#2015,.T.);
#2127=ADVANCED_FACE('',(#276),#2016,.T.);
#2128=ADVANCED_FACE('',(#277),#33,.F.);
#2129=ADVANCED_FACE('',(#278),#2017,.T.);
#2130=ADVANCED_FACE('',(#279),#2018,.T.);
#2131=ADVANCED_FACE('',(#280),#2019,.T.);
#2132=ADVANCED_FACE('',(#281),#2020,.T.);
#2133=ADVANCED_FACE('',(#282),#34,.F.);
#2134=ADVANCED_FACE('',(#283),#2021,.T.);
#2135=ADVANCED_FACE('',(#284),#2022,.T.);
#2136=ADVANCED_FACE('',(#285),#2023,.T.);
#2137=ADVANCED_FACE('',(#286),#2024,.T.);
#2138=ADVANCED_FACE('',(#287),#35,.F.);
#2139=ADVANCED_FACE('',(#288),#2025,.T.);
#2140=ADVANCED_FACE('',(#289),#2026,.T.);
#2141=ADVANCED_FACE('',(#290),#121,.T.);
#2142=ADVANCED_FACE('',(#291),#36,.F.);
#2143=ADVANCED_FACE('',(#292,#104),#2027,.F.);
#2144=ADVANCED_FACE('',(#293),#31,.F.);
#2145=ADVANCED_FACE('',(#294),#122,.T.);
#2146=ADVANCED_FACE('',(#295),#2028,.F.);
#2147=CLOSED_SHELL('',(#2029,#2030,#2031,#2032,#2033,#2034,#2035,#2036,
#2037,#2038,#2039,#2040,#2041,#2042,#2043,#2044,#2045,#2046,#2047,#2048,
#2049,#2050,#2051,#2052,#2053,#2054,#2055,#2056,#2057,#2058,#2059,#2060,
#2061,#2062,#2063,#2064,#2065,#2066,#2067,#2068,#2069,#2070,#2071,#2072,
#2073,#2074,#2075,#2076,#2077,#2078,#2079,#2080));
#2148=CLOSED_SHELL('',(#2081,#2082,#2083,#2084,#2085,#2086,#2087,#2088,
#2089,#2090,#2091,#2092,#2093,#2094,#2095,#2096,#2097,#2098,#2099,#2100,
#2101,#2102,#2103,#2104,#2105,#2106,#2107,#2108,#2109));
#2149=CLOSED_SHELL('',(#2110,#2111,#2112,#2113,#2114,#2115,#2116,#2117,
#2118,#2119));
#2150=CLOSED_SHELL('',(#2120,#2121,#2122,#2123,#2124,#2125,#2126,#2127,
#2128,#2129,#2130,#2131,#2132,#2133,#2134,#2135,#2136,#2137,#2138,#2139,
#2140,#2141,#2142,#2143,#2144,#2145,#2146));
#2151=DERIVED_UNIT_ELEMENT(#2157,1.);
#2152=DERIVED_UNIT_ELEMENT(#4222,-3.);
#2153=DERIVED_UNIT_ELEMENT(#2157,1.);
#2154=DERIVED_UNIT_ELEMENT(#4222,-3.);
#2155=DERIVED_UNIT_ELEMENT(#2157,1.);
#2156=DERIVED_UNIT_ELEMENT(#4222,-3.);
#2157=(
MASS_UNIT()
NAMED_UNIT(*)
SI_UNIT(.KILO.,.GRAM.)
);
#2158=DERIVED_UNIT((#2151,#2152));
#2159=DERIVED_UNIT((#2153,#2154));
#2160=DERIVED_UNIT((#2155,#2156));
#2161=MEASURE_REPRESENTATION_ITEM('density measure',
POSITIVE_RATIO_MEASURE(7850.),#2158);
#2162=MEASURE_REPRESENTATION_ITEM('density measure',
POSITIVE_RATIO_MEASURE(7850.),#2159);
#2163=MEASURE_REPRESENTATION_ITEM('density measure',
POSITIVE_RATIO_MEASURE(7850.),#2160);
#2164=PROPERTY_DEFINITION_REPRESENTATION(#2179,#2170);
#2165=PROPERTY_DEFINITION_REPRESENTATION(#2180,#2171);
#2166=PROPERTY_DEFINITION_REPRESENTATION(#2181,#2172);
#2167=PROPERTY_DEFINITION_REPRESENTATION(#2182,#2173);
#2168=PROPERTY_DEFINITION_REPRESENTATION(#2183,#2174);
#2169=PROPERTY_DEFINITION_REPRESENTATION(#2184,#2175);
#2170=REPRESENTATION('material name',(#2176),#4217);
#2171=REPRESENTATION('density',(#2161),#4217);
#2172=REPRESENTATION('material name',(#2177),#4218);
#2173=REPRESENTATION('density',(#2162),#4218);
#2174=REPRESENTATION('material name',(#2178),#4219);
#2175=REPRESENTATION('density',(#2163),#4219);
#2176=DESCRIPTIVE_REPRESENTATION_ITEM('Steel','Steel');
#2177=DESCRIPTIVE_REPRESENTATION_ITEM('Steel','Steel');
#2178=DESCRIPTIVE_REPRESENTATION_ITEM('Steel','Steel');
#2179=PROPERTY_DEFINITION('material property','material name',#4244);
#2180=PROPERTY_DEFINITION('material property','density of part',#4244);
#2181=PROPERTY_DEFINITION('material property','material name',#4245);
#2182=PROPERTY_DEFINITION('material property','density of part',#4245);
#2183=PROPERTY_DEFINITION('material property','material name',#4246);
#2184=PROPERTY_DEFINITION('material property','density of part',#4246);
#2185=AXIS2_PLACEMENT_3D('',#2969,#2377,#2378);
#2186=AXIS2_PLACEMENT_3D('',#2970,#2379,#2380);
#2187=AXIS2_PLACEMENT_3D('',#2971,#2381,#2382);
#2188=AXIS2_PLACEMENT_3D('',#3012,#2403,#2404);
#2189=AXIS2_PLACEMENT_3D('',#3020,#2409,#2410);
#2190=AXIS2_PLACEMENT_3D('',#3024,#2413,#2414);
#2191=AXIS2_PLACEMENT_3D('',#3040,#2422,#2423);
#2192=AXIS2_PLACEMENT_3D('',#3045,#2426,#2427);
#2193=AXIS2_PLACEMENT_3D('',#3054,#2433,#2434);
#2194=AXIS2_PLACEMENT_3D('',#3058,#2437,#2438);
#2195=AXIS2_PLACEMENT_3D('',#3073,#2447,#2448);
#2196=AXIS2_PLACEMENT_3D('',#3077,#2451,#2452);
#2197=AXIS2_PLACEMENT_3D('',#3081,#2455,#2456);
#2198=AXIS2_PLACEMENT_3D('',#3085,#2459,#2460);
#2199=AXIS2_PLACEMENT_3D('',#3098,#2468,#2469);
#2200=AXIS2_PLACEMENT_3D('',#3102,#2472,#2473);
#2201=AXIS2_PLACEMENT_3D('',#3106,#2476,#2477);
#2202=AXIS2_PLACEMENT_3D('',#3112,#2481,#2482);
#2203=AXIS2_PLACEMENT_3D('',#3116,#2485,#2486);
#2204=AXIS2_PLACEMENT_3D('',#3122,#2490,#2491);
#2205=AXIS2_PLACEMENT_3D('',#3126,#2494,#2495);
#2206=AXIS2_PLACEMENT_3D('',#3130,#2498,#2499);
#2207=AXIS2_PLACEMENT_3D('',#3134,#2502,#2503);
#2208=AXIS2_PLACEMENT_3D('',#3136,#2505,#2506);
#2209=AXIS2_PLACEMENT_3D('',#3142,#2510,#2511);
#2210=AXIS2_PLACEMENT_3D('',#3143,#2512,#2513);
#2211=AXIS2_PLACEMENT_3D('',#3144,#2514,#2515);
#2212=AXIS2_PLACEMENT_3D('',#3148,#2518,#2519);
#2213=AXIS2_PLACEMENT_3D('',#3152,#2522,#2523);
#2214=AXIS2_PLACEMENT_3D('',#3154,#2525,#2526);
#2215=AXIS2_PLACEMENT_3D('',#3155,#2527,#2528);
#2216=AXIS2_PLACEMENT_3D('',#3156,#2529,#2530);
#2217=AXIS2_PLACEMENT_3D('',#3160,#2533,#2534);
#2218=AXIS2_PLACEMENT_3D('',#3164,#2537,#2538);
#2219=AXIS2_PLACEMENT_3D('',#3166,#2540,#2541);
#2220=AXIS2_PLACEMENT_3D('',#3168,#2543,#2544);
#2221=AXIS2_PLACEMENT_3D('',#3172,#2547,#2548);
#2222=AXIS2_PLACEMENT_3D('',#3174,#2550,#2551);
#2223=AXIS2_PLACEMENT_3D('',#3177,#2553,#2554);
#2224=AXIS2_PLACEMENT_3D('',#3187,#2559,#2560);
#2225=AXIS2_PLACEMENT_3D('',#3188,#2561,#2562);
#2226=AXIS2_PLACEMENT_3D('',#3190,#2563,#2564);
#2227=AXIS2_PLACEMENT_3D('',#3192,#2565,#2566);
#2228=AXIS2_PLACEMENT_3D('',#3193,#2567,#2568);
#2229=AXIS2_PLACEMENT_3D('',#3194,#2569,#2570);
#2230=AXIS2_PLACEMENT_3D('',#3199,#2573,#2574);
#2231=AXIS2_PLACEMENT_3D('',#3201,#2575,#2576);
#2232=AXIS2_PLACEMENT_3D('',#3202,#2577,#2578);
#2233=AXIS2_PLACEMENT_3D('',#3204,#2580,#2581);
#2234=AXIS2_PLACEMENT_3D('',#3205,#2582,#2583);
#2235=AXIS2_PLACEMENT_3D('',#3211,#2587,#2588);
#2236=AXIS2_PLACEMENT_3D('',#3215,#2591,#2592);
#2237=AXIS2_PLACEMENT_3D('',#3220,#2595,#2596);
#2238=AXIS2_PLACEMENT_3D('',#3222,#2597,#2598);
#2239=AXIS2_PLACEMENT_3D('',#3223,#2599,#2600);
#2240=AXIS2_PLACEMENT_3D('',#3225,#2602,#2603);
#2241=AXIS2_PLACEMENT_3D('',#3226,#2604,#2605);
#2242=AXIS2_PLACEMENT_3D('',#3228,#2607,#2608);
#2243=AXIS2_PLACEMENT_3D('',#3234,#2612,#2613);
#2244=AXIS2_PLACEMENT_3D('',#3238,#2616,#2617);
#2245=AXIS2_PLACEMENT_3D('',#3242,#2620,#2621);
#2246=AXIS2_PLACEMENT_3D('',#3244,#2623,#2624);
#2247=AXIS2_PLACEMENT_3D('',#3246,#2626,#2627);
#2248=AXIS2_PLACEMENT_3D('',#3248,#2629,#2630);
#2249=AXIS2_PLACEMENT_3D('',#3250,#2632,#2633);
#2250=AXIS2_PLACEMENT_3D('',#3251,#2634,#2635);
#2251=AXIS2_PLACEMENT_3D('',#3252,#2636,#2637);
#2252=AXIS2_PLACEMENT_3D('',#3253,#2638,#2639);
#2253=AXIS2_PLACEMENT_3D('',#3262,#2644,#2645);
#2254=AXIS2_PLACEMENT_3D('',#3264,#2646,#2647);
#2255=AXIS2_PLACEMENT_3D('',#3266,#2648,#2649);
#2256=AXIS2_PLACEMENT_3D('',#3268,#2651,#2652);
#2257=AXIS2_PLACEMENT_3D('',#3274,#2656,#2657);
#2258=AXIS2_PLACEMENT_3D('',#3278,#2660,#2661);
#2259=AXIS2_PLACEMENT_3D('',#3282,#2664,#2665);
#2260=AXIS2_PLACEMENT_3D('',#3284,#2666,#2667);
#2261=AXIS2_PLACEMENT_3D('',#3286,#2669,#2670);
#2262=AXIS2_PLACEMENT_3D('',#3288,#2671,#2672);
#2263=AXIS2_PLACEMENT_3D('',#3290,#2674,#2675);
#2264=AXIS2_PLACEMENT_3D('',#3296,#2679,#2680);
#2265=AXIS2_PLACEMENT_3D('',#3298,#2682,#2683);
#2266=AXIS2_PLACEMENT_3D('',#3300,#2685,#2686);
#2267=AXIS2_PLACEMENT_3D('',#3305,#2689,#2690);
#2268=AXIS2_PLACEMENT_3D('',#3306,#2691,#2692);
#2269=AXIS2_PLACEMENT_3D('',#3311,#2695,#2696);
#2270=AXIS2_PLACEMENT_3D('',#3312,#2697,#2698);
#2271=AXIS2_PLACEMENT_3D('',#3314,#2699,#2700);
#2272=AXIS2_PLACEMENT_3D('',#3316,#2702,#2703);
#2273=AXIS2_PLACEMENT_3D('',#3318,#2705,#2706);
#2274=AXIS2_PLACEMENT_3D('',#3320,#2707,#2708);
#2275=AXIS2_PLACEMENT_3D('',#3323,#2710,#2711);
#2276=AXIS2_PLACEMENT_3D('',#3324,#2712,#2713);
#2277=AXIS2_PLACEMENT_3D('',#3326,#2715,#2716);
#2278=AXIS2_PLACEMENT_3D('',#3328,#2717,#2718);
#2279=AXIS2_PLACEMENT_3D('',#3330,#2719,#2720);
#2280=AXIS2_PLACEMENT_3D('',#3333,#2722,#2723);
#2281=AXIS2_PLACEMENT_3D('',#3334,#2724,#2725);
#2282=AXIS2_PLACEMENT_3D('',#3340,#2729,#2730);
#2283=AXIS2_PLACEMENT_3D('',#3342,#2732,#2733);
#2284=AXIS2_PLACEMENT_3D('',#3348,#2737,#2738);
#2285=AXIS2_PLACEMENT_3D('',#3354,#2742,#2743);
#2286=AXIS2_PLACEMENT_3D('',#3360,#2747,#2748);
#2287=AXIS2_PLACEMENT_3D('',#3362,#2749,#2750);
#2288=AXIS2_PLACEMENT_3D('',#3369,#2754,#2755);
#2289=AXIS2_PLACEMENT_3D('',#3370,#2756,#2757);
#2290=AXIS2_PLACEMENT_3D('',#3372,#2758,#2759);
#2291=AXIS2_PLACEMENT_3D('',#3379,#2763,#2764);
#2292=AXIS2_PLACEMENT_3D('',#3380,#2765,#2766);
#2293=AXIS2_PLACEMENT_3D('',#3382,#2768,#2769);
#2294=AXIS2_PLACEMENT_3D('',#3384,#2771,#2772);
#2295=AXIS2_PLACEMENT_3D('',#3386,#2774,#2775);
#2296=AXIS2_PLACEMENT_3D('',#3388,#2777,#2778);
#2297=AXIS2_PLACEMENT_3D('',#3389,#2779,#2780);
#2298=AXIS2_PLACEMENT_3D('',#3398,#2785,#2786);
#2299=AXIS2_PLACEMENT_3D('',#3405,#2790,#2791);
#2300=AXIS2_PLACEMENT_3D('',#3406,#2792,#2793);
#2301=AXIS2_PLACEMENT_3D('',#3413,#2797,#2798);
#2302=AXIS2_PLACEMENT_3D('',#3414,#2799,#2800);
#2303=AXIS2_PLACEMENT_3D('',#3417,#2802,#2803);
#2304=AXIS2_PLACEMENT_3D('',#3418,#2804,#2805);
#2305=AXIS2_PLACEMENT_3D('',#3421,#2807,#2808);
#2306=AXIS2_PLACEMENT_3D('',#3422,#2809,#2810);
#2307=AXIS2_PLACEMENT_3D('',#3423,#2811,#2812);
#2308=AXIS2_PLACEMENT_3D('',#3621,#2814,#2815);
#2309=AXIS2_PLACEMENT_3D('',#3623,#2816,#2817);
#2310=AXIS2_PLACEMENT_3D('',#3625,#2819,#2820);
#2311=AXIS2_PLACEMENT_3D('',#3627,#2822,#2823);
#2312=AXIS2_PLACEMENT_3D('',#3628,#2824,#2825);
#2313=AXIS2_PLACEMENT_3D('',#3629,#2826,#2827);
#2314=AXIS2_PLACEMENT_3D('',#3631,#2828,#2829);
#2315=AXIS2_PLACEMENT_3D('',#3633,#2830,#2831);
#2316=AXIS2_PLACEMENT_3D('',#3635,#2832,#2833);
#2317=AXIS2_PLACEMENT_3D('',#3637,#2834,#2835);
#2318=AXIS2_PLACEMENT_3D('',#3639,#2836,#2837);
#2319=AXIS2_PLACEMENT_3D('',#3641,#2838,#2839);
#2320=AXIS2_PLACEMENT_3D('',#3643,#2840,#2841);
#2321=AXIS2_PLACEMENT_3D('',#3645,#2842,#2843);
#2322=AXIS2_PLACEMENT_3D('',#3647,#2844,#2845);
#2323=AXIS2_PLACEMENT_3D('',#3649,#2846,#2847);
#2324=AXIS2_PLACEMENT_3D('',#3651,#2848,#2849);
#2325=AXIS2_PLACEMENT_3D('',#3653,#2850,#2851);
#2326=AXIS2_PLACEMENT_3D('',#3655,#2852,#2853);
#2327=AXIS2_PLACEMENT_3D('',#3657,#2854,#2855);
#2328=AXIS2_PLACEMENT_3D('',#3659,#2856,#2857);
#2329=AXIS2_PLACEMENT_3D('',#3661,#2858,#2859);
#2330=AXIS2_PLACEMENT_3D('',#3663,#2860,#2861);
#2331=AXIS2_PLACEMENT_3D('',#3665,#2862,#2863);
#2332=AXIS2_PLACEMENT_3D('',#3667,#2864,#2865);
#2333=AXIS2_PLACEMENT_3D('',#3669,#2866,#2867);
#2334=AXIS2_PLACEMENT_3D('',#3671,#2868,#2869);
#2335=AXIS2_PLACEMENT_3D('',#3672,#2870,#2871);
#2336=AXIS2_PLACEMENT_3D('',#3673,#2872,#2873);
#2337=AXIS2_PLACEMENT_3D('',#3691,#2876,#2877);
#2338=AXIS2_PLACEMENT_3D('',#3737,#2878,#2879);
#2339=AXIS2_PLACEMENT_3D('',#3739,#2880,#2881);
#2340=AXIS2_PLACEMENT_3D('',#3780,#2882,#2883);
#2341=AXIS2_PLACEMENT_3D('',#3787,#2885,#2886);
#2342=AXIS2_PLACEMENT_3D('',#3803,#2888,#2889);
#2343=AXIS2_PLACEMENT_3D('',#3819,#2891,#2892);
#2344=AXIS2_PLACEMENT_3D('',#3865,#2893,#2894);
#2345=AXIS2_PLACEMENT_3D('',#3867,#2895,#2896);
#2346=AXIS2_PLACEMENT_3D('',#3908,#2897,#2898);
#2347=AXIS2_PLACEMENT_3D('',#3915,#2900,#2901);
#2348=AXIS2_PLACEMENT_3D('',#3931,#2903,#2904);
#2349=AXIS2_PLACEMENT_3D('',#3947,#2906,#2907);
#2350=AXIS2_PLACEMENT_3D('',#3993,#2908,#2909);
#2351=AXIS2_PLACEMENT_3D('',#3995,#2910,#2911);
#2352=AXIS2_PLACEMENT_3D('',#4036,#2912,#2913);
#2353=AXIS2_PLACEMENT_3D('',#4043,#2915,#2916);
#2354=AXIS2_PLACEMENT_3D('',#4059,#2918,#2919);
#2355=AXIS2_PLACEMENT_3D('',#4075,#2921,#2922);
#2356=AXIS2_PLACEMENT_3D('',#4121,#2923,#2924);
#2357=AXIS2_PLACEMENT_3D('',#4123,#2925,#2926);
#2358=AXIS2_PLACEMENT_3D('',#4164,#2927,#2928);
#2359=AXIS2_PLACEMENT_3D('',#4171,#2930,#2931);
#2360=AXIS2_PLACEMENT_3D('',#4185,#2932,#2933);
#2361=AXIS2_PLACEMENT_3D('',#4187,#2934,#2935);
#2362=AXIS2_PLACEMENT_3D('',#4189,#2937,#2938);
#2363=AXIS2_PLACEMENT_3D('',#4192,#2940,#2941);
#2364=AXIS2_PLACEMENT_3D('',#4194,#2942,#2943);
#2365=AXIS2_PLACEMENT_3D('',#4195,#2944,#2945);
#2366=AXIS2_PLACEMENT_3D('',#4198,#2946,#2947);
#2367=AXIS2_PLACEMENT_3D('',#4199,#2948,#2949);
#2368=AXIS2_PLACEMENT_3D('',#4200,#2950,#2951);
#2369=AXIS2_PLACEMENT_3D('',#4201,#2952,#2953);
#2370=AXIS2_PLACEMENT_3D('',#4203,#2954,#2955);
#2371=AXIS2_PLACEMENT_3D('',#4205,#2957,#2958);
#2372=AXIS2_PLACEMENT_3D('',#4206,#2959,#2960);
#2373=AXIS2_PLACEMENT_3D('',#4207,#2961,#2962);
#2374=AXIS2_PLACEMENT_3D('',#4208,#2963,#2964);
#2375=AXIS2_PLACEMENT_3D('',#4209,#2965,#2966);
#2376=AXIS2_PLACEMENT_3D('',#4210,#2967,#2968);
#2377=DIRECTION('axis',(0.,0.,1.));
#2378=DIRECTION('refdir',(1.,0.,0.));
#2379=DIRECTION('axis',(0.,0.,1.));
#2380=DIRECTION('refdir',(1.,0.,0.));
#2381=DIRECTION('center_axis',(-1.106133814775E-15,-1.,-1.130669073875E-16));
#2382=DIRECTION('ref_axis',(-1.06933092612501E-16,-1.130669073875E-16,1.));
#2383=DIRECTION('',(2.22044604925E-16,4.996003610813E-16,1.));
#2384=DIRECTION('',(1.,-1.069330926125E-16,9.461338147751E-16));
#2385=DIRECTION('',(3.330669073875E-16,6.661338147751E-16,1.));
#2386=DIRECTION('',(1.,-1.069330926125E-16,9.461338147751E-16));
#2387=DIRECTION('',(3.330669073875E-16,6.661338147751E-16,1.));
#2388=DIRECTION('',(1.,-1.069330926125E-16,9.461338147751E-16));
#2389=DIRECTION('',(2.22044604925E-16,4.996003610813E-16,1.));
#2390=DIRECTION('',(1.,4.622231866529E-32,3.330669073875E-16));
#2391=DIRECTION('',(2.773339119918E-32,-1.110223024625E-16,-1.));
#2392=DIRECTION('',(-1.,-4.622231866529E-32,-3.330669073875E-16));
#2393=DIRECTION('',(-2.773339119918E-32,1.110223024625E-16,1.));
#2394=DIRECTION('',(1.,4.622231866529E-32,3.330669073875E-16));
#2395=DIRECTION('',(2.22044604925E-16,4.996003610813E-16,1.));
#2396=DIRECTION('',(1.,-1.069330926125E-16,9.461338147751E-16));
#2397=DIRECTION('',(2.22044604925E-16,4.996003610813E-16,1.));
#2398=DIRECTION('',(-1.,-4.622231866529E-32,-3.330669073875E-16));
#2399=DIRECTION('',(-2.773339119918E-32,1.110223024625E-16,1.));
#2400=DIRECTION('',(1.,4.622231866529E-32,3.330669073875E-16));
#2401=DIRECTION('',(2.773339119918E-32,-1.110223024625E-16,-1.));
#2402=DIRECTION('',(-1.,-4.622231866529E-32,-3.330669073875E-16));
#2403=DIRECTION('center_axis',(-1.,-1.665334536938E-16,-4.440892098501E-16));
#2404=DIRECTION('ref_axis',(-1.665334536938E-16,1.,2.22044604925E-16));
#2405=DIRECTION('',(-4.996003610813E-16,-1.,-3.885780586188E-16));
#2406=DIRECTION('',(2.22044604925E-16,4.996003610813E-16,1.));
#2407=DIRECTION('',(5.551115123126E-16,1.,2.775557561563E-16));
#2408=DIRECTION('',(-1.17756934401225E-16,0.707106781186548,0.707106781186548));
#2409=DIRECTION('center_axis',(-5.84835605378926E-16,-0.707106781186548,
0.707106781186548));
#2410=DIRECTION('ref_axis',(1.,-2.47007768749028E-16,5.80074676136528E-16));
#2411=DIRECTION('',(-0.577350269189626,0.577350269189626,0.577350269189626));
#2412=DIRECTION('',(-1.,-4.622231866529E-32,-3.330669073875E-16));
#2413=DIRECTION('center_axis',(4.336116697123E-16,-3.3914896303E-16,-1.));
#2414=DIRECTION('ref_axis',(-1.,-5.55111512312599E-17,-4.336116697123E-16));
#2415=DIRECTION('',(-6.661338147751E-16,-1.,-3.330669073875E-16));
#2416=DIRECTION('',(1.,-1.069330926125E-16,9.461338147751E-16));
#2417=DIRECTION('',(-6.661338147751E-16,-1.,-3.330669073875E-16));
#2418=DIRECTION('',(0.866025403784329,-0.50000000000019,6.8392558703576E-17));
#2419=DIRECTION('',(1.110223024625E-16,1.,5.551115123126E-17));
#2420=DIRECTION('',(-0.866025403784329,-0.50000000000019,-1.23903709934847E-16));
#2421=DIRECTION('',(-6.661338147751E-16,-1.,-3.330669073875E-16));
#2422=DIRECTION('center_axis',(-5.551115123126E-16,-2.775557561563E-16,
1.));
#2423=DIRECTION('ref_axis',(1.,2.775557561563E-16,5.551115123126E-16));
#2424=DIRECTION('',(-5.551115123126E-16,-1.,-2.775557561563E-16));
#2425=DIRECTION('',(-5.551115123126E-16,-1.,-2.775557561563E-16));
#2426=DIRECTION('center_axis',(-5.551115123126E-16,-2.775557561563E-16,
1.));
#2427=DIRECTION('ref_axis',(1.,2.775557561563E-16,5.551115123126E-16));
#2428=DIRECTION('',(5.551115123126E-16,1.,2.775557561563E-16));
#2429=DIRECTION('',(-6.661338147751E-16,-1.,-3.330669073875E-16));
#2430=DIRECTION('',(0.866025403784329,0.50000000000019,2.47807419869694E-16));
#2431=DIRECTION('',(-2.22044604925E-16,-1.,-1.110223024625E-16));
#2432=DIRECTION('',(-0.866025403784329,0.50000000000019,-1.36785117407152E-16));
#2433=DIRECTION('center_axis',(-0.707106781186548,-0.707106781186548,-2.95020928529411E-17));
#2434=DIRECTION('ref_axis',(-7.63722811467648E-17,3.46500213157452E-17,
1.));
#2435=DIRECTION('',(-0.577350269189626,0.577350269189626,-0.577350269189626));
#2436=DIRECTION('',(2.773339119918E-32,-1.110223024625E-16,-1.));
#2437=DIRECTION('center_axis',(1.,1.130669073875E-16,8.861338147751E-16));
#2438=DIRECTION('ref_axis',(-8.861338147751E-16,6.661338147751E-16,1.));
#2439=DIRECTION('',(0.,5.551115123126E-17,1.));
#2440=DIRECTION('',(-1.110223024625E-16,-1.,-5.551115123126E-17));
#2441=DIRECTION('',(0.,5.551115123126E-17,1.));
#2442=DIRECTION('',(-3.330669073875E-16,-6.661338147751E-16,-1.));
#2443=DIRECTION('',(7.96130793101125E-33,0.447213595499958,-0.894427190999916));
#2444=DIRECTION('',(6.661338147751E-16,1.,3.330669073875E-16));
#2445=DIRECTION('',(4.84683543373095E-16,0.242535625036098,0.970142500145391));
#2446=DIRECTION('',(6.661338147751E-16,1.,3.330669073875E-16));
#2447=DIRECTION('center_axis',(-4.8418140623359E-16,-0.707106781186548,
-0.707106781186548));
#2448=DIRECTION('ref_axis',(-1.,5.0890140936596E-16,1.7583450197846E-16));
#2449=DIRECTION('',(0.577350269189626,0.577350269189626,-0.577350269189626));
#2450=DIRECTION('',(1.,4.622231866529E-32,3.330669073875E-16));
#2451=DIRECTION('center_axis',(5.306690738755E-17,1.106133814775E-15,1.));
#2452=DIRECTION('ref_axis',(8.861338147751E-16,1.,-1.106133814775E-15));
#2453=DIRECTION('',(1.,-1.069330926125E-16,9.461338147751E-16));
#2454=DIRECTION('',(6.661338147751E-16,1.,3.330669073875E-16));
#2455=DIRECTION('center_axis',(0.707106781186548,-0.707106781186548,3.52289697008675E-16));
#2456=DIRECTION('ref_axis',(1.93595282465738E-16,-3.04617584928238E-16,
-1.));
#2457=DIRECTION('',(0.577350269189626,0.577350269189626,0.577350269189626));
#2458=DIRECTION('',(-2.773339119918E-32,1.110223024625E-16,1.));
#2459=DIRECTION('center_axis',(1.,1.130669073875E-16,8.861338147751E-16));
#2460=DIRECTION('ref_axis',(-8.861338147751E-16,6.661338147751E-16,1.));
#2461=DIRECTION('',(4.84683543373095E-16,0.242535625036098,0.970142500145391));
#2462=DIRECTION('',(6.661338147751E-16,1.,3.330669073875E-16));
#2463=DIRECTION('',(7.96130793101125E-33,0.447213595499958,-0.894427190999916));
#2464=DIRECTION('',(-3.330669073875E-16,-6.661338147751E-16,-1.));
#2465=DIRECTION('',(5.551115123126E-17,1.665334536938E-16,1.));
#2466=DIRECTION('',(2.22044604925E-16,1.,1.110223024625E-16));
#2467=DIRECTION('',(5.551115123126E-17,1.665334536938E-16,1.));
#2468=DIRECTION('center_axis',(-5.86571022605525E-16,-0.707106781186548,
0.707106781186548));
#2469=DIRECTION('ref_axis',(1.,-2.48234894038094E-16,5.81301801425694E-16));
#2470=DIRECTION('',(-1.17756934401225E-16,0.707106781186548,0.707106781186548));
#2471=DIRECTION('',(-1.,-4.622231866529E-32,-3.330669073875E-16));
#2472=DIRECTION('center_axis',(1.,1.665334536938E-16,4.440892098501E-16));
#2473=DIRECTION('ref_axis',(1.665334536938E-16,-1.,-2.22044604925E-16));
#2474=DIRECTION('',(2.22044604925E-16,4.996003610813E-16,1.));
#2475=DIRECTION('',(4.996003610813E-16,1.,3.885780586188E-16));
#2476=DIRECTION('center_axis',(-1.,-1.665334536938E-16,-4.440892098501E-16));
#2477=DIRECTION('ref_axis',(-1.665334536938E-16,1.,2.22044604925E-16));
#2478=DIRECTION('',(4.996003610813E-16,1.,3.885780586188E-16));
#2479=DIRECTION('',(-1.17756934401225E-16,0.707106781186548,0.707106781186548));
#2480=DIRECTION('',(2.22044604925E-16,4.996003610813E-16,1.));
#2481=DIRECTION('center_axis',(5.84835605378926E-16,0.707106781186548,-0.707106781186548));
#2482=DIRECTION('ref_axis',(-1.,2.47007768749028E-16,-5.80074676136528E-16));
#2483=DIRECTION('',(0.577350269189626,0.577350269189626,0.577350269189626));
#2484=DIRECTION('',(1.,4.622231866529E-32,3.330669073875E-16));
#2485=DIRECTION('center_axis',(1.,1.665334536938E-16,4.440892098501E-16));
#2486=DIRECTION('ref_axis',(1.665334536938E-16,-1.,-2.22044604925E-16));
#2487=DIRECTION('',(-1.17756934401225E-16,0.707106781186548,0.707106781186548));
#2488=DIRECTION('',(-4.996003610813E-16,-1.,-3.885780586188E-16));
#2489=DIRECTION('',(2.22044604925E-16,4.996003610813E-16,1.));
#2490=DIRECTION('center_axis',(-0.707106781186548,0.707106781186548,-3.4361261087548E-16));
#2491=DIRECTION('ref_axis',(-1.87459656019966E-16,2.98481958482566E-16,
1.));
#2492=DIRECTION('',(0.577350269189626,0.577350269189626,-0.577350269189626));
#2493=DIRECTION('',(2.773339119918E-32,-1.110223024625E-16,-1.));
#2494=DIRECTION('center_axis',(5.86571022605525E-16,0.707106781186548,-0.707106781186548));
#2495=DIRECTION('ref_axis',(-1.,2.48234894038094E-16,-5.81301801425694E-16));
#2496=DIRECTION('',(-0.577350269189626,0.577350269189626,0.577350269189626));
#2497=DIRECTION('',(1.,4.622231866529E-32,3.330669073875E-16));
#2498=DIRECTION('center_axis',(5.4665642639275E-16,0.707106781186548,0.707106781186548));
#2499=DIRECTION('ref_axis',(1.,-5.53077919775268E-16,-2.20011012387768E-16));
#2500=DIRECTION('',(-0.577350269189626,0.577350269189626,-0.577350269189626));
#2501=DIRECTION('',(-1.,-4.622231866529E-32,-3.330669073875E-16));
#2502=DIRECTION('center_axis',(0.707106781186548,0.707106781186548,4.16500134394533E-17));
#2503=DIRECTION('ref_axis',(8.49621581708033E-17,-2.60601442917067E-17,
-1.));
#2504=DIRECTION('',(-2.773339119918E-32,1.110223024625E-16,1.));
#2505=DIRECTION('center_axis',(2.22044604925E-16,3.330669073875E-16,1.));
#2506=DIRECTION('ref_axis',(-1.,-2.775557561563E-16,2.22044604925E-16));
#2507=DIRECTION('',(6.106226635438E-16,1.,4.996003610813E-16));
#2508=DIRECTION('',(-1.,-3.330669073875E-16,-6.661338147751E-16));
#2509=DIRECTION('',(6.106226635438E-16,1.,4.996003610813E-16));
#2510=DIRECTION('center_axis',(4.996003610813E-16,2.22044604925E-16,-1.));
#2511=DIRECTION('ref_axis',(1.,2.22044604925E-16,4.996003610813E-16));
#2512=DIRECTION('center_axis',(-1.665334536938E-16,-4.440892098501E-16,
-1.));
#2513=DIRECTION('ref_axis',(1.,2.22044604925E-16,-1.665334536938E-16));
#2514=DIRECTION('center_axis',(-0.50000000000019,-0.866025403784329,-5.55111512312811E-17));
#2515=DIRECTION('ref_axis',(-0.866025403784329,0.50000000000019,-1.16466625863144E-16));
#2516=DIRECTION('',(5.551115123126E-17,1.665334536938E-16,1.));
#2517=DIRECTION('',(-0.866025403784329,0.50000000000019,-1.36785117407152E-16));
#2518=DIRECTION('center_axis',(1.,3.08148791102E-33,1.110223024625E-16));
#2519=DIRECTION('ref_axis',(9.24446373305852E-33,-1.,-5.551115123126E-17));
#2520=DIRECTION('',(5.551115123126E-17,1.665334536938E-16,1.));
#2521=DIRECTION('',(-2.22044604925E-16,-1.,-1.110223024625E-16));
#2522=DIRECTION('center_axis',(-0.50000000000019,0.866025403784329,-5.55111512312811E-17));
#2523=DIRECTION('ref_axis',(0.866025403784329,0.50000000000019,1.71977777094465E-16));
#2524=DIRECTION('',(0.866025403784329,0.50000000000019,2.47807419869694E-16));
#2525=DIRECTION('center_axis',(-1.665334536938E-16,-4.440892098501E-16,
-1.));
#2526=DIRECTION('ref_axis',(1.,2.22044604925E-16,-1.665334536938E-16));
#2527=DIRECTION('center_axis',(4.996003610813E-16,2.22044604925E-16,-1.));
#2528=DIRECTION('ref_axis',(1.,2.22044604925E-16,4.996003610813E-16));
#2529=DIRECTION('center_axis',(0.50000000000019,-0.866025403784329,4.80740671596083E-17));
#2530=DIRECTION('ref_axis',(-0.866025403784329,-0.50000000000019,-4.80740671596083E-17));
#2531=DIRECTION('',(0.,5.551115123126E-17,1.));
#2532=DIRECTION('',(-0.866025403784329,-0.50000000000019,-1.23903709934847E-16));
#2533=DIRECTION('center_axis',(-1.,5.551115123126E-17,-3.08148791102E-33));
#2534=DIRECTION('ref_axis',(5.551115123126E-17,1.,0.));
#2535=DIRECTION('',(0.,5.551115123126E-17,1.));
#2536=DIRECTION('',(1.110223024625E-16,1.,5.551115123126E-17));
#2537=DIRECTION('center_axis',(0.50000000000019,0.866025403784329,-4.80740671596083E-17));
#2538=DIRECTION('ref_axis',(0.866025403784329,-0.50000000000019,4.80740671596083E-17));
#2539=DIRECTION('',(0.866025403784329,-0.50000000000019,6.8392558703576E-17));
#2540=DIRECTION('center_axis',(1.106133814775E-15,1.,1.130669073875E-16));
#2541=DIRECTION('ref_axis',(1.06933092612501E-16,1.130669073875E-16,-1.));
#2542=DIRECTION('',(1.,-1.069330926125E-16,9.461338147751E-16));
#2543=DIRECTION('center_axis',(-1.,-2.22044604925E-16,-5.551115123126E-16));
#2544=DIRECTION('ref_axis',(5.551115123126E-16,-3.885780586188E-16,-1.));
#2545=DIRECTION('',(6.106226635438E-16,1.,4.996003610813E-16));
#2546=DIRECTION('',(-3.330669073875E-16,-4.440892098501E-16,-1.));
#2547=DIRECTION('center_axis',(-1.06546413393543E-15,-0.970142500145391,
0.242535625036098));
#2548=DIRECTION('ref_axis',(1.04683543372942E-16,0.242535625036098,0.970142500145391));
#2549=DIRECTION('',(1.,-1.069330926125E-16,9.461338147751E-16));
#2550=DIRECTION('center_axis',(5.306690738755E-17,1.106133814775E-15,1.));
#2551=DIRECTION('ref_axis',(8.861338147751E-16,1.,-1.106133814775E-15));
#2552=DIRECTION('',(1.,-1.069330926125E-16,9.461338147751E-16));
#2553=DIRECTION('center_axis',(-4.440892098501E-16,-2.22044604925E-16,1.));
#2554=DIRECTION('ref_axis',(-6.661338147751E-16,-1.,-2.22044604925E-16));
#2555=DIRECTION('',(-3.330669073875E-16,-1.,-1.665334536938E-16));
#2556=DIRECTION('',(-1.,-1.665334536938E-16,-3.330669073875E-16));
#2557=DIRECTION('',(3.330669073875E-16,1.,1.665334536938E-16));
#2558=DIRECTION('',(1.,1.665334536938E-16,3.330669073875E-16));
#2559=DIRECTION('center_axis',(-4.440892098501E-16,-2.22044604925E-16,1.));
#2560=DIRECTION('ref_axis',(-6.661338147751E-16,-1.,-2.22044604925E-16));
#2561=DIRECTION('center_axis',(1.0147602459739E-15,0.894427190999916,0.447213595499958));
#2562=DIRECTION('ref_axis',(4.99999999999953E-16,0.447213595499958,-0.894427190999916));
#2563=DIRECTION('center_axis',(1.21047950805189E-16,0.894427190999916,0.447213595499958));
#2564=DIRECTION('ref_axis',(-2.71539378428575E-16,-0.447213595499958,0.894427190999916));
#2565=DIRECTION('center_axis',(1.21047950805189E-16,0.894427190999916,0.447213595499958));
#2566=DIRECTION('ref_axis',(-2.71539378428575E-16,-0.447213595499958,0.894427190999916));
#2567=DIRECTION('center_axis',(5.551115123126E-17,1.110223024625E-16,1.));
#2568=DIRECTION('ref_axis',(1.,5.551115123126E-17,-5.551115123126E-17));
#2569=DIRECTION('center_axis',(-2.22044604925E-16,-3.330669073875E-16,-1.));
#2570=DIRECTION('ref_axis',(1.,2.775557561563E-16,-2.22044604925E-16));
#2571=DIRECTION('',(6.106226635438E-16,1.,4.996003610813E-16));
#2572=DIRECTION('',(1.,3.330669073875E-16,6.661338147751E-16));
#2573=DIRECTION('center_axis',(-3.885780586188E-16,-1.665334536938E-16,
1.));
#2574=DIRECTION('ref_axis',(-6.106226635438E-16,-1.,-1.665334536938E-16));
#2575=DIRECTION('center_axis',(-3.885780586188E-16,-1.665334536938E-16,
1.));
#2576=DIRECTION('ref_axis',(-6.106226635438E-16,-1.,-1.665334536938E-16));
#2577=DIRECTION('center_axis',(1.,2.22044604925E-16,5.551115123126E-16));
#2578=DIRECTION('ref_axis',(-5.551115123126E-16,3.885780586188E-16,1.));
#2579=DIRECTION('',(3.330669073875E-16,4.440892098501E-16,1.));
#2580=DIRECTION('center_axis',(1.110223024625E-16,2.22044604925E-16,1.));
#2581=DIRECTION('ref_axis',(1.,1.110223024625E-16,-1.110223024625E-16));
#2582=DIRECTION('center_axis',(-2.22044604925E-16,-3.330669073875E-16,-1.));
#2583=DIRECTION('ref_axis',(1.,2.775557561563E-16,-2.22044604925E-16));
#2584=DIRECTION('',(6.106226635438E-16,1.,4.996003610813E-16));
#2585=DIRECTION('',(1.,3.330669073875E-16,6.661338147751E-16));
#2586=DIRECTION('',(6.106226635438E-16,1.,4.996003610813E-16));
#2587=DIRECTION('center_axis',(-1.,-2.22044604925E-16,-5.551115123126E-16));
#2588=DIRECTION('ref_axis',(5.551115123126E-16,-3.885780586188E-16,-1.));
#2589=DIRECTION('',(6.106226635438E-16,1.,4.996003610813E-16));
#2590=DIRECTION('',(-3.330669073875E-16,-4.440892098501E-16,-1.));
#2591=DIRECTION('center_axis',(2.22044604925E-16,3.330669073875E-16,1.));
#2592=DIRECTION('ref_axis',(-1.,-2.775557561563E-16,2.22044604925E-16));
#2593=DIRECTION('',(6.106226635438E-16,1.,4.996003610813E-16));
#2594=DIRECTION('',(-1.,-3.330669073875E-16,-6.661338147751E-16));
#2595=DIRECTION('center_axis',(-3.885780586188E-16,-1.665334536938E-16,
1.));
#2596=DIRECTION('ref_axis',(-6.106226635438E-16,-1.,-1.665334536938E-16));
#2597=DIRECTION('center_axis',(-3.885780586188E-16,-1.665334536938E-16,
1.));
#2598=DIRECTION('ref_axis',(-6.106226635438E-16,-1.,-1.665334536938E-16));
#2599=DIRECTION('center_axis',(1.,2.22044604925E-16,5.551115123126E-16));
#2600=DIRECTION('ref_axis',(-5.551115123126E-16,3.885780586188E-16,1.));
#2601=DIRECTION('',(3.330669073875E-16,4.440892098501E-16,1.));
#2602=DIRECTION('center_axis',(6.661338147751E-16,1.,5.551115123126E-16));
#2603=DIRECTION('ref_axis',(3.33066907387499E-16,-5.551115123126E-16,1.));
#2604=DIRECTION('center_axis',(1.110223024625E-16,3.330669073875E-16,1.));
#2605=DIRECTION('ref_axis',(-6.106226635438E-16,-1.,3.330669073875E-16));
#2606=DIRECTION('',(1.110223024625E-16,3.330669073875E-16,1.));
#2607=DIRECTION('center_axis',(-1.,-5.551115123126E-17,-2.22044604925E-16));
#2608=DIRECTION('ref_axis',(5.551115123126E-17,-1.,-1.110223024625E-16));
#2609=DIRECTION('',(-1.110223024625E-16,-2.775557561563E-16,-1.));
#2610=DIRECTION('',(-1.110223024625E-16,-2.775557561563E-16,-1.));
#2611=DIRECTION('',(-3.330669073875E-16,-1.,-1.665334536938E-16));
#2612=DIRECTION('center_axis',(-2.22044604925E-16,-1.,-5.551115123126E-17));
#2613=DIRECTION('ref_axis',(1.,-2.22044604925E-16,2.775557561563E-16));
#2614=DIRECTION('',(-1.110223024625E-16,-2.775557561563E-16,-1.));
#2615=DIRECTION('',(1.,1.665334536938E-16,3.330669073875E-16));
#2616=DIRECTION('center_axis',(1.,5.551115123126E-17,2.22044604925E-16));
#2617=DIRECTION('ref_axis',(-5.551115123126E-17,1.,1.110223024625E-16));
#2618=DIRECTION('',(-1.110223024625E-16,-2.775557561563E-16,-1.));
#2619=DIRECTION('',(3.330669073875E-16,1.,1.665334536938E-16));
#2620=DIRECTION('center_axis',(2.22044604925E-16,1.,5.551115123126E-17));
#2621=DIRECTION('ref_axis',(-1.,2.22044604925E-16,-2.775557561563E-16));
#2622=DIRECTION('',(-1.,-1.665334536938E-16,-3.330669073875E-16));
#2623=DIRECTION('center_axis',(1.110223024625E-16,3.330669073875E-16,1.));
#2624=DIRECTION('ref_axis',(-6.106226635438E-16,-1.,3.330669073875E-16));
#2625=DIRECTION('',(1.110223024625E-16,3.330669073875E-16,1.));
#2626=DIRECTION('center_axis',(1.110223024625E-16,3.330669073875E-16,1.));
#2627=DIRECTION('ref_axis',(-6.106226635438E-16,-1.,3.330669073875E-16));
#2628=DIRECTION('',(1.110223024625E-16,3.330669073875E-16,1.));
#2629=DIRECTION('center_axis',(1.110223024625E-16,3.330669073875E-16,1.));
#2630=DIRECTION('ref_axis',(-6.106226635438E-16,-1.,3.330669073875E-16));
#2631=DIRECTION('',(1.110223024625E-16,3.330669073875E-16,1.));
#2632=DIRECTION('center_axis',(6.661338147751E-16,1.,5.551115123126E-16));
#2633=DIRECTION('ref_axis',(3.33066907387499E-16,-5.551115123126E-16,1.));
#2634=DIRECTION('center_axis',(1.665334536938E-16,3.330669073875E-16,1.));
#2635=DIRECTION('ref_axis',(3.330669073875E-16,1.,-3.330669073875E-16));
#2636=DIRECTION('axis',(0.,0.,1.));
#2637=DIRECTION('refdir',(1.,0.,0.));
#2638=DIRECTION('center_axis',(-1.,-4.243524478544E-16,-2.45E-16));
#2639=DIRECTION('ref_axis',(-1.20005465206792E-28,0.50000000000019,-0.866025403784329));
#2640=DIRECTION('',(0.,0.866025403784329,0.50000000000019));
#2641=DIRECTION('',(0.,0.50000000000019,-0.866025403784329));
#2642=DIRECTION('',(-4.90000000000186E-16,0.866025403784329,0.50000000000019));
#2643=DIRECTION('',(0.,0.50000000000019,-0.866025403784329));
#2644=DIRECTION('center_axis',(-1.,0.,0.));
#2645=DIRECTION('ref_axis',(0.,0.,1.));
#2646=DIRECTION('center_axis',(-1.,0.,0.));
#2647=DIRECTION('ref_axis',(0.,0.,1.));
#2648=DIRECTION('center_axis',(-1.,0.,0.));
#2649=DIRECTION('ref_axis',(0.,0.,1.));
#2650=DIRECTION('',(0.,0.,1.));
#2651=DIRECTION('center_axis',(0.,-0.50000000000019,0.866025403784329));
#2652=DIRECTION('ref_axis',(-1.,0.,0.));
#2653=DIRECTION('',(-1.,0.,0.));
#2654=DIRECTION('',(-4.90000000000186E-16,0.866025403784329,0.50000000000019));
#2655=DIRECTION('',(-1.,0.,0.));
#2656=DIRECTION('center_axis',(0.,0.866025403784329,0.50000000000019));
#2657=DIRECTION('ref_axis',(1.,0.,0.));
#2658=DIRECTION('',(1.,0.,0.));
#2659=DIRECTION('',(0.,-0.50000000000019,0.866025403784329));
#2660=DIRECTION('center_axis',(0.,0.866025403784329,0.50000000000019));
#2661=DIRECTION('ref_axis',(1.,0.,0.));
#2662=DIRECTION('',(-1.,0.,0.));
#2663=DIRECTION('',(0.,-0.50000000000019,0.866025403784329));
#2664=DIRECTION('center_axis',(1.,0.,0.));
#2665=DIRECTION('ref_axis',(0.,0.,1.));
#2666=DIRECTION('center_axis',(-1.,0.,0.));
#2667=DIRECTION('ref_axis',(0.,0.,1.));
#2668=DIRECTION('',(-1.,0.,0.));
#2669=DIRECTION('center_axis',(-1.,0.,0.));
#2670=DIRECTION('ref_axis',(0.,0.,1.));
#2671=DIRECTION('center_axis',(-1.,0.,0.));
#2672=DIRECTION('ref_axis',(0.,0.,1.));
#2673=DIRECTION('',(-1.,0.,0.));
#2674=DIRECTION('center_axis',(-1.,0.,0.));
#2675=DIRECTION('ref_axis',(0.,1.,0.));
#2676=DIRECTION('',(0.,0.,1.));
#2677=DIRECTION('',(0.,1.,0.));
#2678=DIRECTION('',(0.,1.,0.));
#2679=DIRECTION('center_axis',(1.,4.243524478544E-16,2.45E-16));
#2680=DIRECTION('ref_axis',(1.20005465206792E-28,-0.50000000000019,0.866025403784329));
#2681=DIRECTION('',(0.,-0.866025403784329,-0.50000000000019));
#2682=DIRECTION('center_axis',(-1.,0.,0.));
#2683=DIRECTION('ref_axis',(0.,0.,1.));
#2684=DIRECTION('',(0.,0.,1.));
#2685=DIRECTION('center_axis',(0.,0.,1.));
#2686=DIRECTION('ref_axis',(1.,0.,0.));
#2687=DIRECTION('',(1.,0.,0.));
#2688=DIRECTION('',(0.,-1.,0.));
#2689=DIRECTION('center_axis',(0.,0.,1.));
#2690=DIRECTION('ref_axis',(1.,0.,0.));
#2691=DIRECTION('center_axis',(0.,0.,1.));
#2692=DIRECTION('ref_axis',(1.,0.,0.));
#2693=DIRECTION('',(0.,-1.,0.));
#2694=DIRECTION('',(1.,0.,0.));
#2695=DIRECTION('center_axis',(0.,0.,-1.));
#2696=DIRECTION('ref_axis',(1.,0.,0.));
#2697=DIRECTION('center_axis',(1.,0.,0.));
#2698=DIRECTION('ref_axis',(0.,0.,1.));
#2699=DIRECTION('center_axis',(1.,0.,0.));
#2700=DIRECTION('ref_axis',(0.,0.,1.));
#2701=DIRECTION('',(0.,1.,-2.2E-16));
#2702=DIRECTION('center_axis',(1.,0.,0.));
#2703=DIRECTION('ref_axis',(0.,-1.,0.));
#2704=DIRECTION('',(0.,0.,1.));
#2705=DIRECTION('center_axis',(-1.,0.,0.));
#2706=DIRECTION('ref_axis',(0.,0.,1.));
#2707=DIRECTION('center_axis',(-0.886068489150405,1.00000000000046E-16,
0.463554346905212));
#2708=DIRECTION('ref_axis',(-0.463554346905212,-2.00000000000091E-16,-0.886068489150405));
#2709=DIRECTION('',(-1.,0.,0.));
#2710=DIRECTION('center_axis',(-0.886068489150405,-1.00000000000046E-16,
-0.463554346905212));
#2711=DIRECTION('ref_axis',(-0.463554346905212,2.00000000000091E-16,0.886068489150405));
#2712=DIRECTION('center_axis',(0.,0.,-1.));
#2713=DIRECTION('ref_axis',(1.,0.,0.));
#2714=DIRECTION('',(0.,0.,-1.));
#2715=DIRECTION('center_axis',(1.,0.,0.));
#2716=DIRECTION('ref_axis',(0.,0.,1.));
#2717=DIRECTION('center_axis',(1.,0.,0.));
#2718=DIRECTION('ref_axis',(0.,0.,1.));
#2719=DIRECTION('center_axis',(-0.886068489150405,-1.00000000000046E-16,
-0.463554346905212));
#2720=DIRECTION('ref_axis',(0.463554346905212,-2.00000000000091E-16,-0.886068489150406));
#2721=DIRECTION('',(1.,0.,0.));
#2722=DIRECTION('center_axis',(-0.886068489150405,1.00000000000046E-16,
0.463554346905212));
#2723=DIRECTION('ref_axis',(0.463554346905212,2.00000000000091E-16,0.886068489150406));
#2724=DIRECTION('center_axis',(-0.886068489150405,1.00000000000046E-16,
0.463554346905212));
#2725=DIRECTION('ref_axis',(-0.463554346905212,-2.00000000000092E-16,-0.886068489150406));
#2726=DIRECTION('',(-0.463554346905212,-1.00000000000046E-16,-0.886068489150405));
#2727=DIRECTION('',(0.,1.,-2.2E-16));
#2728=DIRECTION('',(-0.463554346905212,-1.00000000000046E-16,-0.886068489150405));
#2729=DIRECTION('center_axis',(1.,0.,0.));
#2730=DIRECTION('ref_axis',(0.,0.,1.));
#2731=DIRECTION('',(0.,1.,-2.2E-16));
#2732=DIRECTION('center_axis',(-0.886068489150405,-1.00000000000046E-16,
-0.463554346905212));
#2733=DIRECTION('ref_axis',(0.463554346905212,-2.00000000000092E-16,-0.886068489150406));
#2734=DIRECTION('',(0.463554346905212,-1.00000000000046E-16,-0.886068489150405));
#2735=DIRECTION('',(0.,1.,-2.2E-16));
#2736=DIRECTION('',(0.463554346905212,-1.00000000000046E-16,-0.886068489150405));
#2737=DIRECTION('center_axis',(0.,-1.,0.));
#2738=DIRECTION('ref_axis',(1.,0.,0.));
#2739=DIRECTION('',(-0.0804822722299743,-1.10000000000006E-16,-0.996756040291053));
#2740=DIRECTION('',(1.,0.,0.));
#2741=DIRECTION('',(0.0804822722299743,-1.10000000000006E-16,-0.996756040291053));
#2742=DIRECTION('center_axis',(0.,-1.,0.));
#2743=DIRECTION('ref_axis',(1.,0.,0.));
#2744=DIRECTION('',(0.0804822722299743,-1.10000000000006E-16,-0.996756040291053));
#2745=DIRECTION('',(1.,0.,0.));
#2746=DIRECTION('',(-0.0804822722299743,-1.10000000000006E-16,-0.996756040291053));
#2747=DIRECTION('center_axis',(-0.996756040291054,2.00000000000011E-17,
0.0804822722299743));
#2748=DIRECTION('ref_axis',(-0.0804822722299743,-2.20000000000012E-16,-0.996756040291054));
#2749=DIRECTION('center_axis',(-0.996756040291054,2.00000000000011E-17,
0.0804822722299743));
#2750=DIRECTION('ref_axis',(0.0804822722299743,2.20000000000012E-16,0.996756040291054));
#2751=DIRECTION('',(-0.0276056192156825,0.939334496666425,-0.341889796806155));
#2752=DIRECTION('',(-0.075657265937133,-0.341039873147104,-0.936999350605285));
#2753=DIRECTION('',(-0.0276056192156825,0.939334496666425,-0.341889796806155));
#2754=DIRECTION('center_axis',(-0.996756040291054,2.00000000000011E-17,
0.0804822722299743));
#2755=DIRECTION('ref_axis',(-0.0804822722299743,-2.20000000000012E-16,-0.996756040291053));
#2756=DIRECTION('center_axis',(-0.996756040291054,-2.00000000000011E-17,
-0.0804822722299743));
#2757=DIRECTION('ref_axis',(0.0804822722299743,-2.20000000000012E-16,-0.996756040291054));
#2758=DIRECTION('center_axis',(-0.996756040291054,-2.00000000000011E-17,
-0.0804822722299743));
#2759=DIRECTION('ref_axis',(-0.0804822722299743,2.20000000000012E-16,0.996756040291053));
#2760=DIRECTION('',(0.0276056192156825,0.939334496666425,-0.341889796806155));
#2761=DIRECTION('',(0.075657265937133,-0.341039873147104,-0.936999350605285));
#2762=DIRECTION('',(0.0276056192156825,0.939334496666425,-0.341889796806155));
#2763=DIRECTION('center_axis',(-0.996756040291054,-2.00000000000011E-17,
-0.0804822722299743));
#2764=DIRECTION('ref_axis',(0.0804822722299743,-2.20000000000012E-16,-0.996756040291054));
#2765=DIRECTION('center_axis',(-1.,0.,0.));
#2766=DIRECTION('ref_axis',(0.,-1.,0.));
#2767=DIRECTION('',(-1.,0.,0.));
#2768=DIRECTION('center_axis',(1.,0.,0.));
#2769=DIRECTION('ref_axis',(0.,-1.,0.));
#2770=DIRECTION('',(1.,0.,0.));
#2771=DIRECTION('center_axis',(0.,-0.342020143325932,-0.939692620785813));
#2772=DIRECTION('ref_axis',(0.,0.939692620785813,-0.342020143325932));
#2773=DIRECTION('',(1.,0.,0.));
#2774=DIRECTION('center_axis',(0.,-0.939692620785813,0.342020143325932));
#2775=DIRECTION('ref_axis',(1.,0.,0.));
#2776=DIRECTION('',(1.,0.,0.));
#2777=DIRECTION('center_axis',(0.,-0.342020143325932,-0.939692620785813));
#2778=DIRECTION('ref_axis',(0.,0.939692620785813,-0.342020143325932));
#2779=DIRECTION('center_axis',(1.,0.,0.));
#2780=DIRECTION('ref_axis',(0.,-2.2E-16,-1.));
#2781=DIRECTION('',(0.,-1.,2.2E-16));
#2782=DIRECTION('',(0.,2.2E-16,-1.));
#2783=DIRECTION('',(0.,-1.,2.2E-16));
#2784=DIRECTION('',(0.,2.2E-16,-1.));
#2785=DIRECTION('center_axis',(0.,-2.2E-16,-1.));
#2786=DIRECTION('ref_axis',(-1.,0.,0.));
#2787=DIRECTION('',(0.,-1.,2.2E-16));
#2788=DIRECTION('',(-1.,0.,0.));
#2789=DIRECTION('',(-1.,0.,0.));
#2790=DIRECTION('center_axis',(0.,2.2E-16,1.));
#2791=DIRECTION('ref_axis',(1.,0.,0.));
#2792=DIRECTION('center_axis',(0.,2.2E-16,1.));
#2793=DIRECTION('ref_axis',(1.,0.,0.));
#2794=DIRECTION('',(1.,0.,0.));
#2795=DIRECTION('',(0.,-1.,2.2E-16));
#2796=DIRECTION('',(1.,0.,0.));
#2797=DIRECTION('center_axis',(0.,0.,-1.));
#2798=DIRECTION('ref_axis',(1.,0.,0.));
#2799=DIRECTION('center_axis',(0.,1.,0.));
#2800=DIRECTION('ref_axis',(0.,0.,1.));
#2801=DIRECTION('',(0.,-2.2E-16,1.));
#2802=DIRECTION('center_axis',(0.,-1.,-2.2E-16));
#2803=DIRECTION('ref_axis',(1.,0.,0.));
#2804=DIRECTION('center_axis',(0.,1.,0.));
#2805=DIRECTION('ref_axis',(0.,0.,1.));
#2806=DIRECTION('',(0.,-2.2E-16,1.));
#2807=DIRECTION('center_axis',(0.,-1.,-2.2E-16));
#2808=DIRECTION('ref_axis',(1.,0.,0.));
#2809=DIRECTION('center_axis',(-1.,0.,0.));
#2810=DIRECTION('ref_axis',(0.,2.2E-16,1.));
#2811=DIRECTION('center_axis',(0.,-2.2E-16,-1.));
#2812=DIRECTION('ref_axis',(1.,0.,0.));
#2813=DIRECTION('',(0.,-2.2E-16,-1.));
#2814=DIRECTION('center_axis',(0.,0.,-1.));
#2815=DIRECTION('ref_axis',(1.,0.,0.));
#2816=DIRECTION('center_axis',(0.,-2.2E-16,1.));
#2817=DIRECTION('ref_axis',(1.,0.,0.));
#2818=DIRECTION('',(0.,0.,1.));
#2819=DIRECTION('center_axis',(0.,1.,-2.2E-16));
#2820=DIRECTION('ref_axis',(1.,0.,0.));
#2821=DIRECTION('',(0.,1.,-2.2E-16));
#2822=DIRECTION('center_axis',(0.,-2.2E-16,1.));
#2823=DIRECTION('ref_axis',(1.,0.,0.));
#2824=DIRECTION('axis',(0.,0.,1.));
#2825=DIRECTION('refdir',(1.,0.,0.));
#2826=DIRECTION('center_axis',(6.12323399573676E-17,0.,-1.));
#2827=DIRECTION('ref_axis',(1.,0.,0.));
#2828=DIRECTION('center_axis',(0.,0.,1.));
#2829=DIRECTION('ref_axis',(1.,0.,0.));
#2830=DIRECTION('center_axis',(1.22464679914735E-16,1.,0.));
#2831=DIRECTION('ref_axis',(-1.,1.22464679914735E-16,0.));
#2832=DIRECTION('center_axis',(0.928380992663041,0.353715730496016,0.113990852535005));
#2833=DIRECTION('ref_axis',(-0.356036447517818,0.934472069159315,3.24462678946776E-14));
#2834=DIRECTION('center_axis',(0.75244945601077,0.652138065363801,0.0923891760578918));
#2835=DIRECTION('ref_axis',(-0.654939257862532,0.755681525849664,-5.77177194927058E-14));
#2836=DIRECTION('center_axis',(-1.374405520681E-15,0.,-1.));
#2837=DIRECTION('ref_axis',(1.,0.,-1.374405520681E-15));
#2838=DIRECTION('center_axis',(-0.652138065363801,-0.75244945601077,0.0923891760578918));
#2839=DIRECTION('ref_axis',(0.755681525849664,-0.654939257862532,5.77177194927058E-14));
#2840=DIRECTION('center_axis',(-0.353715730496016,-0.928380992663041,0.113990852535005));
#2841=DIRECTION('ref_axis',(0.934472069159315,-0.356036447517818,-3.24462678946776E-14));
#2842=DIRECTION('center_axis',(0.353715730496016,-0.928380992663041,0.113990852535005));
#2843=DIRECTION('ref_axis',(0.934472069159315,0.356036447517818,3.24462678946776E-14));
#2844=DIRECTION('center_axis',(0.652138065363801,-0.75244945601077,0.0923891760578918));
#2845=DIRECTION('ref_axis',(0.755681525849664,0.654939257862532,-5.77177194927058E-14));
#2846=DIRECTION('center_axis',(-1.374405520681E-15,0.,-1.));
#2847=DIRECTION('ref_axis',(1.,0.,-1.374405520681E-15));
#2848=DIRECTION('center_axis',(-0.75244945601077,0.652138065363801,0.0923891760578918));
#2849=DIRECTION('ref_axis',(-0.654939257862532,-0.755681525849664,5.77177194927058E-14));
#2850=DIRECTION('center_axis',(-0.928380992663041,0.353715730496016,0.113990852535005));
#2851=DIRECTION('ref_axis',(-0.356036447517818,-0.934472069159315,-3.24462678946776E-14));
#2852=DIRECTION('center_axis',(-0.928380992663041,-0.353715730496016,0.113990852535005));
#2853=DIRECTION('ref_axis',(0.356036447517818,-0.934472069159315,3.24462678946776E-14));
#2854=DIRECTION('center_axis',(-0.75244945601077,-0.652138065363801,0.0923891760578918));
#2855=DIRECTION('ref_axis',(0.654939257862532,-0.755681525849664,-5.77177194927058E-14));
#2856=DIRECTION('center_axis',(-1.374405520681E-15,0.,-1.));
#2857=DIRECTION('ref_axis',(1.,0.,-1.374405520681E-15));
#2858=DIRECTION('center_axis',(0.652138065363801,0.75244945601077,0.0923891760578918));
#2859=DIRECTION('ref_axis',(-0.755681525849664,0.654939257862532,5.77177194927058E-14));
#2860=DIRECTION('center_axis',(0.353715730496016,0.928380992663041,0.113990852535005));
#2861=DIRECTION('ref_axis',(-0.934472069159315,0.356036447517818,-3.24462678946776E-14));
#2862=DIRECTION('center_axis',(-0.353715730496016,0.928380992663041,0.113990852535005));
#2863=DIRECTION('ref_axis',(-0.934472069159315,-0.356036447517818,3.24462678946776E-14));
#2864=DIRECTION('center_axis',(-0.652138065363801,0.75244945601077,0.0923891760578918));
#2865=DIRECTION('ref_axis',(-0.755681525849664,-0.654939257862532,-5.77107805988018E-14));
#2866=DIRECTION('center_axis',(-1.374405520681E-15,0.,-1.));
#2867=DIRECTION('ref_axis',(1.,0.,-1.374405520681E-15));
#2868=DIRECTION('center_axis',(0.75244945601077,-0.652138065363801,0.0923891760578918));
#2869=DIRECTION('ref_axis',(0.654939257862532,0.755681525849664,5.77177194927058E-14));
#2870=DIRECTION('center_axis',(0.928380992663041,-0.353715730496016,0.113990852535005));
#2871=DIRECTION('ref_axis',(0.356036447517818,0.934472069159315,-3.24462678946776E-14));
#2872=DIRECTION('center_axis',(-0.928380992663041,-0.353715730496016,0.113990852535005));
#2873=DIRECTION('ref_axis',(-0.356036447517818,0.934472069159315,-3.24462678946776E-14));
#2874=DIRECTION('',(-0.121869343405041,0.,-0.992546151641335));
#2875=DIRECTION('',(-0.121869343405041,0.,-0.992546151641335));
#2876=DIRECTION('center_axis',(-0.75244945601077,-0.652138065363801,0.0923891760578918));
#2877=DIRECTION('ref_axis',(-0.654939257862532,0.755681525849664,5.77107805988019E-14));
#2878=DIRECTION('center_axis',(0.,0.,1.));
#2879=DIRECTION('ref_axis',(1.,0.,0.));
#2880=DIRECTION('center_axis',(0.,0.,1.));
#2881=DIRECTION('ref_axis',(1.,0.,0.));
#2882=DIRECTION('center_axis',(0.652138065363801,0.75244945601077,0.0923891760578918));
#2883=DIRECTION('ref_axis',(0.755681525849664,-0.654939257862532,-5.77107805988019E-14));
#2884=DIRECTION('',(2.70604302088791E-17,0.121869343405041,-0.992546151641335));
#2885=DIRECTION('center_axis',(0.353715730496016,0.928380992663041,0.113990852535005));
#2886=DIRECTION('ref_axis',(0.934472069159315,-0.356036447517818,3.24462678946776E-14));
#2887=DIRECTION('',(2.70604302088791E-17,0.121869343405041,-0.992546151641335));
#2888=DIRECTION('center_axis',(-0.353715730496016,0.928380992663041,0.113990852535005));
#2889=DIRECTION('ref_axis',(0.934472069159315,0.356036447517818,-3.24462678946776E-14));
#2890=DIRECTION('',(2.70604302088791E-17,0.121869343405041,-0.992546151641335));
#2891=DIRECTION('center_axis',(-0.652138065363801,0.75244945601077,0.0923891760578918));
#2892=DIRECTION('ref_axis',(0.755681525849664,0.654939257862532,5.77107805988019E-14));
#2893=DIRECTION('center_axis',(0.,0.,1.));
#2894=DIRECTION('ref_axis',(1.,0.,0.));
#2895=DIRECTION('center_axis',(0.,0.,1.));
#2896=DIRECTION('ref_axis',(1.,0.,0.));
#2897=DIRECTION('center_axis',(0.75244945601077,-0.652138065363801,0.0923891760578918));
#2898=DIRECTION('ref_axis',(-0.654939257862532,-0.755681525849664,-5.77107805988019E-14));
#2899=DIRECTION('',(0.121869343405041,-1.4924690131535E-17,-0.992546151641335));
#2900=DIRECTION('center_axis',(0.928380992663041,-0.353715730496016,0.113990852535005));
#2901=DIRECTION('ref_axis',(-0.356036447517818,-0.934472069159315,3.24462678946776E-14));
#2902=DIRECTION('',(0.121869343405041,-1.4924690131535E-17,-0.992546151641335));
#2903=DIRECTION('center_axis',(0.928380992663041,0.353715730496016,0.113990852535005));
#2904=DIRECTION('ref_axis',(0.356036447517818,-0.934472069159315,-3.24462678946776E-14));
#2905=DIRECTION('',(0.121869343405041,-1.4924690131535E-17,-0.992546151641335));
#2906=DIRECTION('center_axis',(0.75244945601077,0.652138065363801,0.0923891760578918));
#2907=DIRECTION('ref_axis',(0.654939257862532,-0.755681525849664,5.77107805988019E-14));
#2908=DIRECTION('center_axis',(0.,0.,1.));
#2909=DIRECTION('ref_axis',(1.,0.,0.));
#2910=DIRECTION('center_axis',(0.,0.,1.));
#2911=DIRECTION('ref_axis',(1.,0.,0.));
#2912=DIRECTION('center_axis',(-0.652138065363801,-0.75244945601077,0.0923891760578918));
#2913=DIRECTION('ref_axis',(-0.755681525849664,0.654939257862532,-5.77107805988019E-14));
#2914=DIRECTION('',(-1.35302151044346E-17,-0.121869343405041,-0.992546151641335));
#2915=DIRECTION('center_axis',(-0.353715730496016,-0.928380992663041,0.113990852535005));
#2916=DIRECTION('ref_axis',(-0.934472069159315,0.356036447517818,3.24462678946776E-14));
#2917=DIRECTION('',(-1.35302151044346E-17,-0.121869343405041,-0.992546151641335));
#2918=DIRECTION('center_axis',(0.353715730496016,-0.928380992663041,0.113990852535005));
#2919=DIRECTION('ref_axis',(-0.934472069159315,-0.356036447517818,-3.24462678946776E-14));
#2920=DIRECTION('',(-1.35302151044346E-17,-0.121869343405041,-0.992546151641335));
#2921=DIRECTION('center_axis',(0.652138065363801,-0.75244945601077,0.0923891760578918));
#2922=DIRECTION('ref_axis',(-0.755681525849664,-0.654939257862532,5.77107805988019E-14));
#2923=DIRECTION('center_axis',(0.,0.,1.));
#2924=DIRECTION('ref_axis',(1.,0.,0.));
#2925=DIRECTION('center_axis',(0.,0.,1.));
#2926=DIRECTION('ref_axis',(1.,0.,0.));
#2927=DIRECTION('center_axis',(-0.75244945601077,0.652138065363801,0.0923891760578918));
#2928=DIRECTION('ref_axis',(0.654939257862532,0.755681525849664,-5.77107805988019E-14));
#2929=DIRECTION('',(-0.121869343405041,0.,-0.992546151641335));
#2930=DIRECTION('center_axis',(-0.928380992663041,0.353715730496016,0.113990852535005));
#2931=DIRECTION('ref_axis',(0.356036447517818,0.934472069159315,3.24462678946776E-14));
#2932=DIRECTION('center_axis',(0.,0.,-1.));
#2933=DIRECTION('ref_axis',(1.,0.,0.));
#2934=DIRECTION('center_axis',(0.,0.,1.));
#2935=DIRECTION('ref_axis',(1.,0.,0.));
#2936=DIRECTION('',(0.,0.,1.));
#2937=DIRECTION('center_axis',(0.,0.,1.));
#2938=DIRECTION('ref_axis',(1.,0.,0.));
#2939=DIRECTION('',(-0.8829475928587,-1.08129894340927E-16,0.469471562786318));
#2940=DIRECTION('center_axis',(0.,0.,1.));
#2941=DIRECTION('ref_axis',(1.,0.,0.));
#2942=DIRECTION('center_axis',(0.,0.,1.));
#2943=DIRECTION('ref_axis',(1.,0.,0.));
#2944=DIRECTION('center_axis',(5.29086280031277E-16,1.45971744827001E-17,
-1.));
#2945=DIRECTION('ref_axis',(-1.,0.,-5.27355936696949E-16));
#2946=DIRECTION('center_axis',(0.,0.,1.));
#2947=DIRECTION('ref_axis',(1.,0.,0.));
#2948=DIRECTION('center_axis',(0.,0.,1.));
#2949=DIRECTION('ref_axis',(1.,0.,0.));
#2950=DIRECTION('center_axis',(1.22464679914735E-16,1.,1.45971744827002E-17));
#2951=DIRECTION('ref_axis',(1.,-1.22464679914735E-16,5.20417042793042E-16));
#2952=DIRECTION('center_axis',(0.,0.,-1.));
#2953=DIRECTION('ref_axis',(1.,0.,0.));
#2954=DIRECTION('center_axis',(0.,0.,1.));
#2955=DIRECTION('ref_axis',(1.,0.,0.));
#2956=DIRECTION('',(0.,0.,1.));
#2957=DIRECTION('center_axis',(0.,0.,1.));
#2958=DIRECTION('ref_axis',(1.,0.,0.));
#2959=DIRECTION('',(0.,0.,1.));
#2960=DIRECTION('',(1.,0.,0.));
#2961=DIRECTION('',(0.,0.,1.));
#2962=DIRECTION('',(1.,0.,0.));
#2963=DIRECTION('',(0.,0.,1.));
#2964=DIRECTION('',(1.,0.,0.));
#2965=DIRECTION('',(0.,0.,1.));
#2966=DIRECTION('',(1.,0.,0.));
#2967=DIRECTION('',(0.,0.,1.));
#2968=DIRECTION('',(1.,0.,0.));
#2969=CARTESIAN_POINT('',(0.,0.,0.));
#2970=CARTESIAN_POINT('',(0.,0.,0.));
#2971=CARTESIAN_POINT('Origin',(-5.,5.546654630623E-16,-4.720669073875E-15));
#2972=CARTESIAN_POINT('',(3.,9.244463733059E-32,8.326672684689E-16));
#2973=CARTESIAN_POINT('',(3.,-4.718447854657E-15,0.6));
#2974=CARTESIAN_POINT('',(3.,6.661338147751E-16,1.498801083244E-15));
#2975=CARTESIAN_POINT('',(5.,-2.E-15,3.665334536938E-15));
#2976=CARTESIAN_POINT('',(-5.,5.546654630623E-16,-4.720669073875E-15));
#2977=CARTESIAN_POINT('',(5.,2.648549702353E-16,6.8));
#2978=CARTESIAN_POINT('',(5.,-2.E-15,5.329070518201E-15));
#2979=CARTESIAN_POINT('',(-5.,4.264854970235E-15,6.8));
#2980=CARTESIAN_POINT('',(-5.,6.594375403533E-15,6.8));
#2981=CARTESIAN_POINT('',(-5.,2.E-15,-2.665334536938E-15));
#2982=CARTESIAN_POINT('',(-5.,2.E-15,-4.440892098501E-15));
#2983=CARTESIAN_POINT('',(-3.,-1.80219040471887E-7,-2.24432022561988E-15));
#2984=CARTESIAN_POINT('',(-5.,5.546654630623E-16,-4.720669073875E-15));
#2985=CARTESIAN_POINT('',(-3.,-1.53893664871821E-7,0.59999995034557));
#2986=CARTESIAN_POINT('',(-3.,-3.609280936661E-7,-1.498801163386E-15));
#2987=CARTESIAN_POINT('',(-4.800000000028,1.942890293094E-15,0.6));
#2988=CARTESIAN_POINT('',(-4.600000000028,1.976159855589E-15,0.6));
#2989=CARTESIAN_POINT('',(-4.800000000028,2.706168622524E-15,6.));
#2990=CARTESIAN_POINT('',(-4.800000000028,3.274773237067E-15,5.8));
#2991=CARTESIAN_POINT('',(-0.2,1.665334536938E-16,6.));
#2992=CARTESIAN_POINT('',(-0.4,5.050560749479E-17,6.));
#2993=CARTESIAN_POINT('',(-0.2,-5.134781488891E-16,0.6));
#2994=CARTESIAN_POINT('',(-0.2,-1.248107773983E-15,0.8));
#2995=CARTESIAN_POINT('',(-2.,-6.938893903907E-17,0.6));
#2996=CARTESIAN_POINT('',(-2.,-3.381410364015E-17,0.6));
#2997=CARTESIAN_POINT('',(-2.,-6.162975822039E-32,-5.551115123126E-16));
#2998=CARTESIAN_POINT('',(-2.,-4.440892098501E-16,-9.992007221626E-16));
#2999=CARTESIAN_POINT('',(2.,6.162975822039E-32,5.551115123126E-16));
#3000=CARTESIAN_POINT('',(-5.,5.546654630623E-16,-4.720669073875E-15));
#3001=CARTESIAN_POINT('',(2.,-3.136380044566E-15,0.6));
#3002=CARTESIAN_POINT('',(2.,4.440892098501E-16,9.992007221626E-16));
#3003=CARTESIAN_POINT('',(0.2,-1.720845688169E-15,0.6));
#3004=CARTESIAN_POINT('',(2.,-3.12608173319E-15,0.6));
#3005=CARTESIAN_POINT('',(0.2,-8.326672684689E-17,6.));
#3006=CARTESIAN_POINT('',(0.2,-1.690561299893E-15,0.8));
#3007=CARTESIAN_POINT('',(4.8,-2.567390744446E-15,6.));
#3008=CARTESIAN_POINT('',(0.4,-5.679479184152E-16,6.));
#3009=CARTESIAN_POINT('',(4.8,-4.246603069191E-15,0.6));
#3010=CARTESIAN_POINT('',(4.8,-4.01344231092E-15,5.8));
#3011=CARTESIAN_POINT('',(4.6,-5.136055692398E-15,0.6));
#3012=CARTESIAN_POINT('Origin',(3.,6.661338147751E-16,1.498801083244E-15));
#3013=CARTESIAN_POINT('',(3.,3.6,0.8));
#3014=CARTESIAN_POINT('',(3.,0.2,0.8));
#3015=CARTESIAN_POINT('',(3.,9.547918011776E-16,0.8));
#3016=CARTESIAN_POINT('',(3.,3.6,8.326672684689E-16));
#3017=CARTESIAN_POINT('',(3.,3.6,2.298161660974E-15));
#3018=CARTESIAN_POINT('',(3.,8.326672684689E-16,1.665334536938E-15));
#3019=CARTESIAN_POINT('',(3.,-0.1,0.5));
#3020=CARTESIAN_POINT('Origin',(4.6,0.09999999999999,0.7));
#3021=CARTESIAN_POINT('',(4.6,0.2,0.8));
#3022=CARTESIAN_POINT('',(3.833333333333,0.966666666667,1.566666666667));
#3023=CARTESIAN_POINT('',(4.6,0.2,0.8));
#3024=CARTESIAN_POINT('Origin',(-0.125136554754,3.456855920916,-3.130889513126E-16));
#3025=CARTESIAN_POINT('',(-5.,7.6,-2.665334536938E-15));
#3026=CARTESIAN_POINT('',(-5.,6.6,-5.551115123126E-16));
#3027=CARTESIAN_POINT('',(-5.,7.6,-1.7763568394E-15));
#3028=CARTESIAN_POINT('',(5.,7.6,3.665334536938E-15));
#3029=CARTESIAN_POINT('',(-5.,7.6,-5.55936057773E-15));
#3030=CARTESIAN_POINT('',(5.,6.6,2.775557561563E-16));
#3031=CARTESIAN_POINT('',(5.,7.6,7.993605777301E-15));
#3032=CARTESIAN_POINT('',(4.65,6.802072594216,2.581268532253E-16));
#3033=CARTESIAN_POINT('',(4.65,6.802072594216,8.938445869142E-16));
#3034=CARTESIAN_POINT('',(4.65,6.002072594216,2.581268532253E-16));
#3035=CARTESIAN_POINT('',(4.65,6.002072594216,8.494356659292E-16));
#3036=CARTESIAN_POINT('',(5.,6.204145188433,2.775557561563E-16));
#3037=CARTESIAN_POINT('',(5.,6.204145188433,8.995107541283E-16));
#3038=CARTESIAN_POINT('',(5.,7.6,7.993605777301E-15));
#3039=CARTESIAN_POINT('',(2.,3.6,5.551115123126E-16));
#3040=CARTESIAN_POINT('Origin',(2.5,3.6,2.386979502944E-15));
#3041=CARTESIAN_POINT('',(2.,3.6,2.109423746788E-15));
#3042=CARTESIAN_POINT('',(-2.,3.6,-5.551115123126E-16));
#3043=CARTESIAN_POINT('',(-2.,3.6,-1.110223024625E-16));
#3044=CARTESIAN_POINT('',(-3.,3.6,-8.326672684689E-16));
#3045=CARTESIAN_POINT('Origin',(-2.5,3.6,-3.885780586188E-16));
#3046=CARTESIAN_POINT('',(-3.,-3.609280940327E-7,-1.665334637115E-15));
#3047=CARTESIAN_POINT('',(-5.,6.204145188433,-5.551115123126E-16));
#3048=CARTESIAN_POINT('',(-5.,7.6,-1.7763568394E-15));
#3049=CARTESIAN_POINT('',(-5.35,6.002072594216,-5.939693181745E-16));
#3050=CARTESIAN_POINT('',(-5.35,6.002072594216,-5.215747173919E-16));
#3051=CARTESIAN_POINT('',(-5.35,6.802072594216,-5.939693181745E-16));
#3052=CARTESIAN_POINT('',(-5.35,6.802072594216,-4.327568754218E-16));
#3053=CARTESIAN_POINT('',(-5.,6.6,-3.774758283726E-16));
#3054=CARTESIAN_POINT('Origin',(4.7,0.1,5.8));
#3055=CARTESIAN_POINT('',(4.6,0.2,5.8));
#3056=CARTESIAN_POINT('',(3.966666666667,0.833333333333,5.166666666667));
#3057=CARTESIAN_POINT('',(4.6,0.2,5.8));
#3058=CARTESIAN_POINT('Origin',(5.,3.744455648059,4.763203892748));
#3059=CARTESIAN_POINT('',(5.,6.204145188433,7.1));
#3060=CARTESIAN_POINT('',(5.,6.204145188433,2.775557561563E-16));
#3061=CARTESIAN_POINT('',(5.,6.6,7.1));
#3062=CARTESIAN_POINT('',(5.,6.6,7.1));
#3063=CARTESIAN_POINT('',(5.,6.6,2.775557561563E-16));
#3064=CARTESIAN_POINT('',(5.,7.6,7.));
#3065=CARTESIAN_POINT('',(5.,7.6,7.));
#3066=CARTESIAN_POINT('',(5.,6.,10.2));
#3067=CARTESIAN_POINT('',(5.,6.,10.2));
#3068=CARTESIAN_POINT('',(5.,1.,10.2));
#3069=CARTESIAN_POINT('',(5.,1.,10.2));
#3070=CARTESIAN_POINT('',(5.,0.15,6.8));
#3071=CARTESIAN_POINT('',(5.,0.15,6.8));
#3072=CARTESIAN_POINT('',(5.,2.529709940471E-15,6.8));
#3073=CARTESIAN_POINT('Origin',(0.4,0.1,5.9));
#3074=CARTESIAN_POINT('',(0.4,0.2,5.8));
#3075=CARTESIAN_POINT('',(1.166666666667,0.966666666667,5.033333333333));
#3076=CARTESIAN_POINT('',(0.4,0.2,5.8));
#3077=CARTESIAN_POINT('Origin',(-5.,6.594375403533E-15,6.8));
#3078=CARTESIAN_POINT('',(-5.,0.15,6.8));
#3079=CARTESIAN_POINT('',(-5.,0.15,6.8));
#3080=CARTESIAN_POINT('',(-5.,6.529709940471E-15,6.8));
#3081=CARTESIAN_POINT('Origin',(0.3,0.1,0.8));
#3082=CARTESIAN_POINT('',(0.4,0.2,0.8));
#3083=CARTESIAN_POINT('',(0.6,0.4,1.));
#3084=CARTESIAN_POINT('',(0.4,0.2,0.8));
#3085=CARTESIAN_POINT('Origin',(-5.,3.744455648059,4.763203892748));
#3086=CARTESIAN_POINT('',(-5.,1.,10.2));
#3087=CARTESIAN_POINT('',(-5.,0.15,6.8));
#3088=CARTESIAN_POINT('',(-5.,6.,10.2));
#3089=CARTESIAN_POINT('',(-5.,1.,10.2));
#3090=CARTESIAN_POINT('',(-5.,7.6,7.));
#3091=CARTESIAN_POINT('',(-5.,6.,10.2));
#3092=CARTESIAN_POINT('',(-5.,7.6,7.));
#3093=CARTESIAN_POINT('',(-5.,6.6,7.));
#3094=CARTESIAN_POINT('',(-5.,6.6,-4.662936703426E-16));
#3095=CARTESIAN_POINT('',(-5.,6.204145188433,7.));
#3096=CARTESIAN_POINT('',(-5.,6.204145188433,7.));
#3097=CARTESIAN_POINT('',(-5.,6.204145188433,-4.882680266531E-16));
#3098=CARTESIAN_POINT('Origin',(2.,0.1,0.7));
#3099=CARTESIAN_POINT('',(2.,0.2,0.8));
#3100=CARTESIAN_POINT('',(2.,0.8,1.4));
#3101=CARTESIAN_POINT('',(2.,0.2,0.8));
#3102=CARTESIAN_POINT('Origin',(2.,3.6,1.798561299893E-15));
#3103=CARTESIAN_POINT('',(2.,3.6,0.8));
#3104=CARTESIAN_POINT('',(2.,3.6,1.798561299893E-15));
#3105=CARTESIAN_POINT('',(2.,1.8,0.8));
#3106=CARTESIAN_POINT('Origin',(-3.,-3.609280938661E-7,-1.498801163386E-15));
#3107=CARTESIAN_POINT('',(-3.,0.2,0.8));
#3108=CARTESIAN_POINT('',(-3.,3.6,0.8));
#3109=CARTESIAN_POINT('',(-3.,-1.804640470663E-7,0.8));
#3110=CARTESIAN_POINT('',(-3.,-0.100000090232,0.499999909768));
#3111=CARTESIAN_POINT('',(-3.,3.6,-6.994405055138E-16));
#3112=CARTESIAN_POINT('Origin',(-4.600000000028,0.1,0.7));
#3113=CARTESIAN_POINT('',(-4.600000000028,0.2,0.8));
#3114=CARTESIAN_POINT('',(-3.833333333361,0.966666666667,1.566666666667));
#3115=CARTESIAN_POINT('',(-4.600000000028,0.2,0.8));
#3116=CARTESIAN_POINT('Origin',(-2.,3.6,-1.998401444325E-16));
#3117=CARTESIAN_POINT('',(-2.,0.2,0.8));
#3118=CARTESIAN_POINT('',(-2.,0.8,1.4));
#3119=CARTESIAN_POINT('',(-2.,3.6,0.8));
#3120=CARTESIAN_POINT('',(-2.,1.8,0.8));
#3121=CARTESIAN_POINT('',(-2.,3.6,-1.998401444325E-16));
#3122=CARTESIAN_POINT('Origin',(-4.700000000028,0.1,5.8));
#3123=CARTESIAN_POINT('',(-4.600000000028,0.2,5.8));
#3124=CARTESIAN_POINT('',(-3.96666666669,0.833333333338,5.166666666662));
#3125=CARTESIAN_POINT('',(-4.600000000028,0.2,5.8));
#3126=CARTESIAN_POINT('Origin',(-2.,0.1,0.7));
#3127=CARTESIAN_POINT('',(-0.4,0.2,0.8));
#3128=CARTESIAN_POINT('',(-0.6,0.4,1.));
#3129=CARTESIAN_POINT('',(-2.,0.2,0.8));
#3130=CARTESIAN_POINT('Origin',(-0.4,0.1,5.9));
#3131=CARTESIAN_POINT('',(-0.4,0.2,5.8));
#3132=CARTESIAN_POINT('',(-1.166666666667,0.966666666667,5.033333333333));
#3133=CARTESIAN_POINT('',(-0.4,0.2,5.8));
#3134=CARTESIAN_POINT('Origin',(-0.3,0.1,0.8));
#3135=CARTESIAN_POINT('',(-0.4,0.2,0.8));
#3136=CARTESIAN_POINT('Origin',(4.6,1.587618925214E-15,0.8));
#3137=CARTESIAN_POINT('',(4.6,6.9,0.8));
#3138=CARTESIAN_POINT('',(4.6,1.587618925214E-15,0.8));
#3139=CARTESIAN_POINT('',(0.4,6.9,0.8));
#3140=CARTESIAN_POINT('',(4.6,6.9,0.8));
#3141=CARTESIAN_POINT('',(0.4,4.218847493576E-16,0.8));
#3142=CARTESIAN_POINT('Origin',(2.5,3.6,0.8));
#3143=CARTESIAN_POINT('Origin',(2.5,3.6,2.048361480433E-15));
#3144=CARTESIAN_POINT('Origin',(-5.,6.6,-4.662936703426E-16));
#3145=CARTESIAN_POINT('',(-5.35,6.802072594216,7.));
#3146=CARTESIAN_POINT('',(-5.35,6.802072594216,-5.133630967981E-16));
#3147=CARTESIAN_POINT('',(-5.,6.6,7.));
#3148=CARTESIAN_POINT('Origin',(-5.35,6.802072594216,-5.133630967981E-16));
#3149=CARTESIAN_POINT('',(-5.35,6.002072594216,7.));
#3150=CARTESIAN_POINT('',(-5.35,6.002072594216,-5.577720177832E-16));
#3151=CARTESIAN_POINT('',(-5.35,6.802072594216,7.));
#3152=CARTESIAN_POINT('Origin',(-5.35,6.002072594216,-5.577720177832E-16));
#3153=CARTESIAN_POINT('',(-5.35,6.002072594216,7.));
#3154=CARTESIAN_POINT('Origin',(-2.5,3.6,-4.496403249732E-16));
#3155=CARTESIAN_POINT('Origin',(-2.5,3.6,0.8));
#3156=CARTESIAN_POINT('Origin',(5.,6.204145188433,2.775557561563E-16));
#3157=CARTESIAN_POINT('',(4.65,6.002072594216,7.1));
#3158=CARTESIAN_POINT('',(4.65,6.002072594216,2.581268532253E-16));
#3159=CARTESIAN_POINT('',(5.,6.204145188433,7.1));
#3160=CARTESIAN_POINT('Origin',(4.65,6.002072594216,2.581268532253E-16));
#3161=CARTESIAN_POINT('',(4.65,6.802072594216,7.1));
#3162=CARTESIAN_POINT('',(4.65,6.802072594216,2.581268532253E-16));
#3163=CARTESIAN_POINT('',(4.65,6.002072594216,7.1));
#3164=CARTESIAN_POINT('Origin',(4.65,6.802072594216,2.581268532253E-16));
#3165=CARTESIAN_POINT('',(4.65,6.802072594216,7.1));
#3166=CARTESIAN_POINT('Origin',(-5.,7.6,7.));
#3167=CARTESIAN_POINT('',(-5.,7.6,7.));
#3168=CARTESIAN_POINT('Origin',(4.6,3.530509218308E-15,5.8));
#3169=CARTESIAN_POINT('',(4.6,6.9,5.8));
#3170=CARTESIAN_POINT('',(4.6,3.530509218308E-15,5.8));
#3171=CARTESIAN_POINT('',(4.6,6.9,5.8));
#3172=CARTESIAN_POINT('Origin',(-5.,0.15,6.8));
#3173=CARTESIAN_POINT('',(-5.,1.,10.2));
#3174=CARTESIAN_POINT('Origin',(-5.,1.,10.2));
#3175=CARTESIAN_POINT('',(-5.,6.,10.2));
#3176=CARTESIAN_POINT('',(2.5,5.25,10.2));
#3177=CARTESIAN_POINT('Origin',(2.5,3.6,10.2));
#3178=CARTESIAN_POINT('',(-0.35,5.4,10.2));
#3179=CARTESIAN_POINT('',(-0.35,1.8,10.2));
#3180=CARTESIAN_POINT('',(-0.35,5.4,10.2));
#3181=CARTESIAN_POINT('',(0.35,5.4,10.2));
#3182=CARTESIAN_POINT('',(0.35,5.4,10.2));
#3183=CARTESIAN_POINT('',(0.35,1.8,10.2));
#3184=CARTESIAN_POINT('',(0.35,1.8,10.2));
#3185=CARTESIAN_POINT('',(-0.35,1.8,10.2));
#3186=CARTESIAN_POINT('',(-2.5,5.25,10.2));
#3187=CARTESIAN_POINT('Origin',(-2.5,3.6,10.2));
#3188=CARTESIAN_POINT('Origin',(-5.,6.,10.2));
#3189=CARTESIAN_POINT('',(2.5,6.85000000000004,8.49999999999993));
#3190=CARTESIAN_POINT('Origin',(2.5,6.45,9.3));
#3191=CARTESIAN_POINT('',(-2.5,6.85000000000004,8.49999999999993));
#3192=CARTESIAN_POINT('Origin',(-2.5,6.45,9.3));
#3193=CARTESIAN_POINT('Origin',(4.789710436956,6.402072594216,7.1));
#3194=CARTESIAN_POINT('Origin',(0.4,2.364775042452E-15,5.8));
#3195=CARTESIAN_POINT('',(0.4,6.9,5.8));
#3196=CARTESIAN_POINT('',(0.4,2.364775042452E-15,5.8));
#3197=CARTESIAN_POINT('',(0.4,6.9,5.8));
#3198=CARTESIAN_POINT('',(2.5,6.85,5.8));
#3199=CARTESIAN_POINT('Origin',(2.5,6.45,5.8));
#3200=CARTESIAN_POINT('',(2.5,5.25,5.8));
#3201=CARTESIAN_POINT('Origin',(2.5,3.6,5.8));
#3202=CARTESIAN_POINT('Origin',(0.4,4.218847493576E-16,0.8));
#3203=CARTESIAN_POINT('',(0.4,6.9,0.8));
#3204=CARTESIAN_POINT('Origin',(-5.210289563044,6.402072594216,7.));
#3205=CARTESIAN_POINT('Origin',(-4.600000000028,-9.658940314316E-16,0.8));
#3206=CARTESIAN_POINT('',(-0.4,6.9,0.8));
#3207=CARTESIAN_POINT('',(-0.4,1.998401444325E-16,0.8));
#3208=CARTESIAN_POINT('',(-4.600000000028,6.9,0.8));
#3209=CARTESIAN_POINT('',(-4.600000000028,6.9,0.8));
#3210=CARTESIAN_POINT('',(-4.600000000028,-9.658940314316E-16,0.8));
#3211=CARTESIAN_POINT('Origin',(-4.600000000028,9.769962616624E-16,5.8));
#3212=CARTESIAN_POINT('',(-4.600000000028,6.9,5.8));
#3213=CARTESIAN_POINT('',(-4.600000000028,9.769962616624E-16,5.8));
#3214=CARTESIAN_POINT('',(-4.600000000028,6.9,5.8));
#3215=CARTESIAN_POINT('Origin',(-0.4,2.142730437527E-15,5.8));
#3216=CARTESIAN_POINT('',(-0.4,6.9,5.8));
#3217=CARTESIAN_POINT('',(-0.4,2.142730437527E-15,5.8));
#3218=CARTESIAN_POINT('',(-0.4,6.9,5.8));
#3219=CARTESIAN_POINT('',(-2.5,6.85,5.8));
#3220=CARTESIAN_POINT('Origin',(-2.5,6.45,5.8));
#3221=CARTESIAN_POINT('',(-2.5,5.25,5.8));
#3222=CARTESIAN_POINT('Origin',(-2.5,3.6,5.8));
#3223=CARTESIAN_POINT('Origin',(-0.4,1.998401444325E-16,0.8));
#3224=CARTESIAN_POINT('',(-0.4,6.9,0.8));
#3225=CARTESIAN_POINT('Origin',(-1.074429434311E-11,6.9,3.3));
#3226=CARTESIAN_POINT('Origin',(2.5,3.6,10.2));
#3227=CARTESIAN_POINT('',(2.5,5.25,10.2));
#3228=CARTESIAN_POINT('Origin',(-0.35,5.4,10.2));
#3229=CARTESIAN_POINT('',(-0.35,5.4,7.2));
#3230=CARTESIAN_POINT('',(-0.35,5.4,10.2));
#3231=CARTESIAN_POINT('',(-0.35,1.8,7.2));
#3232=CARTESIAN_POINT('',(-0.35,1.8,10.2));
#3233=CARTESIAN_POINT('',(-0.35,5.4,7.2));
#3234=CARTESIAN_POINT('Origin',(-0.35,1.8,10.2));
#3235=CARTESIAN_POINT('',(0.35,1.8,7.2));
#3236=CARTESIAN_POINT('',(0.35,1.8,10.2));
#3237=CARTESIAN_POINT('',(-0.35,1.8,7.2));
#3238=CARTESIAN_POINT('Origin',(0.35,1.8,10.2));
#3239=CARTESIAN_POINT('',(0.35,5.4,7.2));
#3240=CARTESIAN_POINT('',(0.35,5.4,10.2));
#3241=CARTESIAN_POINT('',(0.35,1.8,7.2));
#3242=CARTESIAN_POINT('Origin',(0.35,5.4,10.2));
#3243=CARTESIAN_POINT('',(0.35,5.4,7.2));
#3244=CARTESIAN_POINT('Origin',(-2.5,3.6,10.2));
#3245=CARTESIAN_POINT('',(-2.5,5.25,10.2));
#3246=CARTESIAN_POINT('Origin',(2.5,6.45,10.2));
#3247=CARTESIAN_POINT('',(2.5,6.85,10.2));
#3248=CARTESIAN_POINT('Origin',(-2.5,6.45,10.2));
#3249=CARTESIAN_POINT('',(-2.5,6.85,10.2));
#3250=CARTESIAN_POINT('Origin',(-1.074429434311E-11,6.9,3.3));
#3251=CARTESIAN_POINT('Origin',(2.926728626893E-15,3.6,7.2));
#3252=CARTESIAN_POINT('',(0.,0.,0.));
#3253=CARTESIAN_POINT('Origin',(2.,-0.613397459622,5.45));
#3254=CARTESIAN_POINT('',(2.,-0.613397459622,5.45));
#3255=CARTESIAN_POINT('',(2.,-0.440192378865,5.55));
#3256=CARTESIAN_POINT('',(2.,-0.613397459622,5.45));
#3257=CARTESIAN_POINT('',(2.,-0.513397459622,5.276794919243));
#3258=CARTESIAN_POINT('',(2.,-0.613397459622,5.45));
#3259=CARTESIAN_POINT('',(2.,-0.340192378865,5.376794919243));
#3260=CARTESIAN_POINT('',(2.,-0.513397459622,5.276794919243));
#3261=CARTESIAN_POINT('',(2.,-0.440192378865,5.55));
#3262=CARTESIAN_POINT('Origin',(2.,-0.7,5.4));
#3263=CARTESIAN_POINT('',(2.,-0.7,5.5));
#3264=CARTESIAN_POINT('Origin',(2.,-0.7,5.4));
#3265=CARTESIAN_POINT('',(2.,-0.7,5.7));
#3266=CARTESIAN_POINT('Origin',(2.,-0.7,5.4));
#3267=CARTESIAN_POINT('',(2.,-0.7,5.5));
#3268=CARTESIAN_POINT('Origin',(2.,-0.513397459622,5.276794919243));
#3269=CARTESIAN_POINT('',(-2.,-0.513397459622,5.276794919243));
#3270=CARTESIAN_POINT('',(2.,-0.513397459622,5.276794919243));
#3271=CARTESIAN_POINT('',(-2.,-0.340192378865,5.376794919243));
#3272=CARTESIAN_POINT('',(-2.,-0.513397459622,5.276794919243));
#3273=CARTESIAN_POINT('',(2.,-0.340192378865,5.376794919243));
#3274=CARTESIAN_POINT('Origin',(5.E-17,-0.563397459622,5.363397459622));
#3275=CARTESIAN_POINT('',(-2.,-0.613397459622,5.45));
#3276=CARTESIAN_POINT('',(-2.,-0.613397459622,5.45));
#3277=CARTESIAN_POINT('',(-2.,-0.513397459622,5.276794919243));
#3278=CARTESIAN_POINT('Origin',(5.E-17,-0.390192378865,5.463397459622));
#3279=CARTESIAN_POINT('',(-2.,-0.440192378865,5.55));
#3280=CARTESIAN_POINT('',(2.,-0.440192378865,5.55));
#3281=CARTESIAN_POINT('',(-2.,-0.340192378865,5.376794919243));
#3282=CARTESIAN_POINT('Origin',(-2.,-0.7,5.4));
#3283=CARTESIAN_POINT('',(-2.,-0.7,5.5));
#3284=CARTESIAN_POINT('Origin',(-2.,-0.7,5.4));
#3285=CARTESIAN_POINT('',(2.,-0.7,5.5));
#3286=CARTESIAN_POINT('Origin',(2.,-0.7,5.4));
#3287=CARTESIAN_POINT('',(-2.,-0.7,5.7));
#3288=CARTESIAN_POINT('Origin',(-2.,-0.7,5.4));
#3289=CARTESIAN_POINT('',(2.,-0.7,5.7));
#3290=CARTESIAN_POINT('Origin',(2.,-4.,5.5));
#3291=CARTESIAN_POINT('',(2.,-4.,5.5));
#3292=CARTESIAN_POINT('',(2.,-4.,5.7));
#3293=CARTESIAN_POINT('',(2.,-4.,5.5));
#3294=CARTESIAN_POINT('',(2.,-4.,5.5));
#3295=CARTESIAN_POINT('',(2.,-4.,5.7));
#3296=CARTESIAN_POINT('Origin',(-2.,-0.513397459622,5.276794919243));
#3297=CARTESIAN_POINT('',(-2.,-0.440192378865,5.55));
#3298=CARTESIAN_POINT('Origin',(-2.,-0.7,5.4));
#3299=CARTESIAN_POINT('',(-2.,-0.7,5.5));
#3300=CARTESIAN_POINT('Origin',(0.,-2.35,5.5));
#3301=CARTESIAN_POINT('',(-2.,-4.,5.5));
#3302=CARTESIAN_POINT('',(-2.,-4.,5.5));
#3303=CARTESIAN_POINT('',(-2.,-0.7,5.5));
#3304=CARTESIAN_POINT('',(-1.,-2.,5.5));
#3305=CARTESIAN_POINT('Origin',(0.,-2.,5.5));
#3306=CARTESIAN_POINT('Origin',(0.,-2.35,5.7));
#3307=CARTESIAN_POINT('',(-2.,-4.,5.7));
#3308=CARTESIAN_POINT('',(-2.,-0.7,5.7));
#3309=CARTESIAN_POINT('',(-2.,-4.,5.7));
#3310=CARTESIAN_POINT('',(-1.,-2.,5.7));
#3311=CARTESIAN_POINT('Origin',(0.,-2.,5.7));
#3312=CARTESIAN_POINT('Origin',(2.,-4.,5.3));
#3313=CARTESIAN_POINT('',(2.,-4.346410161514,5.5));
#3314=CARTESIAN_POINT('Origin',(2.,-4.,5.3));
#3315=CARTESIAN_POINT('',(2.,-7.,5.5));
#3316=CARTESIAN_POINT('Origin',(-2.,-0.7,5.5));
#3317=CARTESIAN_POINT('',(-2.,-4.,5.5));
#3318=CARTESIAN_POINT('Origin',(2.,-4.,5.3));
#3319=CARTESIAN_POINT('',(1.895368280764,-4.2,5.3));
#3320=CARTESIAN_POINT('Origin',(1.895368280764,-4.,5.3));
#3321=CARTESIAN_POINT('',(-1.895368280764,-4.2,5.3));
#3322=CARTESIAN_POINT('',(2.,-4.2,5.3));
#3323=CARTESIAN_POINT('Origin',(-1.895368280764,-4.,5.3));
#3324=CARTESIAN_POINT('Origin',(0.,-2.,5.5));
#3325=CARTESIAN_POINT('',(-1.,-2.,5.5));
#3326=CARTESIAN_POINT('Origin',(-2.,-4.,5.3));
#3327=CARTESIAN_POINT('',(-2.,-4.346410161514,5.5));
#3328=CARTESIAN_POINT('Origin',(-2.,-4.,5.3));
#3329=CARTESIAN_POINT('',(-1.895368280764,-4.4,5.3));
#3330=CARTESIAN_POINT('Origin',(-1.895368280764,-4.,5.3));
#3331=CARTESIAN_POINT('',(1.895368280764,-4.4,5.3));
#3332=CARTESIAN_POINT('',(-2.,-4.4,5.3));
#3333=CARTESIAN_POINT('Origin',(1.895368280764,-4.,5.3));
#3334=CARTESIAN_POINT('Origin',(2.,-7.,5.5));
#3335=CARTESIAN_POINT('',(1.2,-4.4,3.970827));
#3336=CARTESIAN_POINT('',(1.590015440059,-4.4,4.716328350653));
#3337=CARTESIAN_POINT('',(1.2,-4.2,3.970827));
#3338=CARTESIAN_POINT('',(1.2,-7.,3.970827));
#3339=CARTESIAN_POINT('',(1.590015440059,-4.2,4.716328350653));
#3340=CARTESIAN_POINT('Origin',(-2.,-4.,5.3));
#3341=CARTESIAN_POINT('',(-2.,-7.,5.5));
#3342=CARTESIAN_POINT('Origin',(-2.,-7.,5.5));
#3343=CARTESIAN_POINT('',(-1.2,-4.2,3.970827));
#3344=CARTESIAN_POINT('',(-1.590015440059,-4.2,4.716328350653));
#3345=CARTESIAN_POINT('',(-1.2,-4.4,3.970827));
#3346=CARTESIAN_POINT('',(-1.2,-7.,3.970827));
#3347=CARTESIAN_POINT('',(-1.590015440059,-4.4,4.716328350653));
#3348=CARTESIAN_POINT('Origin',(4.E-17,-4.2,4.55));
#3349=CARTESIAN_POINT('',(1.186206710005,-4.2,3.8));
#3350=CARTESIAN_POINT('',(1.219344536236,-4.2,4.210405018933));
#3351=CARTESIAN_POINT('',(-1.186206710005,-4.2,3.8));
#3352=CARTESIAN_POINT('',(-2.,-4.2,3.8));
#3353=CARTESIAN_POINT('',(-1.219344536236,-4.2,4.210405018933));
#3354=CARTESIAN_POINT('Origin',(4.E-17,-4.4,4.55));
#3355=CARTESIAN_POINT('',(-1.186206710005,-4.4,3.8));
#3356=CARTESIAN_POINT('',(-1.219344536236,-4.4,4.210405018933));
#3357=CARTESIAN_POINT('',(1.186206710005,-4.4,3.8));
#3358=CARTESIAN_POINT('',(-2.,-4.4,3.8));
#3359=CARTESIAN_POINT('',(1.219344536236,-4.4,4.210405018933));
#3360=CARTESIAN_POINT('Origin',(1.2,-7.,3.970827));
#3361=CARTESIAN_POINT('',(1.148269344059,-4.071010071663,3.330153689607));
#3362=CARTESIAN_POINT('Origin',(1.186206710005,-3.9,3.8));
#3363=CARTESIAN_POINT('',(1.051612840264,-0.782085898912,2.133083187967));
#3364=CARTESIAN_POINT('',(1.164704863711,-4.63026036266,3.533704149035));
#3365=CARTESIAN_POINT('',(1.066787786642,-0.713681870247,2.321021712124));
#3366=CARTESIAN_POINT('',(1.035769633068,-0.853502243468,1.936868393919));
#3367=CARTESIAN_POINT('',(1.163444290437,-4.002606042998,3.518092213764));
#3368=CARTESIAN_POINT('',(1.179868245714,-4.561462833819,3.721499450841));
#3369=CARTESIAN_POINT('Origin',(1.186206710005,-3.9,3.8));
#3370=CARTESIAN_POINT('Origin',(-1.2,-7.,3.970827));
#3371=CARTESIAN_POINT('',(-1.163444290437,-4.002606042998,3.518092213764));
#3372=CARTESIAN_POINT('Origin',(-1.186206710005,-3.9,3.8));
#3373=CARTESIAN_POINT('',(-1.066787786642,-0.713681870247,2.321021712124));
#3374=CARTESIAN_POINT('',(-1.179868245714,-4.561462833819,3.721499450841));
#3375=CARTESIAN_POINT('',(-1.051612840264,-0.782085898912,2.133083187967));
#3376=CARTESIAN_POINT('',(-1.047217676846,-0.801897954713,2.078650012023));
#3377=CARTESIAN_POINT('',(-1.148269344059,-4.071010071663,3.330153689607));
#3378=CARTESIAN_POINT('',(-1.164704863711,-4.63026036266,3.533704149035));
#3379=CARTESIAN_POINT('Origin',(-1.186206710005,-3.9,3.8));
#3380=CARTESIAN_POINT('Origin',(2.,-3.9,3.8));
#3381=CARTESIAN_POINT('',(2.,-4.002606042998,3.518092213764));
#3382=CARTESIAN_POINT('Origin',(-2.,-3.9,3.8));
#3383=CARTESIAN_POINT('',(-2.,-4.071010071663,3.330153689607));
#3384=CARTESIAN_POINT('Origin',(0.,-2.426547985287,2.731618438787));
#3385=CARTESIAN_POINT('',(-2.,-0.782085898912,2.133083187967));
#3386=CARTESIAN_POINT('Origin',(-2.,-0.713681870247,2.321021712124));
#3387=CARTESIAN_POINT('',(-2.,-0.713681870247,2.321021712124));
#3388=CARTESIAN_POINT('Origin',(0.,-2.358143956622,2.919556962944));
#3389=CARTESIAN_POINT('Origin',(-2.,1.18E-15,5.3));
#3390=CARTESIAN_POINT('',(-2.,0.,5.3));
#3391=CARTESIAN_POINT('',(-2.,-4.,5.3));
#3392=CARTESIAN_POINT('',(-2.,1.18E-15,5.3));
#3393=CARTESIAN_POINT('',(-2.,0.,0.8));
#3394=CARTESIAN_POINT('',(-2.,-1.18E-15,5.3));
#3395=CARTESIAN_POINT('',(-2.,-4.,0.8));
#3396=CARTESIAN_POINT('',(-2.,1.8E-16,0.8));
#3397=CARTESIAN_POINT('',(-2.,-4.,5.3));
#3398=CARTESIAN_POINT('Origin',(2.,1.18E-15,5.3));
#3399=CARTESIAN_POINT('',(2.,0.,5.3));
#3400=CARTESIAN_POINT('',(2.,-4.,5.3));
#3401=CARTESIAN_POINT('',(2.,1.18E-15,5.3));
#3402=CARTESIAN_POINT('',(2.,-1.18E-15,5.3));
#3403=CARTESIAN_POINT('',(2.,-4.,5.3));
#3404=CARTESIAN_POINT('',(-0.9,-2.,5.3));
#3405=CARTESIAN_POINT('Origin',(0.,-2.,5.3));
#3406=CARTESIAN_POINT('Origin',(-2.,1.8E-16,0.8));
#3407=CARTESIAN_POINT('',(2.,0.,0.8));
#3408=CARTESIAN_POINT('',(-2.,-1.8E-16,0.8));
#3409=CARTESIAN_POINT('',(2.,-4.,0.8));
#3410=CARTESIAN_POINT('',(2.,1.8E-16,0.8));
#3411=CARTESIAN_POINT('',(-2.,-4.,0.8));
#3412=CARTESIAN_POINT('',(-0.45,-2.,0.8));
#3413=CARTESIAN_POINT('Origin',(0.,-2.,0.8));
#3414=CARTESIAN_POINT('Origin',(-2.E-17,0.,2.971410857854));
#3415=CARTESIAN_POINT('',(2.,-1.8E-16,0.8));
#3416=CARTESIAN_POINT('',(-1.5,4.00000000000002E-17,2.8));
#3417=CARTESIAN_POINT('Origin',(0.,-6.2E-16,2.8));
#3418=CARTESIAN_POINT('Origin',(-2.E-17,-4.,2.971410857854));
#3419=CARTESIAN_POINT('',(2.,-4.,0.8));
#3420=CARTESIAN_POINT('',(-1.5,-4.,2.8));
#3421=CARTESIAN_POINT('Origin',(0.,-4.,2.8));
#3422=CARTESIAN_POINT('Origin',(2.,1.8E-16,0.8));
#3423=CARTESIAN_POINT('Origin',(0.,-2.,5.3));
#3424=CARTESIAN_POINT('',(-0.9,-2.,4.));
#3425=CARTESIAN_POINT('',(-0.9,-2.,5.3));
#3426=CARTESIAN_POINT('',(0.9,-2.,4.));
#3427=CARTESIAN_POINT('Ctrl Pts',(0.9,-2.,4.));
#3428=CARTESIAN_POINT('Ctrl Pts',(0.9,-1.97168181176308,4.));
#3429=CARTESIAN_POINT('Ctrl Pts',(0.898662413560906,-1.94339153356833,4.00100660838159));
#3430=CARTESIAN_POINT('Ctrl Pts',(0.896001431957253,-1.9152566584884,4.00298854308991));
#3431=CARTESIAN_POINT('Ctrl Pts',(0.893332760867036,-1.88704048155218,4.00497620503072));
#3432=CARTESIAN_POINT('Ctrl Pts',(0.889332723082232,-1.85898038643587,4.00794469159007));
#3433=CARTESIAN_POINT('Ctrl Pts',(0.884030785191786,-1.83121146119124,4.01181251397898));
#3434=CARTESIAN_POINT('Ctrl Pts',(0.878704980456311,-1.8033175332308,4.01569774749557));
#3435=CARTESIAN_POINT('Ctrl Pts',(0.872064996690974,-1.7757172183059,4.02049011577809));
#3436=CARTESIAN_POINT('Ctrl Pts',(0.864162293339596,-1.74855710236706,4.02606016714877));
#3437=CARTESIAN_POINT('Ctrl Pts',(0.860612672365023,-1.73635771781196,4.02856204154488));
#3438=CARTESIAN_POINT('Ctrl Pts',(0.856808636232253,-1.72424728985841,4.03122021530811));
#3439=CARTESIAN_POINT('Ctrl Pts',(0.852756762796892,-1.71223985073648,4.03402022005503));
#3440=CARTESIAN_POINT('Ctrl Pts',(0.839299881544291,-1.67236133898397,4.04331945705912));
#3441=CARTESIAN_POINT('Ctrl Pts',(0.823100509578728,-1.63358250650339,4.05419373813032));
#3442=CARTESIAN_POINT('Ctrl Pts',(0.804294876757761,-1.59613151742031,4.06613969100768));
#3443=CARTESIAN_POINT('Ctrl Pts',(0.784063617347254,-1.55584142548174,4.07899124851009));
#3444=CARTESIAN_POINT('Ctrl Pts',(0.760813724726228,-1.51708722540406,4.09308114901578));
#3445=CARTESIAN_POINT('Ctrl Pts',(0.734712884852279,-1.48019525124135,4.10774502018731));
#3446=CARTESIAN_POINT('Ctrl Pts',(0.725802199569257,-1.46760053119323,4.11275118633642));
#3447=CARTESIAN_POINT('Ctrl Pts',(0.716559382548163,-1.45522325097068,4.11782409003378));
#3448=CARTESIAN_POINT('Ctrl Pts',(0.706991824779526,-1.44307759993432,4.12293709589519));
#3449=CARTESIAN_POINT('Ctrl Pts',(0.678220808122375,-1.40655388753776,4.13831263690201));
#3450=CARTESIAN_POINT('Ctrl Pts',(0.646444176366939,-1.37203670818048,4.15408545400917));
#3451=CARTESIAN_POINT('Ctrl Pts',(0.611827157738284,-1.3399488436084,4.16955011381719));
#3452=CARTESIAN_POINT('Ctrl Pts',(0.578692175827253,-1.3092347366668,4.18435269483943));
#3453=CARTESIAN_POINT('Ctrl Pts',(0.542954079833229,-1.28074600905078,4.19887231727691));
#3454=CARTESIAN_POINT('Ctrl Pts',(0.50478577499956,-1.25488838328872,4.2125124185782));
#3455=CARTESIAN_POINT('Ctrl Pts',(0.46989705215299,-1.23125255396347,4.22498050475529));
#3456=CARTESIAN_POINT('Ctrl Pts',(0.432977603329185,-1.209815167448,4.23671379574647));
#3457=CARTESIAN_POINT('Ctrl Pts',(0.394189162797642,-1.19091724531239,4.24727844633971));
#3458=CARTESIAN_POINT('Ctrl Pts',(0.39054300264915,-1.1891408178604,4.24827153622546));
#3459=CARTESIAN_POINT('Ctrl Pts',(0.386880352413688,-1.18738685406793,4.24925431615727));
#3460=CARTESIAN_POINT('Ctrl Pts',(0.383201362407856,-1.18565565278025,4.25022643606036));
#3461=CARTESIAN_POINT('Ctrl Pts',(0.356579536564184,-1.17312837243759,4.25726086853185));
#3462=CARTESIAN_POINT('Ctrl Pts',(0.329073898824538,-1.16178362557499,4.2637417548727));
#3463=CARTESIAN_POINT('Ctrl Pts',(0.30085759528166,-1.15177555602227,4.26951853182403));
#3464=CARTESIAN_POINT('Ctrl Pts',(0.272668298587668,-1.14177706555639,4.27528977961235));
#3465=CARTESIAN_POINT('Ctrl Pts',(0.243769970545856,-1.13311256323702,4.28035799827894));
#3466=CARTESIAN_POINT('Ctrl Pts',(0.214349296925306,-1.12589795852679,4.28460579681804));
#3467=CARTESIAN_POINT('Ctrl Pts',(0.184973311227011,-1.11869431229082,4.28884714325161));
#3468=CARTESIAN_POINT('Ctrl Pts',(0.155076809025514,-1.11293606945864,4.29227037924894));
#3469=CARTESIAN_POINT('Ctrl Pts',(0.124855766922163,-1.10870260997449,4.2947946500429));
#3470=CARTESIAN_POINT('Ctrl Pts',(0.094679700713478,-1.1044754508564,4.29731516413856));
#3471=CARTESIAN_POINT('Ctrl Pts',(0.0641802948976085,-1.10176848978489,
4.29893928754166));
#3472=CARTESIAN_POINT('Ctrl Pts',(0.0335592126906018,-1.10062589583445,
4.29962454230922));
#3473=CARTESIAN_POINT('Ctrl Pts',(0.0223856574634434,-1.10020896620012,
4.29987459003576));
#3474=CARTESIAN_POINT('Ctrl Pts',(0.0111959466662204,-1.10000000000001,
4.3));
#3475=CARTESIAN_POINT('Ctrl Pts',(8.9394007515266E-13,-1.1,4.3));
#3476=CARTESIAN_POINT('Ctrl Pts',(-0.0307531796181297,-1.09999999999997,
4.3));
#3477=CARTESIAN_POINT('Ctrl Pts',(-0.0614570900416474,-1.10157912301048,
4.29905095722601));
#3478=CARTESIAN_POINT('Ctrl Pts',(-0.0919082655565445,-1.1047051487234,
4.29718164010113));
#3479=CARTESIAN_POINT('Ctrl Pts',(-0.122415179874176,-1.10783689641347,
4.29530890131858));
#3480=CARTESIAN_POINT('Ctrl Pts',(-0.152668192860948,-1.11252125465935,
4.29251258435907));
#3481=CARTESIAN_POINT('Ctrl Pts',(-0.182468087011116,-1.11869108865137,
4.28886043861863));
#3482=CARTESIAN_POINT('Ctrl Pts',(-0.21231035783743,-1.12486969640131,4.28520309937661));
#3483=CARTESIAN_POINT('Ctrl Pts',(-0.241697981499846,-1.13253808450641,
4.28068764879029));
#3484=CARTESIAN_POINT('Ctrl Pts',(-0.270439842611194,-1.14159316665789,
4.2754193572429));
#3485=CARTESIAN_POINT('Ctrl Pts',(-0.299211607973854,-1.15065767010089,
4.27014558434153));
#3486=CARTESIAN_POINT('Ctrl Pts',(-0.327336004860561,-1.16111187335449,
4.26411764202055));
#3487=CARTESIAN_POINT('Ctrl Pts',(-0.354634018168162,-1.17281518802755,
4.25747546481967));
#3488=CARTESIAN_POINT('Ctrl Pts',(-0.365655240984125,-1.17754025124895,
4.254793770951));
#3489=CARTESIAN_POINT('Ctrl Pts',(-0.37654192654154,-1.18246849159473,4.25201232402303));
#3490=CARTESIAN_POINT('Ctrl Pts',(-0.38728303632811,-1.18758886653833,4.24914176317286));
#3491=CARTESIAN_POINT('Ctrl Pts',(-0.426916537595736,-1.20648248096461,
4.23854971269069));
#3492=CARTESIAN_POINT('Ctrl Pts',(-0.4646294759881,-1.2280183060116,4.22672604398409));
#3493=CARTESIAN_POINT('Ctrl Pts',(-0.500251935802359,-1.25183691568884,
4.2141244673559));
#3494=CARTESIAN_POINT('Ctrl Pts',(-0.537507235901347,-1.27674730806749,
4.2009452674508));
#3495=CARTESIAN_POINT('Ctrl Pts',(-0.572476510813687,-1.30415475153993,
4.18691527997357));
#3496=CARTESIAN_POINT('Ctrl Pts',(-0.605001029800816,-1.33368644472745,
4.17257922855675));
#3497=CARTESIAN_POINT('Ctrl Pts',(-0.640751145831369,-1.36614692349579,
4.1568214089938));
#3498=CARTESIAN_POINT('Ctrl Pts',(-0.673548111711321,-1.40117393639351,
4.14069423404734));
#3499=CARTESIAN_POINT('Ctrl Pts',(-0.703215258803921,-1.4383165484142,4.12494841453843));
#3500=CARTESIAN_POINT('Ctrl Pts',(-0.704779480284716,-1.44027491911275,
4.1241182049793));
#3501=CARTESIAN_POINT('Ctrl Pts',(-0.7063350066908,-1.44223918012937,4.12328906005755));
#3502=CARTESIAN_POINT('Ctrl Pts',(-0.707881813910489,-1.44420926821798,
4.12246109112311));
#3503=CARTESIAN_POINT('Ctrl Pts',(-0.735668022992041,-1.47959912083981,
4.1075877975202));
#3504=CARTESIAN_POINT('Ctrl Pts',(-0.760700701322503,-1.51694565380453,
4.09306071943011));
#3505=CARTESIAN_POINT('Ctrl Pts',(-0.782806506291251,-1.55591220045121,
4.07953660883973));
#3506=CARTESIAN_POINT('Ctrl Pts',(-0.803578834914174,-1.59252818948168,
4.06682830575313));
#3507=CARTESIAN_POINT('Ctrl Pts',(-0.821768806048254,-1.63057509806795,
4.05500752085164));
#3508=CARTESIAN_POINT('Ctrl Pts',(-0.837241907416891,-1.66980916356609,
4.04459875101661));
#3509=CARTESIAN_POINT('Ctrl Pts',(-0.843124119779217,-1.68472427977965,
4.04064178123134));
#3510=CARTESIAN_POINT('Ctrl Pts',(-0.848613638539389,-1.69981130686857,
4.03688851437848));
#3511=CARTESIAN_POINT('Ctrl Pts',(-0.853702559951484,-1.71505800742558,
4.03336610101455));
#3512=CARTESIAN_POINT('Ctrl Pts',(-0.862624860594819,-1.74178973212173,
4.02719032652756));
#3513=CARTESIAN_POINT('Ctrl Pts',(-0.87031766959327,-1.76902545464809,4.02172393402839));
#3514=CARTESIAN_POINT('Ctrl Pts',(-0.876717806932312,-1.79661394588665,
4.01711375231481));
#3515=CARTESIAN_POINT('Ctrl Pts',(-0.883097575207269,-1.82411463404907,
4.01251824295617));
#3516=CARTESIAN_POINT('Ctrl Pts',(-0.888193501515189,-1.85196598899687,
4.008773901439));
#3517=CARTESIAN_POINT('Ctrl Pts',(-0.891967990381504,-1.88002873621245,
4.00598221628181));
#3518=CARTESIAN_POINT('Ctrl Pts',(-0.895725983210965,-1.90796883791796,
4.00320273191336));
#3519=CARTESIAN_POINT('Ctrl Pts',(-0.898174458980036,-1.93611870177808,
4.00136780089739));
#3520=CARTESIAN_POINT('Ctrl Pts',(-0.899293598842432,-1.96434858935431,
4.0005294749806));
#3521=CARTESIAN_POINT('Ctrl Pts',(-0.89976427780673,-1.97622129150094,4.00017689851762));
#3522=CARTESIAN_POINT('Ctrl Pts',(-0.9,-1.9881082232527,4.));
#3523=CARTESIAN_POINT('Ctrl Pts',(-0.9,-2.,4.));
#3524=CARTESIAN_POINT('Ctrl Pts',(-0.9,-2.,4.));
#3525=CARTESIAN_POINT('Ctrl Pts',(-0.9,-2.02831818822228,4.));
#3526=CARTESIAN_POINT('Ctrl Pts',(-0.898662413562309,-2.05660846640205,
4.00100660838054));
#3527=CARTESIAN_POINT('Ctrl Pts',(-0.896001431961428,-2.08474334146746,
4.00298854308681));
#3528=CARTESIAN_POINT('Ctrl Pts',(-0.89333276087342,-2.11295951839515,4.004976205026));
#3529=CARTESIAN_POINT('Ctrl Pts',(-0.889332723091615,-2.14101961350325,
4.00794469158316));
#3530=CARTESIAN_POINT('Ctrl Pts',(-0.884030785204931,-2.16878853873991,
4.0118125139694));
#3531=CARTESIAN_POINT('Ctrl Pts',(-0.878704980474093,-2.19668246668786,
4.01569774748268));
#3532=CARTESIAN_POINT('Ctrl Pts',(-0.872064996714591,-2.2242827816006,4.02049011576113));
#3533=CARTESIAN_POINT('Ctrl Pts',(-0.864162293370233,-2.25144289752765,
4.02606016712718));
#3534=CARTESIAN_POINT('Ctrl Pts',(-0.860612672386965,-2.26364228211817,
4.02856204152955));
#3535=CARTESIAN_POINT('Ctrl Pts',(-0.85680863624404,-2.27575271010662,4.03122021529999));
#3536=CARTESIAN_POINT('Ctrl Pts',(-0.852756762797134,-2.28776014926281,
4.03402022005492));
#3537=CARTESIAN_POINT('Ctrl Pts',(-0.839299881460625,-2.32763866126409,
4.0433194571171));
#3538=CARTESIAN_POINT('Ctrl Pts',(-0.823100509376827,-2.36641749398003,
4.05419373826599));
#3539=CARTESIAN_POINT('Ctrl Pts',(-0.804294876406005,-2.4038684832802,4.0661396912312));
#3540=CARTESIAN_POINT('Ctrl Pts',(-0.784063616875859,-2.44415857536953,
4.0789912488017));
#3541=CARTESIAN_POINT('Ctrl Pts',(-0.760813724110817,-2.48291277558345,
4.09308114938204));
#3542=CARTESIAN_POINT('Ctrl Pts',(-0.734712884070643,-2.51980474986344,
4.1077450206264));
#3543=CARTESIAN_POINT('Ctrl Pts',(-0.72580219902861,-2.53239946953078,4.1127511866331));
#3544=CARTESIAN_POINT('Ctrl Pts',(-0.716559382268126,-2.54477674938483,
4.11782409018338));
#3545=CARTESIAN_POINT('Ctrl Pts',(-0.706991824779044,-2.55692240006629,
4.12293709589539));
#3546=CARTESIAN_POINT('Ctrl Pts',(-0.678220808064741,-2.59344611253534,
4.13831263693273));
#3547=CARTESIAN_POINT('Ctrl Pts',(-0.646444176239997,-2.62796329195739,
4.1540854540721));
#3548=CARTESIAN_POINT('Ctrl Pts',(-0.611827157531086,-2.66005115658366,
4.16955011390972));
#3549=CARTESIAN_POINT('Ctrl Pts',(-0.578692175643823,-2.69076526348389,
4.18435269491536));
#3550=CARTESIAN_POINT('Ctrl Pts',(-0.542954079679345,-2.71925399106237,
4.19887231733557));
#3551=CARTESIAN_POINT('Ctrl Pts',(-0.504785774880471,-2.74511161679196,
4.2125124186208));
#3552=CARTESIAN_POINT('Ctrl Pts',(-0.469897052266142,-2.76874744595174,
4.2249805047116));
#3553=CARTESIAN_POINT('Ctrl Pts',(-0.432977603702219,-2.79018483233123,
4.23671379562595));
#3554=CARTESIAN_POINT('Ctrl Pts',(-0.394189163455526,-2.80908275436709,
4.24727844616058));
#3555=CARTESIAN_POINT('Ctrl Pts',(-0.390543003090025,-2.81085918192848,
4.24827153610722));
#3556=CARTESIAN_POINT('Ctrl Pts',(-0.386880352635571,-2.81261314582766,
4.2492543160987));
#3557=CARTESIAN_POINT('Ctrl Pts',(-0.383201362408791,-2.81434434721931,
4.25022643606018));
#3558=CARTESIAN_POINT('Ctrl Pts',(-0.356579536570731,-2.82687162755937,
4.25726086853023));
#3559=CARTESIAN_POINT('Ctrl Pts',(-0.329073898836954,-2.83821637441991,
4.26374175486985));
#3560=CARTESIAN_POINT('Ctrl Pts',(-0.300857595300266,-2.84822444397114,
4.26951853182026));
#3561=CARTESIAN_POINT('Ctrl Pts',(-0.272668298604073,-2.85822293443849,
4.27528977960938));
#3562=CARTESIAN_POINT('Ctrl Pts',(-0.243769970559947,-2.8668874367591,4.28035799827666));
#3563=CARTESIAN_POINT('Ctrl Pts',(-0.214349296937025,-2.87410204147033,
4.28460579681633));
#3564=CARTESIAN_POINT('Ctrl Pts',(-0.184973311234804,-2.88130568770769,
4.2888471432507));
#3565=CARTESIAN_POINT('Ctrl Pts',(-0.15507680902926,-2.88706393054085,4.29227037924861));
#3566=CARTESIAN_POINT('Ctrl Pts',(-0.124855766921747,-2.89129739002556,
4.29479465004291));
#3567=CARTESIAN_POINT('Ctrl Pts',(-0.0946797007070842,-2.89552454914448,
4.29731516413906));
#3568=CARTESIAN_POINT('Ctrl Pts',(-0.0641802948850845,-2.89823151021622,
4.2989392875423));
#3569=CARTESIAN_POINT('Ctrl Pts',(-0.0335592126717885,-2.89937410416625,
4.29962454230963));
#3570=CARTESIAN_POINT('Ctrl Pts',(-0.0223856574505618,-2.89979103380013,
4.2998745900359));
#3571=CARTESIAN_POINT('Ctrl Pts',(-0.0111959466592743,-2.9,4.3));
#3572=CARTESIAN_POINT('Ctrl Pts',(1.40522134362615E-13,-2.9,4.3));
#3573=CARTESIAN_POINT('Ctrl Pts',(0.0307531796110729,-2.9,4.3));
#3574=CARTESIAN_POINT('Ctrl Pts',(0.0614570900267022,-2.89842087699027,
4.29905095722649));
#3575=CARTESIAN_POINT('Ctrl Pts',(0.0919082655339199,-2.89529485127892,
4.29718164010254));
#3576=CARTESIAN_POINT('Ctrl Pts',(0.12241517984951,-2.89216310358984,4.29530890132057));
#3577=CARTESIAN_POINT('Ctrl Pts',(0.152668192834383,-2.88747874534516,4.29251258436175));
#3578=CARTESIAN_POINT('Ctrl Pts',(0.182468086982843,-2.88130891135448,4.28886043862209));
#3579=CARTESIAN_POINT('Ctrl Pts',(0.212310357803051,-2.87513030360681,4.28520309938139));
#3580=CARTESIAN_POINT('Ctrl Pts',(0.241697981459691,-2.86746191550457,4.28068764879674));
#3581=CARTESIAN_POINT('Ctrl Pts',(0.270439842565635,-2.85840683335647,4.27541935725129));
#3582=CARTESIAN_POINT('Ctrl Pts',(0.29921160791937,-2.84934232991796,4.27014558435252));
#3583=CARTESIAN_POINT('Ctrl Pts',(0.327336004797668,-2.83888812666971,4.2641176420346));
#3584=CARTESIAN_POINT('Ctrl Pts',(0.354634018097416,-2.82718481200278,4.25747546483714));
#3585=CARTESIAN_POINT('Ctrl Pts',(0.36565524093743,-2.82245974877219,4.25479377096322));
#3586=CARTESIAN_POINT('Ctrl Pts',(0.376541926518321,-2.81753150841633,4.25201232402958));
#3587=CARTESIAN_POINT('Ctrl Pts',(0.387283036327723,-2.81241113346186,4.24914176317338));
#3588=CARTESIAN_POINT('Ctrl Pts',(0.426916537561428,-2.79351751905177,4.23854971270053));
#3589=CARTESIAN_POINT('Ctrl Pts',(0.464629475923575,-2.77198169402526,4.22672604400477));
#3590=CARTESIAN_POINT('Ctrl Pts',(0.500251935711166,-2.74816308437214,4.21412446738847));
#3591=CARTESIAN_POINT('Ctrl Pts',(0.537507235762281,-2.72325269203206,4.20094526750287));
#3592=CARTESIAN_POINT('Ctrl Pts',(0.572476510633134,-2.69584524860486,4.18691528004715));
#3593=CARTESIAN_POINT('Ctrl Pts',(0.605001029585797,-2.66631355546779,4.17257922865154));
#3594=CARTESIAN_POINT('Ctrl Pts',(0.640751145359672,-2.63385307695355,4.15682140920833));
#3595=CARTESIAN_POINT('Ctrl Pts',(0.673548111027578,-2.5988260643477,4.14069423438576));
#3596=CARTESIAN_POINT('Ctrl Pts',(0.703215257957146,-2.56168345264594,4.12494841498778));
#3597=CARTESIAN_POINT('Ctrl Pts',(0.704779479723315,-2.55972508159617,4.12411820527846));
#3598=CARTESIAN_POINT('Ctrl Pts',(0.706335006411641,-2.55776082022618,4.12328906020691));
#3599=CARTESIAN_POINT('Ctrl Pts',(0.707881813910427,-2.5557907317821,4.12246109112307));
#3600=CARTESIAN_POINT('Ctrl Pts',(0.735668023034018,-2.52040087910674,4.10758779749778));
#3601=CARTESIAN_POINT('Ctrl Pts',(0.760700701398047,-2.48305434608276,4.09306071938632));
#3602=CARTESIAN_POINT('Ctrl Pts',(0.782806506391297,-2.44408779937244,4.07953660877858));
#3603=CARTESIAN_POINT('Ctrl Pts',(0.803578835001348,-2.40747181034543,4.06682830569762));
#3604=CARTESIAN_POINT('Ctrl Pts',(0.821768806123475,-2.3694249017637,4.05500752080225));
#3605=CARTESIAN_POINT('Ctrl Pts',(0.837241907481176,-2.33019083627091,4.04459875097341));
#3606=CARTESIAN_POINT('Ctrl Pts',(0.843124119819241,-2.31527572011036,4.04064178120402));
#3607=CARTESIAN_POINT('Ctrl Pts',(0.84861363855798,-2.30018869307574,4.03688851436565));
#3608=CARTESIAN_POINT('Ctrl Pts',(0.853702559951561,-2.28494199257419,4.03336610101454));
#3609=CARTESIAN_POINT('Ctrl Pts',(0.862624860592775,-2.25821026788438,4.02719032652901));
#3610=CARTESIAN_POINT('Ctrl Pts',(0.870317669589694,-2.23097454536455,4.02172393403097));
#3611=CARTESIAN_POINT('Ctrl Pts',(0.876717806927818,-2.20338605413272,4.01711375231808));
#3612=CARTESIAN_POINT('Ctrl Pts',(0.883097575203067,-2.1758853659718,4.01251824295926));
#3613=CARTESIAN_POINT('Ctrl Pts',(0.888193501511405,-2.14803401102557,4.00877390144179));
#3614=CARTESIAN_POINT('Ctrl Pts',(0.891967990378286,-2.11997126381147,4.0059822162842));
#3615=CARTESIAN_POINT('Ctrl Pts',(0.895725983210195,-2.09203116209344,4.00320273191395));
#3616=CARTESIAN_POINT('Ctrl Pts',(0.898174458980548,-2.06388129822044,4.00136780089702));
#3617=CARTESIAN_POINT('Ctrl Pts',(0.899293598843004,-2.03565141063126,4.00052947498017));
#3618=CARTESIAN_POINT('Ctrl Pts',(0.899764277806927,-2.02377870848928,4.00017689851748));
#3619=CARTESIAN_POINT('Ctrl Pts',(0.900000000000005,-2.01189177674219,4.));
#3620=CARTESIAN_POINT('Ctrl Pts',(0.9,-1.99999999999963,4.));
#3621=CARTESIAN_POINT('Origin',(0.,-2.,-3.7));
#3622=CARTESIAN_POINT('',(-0.45,-2.,-3.7));
#3623=CARTESIAN_POINT('Origin',(0.,-2.,-3.7));
#3624=CARTESIAN_POINT('',(-0.45,-2.,-3.7));
#3625=CARTESIAN_POINT('Origin',(0.,6.2E-16,2.8));
#3626=CARTESIAN_POINT('',(-1.5,6.2E-16,2.8));
#3627=CARTESIAN_POINT('Origin',(-4.E-17,-2.,-3.7));
#3628=CARTESIAN_POINT('',(0.,0.,0.));
#3629=CARTESIAN_POINT('Origin',(-8.881784197001E-16,0.,-1.2));
#3630=CARTESIAN_POINT('',(-1.6,1.95943487863576E-16,0.72093727123));
#3631=CARTESIAN_POINT('Origin',(0.,0.,0.72093727123));
#3632=CARTESIAN_POINT('',(-0.43472820161,5.323885006002E-17,1.261912141147));
#3633=CARTESIAN_POINT('Origin',(-8.881784197001E-16,0.,-1.2));
#3634=CARTESIAN_POINT('',(-0.482734961239,0.13,1.249503410326));
#3635=CARTESIAN_POINT('Origin',(-0.114151810228,-0.04349215598058,-1.214016079895));
#3636=CARTESIAN_POINT('',(-0.73217807101,0.431758349464,1.151063589102));
#3637=CARTESIAN_POINT('Origin',(-0.0392388159882,-0.03400776668956,-1.204817920791));
#3638=CARTESIAN_POINT('',(-0.431758349464,0.73217807101,1.151063589102));
#3639=CARTESIAN_POINT('Origin',(2.343136356634E-15,0.,1.151063589102));
#3640=CARTESIAN_POINT('',(-0.13,0.482734961239,1.249503410326));
#3641=CARTESIAN_POINT('Origin',(0.03400776668956,0.0392388159882,-1.204817920791));
#3642=CARTESIAN_POINT('',(4.826452588808E-17,0.43472820161,1.261912141147));
#3643=CARTESIAN_POINT('Origin',(0.04349215598058,0.114151810228,-1.214016079895));
#3644=CARTESIAN_POINT('',(0.13,0.482734961239,1.249503410326));
#3645=CARTESIAN_POINT('Origin',(-0.04349215598059,0.114151810228,-1.214016079895));
#3646=CARTESIAN_POINT('',(0.431758349464,0.73217807101,1.151063589102));
#3647=CARTESIAN_POINT('Origin',(-0.03400776668956,0.0392388159882,-1.204817920791));
#3648=CARTESIAN_POINT('',(0.73217807101,0.431758349464,1.151063589102));
#3649=CARTESIAN_POINT('Origin',(2.343136356634E-15,0.,1.151063589102));
#3650=CARTESIAN_POINT('',(0.482734961239,0.13,1.249503410326));
#3651=CARTESIAN_POINT('Origin',(0.0392388159882,-0.03400776668956,-1.204817920791));
#3652=CARTESIAN_POINT('',(0.43472820161,0.,1.261912141147));
#3653=CARTESIAN_POINT('Origin',(0.114151810228,-0.04349215598059,-1.214016079895));
#3654=CARTESIAN_POINT('',(0.482734961239,-0.13,1.249503410326));
#3655=CARTESIAN_POINT('Origin',(0.114151810228,0.04349215598059,-1.214016079895));
#3656=CARTESIAN_POINT('',(0.73217807101,-0.431758349464,1.151063589102));
#3657=CARTESIAN_POINT('Origin',(0.0392388159882,0.03400776668956,-1.204817920791));
#3658=CARTESIAN_POINT('',(0.431758349464,-0.73217807101,1.151063589102));
#3659=CARTESIAN_POINT('Origin',(2.343136356634E-15,0.,1.151063589102));
#3660=CARTESIAN_POINT('',(0.13,-0.482734961239,1.249503410326));
#3661=CARTESIAN_POINT('Origin',(-0.03400776668956,-0.0392388159882,-1.204817920791));
#3662=CARTESIAN_POINT('',(-9.652905177616E-17,-0.43472820161,1.261912141147));
#3663=CARTESIAN_POINT('Origin',(-0.04349215598059,-0.114151810228,-1.214016079895));
#3664=CARTESIAN_POINT('',(-0.13,-0.482734961239,1.249503410326));
#3665=CARTESIAN_POINT('Origin',(0.04349215598058,-0.114151810228,-1.214016079895));
#3666=CARTESIAN_POINT('',(-0.431758349464,-0.73217807101,1.151063589102));
#3667=CARTESIAN_POINT('Origin',(0.03400776668956,-0.0392388159882,-1.204817920791));
#3668=CARTESIAN_POINT('',(-0.73217807101,-0.431758349464,1.151063589102));
#3669=CARTESIAN_POINT('Origin',(2.343136356634E-15,0.,1.151063589102));
#3670=CARTESIAN_POINT('',(-0.482734961239,-0.13,1.249503410326));
#3671=CARTESIAN_POINT('Origin',(-0.0392388159882,0.03400776668956,-1.204817920791));
#3672=CARTESIAN_POINT('Origin',(-0.114151810228,0.04349215598058,-1.214016079895));
#3673=CARTESIAN_POINT('Origin',(0.430051403254,-0.065,1.022126469103));
#3674=CARTESIAN_POINT('',(0.359580792358,-0.13,0.246493194906));
#3675=CARTESIAN_POINT('',(0.575014947782,-0.13,2.001063589102));
#3676=CARTESIAN_POINT('',(0.305,0.,0.20536072576));
#3677=CARTESIAN_POINT('',(0.525484587587,0.,2.001063589102));
#3678=CARTESIAN_POINT('Ctrl Pts',(0.304999999999502,-7.40733863136001E-13,
0.205360725757519));
#3679=CARTESIAN_POINT('Ctrl Pts',(0.309328677940028,-0.0106195477903577,
0.207662324645221));
#3680=CARTESIAN_POINT('Ctrl Pts',(0.313837522035266,-0.0215864758068906,
0.210353331821789));
#3681=CARTESIAN_POINT('Ctrl Pts',(0.318591016603066,-0.0330498916493847,
0.213496246264461));
#3682=CARTESIAN_POINT('Ctrl Pts',(0.322996962867033,-0.0436751681660926,
0.216409368799714));
#3683=CARTESIAN_POINT('Ctrl Pts',(0.327612870988565,-0.0547264719803959,
0.219710522830335));
#3684=CARTESIAN_POINT('Ctrl Pts',(0.33250505657677,-0.066354741926078,0.223471439648607));
#3685=CARTESIAN_POINT('Ctrl Pts',(0.33684833674577,-0.0766783147636694,
0.22681037991151));
#3686=CARTESIAN_POINT('Ctrl Pts',(0.341409295058621,-0.087456452268166,
0.230511643791965));
#3687=CARTESIAN_POINT('Ctrl Pts',(0.346248373934503,-0.0988253420594291,
0.234644902579344));
#3688=CARTESIAN_POINT('Ctrl Pts',(0.350464188834552,-0.108729940890809,
0.238245805649644));
#3689=CARTESIAN_POINT('Ctrl Pts',(0.354891090744907,-0.11908289867108,0.242174608320687));
#3690=CARTESIAN_POINT('Ctrl Pts',(0.359580792357307,-0.130000000000979,
0.246493194904277));
#3691=CARTESIAN_POINT('Origin',(1.042986469864,-0.808641739616,1.022126469103));
#3692=CARTESIAN_POINT('',(0.376886408649,-0.148262048332,0.258531668926));
#3693=CARTESIAN_POINT('Ctrl Pts',(0.376886408648764,-0.148262048331649,
0.258531668926211));
#3694=CARTESIAN_POINT('Ctrl Pts',(0.383556268689957,-0.153635264391577,
0.274925946894565));
#3695=CARTESIAN_POINT('Ctrl Pts',(0.390605387149307,-0.159307790318931,
0.292296328735584));
#3696=CARTESIAN_POINT('Ctrl Pts',(0.398108771101622,-0.165339012792129,
0.310834511353814));
#3697=CARTESIAN_POINT('Ctrl Pts',(0.405401615954549,-0.17120100386843,0.328852527031698));
#3698=CARTESIAN_POINT('Ctrl Pts',(0.413123292724345,-0.177401608111333,
0.34797296413532));
#3699=CARTESIAN_POINT('Ctrl Pts',(0.421361640035403,-0.184010365088957,
0.368420358986011));
#3700=CARTESIAN_POINT('Ctrl Pts',(0.428570193932579,-0.189793027444379,
0.386311829480365));
#3701=CARTESIAN_POINT('Ctrl Pts',(0.436174363935203,-0.195888213559614,
0.405219354963349));
#3702=CARTESIAN_POINT('Ctrl Pts',(0.444248841107614,-0.202355050363187,
0.425333892110882));
#3703=CARTESIAN_POINT('Ctrl Pts',(0.451634167662345,-0.208269947458163,
0.443731668482009));
#3704=CARTESIAN_POINT('Ctrl Pts',(0.459412886611797,-0.214495714824707,
0.463139060480277));
#3705=CARTESIAN_POINT('Ctrl Pts',(0.467656640502335,-0.221089063311804,
0.483739250729667));
#3706=CARTESIAN_POINT('Ctrl Pts',(0.475392419310716,-0.227276133690179,
0.503070069831722));
#3707=CARTESIAN_POINT('Ctrl Pts',(0.483537569731264,-0.233786786676493,
0.523450913569717));
#3708=CARTESIAN_POINT('Ctrl Pts',(0.492165958308787,-0.240679491399766,
0.545070666589221));
#3709=CARTESIAN_POINT('Ctrl Pts',(0.500269068302265,-0.247152582408989,
0.565374253426426));
#3710=CARTESIAN_POINT('Ctrl Pts',(0.508798249020078,-0.253962528047499,
0.586770186389038));
#3711=CARTESIAN_POINT('Ctrl Pts',(0.517829705454612,-0.261169646700188,
0.609453342095776));
#3712=CARTESIAN_POINT('Ctrl Pts',(0.526317850716647,-0.267943202049558,
0.630771932517572));
#3713=CARTESIAN_POINT('Ctrl Pts',(0.535249533870572,-0.275067483566426,
0.65322721411478));
#3714=CARTESIAN_POINT('Ctrl Pts',(0.5447034206922,-0.282604756021037,0.677020366226821));
#3715=CARTESIAN_POINT('Ctrl Pts',(0.553595199097585,-0.289693877957011,
0.699398827079758));
#3716=CARTESIAN_POINT('Ctrl Pts',(0.562948801879925,-0.297148239080281,
0.722960469003005));
#3717=CARTESIAN_POINT('Ctrl Pts',(0.572845486470604,-0.305032154364627,
0.747913107113952));
#3718=CARTESIAN_POINT('Ctrl Pts',(0.582160461580503,-0.312452667160538,
0.771399073631335));
#3719=CARTESIAN_POINT('Ctrl Pts',(0.591956421594895,-0.320253618094688,
0.796116987906353));
#3720=CARTESIAN_POINT('Ctrl Pts',(0.602317355711682,-0.328501483422942,
0.822281657887561));
#3721=CARTESIAN_POINT('Ctrl Pts',(0.611772145305618,-0.336028008579725,
0.846158023346376));
#3722=CARTESIAN_POINT('Ctrl Pts',(0.621697372642849,-0.343926666529038,
0.871239060925887));
#3723=CARTESIAN_POINT('Ctrl Pts',(0.632171772836975,-0.352259774341646,
0.897726145508109));
#3724=CARTESIAN_POINT('Ctrl Pts',(0.642139524808596,-0.360189808547846,
0.92293204605361));
#3725=CARTESIAN_POINT('Ctrl Pts',(0.652604465732296,-0.368513168174958,
0.949410899584437));
#3726=CARTESIAN_POINT('Ctrl Pts',(0.663649976705971,-0.377295846947556,
0.977375967466522));
#3727=CARTESIAN_POINT('Ctrl Pts',(0.673948525734649,-0.385484589700907,
1.0034498741749));
#3728=CARTESIAN_POINT('Ctrl Pts',(0.684751691915726,-0.394072561289039,
1.03081556187924));
#3729=CARTESIAN_POINT('Ctrl Pts',(0.696142380243238,-0.403125378190835,
1.05968507721644));
#3730=CARTESIAN_POINT('Ctrl Pts',(0.70753306857075,-0.41217819509263,1.08855459255365));
#3731=CARTESIAN_POINT('Ctrl Pts',(0.71951094775296,-0.421695595108786,1.11892708812855));
#3732=CARTESIAN_POINT('Ctrl Pts',(0.732178071009631,-0.431758349463885,
1.15106358910218));
#3733=CARTESIAN_POINT('Ctrl Pts',(0.359580792357418,-0.129999999999748,
0.246493194907228));
#3734=CARTESIAN_POINT('Ctrl Pts',(0.365067536059938,-0.135793645695044,
0.250284119710782));
#3735=CARTESIAN_POINT('Ctrl Pts',(0.370820489911372,-0.141864701949825,
0.254285022533288));
#3736=CARTESIAN_POINT('Ctrl Pts',(0.376886408648615,-0.148262048331275,
0.258531668927641));
#3737=CARTESIAN_POINT('Origin',(0.,0.,1.576063589102));
#3738=CARTESIAN_POINT('',(0.148262048332,-0.376886408649,0.258531668926));
#3739=CARTESIAN_POINT('Origin',(0.,0.,0.258531668926));
#3740=CARTESIAN_POINT('Ctrl Pts',(0.431758349463106,-0.732178071009015,
1.15106358910267));
#3741=CARTESIAN_POINT('Ctrl Pts',(0.422072708173509,-0.719985662478933,
1.12013143973785));
#3742=CARTESIAN_POINT('Ctrl Pts',(0.412892407107131,-0.708431926298594,
1.09083386568862));
#3743=CARTESIAN_POINT('Ctrl Pts',(0.404145138934225,-0.697425503243276,
1.06293719416201));
#3744=CARTESIAN_POINT('Ctrl Pts',(0.394852733357482,-0.68573315027575,1.03330197766443));
#3745=CARTESIAN_POINT('Ctrl Pts',(0.386049127967498,-0.674658595037936,
1.0052480758158));
#3746=CARTESIAN_POINT('Ctrl Pts',(0.377663797069071,-0.664112729834314,
0.978547577214683));
#3747=CARTESIAN_POINT('Ctrl Pts',(0.368476238897178,-0.652557938353231,
0.949292633422026));
#3748=CARTESIAN_POINT('Ctrl Pts',(0.359790856657505,-0.641637886517873,
0.921662571099585));
#3749=CARTESIAN_POINT('Ctrl Pts',(0.351532553638548,-0.631257691883905,
0.895414712258146));
#3750=CARTESIAN_POINT('Ctrl Pts',(0.342759083349607,-0.620229962699654,
0.867529466443717));
#3751=CARTESIAN_POINT('Ctrl Pts',(0.334467772430316,-0.609811715698189,
0.841204685442557));
#3752=CARTESIAN_POINT('Ctrl Pts',(0.326586072814962,-0.599911289362537,
0.81620593374729));
#3753=CARTESIAN_POINT('Ctrl Pts',(0.318207034443033,-0.58938614171503,0.789629749684535));
#3754=CARTESIAN_POINT('Ctrl Pts',(0.310291062471066,-0.57944639127998,0.764552643693119));
#3755=CARTESIAN_POINT('Ctrl Pts',(0.302768029499316,-0.57000343593013,0.740748010487115));
#3756=CARTESIAN_POINT('Ctrl Pts',(0.294764726905483,-0.559957643318468,
0.715423692037594));
#3757=CARTESIAN_POINT('Ctrl Pts',(0.287206262779357,-0.550474262490695,
0.691539914014894));
#3758=CARTESIAN_POINT('Ctrl Pts',(0.280024810869675,-0.541467599908382,
0.668877516805732));
#3759=CARTESIAN_POINT('Ctrl Pts',(0.272379432950728,-0.531879101635855,
0.644751115432809));
#3760=CARTESIAN_POINT('Ctrl Pts',(0.265161475751893,-0.522831061209008,
0.62200939888908));
#3761=CARTESIAN_POINT('Ctrl Pts',(0.258305302468321,-0.514240552809817,
0.600440294412691));
#3762=CARTESIAN_POINT('Ctrl Pts',(0.250786541376675,-0.504819848630115,
0.57678672895989));
#3763=CARTESIAN_POINT('Ctrl Pts',(0.243702926371014,-0.495949454283788,
0.554543556083953));
#3764=CARTESIAN_POINT('Ctrl Pts',(0.236985366257049,-0.487542081758097,
0.53348755894495));
#3765=CARTESIAN_POINT('Ctrl Pts',(0.229847875535841,-0.47860914444547,0.511115301509845));
#3766=CARTESIAN_POINT('Ctrl Pts',(0.223123785352464,-0.470199116119952,
0.490083767752751));
#3767=CARTESIAN_POINT('Ctrl Pts',(0.216747239154366,-0.462228797969312,
0.470180212663148));
#3768=CARTESIAN_POINT('Ctrl Pts',(0.209661512798206,-0.453372045170467,
0.448063044450404));
#3769=CARTESIAN_POINT('Ctrl Pts',(0.203004972072252,-0.445058294902811,
0.427338828076089));
#3770=CARTESIAN_POINT('Ctrl Pts',(0.196706226425376,-0.43719736089716,0.407776972531633));
#3771=CARTESIAN_POINT('Ctrl Pts',(0.190111199468803,-0.428966663139614,
0.387294963593832));
#3772=CARTESIAN_POINT('Ctrl Pts',(0.183908628793944,-0.421232647533644,
0.368087914986826));
#3773=CARTESIAN_POINT('Ctrl Pts',(0.178034018959659,-0.413913842894489,
0.349947544558219));
#3774=CARTESIAN_POINT('Ctrl Pts',(0.171634567528234,-0.405941171322154,
0.33018650122417));
#3775=CARTESIAN_POINT('Ctrl Pts',(0.165624394430651,-0.398461340743221,
0.311691566354949));
#3776=CARTESIAN_POINT('Ctrl Pts',(0.159937970390485,-0.391391580284191,
0.294251170110682));
#3777=CARTESIAN_POINT('Ctrl Pts',(0.155887806734592,-0.386356133285379,
0.281829222940728));
#3778=CARTESIAN_POINT('Ctrl Pts',(0.152002266039559,-0.381529201411749,
0.269943487862033));
#3779=CARTESIAN_POINT('Ctrl Pts',(0.148262048330982,-0.376886408648239,
0.258531668926643));
#3780=CARTESIAN_POINT('Origin',(0.808641739616,-1.042986469864,1.022126469103));
#3781=CARTESIAN_POINT('',(0.13,-0.359580792358,0.246493194906));
#3782=CARTESIAN_POINT('',(0.13,-0.575014947782,2.001063589102));
#3783=CARTESIAN_POINT('Ctrl Pts',(0.148262048331077,-0.376886408648501,
0.258531668928102));
#3784=CARTESIAN_POINT('Ctrl Pts',(0.141864701949633,-0.370820489911261,
0.254285022533741));
#3785=CARTESIAN_POINT('Ctrl Pts',(0.135793645694857,-0.36506753605983,0.250284119711226));
#3786=CARTESIAN_POINT('Ctrl Pts',(0.129999999999565,-0.359580792357312,
0.246493194907661));
#3787=CARTESIAN_POINT('Origin',(0.065,-0.430051403254,1.022126469103));
#3788=CARTESIAN_POINT('',(-6.772360450213E-17,-0.305,0.20536072576));
#3789=CARTESIAN_POINT('',(-1.166810176451E-16,-0.525484587587,2.001063589102));
#3790=CARTESIAN_POINT('Ctrl Pts',(0.129999999999457,-0.359580792357213,
0.246493194908228));
#3791=CARTESIAN_POINT('Ctrl Pts',(0.117913200345344,-0.354388618893425,
0.241711899100223));
#3792=CARTESIAN_POINT('Ctrl Pts',(0.106517279599455,-0.349518289647017,
0.237408004023042));
#3793=CARTESIAN_POINT('Ctrl Pts',(0.0956570919579953,-0.344900530292638,
0.233498735880343));
#3794=CARTESIAN_POINT('Ctrl Pts',(0.0834928337474487,-0.339728279223386,
0.22912005029295));
#3795=CARTESIAN_POINT('Ctrl Pts',(0.0720010264972532,-0.334873040991175,
0.225236599265356));
#3796=CARTESIAN_POINT('Ctrl Pts',(0.0610155891124424,-0.330261185281706,
0.221764064729595));
#3797=CARTESIAN_POINT('Ctrl Pts',(0.0486931328305411,-0.325088028458935,
0.217868893922517));
#3798=CARTESIAN_POINT('Ctrl Pts',(0.0370082495890891,-0.320221291033926,
0.214490907868502));
#3799=CARTESIAN_POINT('Ctrl Pts',(0.0257816480795935,-0.31558239818502,
0.211546510256397));
#3800=CARTESIAN_POINT('Ctrl Pts',(0.0169248723069312,-0.31192273022928,
0.209223646172025));
#3801=CARTESIAN_POINT('Ctrl Pts',(0.00835459748483211,-0.308405452148153,
0.207171436788758));
#3802=CARTESIAN_POINT('Ctrl Pts',(-3.64978880451616E-13,-0.304999999999668,
0.205360725762308));
#3803=CARTESIAN_POINT('Origin',(-0.065,-0.430051403254,1.022126469103));
#3804=CARTESIAN_POINT('',(-0.13,-0.359580792358,0.246493194906));
#3805=CARTESIAN_POINT('',(-0.13,-0.575014947782,2.001063589102));
#3806=CARTESIAN_POINT('Ctrl Pts',(-7.4080325207504E-13,-0.304999999999502,
0.205360725757519));
#3807=CARTESIAN_POINT('Ctrl Pts',(-0.010619547790358,-0.309328677940028,
0.207662324645221));
#3808=CARTESIAN_POINT('Ctrl Pts',(-0.0215864758068912,-0.313837522035266,
0.210353331821789));
#3809=CARTESIAN_POINT('Ctrl Pts',(-0.0330498916493856,-0.318591016603066,
0.213496246264461));
#3810=CARTESIAN_POINT('Ctrl Pts',(-0.0436751681660933,-0.322996962867033,
0.216409368799714));
#3811=CARTESIAN_POINT('Ctrl Pts',(-0.0547264719803965,-0.327612870988565,
0.219710522830335));
#3812=CARTESIAN_POINT('Ctrl Pts',(-0.0663547419260785,-0.332505056576771,
0.223471439648607));
#3813=CARTESIAN_POINT('Ctrl Pts',(-0.0766783147636697,-0.33684833674577,
0.226810379911511));
#3814=CARTESIAN_POINT('Ctrl Pts',(-0.0874564522681662,-0.341409295058621,
0.230511643791965));
#3815=CARTESIAN_POINT('Ctrl Pts',(-0.0988253420594293,-0.346248373934503,
0.234644902579344));
#3816=CARTESIAN_POINT('Ctrl Pts',(-0.108729940890809,-0.350464188834552,
0.238245805649644));
#3817=CARTESIAN_POINT('Ctrl Pts',(-0.119082898671081,-0.354891090744907,
0.242174608320687));
#3818=CARTESIAN_POINT('Ctrl Pts',(-0.130000000000979,-0.359580792357307,
0.246493194904277));
#3819=CARTESIAN_POINT('Origin',(-0.808641739616,-1.042986469864,1.022126469103));
#3820=CARTESIAN_POINT('',(-0.148262048332,-0.376886408649,0.258531668926));
#3821=CARTESIAN_POINT('Ctrl Pts',(-0.148262048331649,-0.376886408648764,
0.258531668926211));
#3822=CARTESIAN_POINT('Ctrl Pts',(-0.153635264391577,-0.383556268689957,
0.274925946894563));
#3823=CARTESIAN_POINT('Ctrl Pts',(-0.15930779031893,-0.390605387149305,
0.292296328735579));
#3824=CARTESIAN_POINT('Ctrl Pts',(-0.165339012792127,-0.398108771101619,
0.310834511353806));
#3825=CARTESIAN_POINT('Ctrl Pts',(-0.171201003868428,-0.405401615954546,
0.32885252703169));
#3826=CARTESIAN_POINT('Ctrl Pts',(-0.17740160811133,-0.413123292724342,
0.347972964135312));
#3827=CARTESIAN_POINT('Ctrl Pts',(-0.184010365088955,-0.4213616400354,0.368420358986003));
#3828=CARTESIAN_POINT('Ctrl Pts',(-0.189793027444377,-0.428570193932576,
0.386311829480358));
#3829=CARTESIAN_POINT('Ctrl Pts',(-0.195888213559611,-0.4361743639352,0.405219354963342));
#3830=CARTESIAN_POINT('Ctrl Pts',(-0.202355050363185,-0.444248841107611,
0.425333892110874));
#3831=CARTESIAN_POINT('Ctrl Pts',(-0.20826994745816,-0.451634167662342,
0.443731668482001));
#3832=CARTESIAN_POINT('Ctrl Pts',(-0.214495714824705,-0.459412886611794,
0.463139060480269));
#3833=CARTESIAN_POINT('Ctrl Pts',(-0.221089063311802,-0.467656640502332,
0.483739250729659));
#3834=CARTESIAN_POINT('Ctrl Pts',(-0.227276133690176,-0.475392419310712,
0.503070069831714));
#3835=CARTESIAN_POINT('Ctrl Pts',(-0.23378678667649,-0.483537569731261,
0.523450913569708));
#3836=CARTESIAN_POINT('Ctrl Pts',(-0.240679491399762,-0.492165958308783,
0.54507066658921));
#3837=CARTESIAN_POINT('Ctrl Pts',(-0.247152582408986,-0.50026906830226,
0.565374253426415));
#3838=CARTESIAN_POINT('Ctrl Pts',(-0.253962528047495,-0.508798249020073,
0.586770186389027));
#3839=CARTESIAN_POINT('Ctrl Pts',(-0.261169646700184,-0.517829705454608,
0.609453342095764));
#3840=CARTESIAN_POINT('Ctrl Pts',(-0.267943202049554,-0.526317850716642,
0.63077193251756));
#3841=CARTESIAN_POINT('Ctrl Pts',(-0.275067483566422,-0.535249533870567,
0.653227214114768));
#3842=CARTESIAN_POINT('Ctrl Pts',(-0.282604756021033,-0.544703420692195,
0.677020366226808));
#3843=CARTESIAN_POINT('Ctrl Pts',(-0.289693877957007,-0.553595199097581,
0.699398827079747));
#3844=CARTESIAN_POINT('Ctrl Pts',(-0.297148239080278,-0.562948801879922,
0.722960469002998));
#3845=CARTESIAN_POINT('Ctrl Pts',(-0.305032154364625,-0.572845486470602,
0.747913107113947));
#3846=CARTESIAN_POINT('Ctrl Pts',(-0.312452667160537,-0.582160461580502,
0.771399073631333));
#3847=CARTESIAN_POINT('Ctrl Pts',(-0.320253618094688,-0.591956421594896,
0.796116987906354));
#3848=CARTESIAN_POINT('Ctrl Pts',(-0.328501483422943,-0.602317355711683,
0.822281657887565));
#3849=CARTESIAN_POINT('Ctrl Pts',(-0.336028008579726,-0.611772145305619,
0.846158023346379));
#3850=CARTESIAN_POINT('Ctrl Pts',(-0.343926666529038,-0.62169737264285,
0.871239060925888));
#3851=CARTESIAN_POINT('Ctrl Pts',(-0.352259774341646,-0.632171772836975,
0.897726145508109));
#3852=CARTESIAN_POINT('Ctrl Pts',(-0.360189808547846,-0.642139524808596,
0.922932046053609));
#3853=CARTESIAN_POINT('Ctrl Pts',(-0.368513168174957,-0.652604465732294,
0.949410899584434));
#3854=CARTESIAN_POINT('Ctrl Pts',(-0.377295846947555,-0.663649976705969,
0.977375967466517));
#3855=CARTESIAN_POINT('Ctrl Pts',(-0.385484589700905,-0.673948525734647,
1.00344987417489));
#3856=CARTESIAN_POINT('Ctrl Pts',(-0.394072561289038,-0.684751691915724,
1.03081556187923));
#3857=CARTESIAN_POINT('Ctrl Pts',(-0.403125378190833,-0.696142380243236,
1.05968507721644));
#3858=CARTESIAN_POINT('Ctrl Pts',(-0.412178195092629,-0.707533068570749,
1.08855459255364));
#3859=CARTESIAN_POINT('Ctrl Pts',(-0.421695595108785,-0.71951094775296,
1.11892708812855));
#3860=CARTESIAN_POINT('Ctrl Pts',(-0.431758349463885,-0.732178071009631,
1.15106358910218));
#3861=CARTESIAN_POINT('Ctrl Pts',(-0.129999999999748,-0.359580792357418,
0.246493194907228));
#3862=CARTESIAN_POINT('Ctrl Pts',(-0.135793645695044,-0.365067536059938,
0.250284119710782));
#3863=CARTESIAN_POINT('Ctrl Pts',(-0.141864701949825,-0.370820489911372,
0.254285022533288));
#3864=CARTESIAN_POINT('Ctrl Pts',(-0.148262048331275,-0.376886408648615,
0.258531668927641));
#3865=CARTESIAN_POINT('Origin',(0.,0.,1.576063589102));
#3866=CARTESIAN_POINT('',(-0.376886408649,-0.148262048332,0.258531668926));
#3867=CARTESIAN_POINT('Origin',(0.,0.,0.258531668926));
#3868=CARTESIAN_POINT('Ctrl Pts',(-0.732178071009015,-0.431758349463106,
1.15106358910267));
#3869=CARTESIAN_POINT('Ctrl Pts',(-0.719985662478933,-0.422072708173509,
1.12013143973785));
#3870=CARTESIAN_POINT('Ctrl Pts',(-0.708431926298593,-0.412892407107131,
1.09083386568862));
#3871=CARTESIAN_POINT('Ctrl Pts',(-0.697425503243275,-0.404145138934224,
1.06293719416201));
#3872=CARTESIAN_POINT('Ctrl Pts',(-0.685733150275753,-0.394852733357485,
1.03330197766444));
#3873=CARTESIAN_POINT('Ctrl Pts',(-0.674658595037943,-0.386049127967504,
1.00524807581582));
#3874=CARTESIAN_POINT('Ctrl Pts',(-0.664112729834324,-0.377663797069079,
0.978547577214709));
#3875=CARTESIAN_POINT('Ctrl Pts',(-0.65255793835324,-0.368476238897186,
0.94929263342205));
#3876=CARTESIAN_POINT('Ctrl Pts',(-0.641637886517881,-0.359790856657511,
0.921662571099606));
#3877=CARTESIAN_POINT('Ctrl Pts',(-0.631257691883912,-0.351532553638553,
0.895414712258165));
#3878=CARTESIAN_POINT('Ctrl Pts',(-0.620229962699662,-0.342759083349613,
0.867529466443736));
#3879=CARTESIAN_POINT('Ctrl Pts',(-0.609811715698197,-0.334467772430321,
0.841204685442575));
#3880=CARTESIAN_POINT('Ctrl Pts',(-0.599911289362544,-0.326586072814968,
0.816205933747308));
#3881=CARTESIAN_POINT('Ctrl Pts',(-0.589386141715036,-0.318207034443039,
0.789629749684552));
#3882=CARTESIAN_POINT('Ctrl Pts',(-0.579446391279987,-0.310291062471071,
0.764552643693136));
#3883=CARTESIAN_POINT('Ctrl Pts',(-0.570003435930137,-0.302768029499321,
0.740748010487131));
#3884=CARTESIAN_POINT('Ctrl Pts',(-0.559957643318476,-0.29476472690549,
0.715423692037614));
#3885=CARTESIAN_POINT('Ctrl Pts',(-0.550474262490704,-0.287206262779364,
0.691539914014916));
#3886=CARTESIAN_POINT('Ctrl Pts',(-0.541467599908392,-0.280024810869682,
0.668877516805755));
#3887=CARTESIAN_POINT('Ctrl Pts',(-0.531879101635861,-0.272379432950733,
0.644751115432824));
#3888=CARTESIAN_POINT('Ctrl Pts',(-0.522831061209011,-0.265161475751896,
0.622009398889088));
#3889=CARTESIAN_POINT('Ctrl Pts',(-0.514240552809817,-0.258305302468321,
0.600440294412692));
#3890=CARTESIAN_POINT('Ctrl Pts',(-0.504819848630116,-0.250786541376675,
0.57678672895989));
#3891=CARTESIAN_POINT('Ctrl Pts',(-0.495949454283788,-0.243702926371014,
0.554543556083954));
#3892=CARTESIAN_POINT('Ctrl Pts',(-0.487542081758098,-0.236985366257049,
0.533487558944951));
#3893=CARTESIAN_POINT('Ctrl Pts',(-0.478609144445471,-0.229847875535842,
0.511115301509847));
#3894=CARTESIAN_POINT('Ctrl Pts',(-0.470199116119953,-0.223123785352465,
0.490083767752754));
#3895=CARTESIAN_POINT('Ctrl Pts',(-0.462228797969313,-0.216747239154367,
0.470180212663151));
#3896=CARTESIAN_POINT('Ctrl Pts',(-0.453372045170469,-0.209661512798207,
0.448063044450407));
#3897=CARTESIAN_POINT('Ctrl Pts',(-0.445058294902812,-0.203004972072253,
0.427338828076093));
#3898=CARTESIAN_POINT('Ctrl Pts',(-0.437197360897161,-0.196706226425376,
0.407776972531635));
#3899=CARTESIAN_POINT('Ctrl Pts',(-0.428966663139615,-0.190111199468804,
0.387294963593834));
#3900=CARTESIAN_POINT('Ctrl Pts',(-0.421232647533645,-0.183908628793944,
0.368087914986827));
#3901=CARTESIAN_POINT('Ctrl Pts',(-0.413913842894489,-0.178034018959659,
0.34994754455822));
#3902=CARTESIAN_POINT('Ctrl Pts',(-0.405941171322154,-0.171634567528234,
0.330186501224171));
#3903=CARTESIAN_POINT('Ctrl Pts',(-0.398461340743222,-0.165624394430652,
0.311691566354951));
#3904=CARTESIAN_POINT('Ctrl Pts',(-0.391391580284192,-0.159937970390485,
0.294251170110684));
#3905=CARTESIAN_POINT('Ctrl Pts',(-0.386356133285379,-0.155887806734592,
0.281829222940729));
#3906=CARTESIAN_POINT('Ctrl Pts',(-0.381529201411749,-0.15200226603956,
0.269943487862033));
#3907=CARTESIAN_POINT('Ctrl Pts',(-0.376886408648239,-0.148262048330982,
0.258531668926643));
#3908=CARTESIAN_POINT('Origin',(-1.042986469864,-0.808641739616,1.022126469103));
#3909=CARTESIAN_POINT('',(-0.359580792358,-0.13,0.246493194906));
#3910=CARTESIAN_POINT('',(-0.575014947782,-0.13,2.001063589102));
#3911=CARTESIAN_POINT('Ctrl Pts',(-0.376886408648501,-0.148262048331078,
0.258531668928103));
#3912=CARTESIAN_POINT('Ctrl Pts',(-0.370820489911262,-0.141864701949633,
0.254285022533741));
#3913=CARTESIAN_POINT('Ctrl Pts',(-0.36506753605983,-0.135793645694856,
0.250284119711226));
#3914=CARTESIAN_POINT('Ctrl Pts',(-0.359580792357312,-0.129999999999564,
0.246493194907661));
#3915=CARTESIAN_POINT('Origin',(-0.430051403254,-0.065,1.022126469103));
#3916=CARTESIAN_POINT('',(-0.305,3.735172737399E-17,0.20536072576));
#3917=CARTESIAN_POINT('',(-0.525484587587,6.435330181903E-17,2.001063589102));
#3918=CARTESIAN_POINT('Ctrl Pts',(-0.359580792357213,-0.129999999999457,
0.246493194908228));
#3919=CARTESIAN_POINT('Ctrl Pts',(-0.354388618893425,-0.117913200345344,
0.241711899100223));
#3920=CARTESIAN_POINT('Ctrl Pts',(-0.349518289647017,-0.106517279599455,
0.237408004023042));
#3921=CARTESIAN_POINT('Ctrl Pts',(-0.344900530292639,-0.0956570919579953,
0.233498735880343));
#3922=CARTESIAN_POINT('Ctrl Pts',(-0.339728279223386,-0.0834928337474488,
0.22912005029295));
#3923=CARTESIAN_POINT('Ctrl Pts',(-0.334873040991175,-0.0720010264972534,
0.225236599265356));
#3924=CARTESIAN_POINT('Ctrl Pts',(-0.330261185281706,-0.0610155891124427,
0.221764064729596));
#3925=CARTESIAN_POINT('Ctrl Pts',(-0.325088028458935,-0.0486931328305412,
0.217868893922518));
#3926=CARTESIAN_POINT('Ctrl Pts',(-0.320221291033926,-0.037008249589089,
0.214490907868501));
#3927=CARTESIAN_POINT('Ctrl Pts',(-0.31558239818502,-0.0257816480795933,
0.211546510256397));
#3928=CARTESIAN_POINT('Ctrl Pts',(-0.31192273022928,-0.016924872306931,
0.209223646172024));
#3929=CARTESIAN_POINT('Ctrl Pts',(-0.308405452148153,-0.0083545974848321,
0.207171436788758));
#3930=CARTESIAN_POINT('Ctrl Pts',(-0.304999999999668,3.64895613724769E-13,
0.205360725762308));
#3931=CARTESIAN_POINT('Origin',(-0.430051403254,0.065,1.022126469103));
#3932=CARTESIAN_POINT('',(-0.359580792358,0.13,0.246493194906));
#3933=CARTESIAN_POINT('',(-0.575014947782,0.13,2.001063589102));
#3934=CARTESIAN_POINT('Ctrl Pts',(-0.304999999999502,7.4080325207504E-13,
0.205360725757519));
#3935=CARTESIAN_POINT('Ctrl Pts',(-0.309328677940028,0.010619547790358,
0.207662324645221));
#3936=CARTESIAN_POINT('Ctrl Pts',(-0.313837522035266,0.0215864758068912,
0.210353331821789));
#3937=CARTESIAN_POINT('Ctrl Pts',(-0.318591016603066,0.0330498916493856,
0.213496246264461));
#3938=CARTESIAN_POINT('Ctrl Pts',(-0.322996962867033,0.0436751681660933,
0.216409368799714));
#3939=CARTESIAN_POINT('Ctrl Pts',(-0.327612870988565,0.0547264719803965,
0.219710522830335));
#3940=CARTESIAN_POINT('Ctrl Pts',(-0.332505056576771,0.0663547419260785,
0.223471439648607));
#3941=CARTESIAN_POINT('Ctrl Pts',(-0.33684833674577,0.0766783147636697,
0.226810379911511));
#3942=CARTESIAN_POINT('Ctrl Pts',(-0.341409295058621,0.0874564522681662,
0.230511643791965));
#3943=CARTESIAN_POINT('Ctrl Pts',(-0.346248373934503,0.0988253420594293,
0.234644902579344));
#3944=CARTESIAN_POINT('Ctrl Pts',(-0.350464188834552,0.108729940890809,
0.238245805649644));
#3945=CARTESIAN_POINT('Ctrl Pts',(-0.354891090744907,0.119082898671081,
0.242174608320687));
#3946=CARTESIAN_POINT('Ctrl Pts',(-0.359580792357307,0.130000000000979,
0.246493194904277));
#3947=CARTESIAN_POINT('Origin',(-1.042986469864,0.808641739616,1.022126469103));
#3948=CARTESIAN_POINT('',(-0.376886408649,0.148262048332,0.258531668926));
#3949=CARTESIAN_POINT('Ctrl Pts',(-0.376886408648764,0.148262048331649,
0.258531668926211));
#3950=CARTESIAN_POINT('Ctrl Pts',(-0.383556268689957,0.153635264391577,
0.274925946894565));
#3951=CARTESIAN_POINT('Ctrl Pts',(-0.390605387149307,0.159307790318931,
0.292296328735584));
#3952=CARTESIAN_POINT('Ctrl Pts',(-0.398108771101622,0.165339012792129,
0.310834511353814));
#3953=CARTESIAN_POINT('Ctrl Pts',(-0.405401615954549,0.17120100386843,0.328852527031698));
#3954=CARTESIAN_POINT('Ctrl Pts',(-0.413123292724345,0.177401608111333,
0.34797296413532));
#3955=CARTESIAN_POINT('Ctrl Pts',(-0.421361640035403,0.184010365088957,
0.368420358986011));
#3956=CARTESIAN_POINT('Ctrl Pts',(-0.428570193932579,0.189793027444379,
0.386311829480365));
#3957=CARTESIAN_POINT('Ctrl Pts',(-0.436174363935203,0.195888213559614,
0.405219354963349));
#3958=CARTESIAN_POINT('Ctrl Pts',(-0.444248841107614,0.202355050363187,
0.425333892110882));
#3959=CARTESIAN_POINT('Ctrl Pts',(-0.451634167662345,0.208269947458163,
0.443731668482009));
#3960=CARTESIAN_POINT('Ctrl Pts',(-0.459412886611797,0.214495714824707,
0.463139060480277));
#3961=CARTESIAN_POINT('Ctrl Pts',(-0.467656640502335,0.221089063311804,
0.483739250729667));
#3962=CARTESIAN_POINT('Ctrl Pts',(-0.475392419310716,0.227276133690179,
0.503070069831722));
#3963=CARTESIAN_POINT('Ctrl Pts',(-0.483537569731264,0.233786786676493,
0.523450913569717));
#3964=CARTESIAN_POINT('Ctrl Pts',(-0.492165958308787,0.240679491399766,
0.545070666589221));
#3965=CARTESIAN_POINT('Ctrl Pts',(-0.500269068302265,0.247152582408989,
0.565374253426426));
#3966=CARTESIAN_POINT('Ctrl Pts',(-0.508798249020078,0.253962528047499,
0.586770186389038));
#3967=CARTESIAN_POINT('Ctrl Pts',(-0.517829705454612,0.261169646700188,
0.609453342095776));
#3968=CARTESIAN_POINT('Ctrl Pts',(-0.526317850716647,0.267943202049558,
0.630771932517572));
#3969=CARTESIAN_POINT('Ctrl Pts',(-0.535249533870572,0.275067483566426,
0.65322721411478));
#3970=CARTESIAN_POINT('Ctrl Pts',(-0.5447034206922,0.282604756021037,0.677020366226821));
#3971=CARTESIAN_POINT('Ctrl Pts',(-0.553595199097585,0.289693877957011,
0.699398827079758));
#3972=CARTESIAN_POINT('Ctrl Pts',(-0.562948801879925,0.297148239080281,
0.722960469003005));
#3973=CARTESIAN_POINT('Ctrl Pts',(-0.572845486470604,0.305032154364627,
0.747913107113952));
#3974=CARTESIAN_POINT('Ctrl Pts',(-0.582160461580503,0.312452667160538,
0.771399073631335));
#3975=CARTESIAN_POINT('Ctrl Pts',(-0.591956421594895,0.320253618094688,
0.796116987906353));
#3976=CARTESIAN_POINT('Ctrl Pts',(-0.602317355711682,0.328501483422942,
0.822281657887561));
#3977=CARTESIAN_POINT('Ctrl Pts',(-0.611772145305618,0.336028008579725,
0.846158023346376));
#3978=CARTESIAN_POINT('Ctrl Pts',(-0.621697372642849,0.343926666529038,
0.871239060925887));
#3979=CARTESIAN_POINT('Ctrl Pts',(-0.632171772836975,0.352259774341646,
0.897726145508109));
#3980=CARTESIAN_POINT('Ctrl Pts',(-0.642139524808596,0.360189808547846,
0.92293204605361));
#3981=CARTESIAN_POINT('Ctrl Pts',(-0.652604465732296,0.368513168174958,
0.949410899584437));
#3982=CARTESIAN_POINT('Ctrl Pts',(-0.663649976705971,0.377295846947556,
0.977375967466522));
#3983=CARTESIAN_POINT('Ctrl Pts',(-0.673948525734649,0.385484589700907,
1.0034498741749));
#3984=CARTESIAN_POINT('Ctrl Pts',(-0.684751691915726,0.394072561289039,
1.03081556187924));
#3985=CARTESIAN_POINT('Ctrl Pts',(-0.696142380243238,0.403125378190835,
1.05968507721644));
#3986=CARTESIAN_POINT('Ctrl Pts',(-0.70753306857075,0.41217819509263,1.08855459255365));
#3987=CARTESIAN_POINT('Ctrl Pts',(-0.71951094775296,0.421695595108786,1.11892708812855));
#3988=CARTESIAN_POINT('Ctrl Pts',(-0.732178071009631,0.431758349463885,
1.15106358910218));
#3989=CARTESIAN_POINT('Ctrl Pts',(-0.359580792357418,0.129999999999748,
0.246493194907228));
#3990=CARTESIAN_POINT('Ctrl Pts',(-0.365067536059938,0.135793645695044,
0.250284119710782));
#3991=CARTESIAN_POINT('Ctrl Pts',(-0.370820489911372,0.141864701949825,
0.254285022533288));
#3992=CARTESIAN_POINT('Ctrl Pts',(-0.376886408648615,0.148262048331275,
0.258531668927641));
#3993=CARTESIAN_POINT('Origin',(0.,0.,1.576063589102));
#3994=CARTESIAN_POINT('',(-0.148262048332,0.376886408649,0.258531668926));
#3995=CARTESIAN_POINT('Origin',(0.,0.,0.258531668926));
#3996=CARTESIAN_POINT('Ctrl Pts',(-0.431758349463106,0.732178071009015,
1.15106358910267));
#3997=CARTESIAN_POINT('Ctrl Pts',(-0.422072708173509,0.719985662478933,
1.12013143973785));
#3998=CARTESIAN_POINT('Ctrl Pts',(-0.412892407107131,0.708431926298594,
1.09083386568862));
#3999=CARTESIAN_POINT('Ctrl Pts',(-0.404145138934225,0.697425503243276,
1.06293719416201));
#4000=CARTESIAN_POINT('Ctrl Pts',(-0.394852733357482,0.68573315027575,1.03330197766443));
#4001=CARTESIAN_POINT('Ctrl Pts',(-0.386049127967498,0.674658595037936,
1.0052480758158));
#4002=CARTESIAN_POINT('Ctrl Pts',(-0.377663797069071,0.664112729834314,
0.978547577214683));
#4003=CARTESIAN_POINT('Ctrl Pts',(-0.368476238897178,0.652557938353231,
0.949292633422026));
#4004=CARTESIAN_POINT('Ctrl Pts',(-0.359790856657505,0.641637886517873,
0.921662571099585));
#4005=CARTESIAN_POINT('Ctrl Pts',(-0.351532553638548,0.631257691883905,
0.895414712258146));
#4006=CARTESIAN_POINT('Ctrl Pts',(-0.342759083349607,0.620229962699654,
0.867529466443717));
#4007=CARTESIAN_POINT('Ctrl Pts',(-0.334467772430316,0.609811715698189,
0.841204685442557));
#4008=CARTESIAN_POINT('Ctrl Pts',(-0.326586072814962,0.599911289362537,
0.81620593374729));
#4009=CARTESIAN_POINT('Ctrl Pts',(-0.318207034443033,0.58938614171503,0.789629749684535));
#4010=CARTESIAN_POINT('Ctrl Pts',(-0.310291062471066,0.57944639127998,0.764552643693119));
#4011=CARTESIAN_POINT('Ctrl Pts',(-0.302768029499316,0.57000343593013,0.740748010487115));
#4012=CARTESIAN_POINT('Ctrl Pts',(-0.294764726905483,0.559957643318468,
0.715423692037594));
#4013=CARTESIAN_POINT('Ctrl Pts',(-0.287206262779357,0.550474262490695,
0.691539914014894));
#4014=CARTESIAN_POINT('Ctrl Pts',(-0.280024810869675,0.541467599908382,
0.668877516805732));
#4015=CARTESIAN_POINT('Ctrl Pts',(-0.272379432950728,0.531879101635855,
0.644751115432809));
#4016=CARTESIAN_POINT('Ctrl Pts',(-0.265161475751893,0.522831061209008,
0.62200939888908));
#4017=CARTESIAN_POINT('Ctrl Pts',(-0.258305302468321,0.514240552809817,
0.600440294412691));
#4018=CARTESIAN_POINT('Ctrl Pts',(-0.250786541376675,0.504819848630115,
0.57678672895989));
#4019=CARTESIAN_POINT('Ctrl Pts',(-0.243702926371014,0.495949454283788,
0.554543556083953));
#4020=CARTESIAN_POINT('Ctrl Pts',(-0.236985366257049,0.487542081758097,
0.53348755894495));
#4021=CARTESIAN_POINT('Ctrl Pts',(-0.229847875535841,0.47860914444547,0.511115301509845));
#4022=CARTESIAN_POINT('Ctrl Pts',(-0.223123785352464,0.470199116119952,
0.490083767752751));
#4023=CARTESIAN_POINT('Ctrl Pts',(-0.216747239154366,0.462228797969312,
0.470180212663148));
#4024=CARTESIAN_POINT('Ctrl Pts',(-0.209661512798206,0.453372045170467,
0.448063044450404));
#4025=CARTESIAN_POINT('Ctrl Pts',(-0.203004972072252,0.445058294902811,
0.427338828076089));
#4026=CARTESIAN_POINT('Ctrl Pts',(-0.196706226425376,0.43719736089716,0.407776972531633));
#4027=CARTESIAN_POINT('Ctrl Pts',(-0.190111199468803,0.428966663139614,
0.387294963593832));
#4028=CARTESIAN_POINT('Ctrl Pts',(-0.183908628793944,0.421232647533644,
0.368087914986826));
#4029=CARTESIAN_POINT('Ctrl Pts',(-0.178034018959659,0.413913842894489,
0.349947544558219));
#4030=CARTESIAN_POINT('Ctrl Pts',(-0.171634567528234,0.405941171322154,
0.33018650122417));
#4031=CARTESIAN_POINT('Ctrl Pts',(-0.165624394430651,0.398461340743221,
0.311691566354949));
#4032=CARTESIAN_POINT('Ctrl Pts',(-0.159937970390485,0.391391580284191,
0.294251170110682));
#4033=CARTESIAN_POINT('Ctrl Pts',(-0.155887806734592,0.386356133285379,
0.281829222940728));
#4034=CARTESIAN_POINT('Ctrl Pts',(-0.152002266039559,0.381529201411749,
0.269943487862033));
#4035=CARTESIAN_POINT('Ctrl Pts',(-0.148262048330982,0.376886408648239,
0.258531668926643));
#4036=CARTESIAN_POINT('Origin',(-0.808641739616,1.042986469864,1.022126469103));
#4037=CARTESIAN_POINT('',(-0.13,0.359580792358,0.246493194906));
#4038=CARTESIAN_POINT('',(-0.13,0.575014947782,2.001063589102));
#4039=CARTESIAN_POINT('Ctrl Pts',(-0.148262048331077,0.376886408648501,
0.258531668928102));
#4040=CARTESIAN_POINT('Ctrl Pts',(-0.141864701949633,0.370820489911261,
0.254285022533741));
#4041=CARTESIAN_POINT('Ctrl Pts',(-0.135793645694857,0.36506753605983,0.250284119711226));
#4042=CARTESIAN_POINT('Ctrl Pts',(-0.129999999999565,0.359580792357312,
0.246493194907661));
#4043=CARTESIAN_POINT('Origin',(-0.065,0.430051403254,1.022126469103));
#4044=CARTESIAN_POINT('',(3.386180225107E-17,0.305,0.20536072576));
#4045=CARTESIAN_POINT('',(5.834050882253E-17,0.525484587587,2.001063589102));
#4046=CARTESIAN_POINT('Ctrl Pts',(-0.129999999999457,0.359580792357213,
0.246493194908228));
#4047=CARTESIAN_POINT('Ctrl Pts',(-0.117913200345344,0.354388618893425,
0.241711899100223));
#4048=CARTESIAN_POINT('Ctrl Pts',(-0.106517279599455,0.349518289647017,
0.237408004023042));
#4049=CARTESIAN_POINT('Ctrl Pts',(-0.0956570919579953,0.344900530292639,
0.233498735880343));
#4050=CARTESIAN_POINT('Ctrl Pts',(-0.0834928337474488,0.339728279223386,
0.22912005029295));
#4051=CARTESIAN_POINT('Ctrl Pts',(-0.0720010264972534,0.334873040991175,
0.225236599265356));
#4052=CARTESIAN_POINT('Ctrl Pts',(-0.0610155891124427,0.330261185281706,
0.221764064729596));
#4053=CARTESIAN_POINT('Ctrl Pts',(-0.0486931328305412,0.325088028458935,
0.217868893922518));
#4054=CARTESIAN_POINT('Ctrl Pts',(-0.037008249589089,0.320221291033926,
0.214490907868501));
#4055=CARTESIAN_POINT('Ctrl Pts',(-0.0257816480795933,0.31558239818502,
0.211546510256397));
#4056=CARTESIAN_POINT('Ctrl Pts',(-0.016924872306931,0.31192273022928,0.209223646172024));
#4057=CARTESIAN_POINT('Ctrl Pts',(-0.0083545974848321,0.308405452148153,
0.207171436788758));
#4058=CARTESIAN_POINT('Ctrl Pts',(3.64895613724769E-13,0.304999999999668,
0.205360725762308));
#4059=CARTESIAN_POINT('Origin',(0.065,0.430051403254,1.022126469103));
#4060=CARTESIAN_POINT('',(0.13,0.359580792358,0.246493194906));
#4061=CARTESIAN_POINT('',(0.13,0.575014947782,2.001063589102));
#4062=CARTESIAN_POINT('Ctrl Pts',(7.4080325207504E-13,0.304999999999502,
0.205360725757519));
#4063=CARTESIAN_POINT('Ctrl Pts',(0.010619547790358,0.309328677940028,0.207662324645221));
#4064=CARTESIAN_POINT('Ctrl Pts',(0.0215864758068912,0.313837522035266,
0.210353331821789));
#4065=CARTESIAN_POINT('Ctrl Pts',(0.0330498916493856,0.318591016603066,
0.213496246264461));
#4066=CARTESIAN_POINT('Ctrl Pts',(0.0436751681660933,0.322996962867033,
0.216409368799714));
#4067=CARTESIAN_POINT('Ctrl Pts',(0.0547264719803965,0.327612870988565,
0.219710522830335));
#4068=CARTESIAN_POINT('Ctrl Pts',(0.0663547419260785,0.332505056576771,
0.223471439648607));
#4069=CARTESIAN_POINT('Ctrl Pts',(0.0766783147636697,0.33684833674577,0.226810379911511));
#4070=CARTESIAN_POINT('Ctrl Pts',(0.0874564522681662,0.341409295058621,
0.230511643791965));
#4071=CARTESIAN_POINT('Ctrl Pts',(0.0988253420594293,0.346248373934503,
0.234644902579344));
#4072=CARTESIAN_POINT('Ctrl Pts',(0.108729940890809,0.350464188834552,0.238245805649644));
#4073=CARTESIAN_POINT('Ctrl Pts',(0.119082898671081,0.354891090744907,0.242174608320687));
#4074=CARTESIAN_POINT('Ctrl Pts',(0.130000000000979,0.359580792357307,0.246493194904277));
#4075=CARTESIAN_POINT('Origin',(0.808641739616,1.042986469864,1.022126469103));
#4076=CARTESIAN_POINT('',(0.148262048332,0.376886408649,0.258531668926));
#4077=CARTESIAN_POINT('Ctrl Pts',(0.148262048331649,0.376886408648764,0.258531668926211));
#4078=CARTESIAN_POINT('Ctrl Pts',(0.153635264391577,0.383556268689957,0.274925946894563));
#4079=CARTESIAN_POINT('Ctrl Pts',(0.15930779031893,0.390605387149305,0.292296328735579));
#4080=CARTESIAN_POINT('Ctrl Pts',(0.165339012792127,0.398108771101619,0.310834511353806));
#4081=CARTESIAN_POINT('Ctrl Pts',(0.171201003868428,0.405401615954546,0.32885252703169));
#4082=CARTESIAN_POINT('Ctrl Pts',(0.17740160811133,0.413123292724342,0.347972964135312));
#4083=CARTESIAN_POINT('Ctrl Pts',(0.184010365088955,0.4213616400354,0.368420358986003));
#4084=CARTESIAN_POINT('Ctrl Pts',(0.189793027444377,0.428570193932576,0.386311829480358));
#4085=CARTESIAN_POINT('Ctrl Pts',(0.195888213559611,0.4361743639352,0.405219354963342));
#4086=CARTESIAN_POINT('Ctrl Pts',(0.202355050363185,0.444248841107611,0.425333892110874));
#4087=CARTESIAN_POINT('Ctrl Pts',(0.20826994745816,0.451634167662342,0.443731668482001));
#4088=CARTESIAN_POINT('Ctrl Pts',(0.214495714824705,0.459412886611794,0.463139060480269));
#4089=CARTESIAN_POINT('Ctrl Pts',(0.221089063311802,0.467656640502332,0.483739250729659));
#4090=CARTESIAN_POINT('Ctrl Pts',(0.227276133690176,0.475392419310712,0.503070069831714));
#4091=CARTESIAN_POINT('Ctrl Pts',(0.23378678667649,0.483537569731261,0.523450913569708));
#4092=CARTESIAN_POINT('Ctrl Pts',(0.240679491399762,0.492165958308783,0.54507066658921));
#4093=CARTESIAN_POINT('Ctrl Pts',(0.247152582408986,0.50026906830226,0.565374253426415));
#4094=CARTESIAN_POINT('Ctrl Pts',(0.253962528047495,0.508798249020073,0.586770186389027));
#4095=CARTESIAN_POINT('Ctrl Pts',(0.261169646700184,0.517829705454608,0.609453342095764));
#4096=CARTESIAN_POINT('Ctrl Pts',(0.267943202049554,0.526317850716642,0.63077193251756));
#4097=CARTESIAN_POINT('Ctrl Pts',(0.275067483566422,0.535249533870567,0.653227214114768));
#4098=CARTESIAN_POINT('Ctrl Pts',(0.282604756021033,0.544703420692195,0.677020366226808));
#4099=CARTESIAN_POINT('Ctrl Pts',(0.289693877957007,0.553595199097581,0.699398827079747));
#4100=CARTESIAN_POINT('Ctrl Pts',(0.297148239080278,0.562948801879922,0.722960469002998));
#4101=CARTESIAN_POINT('Ctrl Pts',(0.305032154364625,0.572845486470602,0.747913107113947));
#4102=CARTESIAN_POINT('Ctrl Pts',(0.312452667160537,0.582160461580502,0.771399073631333));
#4103=CARTESIAN_POINT('Ctrl Pts',(0.320253618094688,0.591956421594896,0.796116987906354));
#4104=CARTESIAN_POINT('Ctrl Pts',(0.328501483422943,0.602317355711683,0.822281657887565));
#4105=CARTESIAN_POINT('Ctrl Pts',(0.336028008579726,0.611772145305619,0.846158023346379));
#4106=CARTESIAN_POINT('Ctrl Pts',(0.343926666529038,0.62169737264285,0.871239060925888));
#4107=CARTESIAN_POINT('Ctrl Pts',(0.352259774341646,0.632171772836975,0.897726145508109));
#4108=CARTESIAN_POINT('Ctrl Pts',(0.360189808547846,0.642139524808596,0.922932046053609));
#4109=CARTESIAN_POINT('Ctrl Pts',(0.368513168174957,0.652604465732294,0.949410899584434));
#4110=CARTESIAN_POINT('Ctrl Pts',(0.377295846947555,0.663649976705969,0.977375967466517));
#4111=CARTESIAN_POINT('Ctrl Pts',(0.385484589700905,0.673948525734647,1.00344987417489));
#4112=CARTESIAN_POINT('Ctrl Pts',(0.394072561289038,0.684751691915724,1.03081556187923));
#4113=CARTESIAN_POINT('Ctrl Pts',(0.403125378190833,0.696142380243236,1.05968507721644));
#4114=CARTESIAN_POINT('Ctrl Pts',(0.412178195092629,0.707533068570749,1.08855459255364));
#4115=CARTESIAN_POINT('Ctrl Pts',(0.421695595108785,0.71951094775296,1.11892708812855));
#4116=CARTESIAN_POINT('Ctrl Pts',(0.431758349463885,0.732178071009631,1.15106358910218));
#4117=CARTESIAN_POINT('Ctrl Pts',(0.129999999999748,0.359580792357418,0.246493194907228));
#4118=CARTESIAN_POINT('Ctrl Pts',(0.135793645695044,0.365067536059938,0.250284119710782));
#4119=CARTESIAN_POINT('Ctrl Pts',(0.141864701949825,0.370820489911372,0.254285022533288));
#4120=CARTESIAN_POINT('Ctrl Pts',(0.148262048331275,0.376886408648615,0.258531668927641));
#4121=CARTESIAN_POINT('Origin',(0.,0.,1.576063589102));
#4122=CARTESIAN_POINT('',(0.376886408649,0.148262048332,0.258531668926));
#4123=CARTESIAN_POINT('Origin',(0.,0.,0.258531668926));
#4124=CARTESIAN_POINT('Ctrl Pts',(0.732178071009015,0.431758349463106,1.15106358910267));
#4125=CARTESIAN_POINT('Ctrl Pts',(0.719985662478933,0.422072708173509,1.12013143973785));
#4126=CARTESIAN_POINT('Ctrl Pts',(0.708431926298593,0.412892407107131,1.09083386568862));
#4127=CARTESIAN_POINT('Ctrl Pts',(0.697425503243275,0.404145138934224,1.06293719416201));
#4128=CARTESIAN_POINT('Ctrl Pts',(0.685733150275753,0.394852733357485,1.03330197766444));
#4129=CARTESIAN_POINT('Ctrl Pts',(0.674658595037943,0.386049127967504,1.00524807581582));
#4130=CARTESIAN_POINT('Ctrl Pts',(0.664112729834324,0.377663797069079,0.978547577214709));
#4131=CARTESIAN_POINT('Ctrl Pts',(0.65255793835324,0.368476238897186,0.94929263342205));
#4132=CARTESIAN_POINT('Ctrl Pts',(0.641637886517881,0.359790856657511,0.921662571099606));
#4133=CARTESIAN_POINT('Ctrl Pts',(0.631257691883912,0.351532553638553,0.895414712258165));
#4134=CARTESIAN_POINT('Ctrl Pts',(0.620229962699662,0.342759083349613,0.867529466443736));
#4135=CARTESIAN_POINT('Ctrl Pts',(0.609811715698197,0.334467772430321,0.841204685442575));
#4136=CARTESIAN_POINT('Ctrl Pts',(0.599911289362544,0.326586072814968,0.816205933747308));
#4137=CARTESIAN_POINT('Ctrl Pts',(0.589386141715036,0.318207034443039,0.789629749684552));
#4138=CARTESIAN_POINT('Ctrl Pts',(0.579446391279987,0.310291062471071,0.764552643693136));
#4139=CARTESIAN_POINT('Ctrl Pts',(0.570003435930137,0.302768029499321,0.740748010487131));
#4140=CARTESIAN_POINT('Ctrl Pts',(0.559957643318476,0.29476472690549,0.715423692037614));
#4141=CARTESIAN_POINT('Ctrl Pts',(0.550474262490704,0.287206262779364,0.691539914014916));
#4142=CARTESIAN_POINT('Ctrl Pts',(0.541467599908392,0.280024810869682,0.668877516805755));
#4143=CARTESIAN_POINT('Ctrl Pts',(0.531879101635861,0.272379432950733,0.644751115432824));
#4144=CARTESIAN_POINT('Ctrl Pts',(0.522831061209011,0.265161475751896,0.622009398889088));
#4145=CARTESIAN_POINT('Ctrl Pts',(0.514240552809817,0.258305302468321,0.600440294412692));
#4146=CARTESIAN_POINT('Ctrl Pts',(0.504819848630116,0.250786541376675,0.57678672895989));
#4147=CARTESIAN_POINT('Ctrl Pts',(0.495949454283788,0.243702926371014,0.554543556083954));
#4148=CARTESIAN_POINT('Ctrl Pts',(0.487542081758098,0.236985366257049,0.533487558944951));
#4149=CARTESIAN_POINT('Ctrl Pts',(0.478609144445471,0.229847875535842,0.511115301509847));
#4150=CARTESIAN_POINT('Ctrl Pts',(0.470199116119953,0.223123785352465,0.490083767752754));
#4151=CARTESIAN_POINT('Ctrl Pts',(0.462228797969313,0.216747239154367,0.470180212663151));
#4152=CARTESIAN_POINT('Ctrl Pts',(0.453372045170469,0.209661512798207,0.448063044450407));
#4153=CARTESIAN_POINT('Ctrl Pts',(0.445058294902812,0.203004972072253,0.427338828076093));
#4154=CARTESIAN_POINT('Ctrl Pts',(0.437197360897161,0.196706226425376,0.407776972531635));
#4155=CARTESIAN_POINT('Ctrl Pts',(0.428966663139615,0.190111199468804,0.387294963593834));
#4156=CARTESIAN_POINT('Ctrl Pts',(0.421232647533645,0.183908628793944,0.368087914986827));
#4157=CARTESIAN_POINT('Ctrl Pts',(0.413913842894489,0.178034018959659,0.34994754455822));
#4158=CARTESIAN_POINT('Ctrl Pts',(0.405941171322154,0.171634567528234,0.330186501224171));
#4159=CARTESIAN_POINT('Ctrl Pts',(0.398461340743222,0.165624394430652,0.311691566354951));
#4160=CARTESIAN_POINT('Ctrl Pts',(0.391391580284192,0.159937970390485,0.294251170110684));
#4161=CARTESIAN_POINT('Ctrl Pts',(0.386356133285379,0.155887806734592,0.281829222940729));
#4162=CARTESIAN_POINT('Ctrl Pts',(0.381529201411749,0.15200226603956,0.269943487862033));
#4163=CARTESIAN_POINT('Ctrl Pts',(0.376886408648239,0.148262048330982,0.258531668926643));
#4164=CARTESIAN_POINT('Origin',(1.042986469864,0.808641739616,1.022126469103));
#4165=CARTESIAN_POINT('',(0.359580792358,0.13,0.246493194906));
#4166=CARTESIAN_POINT('',(0.575014947782,0.13,2.001063589102));
#4167=CARTESIAN_POINT('Ctrl Pts',(0.376886408648501,0.148262048331078,0.258531668928103));
#4168=CARTESIAN_POINT('Ctrl Pts',(0.370820489911262,0.141864701949633,0.254285022533741));
#4169=CARTESIAN_POINT('Ctrl Pts',(0.36506753605983,0.135793645694856,0.250284119711226));
#4170=CARTESIAN_POINT('Ctrl Pts',(0.359580792357312,0.129999999999564,0.246493194907661));
#4171=CARTESIAN_POINT('Origin',(0.430051403254,0.065,1.022126469103));
#4172=CARTESIAN_POINT('Ctrl Pts',(0.359580792357213,0.129999999999457,0.246493194908228));
#4173=CARTESIAN_POINT('Ctrl Pts',(0.354388618893425,0.117913200345344,0.241711899100223));
#4174=CARTESIAN_POINT('Ctrl Pts',(0.349518289647017,0.106517279599455,0.237408004023042));
#4175=CARTESIAN_POINT('Ctrl Pts',(0.344900530292639,0.0956570919579953,
0.233498735880343));
#4176=CARTESIAN_POINT('Ctrl Pts',(0.339728279223386,0.0834928337474488,
0.22912005029295));
#4177=CARTESIAN_POINT('Ctrl Pts',(0.334873040991175,0.0720010264972534,
0.225236599265356));
#4178=CARTESIAN_POINT('Ctrl Pts',(0.330261185281706,0.0610155891124427,
0.221764064729596));
#4179=CARTESIAN_POINT('Ctrl Pts',(0.325088028458935,0.0486931328305412,
0.217868893922518));
#4180=CARTESIAN_POINT('Ctrl Pts',(0.320221291033926,0.037008249589089,0.214490907868501));
#4181=CARTESIAN_POINT('Ctrl Pts',(0.31558239818502,0.0257816480795933,0.211546510256397));
#4182=CARTESIAN_POINT('Ctrl Pts',(0.31192273022928,0.016924872306931,0.209223646172024));
#4183=CARTESIAN_POINT('Ctrl Pts',(0.308405452148153,0.0083545974848321,
0.207171436788758));
#4184=CARTESIAN_POINT('Ctrl Pts',(0.304999999999668,-3.64895613724769E-13,
0.205360725762308));
#4185=CARTESIAN_POINT('Origin',(0.,0.,0.72093727123));
#4186=CARTESIAN_POINT('',(-1.6,1.95943487863577E-16,0.));
#4187=CARTESIAN_POINT('Origin',(0.,0.,0.));
#4188=CARTESIAN_POINT('',(-1.6,1.95943487863577E-16,0.72093727123));
#4189=CARTESIAN_POINT('Origin',(0.,0.,0.258531668926));
#4190=CARTESIAN_POINT('',(0.,0.,0.04318934910359));
#4191=CARTESIAN_POINT('',(-0.405,-4.95981953654678E-17,0.258531668926));
#4192=CARTESIAN_POINT('Origin',(0.,0.,0.));
#4193=CARTESIAN_POINT('',(0.9,0.,0.));
#4194=CARTESIAN_POINT('Origin',(0.,0.,0.));
#4195=CARTESIAN_POINT('Origin',(-3.12250225675825E-16,-2.40692882291782E-16,
-0.1));
#4196=CARTESIAN_POINT('',(0.8,0.,-0.1));
#4197=CARTESIAN_POINT('',(-0.8,9.79717439317883E-17,-0.1));
#4198=CARTESIAN_POINT('Origin',(0.,0.,-0.1));
#4199=CARTESIAN_POINT('Origin',(0.,0.,-0.1));
#4200=CARTESIAN_POINT('Origin',(0.9,-3.50911094215044E-16,-0.0999999999999997));
#4201=CARTESIAN_POINT('Origin',(0.,0.,-0.1));
#4202=CARTESIAN_POINT('',(-0.8,9.79717439317883E-17,-4.));
#4203=CARTESIAN_POINT('Origin',(0.,0.,-4.));
#4204=CARTESIAN_POINT('',(-0.8,9.79717439317883E-17,-0.1));
#4205=CARTESIAN_POINT('Origin',(0.,0.,-4.));
#4206=CARTESIAN_POINT('',(0.,0.,0.));
#4207=CARTESIAN_POINT('',(2.5,5.6,0.));
#4208=CARTESIAN_POINT('',(-2.5,3.6,9.2));
#4209=CARTESIAN_POINT('',(-2.5,5.6,0.));
#4210=CARTESIAN_POINT('',(2.5,3.6,9.2));
#4211=UNCERTAINTY_MEASURE_WITH_UNIT(LENGTH_MEASURE(0.01),#4221,
'DISTANCE_ACCURACY_VALUE',
'Maximum model space distance between geometric entities at asserted c
onnectivities');
#4212=UNCERTAINTY_MEASURE_WITH_UNIT(LENGTH_MEASURE(0.01),#4221,
'DISTANCE_ACCURACY_VALUE',
'Maximum model space distance between geometric entities at asserted c
onnectivities');
#4213=UNCERTAINTY_MEASURE_WITH_UNIT(LENGTH_MEASURE(0.01),#4221,
'DISTANCE_ACCURACY_VALUE',
'Maximum model space distance between geometric entities at asserted c
onnectivities');
#4214=UNCERTAINTY_MEASURE_WITH_UNIT(LENGTH_MEASURE(0.01),#4221,
'DISTANCE_ACCURACY_VALUE',
'Maximum model space distance between geometric entities at asserted c
onnectivities');
#4215=UNCERTAINTY_MEASURE_WITH_UNIT(LENGTH_MEASURE(0.01),#4221,
'DISTANCE_ACCURACY_VALUE',
'Maximum model space distance between geometric entities at asserted c
onnectivities');
#4216=(
GEOMETRIC_REPRESENTATION_CONTEXT(3)
GLOBAL_UNCERTAINTY_ASSIGNED_CONTEXT((#4211))
GLOBAL_UNIT_ASSIGNED_CONTEXT((#4221,#4223,#4224))
REPRESENTATION_CONTEXT('','3D')
);
#4217=(
GEOMETRIC_REPRESENTATION_CONTEXT(3)
GLOBAL_UNCERTAINTY_ASSIGNED_CONTEXT((#4212))
GLOBAL_UNIT_ASSIGNED_CONTEXT((#4221,#4223,#4224))
REPRESENTATION_CONTEXT('','3D')
);
#4218=(
GEOMETRIC_REPRESENTATION_CONTEXT(3)
GLOBAL_UNCERTAINTY_ASSIGNED_CONTEXT((#4213))
GLOBAL_UNIT_ASSIGNED_CONTEXT((#4221,#4223,#4224))
REPRESENTATION_CONTEXT('','3D')
);
#4219=(
GEOMETRIC_REPRESENTATION_CONTEXT(3)
GLOBAL_UNCERTAINTY_ASSIGNED_CONTEXT((#4214))
GLOBAL_UNIT_ASSIGNED_CONTEXT((#4221,#4223,#4224))
REPRESENTATION_CONTEXT('','3D')
);
#4220=(
GEOMETRIC_REPRESENTATION_CONTEXT(3)
GLOBAL_UNCERTAINTY_ASSIGNED_CONTEXT((#4215))
GLOBAL_UNIT_ASSIGNED_CONTEXT((#4221,#4223,#4224))
REPRESENTATION_CONTEXT('','3D')
);
#4221=(
LENGTH_UNIT()
NAMED_UNIT(*)
SI_UNIT(.MILLI.,.METRE.)
);
#4222=(
LENGTH_UNIT()
NAMED_UNIT(*)
SI_UNIT($,.METRE.)
);
#4223=(
NAMED_UNIT(*)
PLANE_ANGLE_UNIT()
SI_UNIT($,.RADIAN.)
);
#4224=(
NAMED_UNIT(*)
SI_UNIT($,.STERADIAN.)
SOLID_ANGLE_UNIT()
);
#4225=SHAPE_DEFINITION_REPRESENTATION(#4229,#4238);
#4226=SHAPE_DEFINITION_REPRESENTATION(#4230,#4239);
#4227=SHAPE_DEFINITION_REPRESENTATION(#4231,#4240);
#4228=SHAPE_DEFINITION_REPRESENTATION(#4232,#4241);
#4229=PRODUCT_DEFINITION_SHAPE('',$,#4243);
#4230=PRODUCT_DEFINITION_SHAPE('',$,#4244);
#4231=PRODUCT_DEFINITION_SHAPE('',$,#4245);
#4232=PRODUCT_DEFINITION_SHAPE('',$,#4246);
#4233=PRODUCT_DEFINITION_SHAPE($,$,#26);
#4234=PRODUCT_DEFINITION_SHAPE($,$,#27);
#4235=PRODUCT_DEFINITION_SHAPE($,$,#28);
#4236=PRODUCT_DEFINITION_SHAPE($,$,#29);
#4237=PRODUCT_DEFINITION_SHAPE($,$,#30);
#4238=SHAPE_REPRESENTATION('',(#2185,#2372,#2373,#2374,#2375,#2376),#4216);
#4239=SHAPE_REPRESENTATION('',(#2186),#4217);
#4240=SHAPE_REPRESENTATION('',(#2251),#4218);
#4241=SHAPE_REPRESENTATION('',(#2312),#4219);
#4242=PRODUCT_DEFINITION_CONTEXT('part definition',#4256,'design');
#4243=PRODUCT_DEFINITION('kf301_v1','KF301-5-2P_green v2',#4247,#4242);
#4244=PRODUCT_DEFINITION('case','case',#4248,#4242);
#4245=PRODUCT_DEFINITION('Terminal1','Terminal1',#4249,#4242);
#4246=PRODUCT_DEFINITION('Screw1','Screw1',#4250,#4242);
#4247=PRODUCT_DEFINITION_FORMATION('',$,#4258);
#4248=PRODUCT_DEFINITION_FORMATION('',$,#4259);
#4249=PRODUCT_DEFINITION_FORMATION('',$,#4260);
#4250=PRODUCT_DEFINITION_FORMATION('',$,#4261);
#4251=PRODUCT_RELATED_PRODUCT_CATEGORY('KF301-5-2P_green v2',
'KF301-5-2P_green v2',(#4258));
#4252=PRODUCT_RELATED_PRODUCT_CATEGORY('case','case',(#4259));
#4253=PRODUCT_RELATED_PRODUCT_CATEGORY('Terminal1','Terminal1',(#4260));
#4254=PRODUCT_RELATED_PRODUCT_CATEGORY('Screw1','Screw1',(#4261));
#4255=APPLICATION_PROTOCOL_DEFINITION('international standard',
'automotive_design',2009,#4256);
#4256=APPLICATION_CONTEXT(
'Core Data for Automotive Mechanical Design Process');
#4257=PRODUCT_CONTEXT('part definition',#4256,'mechanical');
#4258=PRODUCT('kf301_v1','KF301-5-2P_green v2','FreeCAD Model',(#4257));
#4259=PRODUCT('case','case',$,(#4257));
#4260=PRODUCT('Terminal1','Terminal1',$,(#4257));
#4261=PRODUCT('Screw1','Screw1',$,(#4257));
#4262=PRESENTATION_STYLE_ASSIGNMENT((#4266));
#4263=PRESENTATION_STYLE_ASSIGNMENT((#4267));
#4264=PRESENTATION_STYLE_ASSIGNMENT((#4268));
#4265=PRESENTATION_STYLE_ASSIGNMENT((#4269));
#4266=SURFACE_STYLE_USAGE(.BOTH.,#4270);
#4267=SURFACE_STYLE_USAGE(.BOTH.,#4271);
#4268=SURFACE_STYLE_USAGE(.BOTH.,#4272);
#4269=SURFACE_STYLE_USAGE(.BOTH.,#4273);
#4270=SURFACE_SIDE_STYLE('',(#4274));
#4271=SURFACE_SIDE_STYLE('',(#4275));
#4272=SURFACE_SIDE_STYLE('',(#4276));
#4273=SURFACE_SIDE_STYLE('',(#4277));
#4274=SURFACE_STYLE_FILL_AREA(#4278);
#4275=SURFACE_STYLE_FILL_AREA(#4279);
#4276=SURFACE_STYLE_FILL_AREA(#4280);
#4277=SURFACE_STYLE_FILL_AREA(#4281);
#4278=FILL_AREA_STYLE('Opaque(0,170,0)',(#4282));
#4279=FILL_AREA_STYLE('Opaque(234,234,234)',(#4283));
#4280=FILL_AREA_STYLE('Opaque(204,204,204)',(#4284));
#4281=FILL_AREA_STYLE('Steel - Satin',(#4285));
#4282=FILL_AREA_STYLE_COLOUR('Opaque(0,170,0)',#4286);
#4283=FILL_AREA_STYLE_COLOUR('Opaque(234,234,234)',#4287);
#4284=FILL_AREA_STYLE_COLOUR('Opaque(204,204,204)',#4288);
#4285=FILL_AREA_STYLE_COLOUR('Steel - Satin',#4289);
#4286=COLOUR_RGB('Opaque(0,170,0)',0.105882352941176,0.105882352941176,
0.105882352941176);
#4287=COLOUR_RGB('Opaque(234,234,234)',0.917647058823529,0.917647058823529,
0.917647058823529);
#4288=COLOUR_RGB('Opaque(204,204,204)',0.8,0.8,0.8);
#4289=COLOUR_RGB('Steel - Satin',0.627450980392157,0.627450980392157,0.627450980392157);
ENDSEC;
END-ISO-10303-21;
