ISO-10303-21;
HEADER;
FILE_DESCRIPTION(('KiCad electronic assembly'),'2;1');
FILE_NAME('VORTAC_TOOL.step','2025-11-01T16:35:46',('Pcbnew'),('Kicad'),
  'Open CASCADE STEP processor 7.8','KiCad to STEP converter','Unknown'
  );
FILE_SCHEMA(('AUTOMOTIVE_DESIGN { 1 0 10303 214 1 1 1 1 }'));
ENDSEC;
DATA;
#1 = APPLICATION_PROTOCOL_DEFINITION('international standard',
  'automotive_design',2000,#2);
#2 = APPLICATION_CONTEXT(
  'core data for automotive mechanical design processes');
#3 = SHAPE_DEFINITION_REPRESENTATION(#4,#10);
#4 = PRODUCT_DEFINITION_SHAPE('','',#5);
#5 = PRODUCT_DEFINITION('design','',#6,#9);
#6 = PRODUCT_DEFINITION_FORMATION('','',#7);
#7 = PRODUCT('VORTAC_TOOL 1','VORTAC_TOOL 1','',(#8));
#8 = PRODUCT_CONTEXT('',#2,'mechanical');
#9 = PRODUCT_DEFINITION_CONTEXT('part definition',#2,'design');
#10 = SHAPE_REPRESENTATION('',(#11,#15,#19,#23,#27,#31),#35);
#11 = AXIS2_PLACEMENT_3D('',#12,#13,#14);
#12 = CARTESIAN_POINT('',(0.,0.,0.));
#13 = DIRECTION('',(0.,0.,1.));
#14 = DIRECTION('',(1.,0.,-0.));
#15 = AXIS2_PLACEMENT_3D('',#16,#17,#18);
#16 = CARTESIAN_POINT('',(103.25,-49.75,-8.5E-02));
#17 = DIRECTION('',(0.,-1.224646799147E-16,-1.));
#18 = DIRECTION('',(1.,0.,0.));
#19 = AXIS2_PLACEMENT_3D('',#20,#21,#22);
#20 = CARTESIAN_POINT('',(95.75,-49.5,-8.5E-02));
#21 = DIRECTION('',(0.,-1.224646799147E-16,-1.));
#22 = DIRECTION('',(1.,0.,0.));
#23 = AXIS2_PLACEMENT_3D('',#24,#25,#26);
#24 = CARTESIAN_POINT('',(107.25,-49.75,-8.5E-02));
#25 = DIRECTION('',(0.,-1.224646799147E-16,-1.));
#26 = DIRECTION('',(1.,0.,0.));
#27 = AXIS2_PLACEMENT_3D('',#28,#29,#30);
#28 = CARTESIAN_POINT('',(0.,0.,0.));
#29 = DIRECTION('',(0.,0.,1.));
#30 = DIRECTION('',(1.,0.,-0.));
#31 = AXIS2_PLACEMENT_3D('',#32,#33,#34);
#32 = CARTESIAN_POINT('',(0.,0.,0.));
#33 = DIRECTION('',(0.,0.,1.));
#34 = DIRECTION('',(1.,0.,-0.));
#35 = ( GEOMETRIC_REPRESENTATION_CONTEXT(3) 
GLOBAL_UNCERTAINTY_ASSIGNED_CONTEXT((#39)) GLOBAL_UNIT_ASSIGNED_CONTEXT(
(#36,#37,#38)) REPRESENTATION_CONTEXT('Context #1',
  '3D Context with UNIT and UNCERTAINTY') );
#36 = ( LENGTH_UNIT() NAMED_UNIT(*) SI_UNIT(.MILLI.,.METRE.) );
#37 = ( NAMED_UNIT(*) PLANE_ANGLE_UNIT() SI_UNIT($,.RADIAN.) );
#38 = ( NAMED_UNIT(*) SI_UNIT($,.STERADIAN.) SOLID_ANGLE_UNIT() );
#39 = UNCERTAINTY_MEASURE_WITH_UNIT(LENGTH_MEASURE(5.E-07),#36,
  'distance_accuracy_value','confusion accuracy');
#40 = PRODUCT_RELATED_PRODUCT_CATEGORY('part',$,(#7));
#41 = SHAPE_DEFINITION_REPRESENTATION(#42,#48);
#42 = PRODUCT_DEFINITION_SHAPE('','',#43);
#43 = PRODUCT_DEFINITION('design','',#44,#47);
#44 = PRODUCT_DEFINITION_FORMATION('','',#45);
#45 = PRODUCT('D_SOD-323','D_SOD-323','',(#46));
#46 = PRODUCT_CONTEXT('',#2,'mechanical');
#47 = PRODUCT_DEFINITION_CONTEXT('part definition',#2,'design');
#48 = ADVANCED_BREP_SHAPE_REPRESENTATION('',(#11,#49),#1849);
#49 = MANIFOLD_SOLID_BREP('',#50);
#50 = CLOSED_SHELL('',(#51,#91,#124,#157,#224,#291,#336,#353,#376,#398,
    #415,#432,#449,#461,#484,#547,#570,#593,#616,#646,#670,#693,#716,
    #761,#784,#801,#824,#841,#864,#887,#918,#941,#964,#994,#1024,#1057,
    #1074,#1091,#1114,#1137,#1227,#1243,#1266,#1296,#1371,#1446,#1476,
    #1493,#1510,#1527,#1543,#1570,#1586,#1598,#1610,#1641,#1665,#1689,
    #1706,#1723,#1740,#1757,#1774,#1791,#1808,#1825,#1837));
#51 = ADVANCED_FACE('',(#52),#86,.F.);
#52 = FACE_BOUND('',#53,.F.);
#53 = EDGE_LOOP('',(#54,#64,#72,#80));
#54 = ORIENTED_EDGE('',*,*,#55,.T.);
#55 = EDGE_CURVE('',#56,#58,#60,.T.);
#56 = VERTEX_POINT('',#57);
#57 = CARTESIAN_POINT('',(0.92,0.175,0.455));
#58 = VERTEX_POINT('',#59);
#59 = CARTESIAN_POINT('',(0.92,-0.175,0.455));
#60 = LINE('',#61,#62);
#61 = CARTESIAN_POINT('',(0.92,0.175,0.455));
#62 = VECTOR('',#63,1.);
#63 = DIRECTION('',(-2.22044604925E-16,-1.,0.));
#64 = ORIENTED_EDGE('',*,*,#65,.T.);
#65 = EDGE_CURVE('',#58,#66,#68,.T.);
#66 = VERTEX_POINT('',#67);
#67 = CARTESIAN_POINT('',(0.92,-0.175,0.22));
#68 = LINE('',#69,#70);
#69 = CARTESIAN_POINT('',(0.92,-0.175,0.455));
#70 = VECTOR('',#71,1.);
#71 = DIRECTION('',(0.,-0.,-1.));
#72 = ORIENTED_EDGE('',*,*,#73,.F.);
#73 = EDGE_CURVE('',#74,#66,#76,.T.);
#74 = VERTEX_POINT('',#75);
#75 = CARTESIAN_POINT('',(0.92,0.175,0.22));
#76 = LINE('',#77,#78);
#77 = CARTESIAN_POINT('',(0.92,0.175,0.22));
#78 = VECTOR('',#79,1.);
#79 = DIRECTION('',(-2.22044604925E-16,-1.,0.));
#80 = ORIENTED_EDGE('',*,*,#81,.F.);
#81 = EDGE_CURVE('',#56,#74,#82,.T.);
#82 = LINE('',#83,#84);
#83 = CARTESIAN_POINT('',(0.92,0.175,0.455));
#84 = VECTOR('',#85,1.);
#85 = DIRECTION('',(0.,-0.,-1.));
#86 = PLANE('',#87);
#87 = AXIS2_PLACEMENT_3D('',#88,#89,#90);
#88 = CARTESIAN_POINT('',(0.92,0.175,0.455));
#89 = DIRECTION('',(1.,-2.22044604925E-16,0.));
#90 = DIRECTION('',(0.,-0.,-1.));
#91 = ADVANCED_FACE('',(#92),#119,.F.);
#92 = FACE_BOUND('',#93,.F.);
#93 = EDGE_LOOP('',(#94,#104,#111,#112));
#94 = ORIENTED_EDGE('',*,*,#95,.T.);
#95 = EDGE_CURVE('',#96,#98,#100,.T.);
#96 = VERTEX_POINT('',#97);
#97 = CARTESIAN_POINT('',(0.85,0.175,0.525));
#98 = VERTEX_POINT('',#99);
#99 = CARTESIAN_POINT('',(0.85,-0.175,0.525));
#100 = LINE('',#101,#102);
#101 = CARTESIAN_POINT('',(0.85,0.175,0.525));
#102 = VECTOR('',#103,1.);
#103 = DIRECTION('',(-2.22044604925E-16,-1.,0.));
#104 = ORIENTED_EDGE('',*,*,#105,.T.);
#105 = EDGE_CURVE('',#98,#58,#106,.T.);
#106 = CIRCLE('',#107,7.E-02);
#107 = AXIS2_PLACEMENT_3D('',#108,#109,#110);
#108 = CARTESIAN_POINT('',(0.85,-0.175,0.455));
#109 = DIRECTION('',(2.22044604925E-16,1.,-0.));
#110 = DIRECTION('',(0.,0.,1.));
#111 = ORIENTED_EDGE('',*,*,#55,.F.);
#112 = ORIENTED_EDGE('',*,*,#113,.F.);
#113 = EDGE_CURVE('',#96,#56,#114,.T.);
#114 = CIRCLE('',#115,7.E-02);
#115 = AXIS2_PLACEMENT_3D('',#116,#117,#118);
#116 = CARTESIAN_POINT('',(0.85,0.175,0.455));
#117 = DIRECTION('',(2.22044604925E-16,1.,-0.));
#118 = DIRECTION('',(0.,0.,1.));
#119 = CYLINDRICAL_SURFACE('',#120,7.E-02);
#120 = AXIS2_PLACEMENT_3D('',#121,#122,#123);
#121 = CARTESIAN_POINT('',(0.85,0.175,0.455));
#122 = DIRECTION('',(2.22044604925E-16,1.,0.));
#123 = DIRECTION('',(0.,-0.,1.));
#124 = ADVANCED_FACE('',(#125),#152,.T.);
#125 = FACE_BOUND('',#126,.T.);
#126 = EDGE_LOOP('',(#127,#136,#144,#151));
#127 = ORIENTED_EDGE('',*,*,#128,.T.);
#128 = EDGE_CURVE('',#74,#129,#131,.T.);
#129 = VERTEX_POINT('',#130);
#130 = CARTESIAN_POINT('',(1.14,0.175,0.));
#131 = CIRCLE('',#132,0.22);
#132 = AXIS2_PLACEMENT_3D('',#133,#134,#135);
#133 = CARTESIAN_POINT('',(1.14,0.175,0.22));
#134 = DIRECTION('',(-2.22044604925E-16,-1.,0.));
#135 = DIRECTION('',(-1.,2.22044604925E-16,1.261617073438E-16));
#136 = ORIENTED_EDGE('',*,*,#137,.T.);
#137 = EDGE_CURVE('',#129,#138,#140,.T.);
#138 = VERTEX_POINT('',#139);
#139 = CARTESIAN_POINT('',(1.14,-0.175,0.));
#140 = LINE('',#141,#142);
#141 = CARTESIAN_POINT('',(1.14,0.175,0.));
#142 = VECTOR('',#143,1.);
#143 = DIRECTION('',(-2.22044604925E-16,-1.,0.));
#144 = ORIENTED_EDGE('',*,*,#145,.F.);
#145 = EDGE_CURVE('',#66,#138,#146,.T.);
#146 = CIRCLE('',#147,0.22);
#147 = AXIS2_PLACEMENT_3D('',#148,#149,#150);
#148 = CARTESIAN_POINT('',(1.14,-0.175,0.22));
#149 = DIRECTION('',(-2.22044604925E-16,-1.,0.));
#150 = DIRECTION('',(-1.,2.22044604925E-16,1.261617073438E-16));
#151 = ORIENTED_EDGE('',*,*,#73,.F.);
#152 = CYLINDRICAL_SURFACE('',#153,0.22);
#153 = AXIS2_PLACEMENT_3D('',#154,#155,#156);
#154 = CARTESIAN_POINT('',(1.14,0.175,0.22));
#155 = DIRECTION('',(2.22044604925E-16,1.,-0.));
#156 = DIRECTION('',(-1.,2.22044604925E-16,1.261617073438E-16));
#157 = ADVANCED_FACE('',(#158),#219,.F.);
#158 = FACE_BOUND('',#159,.F.);
#159 = EDGE_LOOP('',(#160,#168,#169,#170,#171,#179,#187,#195,#204,#212)
  );
#160 = ORIENTED_EDGE('',*,*,#161,.F.);
#161 = EDGE_CURVE('',#96,#162,#164,.T.);
#162 = VERTEX_POINT('',#163);
#163 = CARTESIAN_POINT('',(0.85,0.175,0.675));
#164 = LINE('',#165,#166);
#165 = CARTESIAN_POINT('',(0.85,0.175,0.498338171534));
#166 = VECTOR('',#167,1.);
#167 = DIRECTION('',(0.,0.,1.));
#168 = ORIENTED_EDGE('',*,*,#113,.T.);
#169 = ORIENTED_EDGE('',*,*,#81,.T.);
#170 = ORIENTED_EDGE('',*,*,#128,.T.);
#171 = ORIENTED_EDGE('',*,*,#172,.T.);
#172 = EDGE_CURVE('',#129,#173,#175,.T.);
#173 = VERTEX_POINT('',#174);
#174 = CARTESIAN_POINT('',(1.25,0.175,0.));
#175 = LINE('',#176,#177);
#176 = CARTESIAN_POINT('',(1.14,0.175,0.));
#177 = VECTOR('',#178,1.);
#178 = DIRECTION('',(1.,-2.22044604925E-16,0.));
#179 = ORIENTED_EDGE('',*,*,#180,.T.);
#180 = EDGE_CURVE('',#173,#181,#183,.T.);
#181 = VERTEX_POINT('',#182);
#182 = CARTESIAN_POINT('',(1.25,0.175,0.15));
#183 = LINE('',#184,#185);
#184 = CARTESIAN_POINT('',(1.25,0.175,0.));
#185 = VECTOR('',#186,1.);
#186 = DIRECTION('',(0.,0.,1.));
#187 = ORIENTED_EDGE('',*,*,#188,.T.);
#188 = EDGE_CURVE('',#181,#189,#191,.T.);
#189 = VERTEX_POINT('',#190);
#190 = CARTESIAN_POINT('',(1.14,0.175,0.15));
#191 = LINE('',#192,#193);
#192 = CARTESIAN_POINT('',(1.25,0.175,0.15));
#193 = VECTOR('',#194,1.);
#194 = DIRECTION('',(-1.,2.22044604925E-16,0.));
#195 = ORIENTED_EDGE('',*,*,#196,.T.);
#196 = EDGE_CURVE('',#189,#197,#199,.T.);
#197 = VERTEX_POINT('',#198);
#198 = CARTESIAN_POINT('',(1.07,0.175,0.22));
#199 = CIRCLE('',#200,7.E-02);
#200 = AXIS2_PLACEMENT_3D('',#201,#202,#203);
#201 = CARTESIAN_POINT('',(1.14,0.175,0.22));
#202 = DIRECTION('',(2.22044604925E-16,1.,0.));
#203 = DIRECTION('',(-1.586032892322E-15,3.521700469737E-31,-1.));
#204 = ORIENTED_EDGE('',*,*,#205,.T.);
#205 = EDGE_CURVE('',#197,#206,#208,.T.);
#206 = VERTEX_POINT('',#207);
#207 = CARTESIAN_POINT('',(1.07,0.175,0.455));
#208 = LINE('',#209,#210);
#209 = CARTESIAN_POINT('',(1.07,0.175,0.22));
#210 = VECTOR('',#211,1.);
#211 = DIRECTION('',(0.,0.,1.));
#212 = ORIENTED_EDGE('',*,*,#213,.T.);
#213 = EDGE_CURVE('',#206,#162,#214,.T.);
#214 = CIRCLE('',#215,0.22);
#215 = AXIS2_PLACEMENT_3D('',#216,#217,#218);
#216 = CARTESIAN_POINT('',(0.85,0.175,0.455));
#217 = DIRECTION('',(-2.22044604925E-16,-1.,0.));
#218 = DIRECTION('',(1.,-2.22044604925E-16,-7.569702440626E-16));
#219 = PLANE('',#220);
#220 = AXIS2_PLACEMENT_3D('',#221,#222,#223);
#221 = CARTESIAN_POINT('',(1.013084179351,0.175,0.321676343068));
#222 = DIRECTION('',(-2.22044604925E-16,-1.,0.));
#223 = DIRECTION('',(0.,0.,1.));
#224 = ADVANCED_FACE('',(#225),#286,.T.);
#225 = FACE_BOUND('',#226,.T.);
#226 = EDGE_LOOP('',(#227,#235,#236,#237,#238,#246,#254,#262,#271,#279)
  );
#227 = ORIENTED_EDGE('',*,*,#228,.F.);
#228 = EDGE_CURVE('',#98,#229,#231,.T.);
#229 = VERTEX_POINT('',#230);
#230 = CARTESIAN_POINT('',(0.85,-0.175,0.675));
#231 = LINE('',#232,#233);
#232 = CARTESIAN_POINT('',(0.85,-0.175,0.498338171534));
#233 = VECTOR('',#234,1.);
#234 = DIRECTION('',(0.,0.,1.));
#235 = ORIENTED_EDGE('',*,*,#105,.T.);
#236 = ORIENTED_EDGE('',*,*,#65,.T.);
#237 = ORIENTED_EDGE('',*,*,#145,.T.);
#238 = ORIENTED_EDGE('',*,*,#239,.T.);
#239 = EDGE_CURVE('',#138,#240,#242,.T.);
#240 = VERTEX_POINT('',#241);
#241 = CARTESIAN_POINT('',(1.25,-0.175,0.));
#242 = LINE('',#243,#244);
#243 = CARTESIAN_POINT('',(1.14,-0.175,0.));
#244 = VECTOR('',#245,1.);
#245 = DIRECTION('',(1.,-2.22044604925E-16,0.));
#246 = ORIENTED_EDGE('',*,*,#247,.T.);
#247 = EDGE_CURVE('',#240,#248,#250,.T.);
#248 = VERTEX_POINT('',#249);
#249 = CARTESIAN_POINT('',(1.25,-0.175,0.15));
#250 = LINE('',#251,#252);
#251 = CARTESIAN_POINT('',(1.25,-0.175,0.));
#252 = VECTOR('',#253,1.);
#253 = DIRECTION('',(0.,0.,1.));
#254 = ORIENTED_EDGE('',*,*,#255,.T.);
#255 = EDGE_CURVE('',#248,#256,#258,.T.);
#256 = VERTEX_POINT('',#257);
#257 = CARTESIAN_POINT('',(1.14,-0.175,0.15));
#258 = LINE('',#259,#260);
#259 = CARTESIAN_POINT('',(1.25,-0.175,0.15));
#260 = VECTOR('',#261,1.);
#261 = DIRECTION('',(-1.,2.22044604925E-16,0.));
#262 = ORIENTED_EDGE('',*,*,#263,.T.);
#263 = EDGE_CURVE('',#256,#264,#266,.T.);
#264 = VERTEX_POINT('',#265);
#265 = CARTESIAN_POINT('',(1.07,-0.175,0.22));
#266 = CIRCLE('',#267,7.E-02);
#267 = AXIS2_PLACEMENT_3D('',#268,#269,#270);
#268 = CARTESIAN_POINT('',(1.14,-0.175,0.22));
#269 = DIRECTION('',(2.22044604925E-16,1.,0.));
#270 = DIRECTION('',(-1.586032892322E-15,3.521700469737E-31,-1.));
#271 = ORIENTED_EDGE('',*,*,#272,.T.);
#272 = EDGE_CURVE('',#264,#273,#275,.T.);
#273 = VERTEX_POINT('',#274);
#274 = CARTESIAN_POINT('',(1.07,-0.175,0.455));
#275 = LINE('',#276,#277);
#276 = CARTESIAN_POINT('',(1.07,-0.175,0.22));
#277 = VECTOR('',#278,1.);
#278 = DIRECTION('',(0.,0.,1.));
#279 = ORIENTED_EDGE('',*,*,#280,.T.);
#280 = EDGE_CURVE('',#273,#229,#281,.T.);
#281 = CIRCLE('',#282,0.22);
#282 = AXIS2_PLACEMENT_3D('',#283,#284,#285);
#283 = CARTESIAN_POINT('',(0.85,-0.175,0.455));
#284 = DIRECTION('',(-2.22044604925E-16,-1.,0.));
#285 = DIRECTION('',(1.,-2.22044604925E-16,-7.569702440626E-16));
#286 = PLANE('',#287);
#287 = AXIS2_PLACEMENT_3D('',#288,#289,#290);
#288 = CARTESIAN_POINT('',(1.013084179351,-0.175,0.321676343068));
#289 = DIRECTION('',(-2.22044604925E-16,-1.,0.));
#290 = DIRECTION('',(0.,0.,1.));
#291 = ADVANCED_FACE('',(#292),#331,.F.);
#292 = FACE_BOUND('',#293,.F.);
#293 = EDGE_LOOP('',(#294,#304,#311,#317,#318,#326));
#294 = ORIENTED_EDGE('',*,*,#295,.T.);
#295 = EDGE_CURVE('',#296,#298,#300,.T.);
#296 = VERTEX_POINT('',#297);
#297 = CARTESIAN_POINT('',(0.790270145251,0.500135072626,0.1));
#298 = VERTEX_POINT('',#299);
#299 = CARTESIAN_POINT('',(0.790270145251,-0.500135072626,0.1));
#300 = LINE('',#301,#302);
#301 = CARTESIAN_POINT('',(0.790270145251,0.500135072626,0.1));
#302 = VECTOR('',#303,1.);
#303 = DIRECTION('',(0.,-1.,0.));
#304 = ORIENTED_EDGE('',*,*,#305,.T.);
#305 = EDGE_CURVE('',#298,#306,#308,.T.);
#306 = VERTEX_POINT('',#307);
#307 = CARTESIAN_POINT('',(0.85,-0.53,0.525));
#308 = B_SPLINE_CURVE_WITH_KNOTS('',1,(#309,#310),.UNSPECIFIED.,.F.,.F.,
  (2,2),(0.,1.),.PIECEWISE_BEZIER_KNOTS.);
#309 = CARTESIAN_POINT('',(0.790270145251,-0.500135072626,0.1));
#310 = CARTESIAN_POINT('',(0.85,-0.53,0.525));
#311 = ORIENTED_EDGE('',*,*,#312,.F.);
#312 = EDGE_CURVE('',#98,#306,#313,.T.);
#313 = LINE('',#314,#315);
#314 = CARTESIAN_POINT('',(0.85,0.53,0.525));
#315 = VECTOR('',#316,1.);
#316 = DIRECTION('',(0.,-1.,0.));
#317 = ORIENTED_EDGE('',*,*,#95,.F.);
#318 = ORIENTED_EDGE('',*,*,#319,.F.);
#319 = EDGE_CURVE('',#320,#96,#322,.T.);
#320 = VERTEX_POINT('',#321);
#321 = CARTESIAN_POINT('',(0.85,0.53,0.525));
#322 = LINE('',#323,#324);
#323 = CARTESIAN_POINT('',(0.85,0.53,0.525));
#324 = VECTOR('',#325,1.);
#325 = DIRECTION('',(0.,-1.,0.));
#326 = ORIENTED_EDGE('',*,*,#327,.F.);
#327 = EDGE_CURVE('',#296,#320,#328,.T.);
#328 = B_SPLINE_CURVE_WITH_KNOTS('',1,(#329,#330),.UNSPECIFIED.,.F.,.F.,
  (2,2),(0.,1.),.PIECEWISE_BEZIER_KNOTS.);
#329 = CARTESIAN_POINT('',(0.790270145251,0.500135072626,0.1));
#330 = CARTESIAN_POINT('',(0.85,0.53,0.525));
#331 = B_SPLINE_SURFACE_WITH_KNOTS('',1,1,(
    (#332,#333)
    ,(#334,#335
    )),.UNSPECIFIED.,.F.,.F.,.F.,(2,2),(2,2),(0.,1.06),(0.,1.),
  .PIECEWISE_BEZIER_KNOTS.);
#332 = CARTESIAN_POINT('',(0.790270145251,0.500135072626,0.1));
#333 = CARTESIAN_POINT('',(0.85,0.53,0.525));
#334 = CARTESIAN_POINT('',(0.790270145251,-0.500135072626,0.1));
#335 = CARTESIAN_POINT('',(0.85,-0.53,0.525));
#336 = ADVANCED_FACE('',(#337),#348,.F.);
#337 = FACE_BOUND('',#338,.F.);
#338 = EDGE_LOOP('',(#339,#340,#341,#347));
#339 = ORIENTED_EDGE('',*,*,#137,.T.);
#340 = ORIENTED_EDGE('',*,*,#239,.T.);
#341 = ORIENTED_EDGE('',*,*,#342,.F.);
#342 = EDGE_CURVE('',#173,#240,#343,.T.);
#343 = LINE('',#344,#345);
#344 = CARTESIAN_POINT('',(1.25,0.175,0.));
#345 = VECTOR('',#346,1.);
#346 = DIRECTION('',(-2.22044604925E-16,-1.,0.));
#347 = ORIENTED_EDGE('',*,*,#172,.F.);
#348 = PLANE('',#349);
#349 = AXIS2_PLACEMENT_3D('',#350,#351,#352);
#350 = CARTESIAN_POINT('',(1.14,0.175,0.));
#351 = DIRECTION('',(0.,0.,1.));
#352 = DIRECTION('',(1.,-2.22044604925E-16,0.));
#353 = ADVANCED_FACE('',(#354),#371,.F.);
#354 = FACE_BOUND('',#355,.F.);
#355 = EDGE_LOOP('',(#356,#363,#364,#365));
#356 = ORIENTED_EDGE('',*,*,#357,.F.);
#357 = EDGE_CURVE('',#320,#358,#360,.T.);
#358 = VERTEX_POINT('',#359);
#359 = CARTESIAN_POINT('',(0.85,0.53,0.675));
#360 = B_SPLINE_CURVE_WITH_KNOTS('',1,(#361,#362),.UNSPECIFIED.,.F.,.F.,
  (2,2),(0.,1.),.PIECEWISE_BEZIER_KNOTS.);
#361 = CARTESIAN_POINT('',(0.85,0.53,0.525));
#362 = CARTESIAN_POINT('',(0.85,0.53,0.675));
#363 = ORIENTED_EDGE('',*,*,#319,.T.);
#364 = ORIENTED_EDGE('',*,*,#161,.T.);
#365 = ORIENTED_EDGE('',*,*,#366,.F.);
#366 = EDGE_CURVE('',#358,#162,#367,.T.);
#367 = LINE('',#368,#369);
#368 = CARTESIAN_POINT('',(0.85,0.53,0.675));
#369 = VECTOR('',#370,1.);
#370 = DIRECTION('',(0.,-1.,0.));
#371 = PLANE('',#372);
#372 = AXIS2_PLACEMENT_3D('',#373,#374,#375);
#373 = CARTESIAN_POINT('',(0.85,0.53,0.675));
#374 = DIRECTION('',(-1.,0.,0.));
#375 = DIRECTION('',(0.,-1.,0.));
#376 = ADVANCED_FACE('',(#377),#393,.T.);
#377 = FACE_BOUND('',#378,.T.);
#378 = EDGE_LOOP('',(#379,#380,#386,#387));
#379 = ORIENTED_EDGE('',*,*,#213,.T.);
#380 = ORIENTED_EDGE('',*,*,#381,.T.);
#381 = EDGE_CURVE('',#162,#229,#382,.T.);
#382 = LINE('',#383,#384);
#383 = CARTESIAN_POINT('',(0.85,0.175,0.675));
#384 = VECTOR('',#385,1.);
#385 = DIRECTION('',(-2.22044604925E-16,-1.,0.));
#386 = ORIENTED_EDGE('',*,*,#280,.F.);
#387 = ORIENTED_EDGE('',*,*,#388,.F.);
#388 = EDGE_CURVE('',#206,#273,#389,.T.);
#389 = LINE('',#390,#391);
#390 = CARTESIAN_POINT('',(1.07,0.175,0.455));
#391 = VECTOR('',#392,1.);
#392 = DIRECTION('',(-2.22044604925E-16,-1.,0.));
#393 = CYLINDRICAL_SURFACE('',#394,0.22);
#394 = AXIS2_PLACEMENT_3D('',#395,#396,#397);
#395 = CARTESIAN_POINT('',(0.85,0.175,0.455));
#396 = DIRECTION('',(2.22044604925E-16,1.,-0.));
#397 = DIRECTION('',(1.,-2.22044604925E-16,-7.569702440626E-16));
#398 = ADVANCED_FACE('',(#399),#410,.F.);
#399 = FACE_BOUND('',#400,.F.);
#400 = EDGE_LOOP('',(#401,#407,#408,#409));
#401 = ORIENTED_EDGE('',*,*,#402,.T.);
#402 = EDGE_CURVE('',#197,#264,#403,.T.);
#403 = LINE('',#404,#405);
#404 = CARTESIAN_POINT('',(1.07,0.175,0.22));
#405 = VECTOR('',#406,1.);
#406 = DIRECTION('',(-2.22044604925E-16,-1.,0.));
#407 = ORIENTED_EDGE('',*,*,#272,.T.);
#408 = ORIENTED_EDGE('',*,*,#388,.F.);
#409 = ORIENTED_EDGE('',*,*,#205,.F.);
#410 = PLANE('',#411);
#411 = AXIS2_PLACEMENT_3D('',#412,#413,#414);
#412 = CARTESIAN_POINT('',(1.07,0.175,0.22));
#413 = DIRECTION('',(-1.,2.22044604925E-16,0.));
#414 = DIRECTION('',(0.,0.,1.));
#415 = ADVANCED_FACE('',(#416),#427,.F.);
#416 = FACE_BOUND('',#417,.F.);
#417 = EDGE_LOOP('',(#418,#424,#425,#426));
#418 = ORIENTED_EDGE('',*,*,#419,.T.);
#419 = EDGE_CURVE('',#189,#256,#420,.T.);
#420 = LINE('',#421,#422);
#421 = CARTESIAN_POINT('',(1.14,0.175,0.15));
#422 = VECTOR('',#423,1.);
#423 = DIRECTION('',(-2.22044604925E-16,-1.,0.));
#424 = ORIENTED_EDGE('',*,*,#263,.T.);
#425 = ORIENTED_EDGE('',*,*,#402,.F.);
#426 = ORIENTED_EDGE('',*,*,#196,.F.);
#427 = CYLINDRICAL_SURFACE('',#428,7.E-02);
#428 = AXIS2_PLACEMENT_3D('',#429,#430,#431);
#429 = CARTESIAN_POINT('',(1.14,0.175,0.22));
#430 = DIRECTION('',(2.22044604925E-16,1.,0.));
#431 = DIRECTION('',(-1.586032892322E-15,3.521700469737E-31,-1.));
#432 = ADVANCED_FACE('',(#433),#444,.F.);
#433 = FACE_BOUND('',#434,.F.);
#434 = EDGE_LOOP('',(#435,#441,#442,#443));
#435 = ORIENTED_EDGE('',*,*,#436,.T.);
#436 = EDGE_CURVE('',#181,#248,#437,.T.);
#437 = LINE('',#438,#439);
#438 = CARTESIAN_POINT('',(1.25,0.175,0.15));
#439 = VECTOR('',#440,1.);
#440 = DIRECTION('',(-2.22044604925E-16,-1.,0.));
#441 = ORIENTED_EDGE('',*,*,#255,.T.);
#442 = ORIENTED_EDGE('',*,*,#419,.F.);
#443 = ORIENTED_EDGE('',*,*,#188,.F.);
#444 = PLANE('',#445);
#445 = AXIS2_PLACEMENT_3D('',#446,#447,#448);
#446 = CARTESIAN_POINT('',(1.25,0.175,0.15));
#447 = DIRECTION('',(0.,-0.,-1.));
#448 = DIRECTION('',(-1.,2.22044604925E-16,-0.));
#449 = ADVANCED_FACE('',(#450),#456,.F.);
#450 = FACE_BOUND('',#451,.F.);
#451 = EDGE_LOOP('',(#452,#453,#454,#455));
#452 = ORIENTED_EDGE('',*,*,#342,.T.);
#453 = ORIENTED_EDGE('',*,*,#247,.T.);
#454 = ORIENTED_EDGE('',*,*,#436,.F.);
#455 = ORIENTED_EDGE('',*,*,#180,.F.);
#456 = PLANE('',#457);
#457 = AXIS2_PLACEMENT_3D('',#458,#459,#460);
#458 = CARTESIAN_POINT('',(1.25,0.175,0.));
#459 = DIRECTION('',(-1.,2.22044604925E-16,0.));
#460 = DIRECTION('',(0.,0.,1.));
#461 = ADVANCED_FACE('',(#462),#479,.F.);
#462 = FACE_BOUND('',#463,.F.);
#463 = EDGE_LOOP('',(#464,#465,#466,#473));
#464 = ORIENTED_EDGE('',*,*,#228,.F.);
#465 = ORIENTED_EDGE('',*,*,#312,.T.);
#466 = ORIENTED_EDGE('',*,*,#467,.T.);
#467 = EDGE_CURVE('',#306,#468,#470,.T.);
#468 = VERTEX_POINT('',#469);
#469 = CARTESIAN_POINT('',(0.85,-0.53,0.675));
#470 = B_SPLINE_CURVE_WITH_KNOTS('',1,(#471,#472),.UNSPECIFIED.,.F.,.F.,
  (2,2),(0.,1.),.PIECEWISE_BEZIER_KNOTS.);
#471 = CARTESIAN_POINT('',(0.85,-0.53,0.525));
#472 = CARTESIAN_POINT('',(0.85,-0.53,0.675));
#473 = ORIENTED_EDGE('',*,*,#474,.F.);
#474 = EDGE_CURVE('',#229,#468,#475,.T.);
#475 = LINE('',#476,#477);
#476 = CARTESIAN_POINT('',(0.85,0.53,0.675));
#477 = VECTOR('',#478,1.);
#478 = DIRECTION('',(0.,-1.,0.));
#479 = PLANE('',#480);
#480 = AXIS2_PLACEMENT_3D('',#481,#482,#483);
#481 = CARTESIAN_POINT('',(0.85,0.53,0.675));
#482 = DIRECTION('',(-1.,0.,0.));
#483 = DIRECTION('',(0.,-1.,0.));
#484 = ADVANCED_FACE('',(#485),#542,.F.);
#485 = FACE_BOUND('',#486,.T.);
#486 = EDGE_LOOP('',(#487,#497,#505,#513,#519,#520,#528,#536));
#487 = ORIENTED_EDGE('',*,*,#488,.T.);
#488 = EDGE_CURVE('',#489,#491,#493,.T.);
#489 = VERTEX_POINT('',#490);
#490 = CARTESIAN_POINT('',(-0.790270145251,-0.500135072626,0.1));
#491 = VERTEX_POINT('',#492);
#492 = CARTESIAN_POINT('',(-0.790270145251,0.500135072626,0.1));
#493 = LINE('',#494,#495);
#494 = CARTESIAN_POINT('',(-0.790270145251,-0.500135072626,0.1));
#495 = VECTOR('',#496,1.);
#496 = DIRECTION('',(0.,1.,0.));
#497 = ORIENTED_EDGE('',*,*,#498,.T.);
#498 = EDGE_CURVE('',#491,#499,#501,.T.);
#499 = VERTEX_POINT('',#500);
#500 = CARTESIAN_POINT('',(-0.725135072626,0.565270145251,0.1));
#501 = LINE('',#502,#503);
#502 = CARTESIAN_POINT('',(-0.790270145251,0.500135072626,0.1));
#503 = VECTOR('',#504,1.);
#504 = DIRECTION('',(0.707106781187,0.707106781187,0.));
#505 = ORIENTED_EDGE('',*,*,#506,.T.);
#506 = EDGE_CURVE('',#499,#507,#509,.T.);
#507 = VERTEX_POINT('',#508);
#508 = CARTESIAN_POINT('',(0.725135072626,0.565270145251,0.1));
#509 = LINE('',#510,#511);
#510 = CARTESIAN_POINT('',(-0.725135072626,0.565270145251,0.1));
#511 = VECTOR('',#512,1.);
#512 = DIRECTION('',(1.,0.,0.));
#513 = ORIENTED_EDGE('',*,*,#514,.T.);
#514 = EDGE_CURVE('',#507,#296,#515,.T.);
#515 = LINE('',#516,#517);
#516 = CARTESIAN_POINT('',(0.725135072626,0.565270145251,0.1));
#517 = VECTOR('',#518,1.);
#518 = DIRECTION('',(0.707106781187,-0.707106781187,0.));
#519 = ORIENTED_EDGE('',*,*,#295,.T.);
#520 = ORIENTED_EDGE('',*,*,#521,.T.);
#521 = EDGE_CURVE('',#298,#522,#524,.T.);
#522 = VERTEX_POINT('',#523);
#523 = CARTESIAN_POINT('',(0.725135072626,-0.565270145251,0.1));
#524 = LINE('',#525,#526);
#525 = CARTESIAN_POINT('',(0.790270145251,-0.500135072626,0.1));
#526 = VECTOR('',#527,1.);
#527 = DIRECTION('',(-0.707106781187,-0.707106781187,0.));
#528 = ORIENTED_EDGE('',*,*,#529,.T.);
#529 = EDGE_CURVE('',#522,#530,#532,.T.);
#530 = VERTEX_POINT('',#531);
#531 = CARTESIAN_POINT('',(-0.725135072626,-0.565270145251,0.1));
#532 = LINE('',#533,#534);
#533 = CARTESIAN_POINT('',(0.725135072626,-0.565270145251,0.1));
#534 = VECTOR('',#535,1.);
#535 = DIRECTION('',(-1.,0.,0.));
#536 = ORIENTED_EDGE('',*,*,#537,.T.);
#537 = EDGE_CURVE('',#530,#489,#538,.T.);
#538 = LINE('',#539,#540);
#539 = CARTESIAN_POINT('',(-0.725135072626,-0.565270145251,0.1));
#540 = VECTOR('',#541,1.);
#541 = DIRECTION('',(-0.707106781187,0.707106781187,0.));
#542 = PLANE('',#543);
#543 = AXIS2_PLACEMENT_3D('',#544,#545,#546);
#544 = CARTESIAN_POINT('',(-0.790270145251,-0.500135072626,0.1));
#545 = DIRECTION('',(0.,0.,1.));
#546 = DIRECTION('',(0.844997546083,0.534770181587,-0.));
#547 = ADVANCED_FACE('',(#548),#565,.F.);
#548 = FACE_BOUND('',#549,.F.);
#549 = EDGE_LOOP('',(#550,#551,#552,#560));
#550 = ORIENTED_EDGE('',*,*,#514,.T.);
#551 = ORIENTED_EDGE('',*,*,#327,.T.);
#552 = ORIENTED_EDGE('',*,*,#553,.F.);
#553 = EDGE_CURVE('',#554,#320,#556,.T.);
#554 = VERTEX_POINT('',#555);
#555 = CARTESIAN_POINT('',(0.755,0.625,0.525));
#556 = LINE('',#557,#558);
#557 = CARTESIAN_POINT('',(0.755,0.625,0.525));
#558 = VECTOR('',#559,1.);
#559 = DIRECTION('',(0.707106781187,-0.707106781187,0.));
#560 = ORIENTED_EDGE('',*,*,#561,.F.);
#561 = EDGE_CURVE('',#507,#554,#562,.T.);
#562 = B_SPLINE_CURVE_WITH_KNOTS('',1,(#563,#564),.UNSPECIFIED.,.F.,.F.,
  (2,2),(0.,1.),.PIECEWISE_BEZIER_KNOTS.);
#563 = CARTESIAN_POINT('',(0.725135072626,0.565270145251,0.1));
#564 = CARTESIAN_POINT('',(0.755,0.625,0.525));
#565 = B_SPLINE_SURFACE_WITH_KNOTS('',1,1,(
    (#566,#567)
    ,(#568,#569
    )),.UNSPECIFIED.,.F.,.F.,.F.,(2,2),(2,2),(0.,0.134350288425),(0.,1.)
  ,.PIECEWISE_BEZIER_KNOTS.);
#566 = CARTESIAN_POINT('',(0.725135072626,0.565270145251,0.1));
#567 = CARTESIAN_POINT('',(0.755,0.625,0.525));
#568 = CARTESIAN_POINT('',(0.790270145251,0.500135072626,0.1));
#569 = CARTESIAN_POINT('',(0.85,0.53,0.525));
#570 = ADVANCED_FACE('',(#571),#588,.F.);
#571 = FACE_BOUND('',#572,.F.);
#572 = EDGE_LOOP('',(#573,#574,#581,#587));
#573 = ORIENTED_EDGE('',*,*,#521,.T.);
#574 = ORIENTED_EDGE('',*,*,#575,.T.);
#575 = EDGE_CURVE('',#522,#576,#578,.T.);
#576 = VERTEX_POINT('',#577);
#577 = CARTESIAN_POINT('',(0.755,-0.625,0.525));
#578 = B_SPLINE_CURVE_WITH_KNOTS('',1,(#579,#580),.UNSPECIFIED.,.F.,.F.,
  (2,2),(0.,1.),.PIECEWISE_BEZIER_KNOTS.);
#579 = CARTESIAN_POINT('',(0.725135072626,-0.565270145251,0.1));
#580 = CARTESIAN_POINT('',(0.755,-0.625,0.525));
#581 = ORIENTED_EDGE('',*,*,#582,.F.);
#582 = EDGE_CURVE('',#306,#576,#583,.T.);
#583 = LINE('',#584,#585);
#584 = CARTESIAN_POINT('',(0.85,-0.53,0.525));
#585 = VECTOR('',#586,1.);
#586 = DIRECTION('',(-0.707106781187,-0.707106781187,0.));
#587 = ORIENTED_EDGE('',*,*,#305,.F.);
#588 = B_SPLINE_SURFACE_WITH_KNOTS('',1,1,(
    (#589,#590)
    ,(#591,#592
    )),.UNSPECIFIED.,.F.,.F.,.F.,(2,2),(2,2),(0.,0.134350288425),(0.,1.)
  ,.PIECEWISE_BEZIER_KNOTS.);
#589 = CARTESIAN_POINT('',(0.790270145251,-0.500135072626,0.1));
#590 = CARTESIAN_POINT('',(0.85,-0.53,0.525));
#591 = CARTESIAN_POINT('',(0.725135072626,-0.565270145251,0.1));
#592 = CARTESIAN_POINT('',(0.755,-0.625,0.525));
#593 = ADVANCED_FACE('',(#594),#611,.F.);
#594 = FACE_BOUND('',#595,.F.);
#595 = EDGE_LOOP('',(#596,#597,#598,#606));
#596 = ORIENTED_EDGE('',*,*,#553,.T.);
#597 = ORIENTED_EDGE('',*,*,#357,.T.);
#598 = ORIENTED_EDGE('',*,*,#599,.F.);
#599 = EDGE_CURVE('',#600,#358,#602,.T.);
#600 = VERTEX_POINT('',#601);
#601 = CARTESIAN_POINT('',(0.755,0.625,0.675));
#602 = LINE('',#603,#604);
#603 = CARTESIAN_POINT('',(0.755,0.625,0.675));
#604 = VECTOR('',#605,1.);
#605 = DIRECTION('',(0.707106781187,-0.707106781187,0.));
#606 = ORIENTED_EDGE('',*,*,#607,.F.);
#607 = EDGE_CURVE('',#554,#600,#608,.T.);
#608 = B_SPLINE_CURVE_WITH_KNOTS('',1,(#609,#610),.UNSPECIFIED.,.F.,.F.,
  (2,2),(0.,1.),.PIECEWISE_BEZIER_KNOTS.);
#609 = CARTESIAN_POINT('',(0.755,0.625,0.525));
#610 = CARTESIAN_POINT('',(0.755,0.625,0.675));
#611 = PLANE('',#612);
#612 = AXIS2_PLACEMENT_3D('',#613,#614,#615);
#613 = CARTESIAN_POINT('',(0.755,0.625,0.675));
#614 = DIRECTION('',(-0.707106781187,-0.707106781187,0.));
#615 = DIRECTION('',(0.707106781187,-0.707106781187,0.));
#616 = ADVANCED_FACE('',(#617),#641,.F.);
#617 = FACE_BOUND('',#618,.F.);
#618 = EDGE_LOOP('',(#619,#626,#627,#635));
#619 = ORIENTED_EDGE('',*,*,#620,.F.);
#620 = EDGE_CURVE('',#358,#621,#623,.T.);
#621 = VERTEX_POINT('',#622);
#622 = CARTESIAN_POINT('',(0.825,0.5175,0.675));
#623 = B_SPLINE_CURVE_WITH_KNOTS('',1,(#624,#625),.UNSPECIFIED.,.F.,.F.,
  (2,2),(0.,1.),.PIECEWISE_BEZIER_KNOTS.);
#624 = CARTESIAN_POINT('',(0.85,0.53,0.675));
#625 = CARTESIAN_POINT('',(0.825,0.5175,0.675));
#626 = ORIENTED_EDGE('',*,*,#366,.T.);
#627 = ORIENTED_EDGE('',*,*,#628,.T.);
#628 = EDGE_CURVE('',#162,#629,#631,.T.);
#629 = VERTEX_POINT('',#630);
#630 = CARTESIAN_POINT('',(0.825,0.175,0.675));
#631 = LINE('',#632,#633);
#632 = CARTESIAN_POINT('',(0.85,0.175,0.675));
#633 = VECTOR('',#634,1.);
#634 = DIRECTION('',(-1.,2.22044604925E-16,0.));
#635 = ORIENTED_EDGE('',*,*,#636,.F.);
#636 = EDGE_CURVE('',#621,#629,#637,.T.);
#637 = LINE('',#638,#639);
#638 = CARTESIAN_POINT('',(0.825,0.5175,0.675));
#639 = VECTOR('',#640,1.);
#640 = DIRECTION('',(0.,-1.,0.));
#641 = B_SPLINE_SURFACE_WITH_KNOTS('',1,1,(
    (#642,#643)
    ,(#644,#645
    )),.UNSPECIFIED.,.F.,.F.,.F.,(2,2),(2,2),(0.,1.06),(0.,1.),
  .PIECEWISE_BEZIER_KNOTS.);
#642 = CARTESIAN_POINT('',(0.85,0.53,0.675));
#643 = CARTESIAN_POINT('',(0.825,0.5175,0.675));
#644 = CARTESIAN_POINT('',(0.85,-0.53,0.675));
#645 = CARTESIAN_POINT('',(0.825,-0.5175,0.675));
#646 = ADVANCED_FACE('',(#647),#665,.F.);
#647 = FACE_BOUND('',#648,.F.);
#648 = EDGE_LOOP('',(#649,#650,#651,#659));
#649 = ORIENTED_EDGE('',*,*,#628,.F.);
#650 = ORIENTED_EDGE('',*,*,#381,.T.);
#651 = ORIENTED_EDGE('',*,*,#652,.T.);
#652 = EDGE_CURVE('',#229,#653,#655,.T.);
#653 = VERTEX_POINT('',#654);
#654 = CARTESIAN_POINT('',(0.825,-0.175,0.675));
#655 = LINE('',#656,#657);
#656 = CARTESIAN_POINT('',(0.85,-0.175,0.675));
#657 = VECTOR('',#658,1.);
#658 = DIRECTION('',(-1.,2.22044604925E-16,0.));
#659 = ORIENTED_EDGE('',*,*,#660,.F.);
#660 = EDGE_CURVE('',#629,#653,#661,.T.);
#661 = LINE('',#662,#663);
#662 = CARTESIAN_POINT('',(0.825,0.5175,0.675));
#663 = VECTOR('',#664,1.);
#664 = DIRECTION('',(0.,-1.,0.));
#665 = PLANE('',#666);
#666 = AXIS2_PLACEMENT_3D('',#667,#668,#669);
#667 = CARTESIAN_POINT('',(0.85,0.175,0.675));
#668 = DIRECTION('',(0.,-0.,-1.));
#669 = DIRECTION('',(-1.,2.22044604925E-16,-0.));
#670 = ADVANCED_FACE('',(#671),#688,.F.);
#671 = FACE_BOUND('',#672,.F.);
#672 = EDGE_LOOP('',(#673,#674,#675,#682));
#673 = ORIENTED_EDGE('',*,*,#652,.F.);
#674 = ORIENTED_EDGE('',*,*,#474,.T.);
#675 = ORIENTED_EDGE('',*,*,#676,.T.);
#676 = EDGE_CURVE('',#468,#677,#679,.T.);
#677 = VERTEX_POINT('',#678);
#678 = CARTESIAN_POINT('',(0.825,-0.5175,0.675));
#679 = B_SPLINE_CURVE_WITH_KNOTS('',1,(#680,#681),.UNSPECIFIED.,.F.,.F.,
  (2,2),(0.,1.),.PIECEWISE_BEZIER_KNOTS.);
#680 = CARTESIAN_POINT('',(0.85,-0.53,0.675));
#681 = CARTESIAN_POINT('',(0.825,-0.5175,0.675));
#682 = ORIENTED_EDGE('',*,*,#683,.F.);
#683 = EDGE_CURVE('',#653,#677,#684,.T.);
#684 = LINE('',#685,#686);
#685 = CARTESIAN_POINT('',(0.825,0.5175,0.675));
#686 = VECTOR('',#687,1.);
#687 = DIRECTION('',(0.,-1.,0.));
#688 = B_SPLINE_SURFACE_WITH_KNOTS('',1,1,(
    (#689,#690)
    ,(#691,#692
    )),.UNSPECIFIED.,.F.,.F.,.F.,(2,2),(2,2),(0.,1.06),(0.,1.),
  .PIECEWISE_BEZIER_KNOTS.);
#689 = CARTESIAN_POINT('',(0.85,0.53,0.675));
#690 = CARTESIAN_POINT('',(0.825,0.5175,0.675));
#691 = CARTESIAN_POINT('',(0.85,-0.53,0.675));
#692 = CARTESIAN_POINT('',(0.825,-0.5175,0.675));
#693 = ADVANCED_FACE('',(#694),#711,.F.);
#694 = FACE_BOUND('',#695,.F.);
#695 = EDGE_LOOP('',(#696,#697,#704,#710));
#696 = ORIENTED_EDGE('',*,*,#582,.T.);
#697 = ORIENTED_EDGE('',*,*,#698,.T.);
#698 = EDGE_CURVE('',#576,#699,#701,.T.);
#699 = VERTEX_POINT('',#700);
#700 = CARTESIAN_POINT('',(0.755,-0.625,0.675));
#701 = B_SPLINE_CURVE_WITH_KNOTS('',1,(#702,#703),.UNSPECIFIED.,.F.,.F.,
  (2,2),(0.,1.),.PIECEWISE_BEZIER_KNOTS.);
#702 = CARTESIAN_POINT('',(0.755,-0.625,0.525));
#703 = CARTESIAN_POINT('',(0.755,-0.625,0.675));
#704 = ORIENTED_EDGE('',*,*,#705,.F.);
#705 = EDGE_CURVE('',#468,#699,#706,.T.);
#706 = LINE('',#707,#708);
#707 = CARTESIAN_POINT('',(0.85,-0.53,0.675));
#708 = VECTOR('',#709,1.);
#709 = DIRECTION('',(-0.707106781187,-0.707106781187,0.));
#710 = ORIENTED_EDGE('',*,*,#467,.F.);
#711 = PLANE('',#712);
#712 = AXIS2_PLACEMENT_3D('',#713,#714,#715);
#713 = CARTESIAN_POINT('',(0.85,-0.53,0.675));
#714 = DIRECTION('',(-0.707106781187,0.707106781187,0.));
#715 = DIRECTION('',(-0.707106781187,-0.707106781187,0.));
#716 = ADVANCED_FACE('',(#717),#756,.F.);
#717 = FACE_BOUND('',#718,.F.);
#718 = EDGE_LOOP('',(#719,#720,#727,#735,#743,#751));
#719 = ORIENTED_EDGE('',*,*,#488,.T.);
#720 = ORIENTED_EDGE('',*,*,#721,.T.);
#721 = EDGE_CURVE('',#491,#722,#724,.T.);
#722 = VERTEX_POINT('',#723);
#723 = CARTESIAN_POINT('',(-0.85,0.53,0.525));
#724 = B_SPLINE_CURVE_WITH_KNOTS('',1,(#725,#726),.UNSPECIFIED.,.F.,.F.,
  (2,2),(0.,1.),.PIECEWISE_BEZIER_KNOTS.);
#725 = CARTESIAN_POINT('',(-0.790270145251,0.500135072626,0.1));
#726 = CARTESIAN_POINT('',(-0.85,0.53,0.525));
#727 = ORIENTED_EDGE('',*,*,#728,.F.);
#728 = EDGE_CURVE('',#729,#722,#731,.T.);
#729 = VERTEX_POINT('',#730);
#730 = CARTESIAN_POINT('',(-0.85,0.175,0.525));
#731 = LINE('',#732,#733);
#732 = CARTESIAN_POINT('',(-0.85,-0.53,0.525));
#733 = VECTOR('',#734,1.);
#734 = DIRECTION('',(0.,1.,0.));
#735 = ORIENTED_EDGE('',*,*,#736,.F.);
#736 = EDGE_CURVE('',#737,#729,#739,.T.);
#737 = VERTEX_POINT('',#738);
#738 = CARTESIAN_POINT('',(-0.85,-0.175,0.525));
#739 = LINE('',#740,#741);
#740 = CARTESIAN_POINT('',(-0.85,-0.175,0.525));
#741 = VECTOR('',#742,1.);
#742 = DIRECTION('',(1.110223024625E-16,1.,0.));
#743 = ORIENTED_EDGE('',*,*,#744,.F.);
#744 = EDGE_CURVE('',#745,#737,#747,.T.);
#745 = VERTEX_POINT('',#746);
#746 = CARTESIAN_POINT('',(-0.85,-0.53,0.525));
#747 = LINE('',#748,#749);
#748 = CARTESIAN_POINT('',(-0.85,-0.53,0.525));
#749 = VECTOR('',#750,1.);
#750 = DIRECTION('',(0.,1.,0.));
#751 = ORIENTED_EDGE('',*,*,#752,.F.);
#752 = EDGE_CURVE('',#489,#745,#753,.T.);
#753 = B_SPLINE_CURVE_WITH_KNOTS('',1,(#754,#755),.UNSPECIFIED.,.F.,.F.,
  (2,2),(0.,1.),.PIECEWISE_BEZIER_KNOTS.);
#754 = CARTESIAN_POINT('',(-0.790270145251,-0.500135072626,0.1));
#755 = CARTESIAN_POINT('',(-0.85,-0.53,0.525));
#756 = B_SPLINE_SURFACE_WITH_KNOTS('',1,1,(
    (#757,#758)
    ,(#759,#760
    )),.UNSPECIFIED.,.F.,.F.,.F.,(2,2),(2,2),(0.,1.06),(0.,1.),
  .PIECEWISE_BEZIER_KNOTS.);
#757 = CARTESIAN_POINT('',(-0.790270145251,-0.500135072626,0.1));
#758 = CARTESIAN_POINT('',(-0.85,-0.53,0.525));
#759 = CARTESIAN_POINT('',(-0.790270145251,0.500135072626,0.1));
#760 = CARTESIAN_POINT('',(-0.85,0.53,0.525));
#761 = ADVANCED_FACE('',(#762),#779,.F.);
#762 = FACE_BOUND('',#763,.F.);
#763 = EDGE_LOOP('',(#764,#765,#772,#778));
#764 = ORIENTED_EDGE('',*,*,#498,.T.);
#765 = ORIENTED_EDGE('',*,*,#766,.T.);
#766 = EDGE_CURVE('',#499,#767,#769,.T.);
#767 = VERTEX_POINT('',#768);
#768 = CARTESIAN_POINT('',(-0.755,0.625,0.525));
#769 = B_SPLINE_CURVE_WITH_KNOTS('',1,(#770,#771),.UNSPECIFIED.,.F.,.F.,
  (2,2),(0.,1.),.PIECEWISE_BEZIER_KNOTS.);
#770 = CARTESIAN_POINT('',(-0.725135072626,0.565270145251,0.1));
#771 = CARTESIAN_POINT('',(-0.755,0.625,0.525));
#772 = ORIENTED_EDGE('',*,*,#773,.F.);
#773 = EDGE_CURVE('',#722,#767,#774,.T.);
#774 = LINE('',#775,#776);
#775 = CARTESIAN_POINT('',(-0.85,0.53,0.525));
#776 = VECTOR('',#777,1.);
#777 = DIRECTION('',(0.707106781187,0.707106781187,0.));
#778 = ORIENTED_EDGE('',*,*,#721,.F.);
#779 = B_SPLINE_SURFACE_WITH_KNOTS('',1,1,(
    (#780,#781)
    ,(#782,#783
    )),.UNSPECIFIED.,.F.,.F.,.F.,(2,2),(2,2),(0.,0.134350288425),(0.,1.)
  ,.PIECEWISE_BEZIER_KNOTS.);
#780 = CARTESIAN_POINT('',(-0.790270145251,0.500135072626,0.1));
#781 = CARTESIAN_POINT('',(-0.85,0.53,0.525));
#782 = CARTESIAN_POINT('',(-0.725135072626,0.565270145251,0.1));
#783 = CARTESIAN_POINT('',(-0.755,0.625,0.525));
#784 = ADVANCED_FACE('',(#785),#796,.F.);
#785 = FACE_BOUND('',#786,.F.);
#786 = EDGE_LOOP('',(#787,#788,#789,#795));
#787 = ORIENTED_EDGE('',*,*,#506,.T.);
#788 = ORIENTED_EDGE('',*,*,#561,.T.);
#789 = ORIENTED_EDGE('',*,*,#790,.F.);
#790 = EDGE_CURVE('',#767,#554,#791,.T.);
#791 = LINE('',#792,#793);
#792 = CARTESIAN_POINT('',(-0.755,0.625,0.525));
#793 = VECTOR('',#794,1.);
#794 = DIRECTION('',(1.,0.,0.));
#795 = ORIENTED_EDGE('',*,*,#766,.F.);
#796 = B_SPLINE_SURFACE_WITH_KNOTS('',1,1,(
    (#797,#798)
    ,(#799,#800
    )),.UNSPECIFIED.,.F.,.F.,.F.,(2,2),(2,2),(0.,1.51),(0.,1.),
  .PIECEWISE_BEZIER_KNOTS.);
#797 = CARTESIAN_POINT('',(-0.725135072626,0.565270145251,0.1));
#798 = CARTESIAN_POINT('',(-0.755,0.625,0.525));
#799 = CARTESIAN_POINT('',(0.725135072626,0.565270145251,0.1));
#800 = CARTESIAN_POINT('',(0.755,0.625,0.525));
#801 = ADVANCED_FACE('',(#802),#819,.F.);
#802 = FACE_BOUND('',#803,.F.);
#803 = EDGE_LOOP('',(#804,#805,#812,#818));
#804 = ORIENTED_EDGE('',*,*,#529,.T.);
#805 = ORIENTED_EDGE('',*,*,#806,.T.);
#806 = EDGE_CURVE('',#530,#807,#809,.T.);
#807 = VERTEX_POINT('',#808);
#808 = CARTESIAN_POINT('',(-0.755,-0.625,0.525));
#809 = B_SPLINE_CURVE_WITH_KNOTS('',1,(#810,#811),.UNSPECIFIED.,.F.,.F.,
  (2,2),(0.,1.),.PIECEWISE_BEZIER_KNOTS.);
#810 = CARTESIAN_POINT('',(-0.725135072626,-0.565270145251,0.1));
#811 = CARTESIAN_POINT('',(-0.755,-0.625,0.525));
#812 = ORIENTED_EDGE('',*,*,#813,.F.);
#813 = EDGE_CURVE('',#576,#807,#814,.T.);
#814 = LINE('',#815,#816);
#815 = CARTESIAN_POINT('',(0.755,-0.625,0.525));
#816 = VECTOR('',#817,1.);
#817 = DIRECTION('',(-1.,0.,0.));
#818 = ORIENTED_EDGE('',*,*,#575,.F.);
#819 = B_SPLINE_SURFACE_WITH_KNOTS('',1,1,(
    (#820,#821)
    ,(#822,#823
    )),.UNSPECIFIED.,.F.,.F.,.F.,(2,2),(2,2),(0.,1.51),(0.,1.),
  .PIECEWISE_BEZIER_KNOTS.);
#820 = CARTESIAN_POINT('',(0.725135072626,-0.565270145251,0.1));
#821 = CARTESIAN_POINT('',(0.755,-0.625,0.525));
#822 = CARTESIAN_POINT('',(-0.725135072626,-0.565270145251,0.1));
#823 = CARTESIAN_POINT('',(-0.755,-0.625,0.525));
#824 = ADVANCED_FACE('',(#825),#836,.F.);
#825 = FACE_BOUND('',#826,.F.);
#826 = EDGE_LOOP('',(#827,#828,#829,#835));
#827 = ORIENTED_EDGE('',*,*,#537,.T.);
#828 = ORIENTED_EDGE('',*,*,#752,.T.);
#829 = ORIENTED_EDGE('',*,*,#830,.F.);
#830 = EDGE_CURVE('',#807,#745,#831,.T.);
#831 = LINE('',#832,#833);
#832 = CARTESIAN_POINT('',(-0.755,-0.625,0.525));
#833 = VECTOR('',#834,1.);
#834 = DIRECTION('',(-0.707106781187,0.707106781187,0.));
#835 = ORIENTED_EDGE('',*,*,#806,.F.);
#836 = B_SPLINE_SURFACE_WITH_KNOTS('',1,1,(
    (#837,#838)
    ,(#839,#840
    )),.UNSPECIFIED.,.F.,.F.,.F.,(2,2),(2,2),(0.,0.134350288425),(0.,1.)
  ,.PIECEWISE_BEZIER_KNOTS.);
#837 = CARTESIAN_POINT('',(-0.725135072626,-0.565270145251,0.1));
#838 = CARTESIAN_POINT('',(-0.755,-0.625,0.525));
#839 = CARTESIAN_POINT('',(-0.790270145251,-0.500135072626,0.1));
#840 = CARTESIAN_POINT('',(-0.85,-0.53,0.525));
#841 = ADVANCED_FACE('',(#842),#859,.F.);
#842 = FACE_BOUND('',#843,.F.);
#843 = EDGE_LOOP('',(#844,#845,#846,#854));
#844 = ORIENTED_EDGE('',*,*,#599,.T.);
#845 = ORIENTED_EDGE('',*,*,#620,.T.);
#846 = ORIENTED_EDGE('',*,*,#847,.F.);
#847 = EDGE_CURVE('',#848,#621,#850,.T.);
#848 = VERTEX_POINT('',#849);
#849 = CARTESIAN_POINT('',(0.7425,0.6,0.675));
#850 = LINE('',#851,#852);
#851 = CARTESIAN_POINT('',(0.7425,0.6,0.675));
#852 = VECTOR('',#853,1.);
#853 = DIRECTION('',(0.707106781187,-0.707106781187,0.));
#854 = ORIENTED_EDGE('',*,*,#855,.F.);
#855 = EDGE_CURVE('',#600,#848,#856,.T.);
#856 = B_SPLINE_CURVE_WITH_KNOTS('',1,(#857,#858),.UNSPECIFIED.,.F.,.F.,
  (2,2),(0.,1.),.PIECEWISE_BEZIER_KNOTS.);
#857 = CARTESIAN_POINT('',(0.755,0.625,0.675));
#858 = CARTESIAN_POINT('',(0.7425,0.6,0.675));
#859 = B_SPLINE_SURFACE_WITH_KNOTS('',1,1,(
    (#860,#861)
    ,(#862,#863
    )),.UNSPECIFIED.,.F.,.F.,.F.,(2,2),(2,2),(0.,0.134350288425),(0.,1.)
  ,.PIECEWISE_BEZIER_KNOTS.);
#860 = CARTESIAN_POINT('',(0.755,0.625,0.675));
#861 = CARTESIAN_POINT('',(0.7425,0.6,0.675));
#862 = CARTESIAN_POINT('',(0.85,0.53,0.675));
#863 = CARTESIAN_POINT('',(0.825,0.5175,0.675));
#864 = ADVANCED_FACE('',(#865),#882,.F.);
#865 = FACE_BOUND('',#866,.F.);
#866 = EDGE_LOOP('',(#867,#868,#869,#877));
#867 = ORIENTED_EDGE('',*,*,#790,.T.);
#868 = ORIENTED_EDGE('',*,*,#607,.T.);
#869 = ORIENTED_EDGE('',*,*,#870,.F.);
#870 = EDGE_CURVE('',#871,#600,#873,.T.);
#871 = VERTEX_POINT('',#872);
#872 = CARTESIAN_POINT('',(-0.755,0.625,0.675));
#873 = LINE('',#874,#875);
#874 = CARTESIAN_POINT('',(-0.755,0.625,0.675));
#875 = VECTOR('',#876,1.);
#876 = DIRECTION('',(1.,0.,0.));
#877 = ORIENTED_EDGE('',*,*,#878,.F.);
#878 = EDGE_CURVE('',#767,#871,#879,.T.);
#879 = B_SPLINE_CURVE_WITH_KNOTS('',1,(#880,#881),.UNSPECIFIED.,.F.,.F.,
  (2,2),(0.,1.),.PIECEWISE_BEZIER_KNOTS.);
#880 = CARTESIAN_POINT('',(-0.755,0.625,0.525));
#881 = CARTESIAN_POINT('',(-0.755,0.625,0.675));
#882 = PLANE('',#883);
#883 = AXIS2_PLACEMENT_3D('',#884,#885,#886);
#884 = CARTESIAN_POINT('',(-0.755,0.625,0.675));
#885 = DIRECTION('',(0.,-1.,0.));
#886 = DIRECTION('',(1.,0.,0.));
#887 = ADVANCED_FACE('',(#888),#913,.F.);
#888 = FACE_BOUND('',#889,.F.);
#889 = EDGE_LOOP('',(#890,#891,#892,#893,#900,#908));
#890 = ORIENTED_EDGE('',*,*,#636,.T.);
#891 = ORIENTED_EDGE('',*,*,#660,.T.);
#892 = ORIENTED_EDGE('',*,*,#683,.T.);
#893 = ORIENTED_EDGE('',*,*,#894,.T.);
#894 = EDGE_CURVE('',#677,#895,#897,.T.);
#895 = VERTEX_POINT('',#896);
#896 = CARTESIAN_POINT('',(0.765270145251,-0.487635072626,1.1));
#897 = B_SPLINE_CURVE_WITH_KNOTS('',1,(#898,#899),.UNSPECIFIED.,.F.,.F.,
  (2,2),(0.,1.),.PIECEWISE_BEZIER_KNOTS.);
#898 = CARTESIAN_POINT('',(0.825,-0.5175,0.675));
#899 = CARTESIAN_POINT('',(0.765270145251,-0.487635072626,1.1));
#900 = ORIENTED_EDGE('',*,*,#901,.F.);
#901 = EDGE_CURVE('',#902,#895,#904,.T.);
#902 = VERTEX_POINT('',#903);
#903 = CARTESIAN_POINT('',(0.765270145251,0.487635072626,1.1));
#904 = LINE('',#905,#906);
#905 = CARTESIAN_POINT('',(0.765270145251,0.487635072626,1.1));
#906 = VECTOR('',#907,1.);
#907 = DIRECTION('',(0.,-1.,0.));
#908 = ORIENTED_EDGE('',*,*,#909,.F.);
#909 = EDGE_CURVE('',#621,#902,#910,.T.);
#910 = B_SPLINE_CURVE_WITH_KNOTS('',1,(#911,#912),.UNSPECIFIED.,.F.,.F.,
  (2,2),(0.,1.),.PIECEWISE_BEZIER_KNOTS.);
#911 = CARTESIAN_POINT('',(0.825,0.5175,0.675));
#912 = CARTESIAN_POINT('',(0.765270145251,0.487635072626,1.1));
#913 = B_SPLINE_SURFACE_WITH_KNOTS('',1,1,(
    (#914,#915)
    ,(#916,#917
    )),.UNSPECIFIED.,.F.,.F.,.F.,(2,2),(2,2),(0.,1.035),(0.,1.),
  .PIECEWISE_BEZIER_KNOTS.);
#914 = CARTESIAN_POINT('',(0.825,0.5175,0.675));
#915 = CARTESIAN_POINT('',(0.765270145251,0.487635072626,1.1));
#916 = CARTESIAN_POINT('',(0.825,-0.5175,0.675));
#917 = CARTESIAN_POINT('',(0.765270145251,-0.487635072626,1.1));
#918 = ADVANCED_FACE('',(#919),#936,.F.);
#919 = FACE_BOUND('',#920,.F.);
#920 = EDGE_LOOP('',(#921,#922,#929,#935));
#921 = ORIENTED_EDGE('',*,*,#705,.T.);
#922 = ORIENTED_EDGE('',*,*,#923,.T.);
#923 = EDGE_CURVE('',#699,#924,#926,.T.);
#924 = VERTEX_POINT('',#925);
#925 = CARTESIAN_POINT('',(0.7425,-0.6,0.675));
#926 = B_SPLINE_CURVE_WITH_KNOTS('',1,(#927,#928),.UNSPECIFIED.,.F.,.F.,
  (2,2),(0.,1.),.PIECEWISE_BEZIER_KNOTS.);
#927 = CARTESIAN_POINT('',(0.755,-0.625,0.675));
#928 = CARTESIAN_POINT('',(0.7425,-0.6,0.675));
#929 = ORIENTED_EDGE('',*,*,#930,.F.);
#930 = EDGE_CURVE('',#677,#924,#931,.T.);
#931 = LINE('',#932,#933);
#932 = CARTESIAN_POINT('',(0.825,-0.5175,0.675));
#933 = VECTOR('',#934,1.);
#934 = DIRECTION('',(-0.707106781187,-0.707106781187,0.));
#935 = ORIENTED_EDGE('',*,*,#676,.F.);
#936 = B_SPLINE_SURFACE_WITH_KNOTS('',1,1,(
    (#937,#938)
    ,(#939,#940
    )),.UNSPECIFIED.,.F.,.F.,.F.,(2,2),(2,2),(0.,0.134350288425),(0.,1.)
  ,.PIECEWISE_BEZIER_KNOTS.);
#937 = CARTESIAN_POINT('',(0.85,-0.53,0.675));
#938 = CARTESIAN_POINT('',(0.825,-0.5175,0.675));
#939 = CARTESIAN_POINT('',(0.755,-0.625,0.675));
#940 = CARTESIAN_POINT('',(0.7425,-0.6,0.675));
#941 = ADVANCED_FACE('',(#942),#959,.F.);
#942 = FACE_BOUND('',#943,.F.);
#943 = EDGE_LOOP('',(#944,#945,#952,#958));
#944 = ORIENTED_EDGE('',*,*,#813,.T.);
#945 = ORIENTED_EDGE('',*,*,#946,.T.);
#946 = EDGE_CURVE('',#807,#947,#949,.T.);
#947 = VERTEX_POINT('',#948);
#948 = CARTESIAN_POINT('',(-0.755,-0.625,0.675));
#949 = B_SPLINE_CURVE_WITH_KNOTS('',1,(#950,#951),.UNSPECIFIED.,.F.,.F.,
  (2,2),(0.,1.),.PIECEWISE_BEZIER_KNOTS.);
#950 = CARTESIAN_POINT('',(-0.755,-0.625,0.525));
#951 = CARTESIAN_POINT('',(-0.755,-0.625,0.675));
#952 = ORIENTED_EDGE('',*,*,#953,.F.);
#953 = EDGE_CURVE('',#699,#947,#954,.T.);
#954 = LINE('',#955,#956);
#955 = CARTESIAN_POINT('',(0.755,-0.625,0.675));
#956 = VECTOR('',#957,1.);
#957 = DIRECTION('',(-1.,0.,0.));
#958 = ORIENTED_EDGE('',*,*,#698,.F.);
#959 = PLANE('',#960);
#960 = AXIS2_PLACEMENT_3D('',#961,#962,#963);
#961 = CARTESIAN_POINT('',(0.755,-0.625,0.675));
#962 = DIRECTION('',(0.,1.,0.));
#963 = DIRECTION('',(-1.,0.,0.));
#964 = ADVANCED_FACE('',(#965),#989,.F.);
#965 = FACE_BOUND('',#966,.F.);
#966 = EDGE_LOOP('',(#967,#974,#975,#983));
#967 = ORIENTED_EDGE('',*,*,#968,.F.);
#968 = EDGE_CURVE('',#745,#969,#971,.T.);
#969 = VERTEX_POINT('',#970);
#970 = CARTESIAN_POINT('',(-0.85,-0.53,0.675));
#971 = B_SPLINE_CURVE_WITH_KNOTS('',1,(#972,#973),.UNSPECIFIED.,.F.,.F.,
  (2,2),(0.,1.),.PIECEWISE_BEZIER_KNOTS.);
#972 = CARTESIAN_POINT('',(-0.85,-0.53,0.525));
#973 = CARTESIAN_POINT('',(-0.85,-0.53,0.675));
#974 = ORIENTED_EDGE('',*,*,#744,.T.);
#975 = ORIENTED_EDGE('',*,*,#976,.T.);
#976 = EDGE_CURVE('',#737,#977,#979,.T.);
#977 = VERTEX_POINT('',#978);
#978 = CARTESIAN_POINT('',(-0.85,-0.175,0.675));
#979 = LINE('',#980,#981);
#980 = CARTESIAN_POINT('',(-0.85,-0.175,0.498338171534));
#981 = VECTOR('',#982,1.);
#982 = DIRECTION('',(0.,0.,1.));
#983 = ORIENTED_EDGE('',*,*,#984,.F.);
#984 = EDGE_CURVE('',#969,#977,#985,.T.);
#985 = LINE('',#986,#987);
#986 = CARTESIAN_POINT('',(-0.85,-0.53,0.675));
#987 = VECTOR('',#988,1.);
#988 = DIRECTION('',(0.,1.,0.));
#989 = PLANE('',#990);
#990 = AXIS2_PLACEMENT_3D('',#991,#992,#993);
#991 = CARTESIAN_POINT('',(-0.85,-0.53,0.675));
#992 = DIRECTION('',(1.,0.,0.));
#993 = DIRECTION('',(-0.,1.,0.));
#994 = ADVANCED_FACE('',(#995),#1019,.F.);
#995 = FACE_BOUND('',#996,.F.);
#996 = EDGE_LOOP('',(#997,#1005,#1006,#1013));
#997 = ORIENTED_EDGE('',*,*,#998,.F.);
#998 = EDGE_CURVE('',#729,#999,#1001,.T.);
#999 = VERTEX_POINT('',#1000);
#1000 = CARTESIAN_POINT('',(-0.85,0.175,0.675));
#1001 = LINE('',#1002,#1003);
#1002 = CARTESIAN_POINT('',(-0.85,0.175,0.498338171534));
#1003 = VECTOR('',#1004,1.);
#1004 = DIRECTION('',(0.,0.,1.));
#1005 = ORIENTED_EDGE('',*,*,#728,.T.);
#1006 = ORIENTED_EDGE('',*,*,#1007,.T.);
#1007 = EDGE_CURVE('',#722,#1008,#1010,.T.);
#1008 = VERTEX_POINT('',#1009);
#1009 = CARTESIAN_POINT('',(-0.85,0.53,0.675));
#1010 = B_SPLINE_CURVE_WITH_KNOTS('',1,(#1011,#1012),.UNSPECIFIED.,.F.,
  .F.,(2,2),(0.,1.),.PIECEWISE_BEZIER_KNOTS.);
#1011 = CARTESIAN_POINT('',(-0.85,0.53,0.525));
#1012 = CARTESIAN_POINT('',(-0.85,0.53,0.675));
#1013 = ORIENTED_EDGE('',*,*,#1014,.F.);
#1014 = EDGE_CURVE('',#999,#1008,#1015,.T.);
#1015 = LINE('',#1016,#1017);
#1016 = CARTESIAN_POINT('',(-0.85,-0.53,0.675));
#1017 = VECTOR('',#1018,1.);
#1018 = DIRECTION('',(0.,1.,0.));
#1019 = PLANE('',#1020);
#1020 = AXIS2_PLACEMENT_3D('',#1021,#1022,#1023);
#1021 = CARTESIAN_POINT('',(-0.85,-0.53,0.675));
#1022 = DIRECTION('',(1.,0.,0.));
#1023 = DIRECTION('',(-0.,1.,0.));
#1024 = ADVANCED_FACE('',(#1025),#1052,.F.);
#1025 = FACE_BOUND('',#1026,.F.);
#1026 = EDGE_LOOP('',(#1027,#1028,#1037,#1045));
#1027 = ORIENTED_EDGE('',*,*,#736,.T.);
#1028 = ORIENTED_EDGE('',*,*,#1029,.T.);
#1029 = EDGE_CURVE('',#729,#1030,#1032,.T.);
#1030 = VERTEX_POINT('',#1031);
#1031 = CARTESIAN_POINT('',(-0.92,0.175,0.455));
#1032 = CIRCLE('',#1033,7.E-02);
#1033 = AXIS2_PLACEMENT_3D('',#1034,#1035,#1036);
#1034 = CARTESIAN_POINT('',(-0.85,0.175,0.455));
#1035 = DIRECTION('',(-1.110223024625E-16,-1.,0.));
#1036 = DIRECTION('',(0.,0.,1.));
#1037 = ORIENTED_EDGE('',*,*,#1038,.F.);
#1038 = EDGE_CURVE('',#1039,#1030,#1041,.T.);
#1039 = VERTEX_POINT('',#1040);
#1040 = CARTESIAN_POINT('',(-0.92,-0.175,0.455));
#1041 = LINE('',#1042,#1043);
#1042 = CARTESIAN_POINT('',(-0.92,-0.175,0.455));
#1043 = VECTOR('',#1044,1.);
#1044 = DIRECTION('',(1.110223024625E-16,1.,0.));
#1045 = ORIENTED_EDGE('',*,*,#1046,.F.);
#1046 = EDGE_CURVE('',#737,#1039,#1047,.T.);
#1047 = CIRCLE('',#1048,7.E-02);
#1048 = AXIS2_PLACEMENT_3D('',#1049,#1050,#1051);
#1049 = CARTESIAN_POINT('',(-0.85,-0.175,0.455));
#1050 = DIRECTION('',(-1.110223024625E-16,-1.,0.));
#1051 = DIRECTION('',(0.,0.,1.));
#1052 = CYLINDRICAL_SURFACE('',#1053,7.E-02);
#1053 = AXIS2_PLACEMENT_3D('',#1054,#1055,#1056);
#1054 = CARTESIAN_POINT('',(-0.85,-0.175,0.455));
#1055 = DIRECTION('',(-1.110223024625E-16,-1.,0.));
#1056 = DIRECTION('',(0.,0.,1.));
#1057 = ADVANCED_FACE('',(#1058),#1069,.F.);
#1058 = FACE_BOUND('',#1059,.F.);
#1059 = EDGE_LOOP('',(#1060,#1061,#1062,#1068));
#1060 = ORIENTED_EDGE('',*,*,#773,.T.);
#1061 = ORIENTED_EDGE('',*,*,#878,.T.);
#1062 = ORIENTED_EDGE('',*,*,#1063,.F.);
#1063 = EDGE_CURVE('',#1008,#871,#1064,.T.);
#1064 = LINE('',#1065,#1066);
#1065 = CARTESIAN_POINT('',(-0.85,0.53,0.675));
#1066 = VECTOR('',#1067,1.);
#1067 = DIRECTION('',(0.707106781187,0.707106781187,0.));
#1068 = ORIENTED_EDGE('',*,*,#1007,.F.);
#1069 = PLANE('',#1070);
#1070 = AXIS2_PLACEMENT_3D('',#1071,#1072,#1073);
#1071 = CARTESIAN_POINT('',(-0.85,0.53,0.675));
#1072 = DIRECTION('',(0.707106781187,-0.707106781187,0.));
#1073 = DIRECTION('',(0.707106781187,0.707106781187,0.));
#1074 = ADVANCED_FACE('',(#1075),#1086,.F.);
#1075 = FACE_BOUND('',#1076,.F.);
#1076 = EDGE_LOOP('',(#1077,#1078,#1079,#1085));
#1077 = ORIENTED_EDGE('',*,*,#830,.T.);
#1078 = ORIENTED_EDGE('',*,*,#968,.T.);
#1079 = ORIENTED_EDGE('',*,*,#1080,.F.);
#1080 = EDGE_CURVE('',#947,#969,#1081,.T.);
#1081 = LINE('',#1082,#1083);
#1082 = CARTESIAN_POINT('',(-0.755,-0.625,0.675));
#1083 = VECTOR('',#1084,1.);
#1084 = DIRECTION('',(-0.707106781187,0.707106781187,0.));
#1085 = ORIENTED_EDGE('',*,*,#946,.F.);
#1086 = PLANE('',#1087);
#1087 = AXIS2_PLACEMENT_3D('',#1088,#1089,#1090);
#1088 = CARTESIAN_POINT('',(-0.755,-0.625,0.675));
#1089 = DIRECTION('',(0.707106781187,0.707106781187,0.));
#1090 = DIRECTION('',(-0.707106781187,0.707106781187,0.));
#1091 = ADVANCED_FACE('',(#1092),#1109,.F.);
#1092 = FACE_BOUND('',#1093,.F.);
#1093 = EDGE_LOOP('',(#1094,#1095,#1096,#1104));
#1094 = ORIENTED_EDGE('',*,*,#847,.T.);
#1095 = ORIENTED_EDGE('',*,*,#909,.T.);
#1096 = ORIENTED_EDGE('',*,*,#1097,.F.);
#1097 = EDGE_CURVE('',#1098,#902,#1100,.T.);
#1098 = VERTEX_POINT('',#1099);
#1099 = CARTESIAN_POINT('',(0.712635072626,0.540270145251,1.1));
#1100 = LINE('',#1101,#1102);
#1101 = CARTESIAN_POINT('',(0.712635072626,0.540270145251,1.1));
#1102 = VECTOR('',#1103,1.);
#1103 = DIRECTION('',(0.707106781187,-0.707106781187,0.));
#1104 = ORIENTED_EDGE('',*,*,#1105,.F.);
#1105 = EDGE_CURVE('',#848,#1098,#1106,.T.);
#1106 = B_SPLINE_CURVE_WITH_KNOTS('',1,(#1107,#1108),.UNSPECIFIED.,.F.,
  .F.,(2,2),(0.,1.),.PIECEWISE_BEZIER_KNOTS.);
#1107 = CARTESIAN_POINT('',(0.7425,0.6,0.675));
#1108 = CARTESIAN_POINT('',(0.712635072626,0.540270145251,1.1));
#1109 = B_SPLINE_SURFACE_WITH_KNOTS('',1,1,(
    (#1110,#1111)
    ,(#1112,#1113
    )),.UNSPECIFIED.,.F.,.F.,.F.,(2,2),(2,2),(0.,0.116672618896),(0.,1.)
  ,.PIECEWISE_BEZIER_KNOTS.);
#1110 = CARTESIAN_POINT('',(0.7425,0.6,0.675));
#1111 = CARTESIAN_POINT('',(0.712635072626,0.540270145251,1.1));
#1112 = CARTESIAN_POINT('',(0.825,0.5175,0.675));
#1113 = CARTESIAN_POINT('',(0.765270145251,0.487635072626,1.1));
#1114 = ADVANCED_FACE('',(#1115),#1132,.F.);
#1115 = FACE_BOUND('',#1116,.F.);
#1116 = EDGE_LOOP('',(#1117,#1118,#1119,#1127));
#1117 = ORIENTED_EDGE('',*,*,#870,.T.);
#1118 = ORIENTED_EDGE('',*,*,#855,.T.);
#1119 = ORIENTED_EDGE('',*,*,#1120,.F.);
#1120 = EDGE_CURVE('',#1121,#848,#1123,.T.);
#1121 = VERTEX_POINT('',#1122);
#1122 = CARTESIAN_POINT('',(-0.7425,0.6,0.675));
#1123 = LINE('',#1124,#1125);
#1124 = CARTESIAN_POINT('',(-0.7425,0.6,0.675));
#1125 = VECTOR('',#1126,1.);
#1126 = DIRECTION('',(1.,0.,0.));
#1127 = ORIENTED_EDGE('',*,*,#1128,.F.);
#1128 = EDGE_CURVE('',#871,#1121,#1129,.T.);
#1129 = B_SPLINE_CURVE_WITH_KNOTS('',1,(#1130,#1131),.UNSPECIFIED.,.F.,
  .F.,(2,2),(0.,1.),.PIECEWISE_BEZIER_KNOTS.);
#1130 = CARTESIAN_POINT('',(-0.755,0.625,0.675));
#1131 = CARTESIAN_POINT('',(-0.7425,0.6,0.675));
#1132 = B_SPLINE_SURFACE_WITH_KNOTS('',1,1,(
    (#1133,#1134)
    ,(#1135,#1136
    )),.UNSPECIFIED.,.F.,.F.,.F.,(2,2),(2,2),(0.,1.51),(0.,1.),
  .PIECEWISE_BEZIER_KNOTS.);
#1133 = CARTESIAN_POINT('',(-0.755,0.625,0.675));
#1134 = CARTESIAN_POINT('',(-0.7425,0.6,0.675));
#1135 = CARTESIAN_POINT('',(0.755,0.625,0.675));
#1136 = CARTESIAN_POINT('',(0.7425,0.6,0.675));
#1137 = ADVANCED_FACE('',(#1138,#1188),#1222,.T.);
#1138 = FACE_BOUND('',#1139,.T.);
#1139 = EDGE_LOOP('',(#1140,#1150,#1158,#1166,#1172,#1173,#1174,#1182));
#1140 = ORIENTED_EDGE('',*,*,#1141,.F.);
#1141 = EDGE_CURVE('',#1142,#1144,#1146,.T.);
#1142 = VERTEX_POINT('',#1143);
#1143 = CARTESIAN_POINT('',(-0.765270145251,-0.487635072626,1.1));
#1144 = VERTEX_POINT('',#1145);
#1145 = CARTESIAN_POINT('',(-0.765270145251,0.487635072626,1.1));
#1146 = LINE('',#1147,#1148);
#1147 = CARTESIAN_POINT('',(-0.765270145251,-0.487635072626,1.1));
#1148 = VECTOR('',#1149,1.);
#1149 = DIRECTION('',(0.,1.,0.));
#1150 = ORIENTED_EDGE('',*,*,#1151,.F.);
#1151 = EDGE_CURVE('',#1152,#1142,#1154,.T.);
#1152 = VERTEX_POINT('',#1153);
#1153 = CARTESIAN_POINT('',(-0.712635072626,-0.540270145251,1.1));
#1154 = LINE('',#1155,#1156);
#1155 = CARTESIAN_POINT('',(-0.712635072626,-0.540270145251,1.1));
#1156 = VECTOR('',#1157,1.);
#1157 = DIRECTION('',(-0.707106781187,0.707106781187,0.));
#1158 = ORIENTED_EDGE('',*,*,#1159,.F.);
#1159 = EDGE_CURVE('',#1160,#1152,#1162,.T.);
#1160 = VERTEX_POINT('',#1161);
#1161 = CARTESIAN_POINT('',(0.712635072626,-0.540270145251,1.1));
#1162 = LINE('',#1163,#1164);
#1163 = CARTESIAN_POINT('',(0.712635072626,-0.540270145251,1.1));
#1164 = VECTOR('',#1165,1.);
#1165 = DIRECTION('',(-1.,0.,0.));
#1166 = ORIENTED_EDGE('',*,*,#1167,.F.);
#1167 = EDGE_CURVE('',#895,#1160,#1168,.T.);
#1168 = LINE('',#1169,#1170);
#1169 = CARTESIAN_POINT('',(0.765270145251,-0.487635072626,1.1));
#1170 = VECTOR('',#1171,1.);
#1171 = DIRECTION('',(-0.707106781187,-0.707106781187,0.));
#1172 = ORIENTED_EDGE('',*,*,#901,.F.);
#1173 = ORIENTED_EDGE('',*,*,#1097,.F.);
#1174 = ORIENTED_EDGE('',*,*,#1175,.F.);
#1175 = EDGE_CURVE('',#1176,#1098,#1178,.T.);
#1176 = VERTEX_POINT('',#1177);
#1177 = CARTESIAN_POINT('',(-0.712635072626,0.540270145251,1.1));
#1178 = LINE('',#1179,#1180);
#1179 = CARTESIAN_POINT('',(-0.712635072626,0.540270145251,1.1));
#1180 = VECTOR('',#1181,1.);
#1181 = DIRECTION('',(1.,0.,0.));
#1182 = ORIENTED_EDGE('',*,*,#1183,.F.);
#1183 = EDGE_CURVE('',#1144,#1176,#1184,.T.);
#1184 = LINE('',#1185,#1186);
#1185 = CARTESIAN_POINT('',(-0.765270145251,0.487635072626,1.1));
#1186 = VECTOR('',#1187,1.);
#1187 = DIRECTION('',(0.707106781187,0.707106781187,0.));
#1188 = FACE_BOUND('',#1189,.T.);
#1189 = EDGE_LOOP('',(#1190,#1200,#1208,#1216));
#1190 = ORIENTED_EDGE('',*,*,#1191,.T.);
#1191 = EDGE_CURVE('',#1192,#1194,#1196,.T.);
#1192 = VERTEX_POINT('',#1193);
#1193 = CARTESIAN_POINT('',(-0.315270145251,-0.490270145251,1.1));
#1194 = VERTEX_POINT('',#1195);
#1195 = CARTESIAN_POINT('',(-0.715270145251,-0.490270145251,1.1));
#1196 = LINE('',#1197,#1198);
#1197 = CARTESIAN_POINT('',(-0.740270145251,-0.490270145251,1.1));
#1198 = VECTOR('',#1199,1.);
#1199 = DIRECTION('',(-1.,0.,0.));
#1200 = ORIENTED_EDGE('',*,*,#1201,.T.);
#1201 = EDGE_CURVE('',#1194,#1202,#1204,.T.);
#1202 = VERTEX_POINT('',#1203);
#1203 = CARTESIAN_POINT('',(-0.715270145251,0.490270145251,1.1));
#1204 = LINE('',#1205,#1206);
#1205 = CARTESIAN_POINT('',(-0.715270145251,-0.488952608939,1.1));
#1206 = VECTOR('',#1207,1.);
#1207 = DIRECTION('',(0.,1.,0.));
#1208 = ORIENTED_EDGE('',*,*,#1209,.F.);
#1209 = EDGE_CURVE('',#1210,#1202,#1212,.T.);
#1210 = VERTEX_POINT('',#1211);
#1211 = CARTESIAN_POINT('',(-0.315270145251,0.490270145251,1.1));
#1212 = LINE('',#1213,#1214);
#1213 = CARTESIAN_POINT('',(-0.740270145251,0.490270145251,1.1));
#1214 = VECTOR('',#1215,1.);
#1215 = DIRECTION('',(-1.,0.,0.));
#1216 = ORIENTED_EDGE('',*,*,#1217,.F.);
#1217 = EDGE_CURVE('',#1192,#1210,#1218,.T.);
#1218 = LINE('',#1219,#1220);
#1219 = CARTESIAN_POINT('',(-0.315270145251,-0.488952608939,1.1));
#1220 = VECTOR('',#1221,1.);
#1221 = DIRECTION('',(0.,1.,0.));
#1222 = PLANE('',#1223);
#1223 = AXIS2_PLACEMENT_3D('',#1224,#1225,#1226);
#1224 = CARTESIAN_POINT('',(-0.765270145251,-0.487635072626,1.1));
#1225 = DIRECTION('',(0.,0.,1.));
#1226 = DIRECTION('',(0.84333939541,0.537381302382,-0.));
#1227 = ADVANCED_FACE('',(#1228),#1238,.F.);
#1228 = FACE_BOUND('',#1229,.F.);
#1229 = EDGE_LOOP('',(#1230,#1231,#1236,#1237));
#1230 = ORIENTED_EDGE('',*,*,#930,.T.);
#1231 = ORIENTED_EDGE('',*,*,#1232,.T.);
#1232 = EDGE_CURVE('',#924,#1160,#1233,.T.);
#1233 = B_SPLINE_CURVE_WITH_KNOTS('',1,(#1234,#1235),.UNSPECIFIED.,.F.,
  .F.,(2,2),(0.,1.),.PIECEWISE_BEZIER_KNOTS.);
#1234 = CARTESIAN_POINT('',(0.7425,-0.6,0.675));
#1235 = CARTESIAN_POINT('',(0.712635072626,-0.540270145251,1.1));
#1236 = ORIENTED_EDGE('',*,*,#1167,.F.);
#1237 = ORIENTED_EDGE('',*,*,#894,.F.);
#1238 = B_SPLINE_SURFACE_WITH_KNOTS('',1,1,(
    (#1239,#1240)
    ,(#1241,#1242
    )),.UNSPECIFIED.,.F.,.F.,.F.,(2,2),(2,2),(0.,0.116672618896),(0.,1.)
  ,.PIECEWISE_BEZIER_KNOTS.);
#1239 = CARTESIAN_POINT('',(0.825,-0.5175,0.675));
#1240 = CARTESIAN_POINT('',(0.765270145251,-0.487635072626,1.1));
#1241 = CARTESIAN_POINT('',(0.7425,-0.6,0.675));
#1242 = CARTESIAN_POINT('',(0.712635072626,-0.540270145251,1.1));
#1243 = ADVANCED_FACE('',(#1244),#1261,.F.);
#1244 = FACE_BOUND('',#1245,.F.);
#1245 = EDGE_LOOP('',(#1246,#1247,#1254,#1260));
#1246 = ORIENTED_EDGE('',*,*,#953,.T.);
#1247 = ORIENTED_EDGE('',*,*,#1248,.T.);
#1248 = EDGE_CURVE('',#947,#1249,#1251,.T.);
#1249 = VERTEX_POINT('',#1250);
#1250 = CARTESIAN_POINT('',(-0.7425,-0.6,0.675));
#1251 = B_SPLINE_CURVE_WITH_KNOTS('',1,(#1252,#1253),.UNSPECIFIED.,.F.,
  .F.,(2,2),(0.,1.),.PIECEWISE_BEZIER_KNOTS.);
#1252 = CARTESIAN_POINT('',(-0.755,-0.625,0.675));
#1253 = CARTESIAN_POINT('',(-0.7425,-0.6,0.675));
#1254 = ORIENTED_EDGE('',*,*,#1255,.F.);
#1255 = EDGE_CURVE('',#924,#1249,#1256,.T.);
#1256 = LINE('',#1257,#1258);
#1257 = CARTESIAN_POINT('',(0.7425,-0.6,0.675));
#1258 = VECTOR('',#1259,1.);
#1259 = DIRECTION('',(-1.,0.,0.));
#1260 = ORIENTED_EDGE('',*,*,#923,.F.);
#1261 = B_SPLINE_SURFACE_WITH_KNOTS('',1,1,(
    (#1262,#1263)
    ,(#1264,#1265
    )),.UNSPECIFIED.,.F.,.F.,.F.,(2,2),(2,2),(0.,1.51),(0.,1.),
  .PIECEWISE_BEZIER_KNOTS.);
#1262 = CARTESIAN_POINT('',(0.755,-0.625,0.675));
#1263 = CARTESIAN_POINT('',(0.7425,-0.6,0.675));
#1264 = CARTESIAN_POINT('',(-0.755,-0.625,0.675));
#1265 = CARTESIAN_POINT('',(-0.7425,-0.6,0.675));
#1266 = ADVANCED_FACE('',(#1267),#1291,.F.);
#1267 = FACE_BOUND('',#1268,.F.);
#1268 = EDGE_LOOP('',(#1269,#1276,#1277,#1285));
#1269 = ORIENTED_EDGE('',*,*,#1270,.F.);
#1270 = EDGE_CURVE('',#969,#1271,#1273,.T.);
#1271 = VERTEX_POINT('',#1272);
#1272 = CARTESIAN_POINT('',(-0.825,-0.5175,0.675));
#1273 = B_SPLINE_CURVE_WITH_KNOTS('',1,(#1274,#1275),.UNSPECIFIED.,.F.,
  .F.,(2,2),(0.,1.),.PIECEWISE_BEZIER_KNOTS.);
#1274 = CARTESIAN_POINT('',(-0.85,-0.53,0.675));
#1275 = CARTESIAN_POINT('',(-0.825,-0.5175,0.675));
#1276 = ORIENTED_EDGE('',*,*,#984,.T.);
#1277 = ORIENTED_EDGE('',*,*,#1278,.T.);
#1278 = EDGE_CURVE('',#977,#1279,#1281,.T.);
#1279 = VERTEX_POINT('',#1280);
#1280 = CARTESIAN_POINT('',(-0.825,-0.175,0.675));
#1281 = LINE('',#1282,#1283);
#1282 = CARTESIAN_POINT('',(-0.85,-0.175,0.675));
#1283 = VECTOR('',#1284,1.);
#1284 = DIRECTION('',(1.,-1.110223024625E-16,0.));
#1285 = ORIENTED_EDGE('',*,*,#1286,.F.);
#1286 = EDGE_CURVE('',#1271,#1279,#1287,.T.);
#1287 = LINE('',#1288,#1289);
#1288 = CARTESIAN_POINT('',(-0.825,-0.5175,0.675));
#1289 = VECTOR('',#1290,1.);
#1290 = DIRECTION('',(0.,1.,0.));
#1291 = B_SPLINE_SURFACE_WITH_KNOTS('',1,1,(
    (#1292,#1293)
    ,(#1294,#1295
    )),.UNSPECIFIED.,.F.,.F.,.F.,(2,2),(2,2),(0.,1.06),(0.,1.),
  .PIECEWISE_BEZIER_KNOTS.);
#1292 = CARTESIAN_POINT('',(-0.85,-0.53,0.675));
#1293 = CARTESIAN_POINT('',(-0.825,-0.5175,0.675));
#1294 = CARTESIAN_POINT('',(-0.85,0.53,0.675));
#1295 = CARTESIAN_POINT('',(-0.825,0.5175,0.675));
#1296 = ADVANCED_FACE('',(#1297),#1366,.F.);
#1297 = FACE_BOUND('',#1298,.F.);
#1298 = EDGE_LOOP('',(#1299,#1300,#1301,#1309,#1318,#1326,#1334,#1342,
    #1351,#1359));
#1299 = ORIENTED_EDGE('',*,*,#976,.F.);
#1300 = ORIENTED_EDGE('',*,*,#1046,.T.);
#1301 = ORIENTED_EDGE('',*,*,#1302,.T.);
#1302 = EDGE_CURVE('',#1039,#1303,#1305,.T.);
#1303 = VERTEX_POINT('',#1304);
#1304 = CARTESIAN_POINT('',(-0.92,-0.175,0.22));
#1305 = LINE('',#1306,#1307);
#1306 = CARTESIAN_POINT('',(-0.92,-0.175,0.455));
#1307 = VECTOR('',#1308,1.);
#1308 = DIRECTION('',(0.,0.,-1.));
#1309 = ORIENTED_EDGE('',*,*,#1310,.T.);
#1310 = EDGE_CURVE('',#1303,#1311,#1313,.T.);
#1311 = VERTEX_POINT('',#1312);
#1312 = CARTESIAN_POINT('',(-1.14,-0.175,0.));
#1313 = CIRCLE('',#1314,0.22);
#1314 = AXIS2_PLACEMENT_3D('',#1315,#1316,#1317);
#1315 = CARTESIAN_POINT('',(-1.14,-0.175,0.22));
#1316 = DIRECTION('',(1.110223024625E-16,1.,0.));
#1317 = DIRECTION('',(1.,-1.110223024625E-16,1.261617073438E-16));
#1318 = ORIENTED_EDGE('',*,*,#1319,.T.);
#1319 = EDGE_CURVE('',#1311,#1320,#1322,.T.);
#1320 = VERTEX_POINT('',#1321);
#1321 = CARTESIAN_POINT('',(-1.25,-0.175,0.));
#1322 = LINE('',#1323,#1324);
#1323 = CARTESIAN_POINT('',(-1.14,-0.175,0.));
#1324 = VECTOR('',#1325,1.);
#1325 = DIRECTION('',(-1.,1.110223024625E-16,0.));
#1326 = ORIENTED_EDGE('',*,*,#1327,.T.);
#1327 = EDGE_CURVE('',#1320,#1328,#1330,.T.);
#1328 = VERTEX_POINT('',#1329);
#1329 = CARTESIAN_POINT('',(-1.25,-0.175,0.15));
#1330 = LINE('',#1331,#1332);
#1331 = CARTESIAN_POINT('',(-1.25,-0.175,0.));
#1332 = VECTOR('',#1333,1.);
#1333 = DIRECTION('',(0.,0.,1.));
#1334 = ORIENTED_EDGE('',*,*,#1335,.T.);
#1335 = EDGE_CURVE('',#1328,#1336,#1338,.T.);
#1336 = VERTEX_POINT('',#1337);
#1337 = CARTESIAN_POINT('',(-1.14,-0.175,0.15));
#1338 = LINE('',#1339,#1340);
#1339 = CARTESIAN_POINT('',(-1.25,-0.175,0.15));
#1340 = VECTOR('',#1341,1.);
#1341 = DIRECTION('',(1.,-1.110223024625E-16,0.));
#1342 = ORIENTED_EDGE('',*,*,#1343,.T.);
#1343 = EDGE_CURVE('',#1336,#1344,#1346,.T.);
#1344 = VERTEX_POINT('',#1345);
#1345 = CARTESIAN_POINT('',(-1.07,-0.175,0.22));
#1346 = CIRCLE('',#1347,7.E-02);
#1347 = AXIS2_PLACEMENT_3D('',#1348,#1349,#1350);
#1348 = CARTESIAN_POINT('',(-1.14,-0.175,0.22));
#1349 = DIRECTION('',(-1.110223024625E-16,-1.,0.));
#1350 = DIRECTION('',(1.586032892322E-15,-1.760850234868E-31,-1.));
#1351 = ORIENTED_EDGE('',*,*,#1352,.T.);
#1352 = EDGE_CURVE('',#1344,#1353,#1355,.T.);
#1353 = VERTEX_POINT('',#1354);
#1354 = CARTESIAN_POINT('',(-1.07,-0.175,0.455));
#1355 = LINE('',#1356,#1357);
#1356 = CARTESIAN_POINT('',(-1.07,-0.175,0.22));
#1357 = VECTOR('',#1358,1.);
#1358 = DIRECTION('',(0.,0.,1.));
#1359 = ORIENTED_EDGE('',*,*,#1360,.T.);
#1360 = EDGE_CURVE('',#1353,#977,#1361,.T.);
#1361 = CIRCLE('',#1362,0.22);
#1362 = AXIS2_PLACEMENT_3D('',#1363,#1364,#1365);
#1363 = CARTESIAN_POINT('',(-0.85,-0.175,0.455));
#1364 = DIRECTION('',(1.110223024625E-16,1.,0.));
#1365 = DIRECTION('',(-1.,1.110223024625E-16,-7.569702440626E-16));
#1366 = PLANE('',#1367);
#1367 = AXIS2_PLACEMENT_3D('',#1368,#1369,#1370);
#1368 = CARTESIAN_POINT('',(-1.013084179351,-0.175,0.321676343068));
#1369 = DIRECTION('',(1.110223024625E-16,1.,0.));
#1370 = DIRECTION('',(0.,-0.,1.));
#1371 = ADVANCED_FACE('',(#1372),#1441,.T.);
#1372 = FACE_BOUND('',#1373,.T.);
#1373 = EDGE_LOOP('',(#1374,#1375,#1376,#1384,#1393,#1401,#1409,#1417,
    #1426,#1434));
#1374 = ORIENTED_EDGE('',*,*,#998,.F.);
#1375 = ORIENTED_EDGE('',*,*,#1029,.T.);
#1376 = ORIENTED_EDGE('',*,*,#1377,.T.);
#1377 = EDGE_CURVE('',#1030,#1378,#1380,.T.);
#1378 = VERTEX_POINT('',#1379);
#1379 = CARTESIAN_POINT('',(-0.92,0.175,0.22));
#1380 = LINE('',#1381,#1382);
#1381 = CARTESIAN_POINT('',(-0.92,0.175,0.455));
#1382 = VECTOR('',#1383,1.);
#1383 = DIRECTION('',(0.,0.,-1.));
#1384 = ORIENTED_EDGE('',*,*,#1385,.T.);
#1385 = EDGE_CURVE('',#1378,#1386,#1388,.T.);
#1386 = VERTEX_POINT('',#1387);
#1387 = CARTESIAN_POINT('',(-1.14,0.175,0.));
#1388 = CIRCLE('',#1389,0.22);
#1389 = AXIS2_PLACEMENT_3D('',#1390,#1391,#1392);
#1390 = CARTESIAN_POINT('',(-1.14,0.175,0.22));
#1391 = DIRECTION('',(1.110223024625E-16,1.,0.));
#1392 = DIRECTION('',(1.,-1.110223024625E-16,1.261617073438E-16));
#1393 = ORIENTED_EDGE('',*,*,#1394,.T.);
#1394 = EDGE_CURVE('',#1386,#1395,#1397,.T.);
#1395 = VERTEX_POINT('',#1396);
#1396 = CARTESIAN_POINT('',(-1.25,0.175,0.));
#1397 = LINE('',#1398,#1399);
#1398 = CARTESIAN_POINT('',(-1.14,0.175,0.));
#1399 = VECTOR('',#1400,1.);
#1400 = DIRECTION('',(-1.,1.110223024625E-16,0.));
#1401 = ORIENTED_EDGE('',*,*,#1402,.T.);
#1402 = EDGE_CURVE('',#1395,#1403,#1405,.T.);
#1403 = VERTEX_POINT('',#1404);
#1404 = CARTESIAN_POINT('',(-1.25,0.175,0.15));
#1405 = LINE('',#1406,#1407);
#1406 = CARTESIAN_POINT('',(-1.25,0.175,0.));
#1407 = VECTOR('',#1408,1.);
#1408 = DIRECTION('',(0.,0.,1.));
#1409 = ORIENTED_EDGE('',*,*,#1410,.T.);
#1410 = EDGE_CURVE('',#1403,#1411,#1413,.T.);
#1411 = VERTEX_POINT('',#1412);
#1412 = CARTESIAN_POINT('',(-1.14,0.175,0.15));
#1413 = LINE('',#1414,#1415);
#1414 = CARTESIAN_POINT('',(-1.25,0.175,0.15));
#1415 = VECTOR('',#1416,1.);
#1416 = DIRECTION('',(1.,-1.110223024625E-16,0.));
#1417 = ORIENTED_EDGE('',*,*,#1418,.T.);
#1418 = EDGE_CURVE('',#1411,#1419,#1421,.T.);
#1419 = VERTEX_POINT('',#1420);
#1420 = CARTESIAN_POINT('',(-1.07,0.175,0.22));
#1421 = CIRCLE('',#1422,7.E-02);
#1422 = AXIS2_PLACEMENT_3D('',#1423,#1424,#1425);
#1423 = CARTESIAN_POINT('',(-1.14,0.175,0.22));
#1424 = DIRECTION('',(-1.110223024625E-16,-1.,0.));
#1425 = DIRECTION('',(1.586032892322E-15,-1.760850234868E-31,-1.));
#1426 = ORIENTED_EDGE('',*,*,#1427,.T.);
#1427 = EDGE_CURVE('',#1419,#1428,#1430,.T.);
#1428 = VERTEX_POINT('',#1429);
#1429 = CARTESIAN_POINT('',(-1.07,0.175,0.455));
#1430 = LINE('',#1431,#1432);
#1431 = CARTESIAN_POINT('',(-1.07,0.175,0.22));
#1432 = VECTOR('',#1433,1.);
#1433 = DIRECTION('',(0.,0.,1.));
#1434 = ORIENTED_EDGE('',*,*,#1435,.T.);
#1435 = EDGE_CURVE('',#1428,#999,#1436,.T.);
#1436 = CIRCLE('',#1437,0.22);
#1437 = AXIS2_PLACEMENT_3D('',#1438,#1439,#1440);
#1438 = CARTESIAN_POINT('',(-0.85,0.175,0.455));
#1439 = DIRECTION('',(1.110223024625E-16,1.,0.));
#1440 = DIRECTION('',(-1.,1.110223024625E-16,-7.569702440626E-16));
#1441 = PLANE('',#1442);
#1442 = AXIS2_PLACEMENT_3D('',#1443,#1444,#1445);
#1443 = CARTESIAN_POINT('',(-1.013084179351,0.175,0.321676343068));
#1444 = DIRECTION('',(1.110223024625E-16,1.,0.));
#1445 = DIRECTION('',(0.,-0.,1.));
#1446 = ADVANCED_FACE('',(#1447),#1471,.F.);
#1447 = FACE_BOUND('',#1448,.F.);
#1448 = EDGE_LOOP('',(#1449,#1457,#1458,#1465));
#1449 = ORIENTED_EDGE('',*,*,#1450,.F.);
#1450 = EDGE_CURVE('',#999,#1451,#1453,.T.);
#1451 = VERTEX_POINT('',#1452);
#1452 = CARTESIAN_POINT('',(-0.825,0.175,0.675));
#1453 = LINE('',#1454,#1455);
#1454 = CARTESIAN_POINT('',(-0.85,0.175,0.675));
#1455 = VECTOR('',#1456,1.);
#1456 = DIRECTION('',(1.,-1.110223024625E-16,0.));
#1457 = ORIENTED_EDGE('',*,*,#1014,.T.);
#1458 = ORIENTED_EDGE('',*,*,#1459,.T.);
#1459 = EDGE_CURVE('',#1008,#1460,#1462,.T.);
#1460 = VERTEX_POINT('',#1461);
#1461 = CARTESIAN_POINT('',(-0.825,0.5175,0.675));
#1462 = B_SPLINE_CURVE_WITH_KNOTS('',1,(#1463,#1464),.UNSPECIFIED.,.F.,
  .F.,(2,2),(0.,1.),.PIECEWISE_BEZIER_KNOTS.);
#1463 = CARTESIAN_POINT('',(-0.85,0.53,0.675));
#1464 = CARTESIAN_POINT('',(-0.825,0.5175,0.675));
#1465 = ORIENTED_EDGE('',*,*,#1466,.F.);
#1466 = EDGE_CURVE('',#1451,#1460,#1467,.T.);
#1467 = LINE('',#1468,#1469);
#1468 = CARTESIAN_POINT('',(-0.825,-0.5175,0.675));
#1469 = VECTOR('',#1470,1.);
#1470 = DIRECTION('',(0.,1.,0.));
#1471 = B_SPLINE_SURFACE_WITH_KNOTS('',1,1,(
    (#1472,#1473)
    ,(#1474,#1475
    )),.UNSPECIFIED.,.F.,.F.,.F.,(2,2),(2,2),(0.,1.06),(0.,1.),
  .PIECEWISE_BEZIER_KNOTS.);
#1472 = CARTESIAN_POINT('',(-0.85,-0.53,0.675));
#1473 = CARTESIAN_POINT('',(-0.825,-0.5175,0.675));
#1474 = CARTESIAN_POINT('',(-0.85,0.53,0.675));
#1475 = CARTESIAN_POINT('',(-0.825,0.5175,0.675));
#1476 = ADVANCED_FACE('',(#1477),#1488,.F.);
#1477 = FACE_BOUND('',#1478,.F.);
#1478 = EDGE_LOOP('',(#1479,#1480,#1481,#1487));
#1479 = ORIENTED_EDGE('',*,*,#1038,.T.);
#1480 = ORIENTED_EDGE('',*,*,#1377,.T.);
#1481 = ORIENTED_EDGE('',*,*,#1482,.F.);
#1482 = EDGE_CURVE('',#1303,#1378,#1483,.T.);
#1483 = LINE('',#1484,#1485);
#1484 = CARTESIAN_POINT('',(-0.92,-0.175,0.22));
#1485 = VECTOR('',#1486,1.);
#1486 = DIRECTION('',(1.110223024625E-16,1.,0.));
#1487 = ORIENTED_EDGE('',*,*,#1302,.F.);
#1488 = PLANE('',#1489);
#1489 = AXIS2_PLACEMENT_3D('',#1490,#1491,#1492);
#1490 = CARTESIAN_POINT('',(-0.92,-0.175,0.455));
#1491 = DIRECTION('',(-1.,1.110223024625E-16,0.));
#1492 = DIRECTION('',(0.,0.,-1.));
#1493 = ADVANCED_FACE('',(#1494),#1505,.F.);
#1494 = FACE_BOUND('',#1495,.F.);
#1495 = EDGE_LOOP('',(#1496,#1497,#1498,#1504));
#1496 = ORIENTED_EDGE('',*,*,#1063,.T.);
#1497 = ORIENTED_EDGE('',*,*,#1128,.T.);
#1498 = ORIENTED_EDGE('',*,*,#1499,.F.);
#1499 = EDGE_CURVE('',#1460,#1121,#1500,.T.);
#1500 = LINE('',#1501,#1502);
#1501 = CARTESIAN_POINT('',(-0.825,0.5175,0.675));
#1502 = VECTOR('',#1503,1.);
#1503 = DIRECTION('',(0.707106781187,0.707106781187,0.));
#1504 = ORIENTED_EDGE('',*,*,#1459,.F.);
#1505 = B_SPLINE_SURFACE_WITH_KNOTS('',1,1,(
    (#1506,#1507)
    ,(#1508,#1509
    )),.UNSPECIFIED.,.F.,.F.,.F.,(2,2),(2,2),(0.,0.134350288425),(0.,1.)
  ,.PIECEWISE_BEZIER_KNOTS.);
#1506 = CARTESIAN_POINT('',(-0.85,0.53,0.675));
#1507 = CARTESIAN_POINT('',(-0.825,0.5175,0.675));
#1508 = CARTESIAN_POINT('',(-0.755,0.625,0.675));
#1509 = CARTESIAN_POINT('',(-0.7425,0.6,0.675));
#1510 = ADVANCED_FACE('',(#1511),#1522,.F.);
#1511 = FACE_BOUND('',#1512,.F.);
#1512 = EDGE_LOOP('',(#1513,#1514,#1515,#1521));
#1513 = ORIENTED_EDGE('',*,*,#1080,.T.);
#1514 = ORIENTED_EDGE('',*,*,#1270,.T.);
#1515 = ORIENTED_EDGE('',*,*,#1516,.F.);
#1516 = EDGE_CURVE('',#1249,#1271,#1517,.T.);
#1517 = LINE('',#1518,#1519);
#1518 = CARTESIAN_POINT('',(-0.7425,-0.6,0.675));
#1519 = VECTOR('',#1520,1.);
#1520 = DIRECTION('',(-0.707106781187,0.707106781187,0.));
#1521 = ORIENTED_EDGE('',*,*,#1248,.F.);
#1522 = B_SPLINE_SURFACE_WITH_KNOTS('',1,1,(
    (#1523,#1524)
    ,(#1525,#1526
    )),.UNSPECIFIED.,.F.,.F.,.F.,(2,2),(2,2),(0.,0.134350288425),(0.,1.)
  ,.PIECEWISE_BEZIER_KNOTS.);
#1523 = CARTESIAN_POINT('',(-0.755,-0.625,0.675));
#1524 = CARTESIAN_POINT('',(-0.7425,-0.6,0.675));
#1525 = CARTESIAN_POINT('',(-0.85,-0.53,0.675));
#1526 = CARTESIAN_POINT('',(-0.825,-0.5175,0.675));
#1527 = ADVANCED_FACE('',(#1528),#1538,.F.);
#1528 = FACE_BOUND('',#1529,.F.);
#1529 = EDGE_LOOP('',(#1530,#1531,#1532,#1533));
#1530 = ORIENTED_EDGE('',*,*,#1120,.T.);
#1531 = ORIENTED_EDGE('',*,*,#1105,.T.);
#1532 = ORIENTED_EDGE('',*,*,#1175,.F.);
#1533 = ORIENTED_EDGE('',*,*,#1534,.F.);
#1534 = EDGE_CURVE('',#1121,#1176,#1535,.T.);
#1535 = B_SPLINE_CURVE_WITH_KNOTS('',1,(#1536,#1537),.UNSPECIFIED.,.F.,
  .F.,(2,2),(0.,1.),.PIECEWISE_BEZIER_KNOTS.);
#1536 = CARTESIAN_POINT('',(-0.7425,0.6,0.675));
#1537 = CARTESIAN_POINT('',(-0.712635072626,0.540270145251,1.1));
#1538 = B_SPLINE_SURFACE_WITH_KNOTS('',1,1,(
    (#1539,#1540)
    ,(#1541,#1542
    )),.UNSPECIFIED.,.F.,.F.,.F.,(2,2),(2,2),(0.,1.485),(0.,1.),
  .PIECEWISE_BEZIER_KNOTS.);
#1539 = CARTESIAN_POINT('',(-0.7425,0.6,0.675));
#1540 = CARTESIAN_POINT('',(-0.712635072626,0.540270145251,1.1));
#1541 = CARTESIAN_POINT('',(0.7425,0.6,0.675));
#1542 = CARTESIAN_POINT('',(0.712635072626,0.540270145251,1.1));
#1543 = ADVANCED_FACE('',(#1544),#1565,.F.);
#1544 = FACE_BOUND('',#1545,.F.);
#1545 = EDGE_LOOP('',(#1546,#1547,#1553,#1554,#1559,#1560));
#1546 = ORIENTED_EDGE('',*,*,#1286,.T.);
#1547 = ORIENTED_EDGE('',*,*,#1548,.T.);
#1548 = EDGE_CURVE('',#1279,#1451,#1549,.T.);
#1549 = LINE('',#1550,#1551);
#1550 = CARTESIAN_POINT('',(-0.825,-0.5175,0.675));
#1551 = VECTOR('',#1552,1.);
#1552 = DIRECTION('',(0.,1.,0.));
#1553 = ORIENTED_EDGE('',*,*,#1466,.T.);
#1554 = ORIENTED_EDGE('',*,*,#1555,.T.);
#1555 = EDGE_CURVE('',#1460,#1144,#1556,.T.);
#1556 = B_SPLINE_CURVE_WITH_KNOTS('',1,(#1557,#1558),.UNSPECIFIED.,.F.,
  .F.,(2,2),(0.,1.),.PIECEWISE_BEZIER_KNOTS.);
#1557 = CARTESIAN_POINT('',(-0.825,0.5175,0.675));
#1558 = CARTESIAN_POINT('',(-0.765270145251,0.487635072626,1.1));
#1559 = ORIENTED_EDGE('',*,*,#1141,.F.);
#1560 = ORIENTED_EDGE('',*,*,#1561,.F.);
#1561 = EDGE_CURVE('',#1271,#1142,#1562,.T.);
#1562 = B_SPLINE_CURVE_WITH_KNOTS('',1,(#1563,#1564),.UNSPECIFIED.,.F.,
  .F.,(2,2),(0.,1.),.PIECEWISE_BEZIER_KNOTS.);
#1563 = CARTESIAN_POINT('',(-0.825,-0.5175,0.675));
#1564 = CARTESIAN_POINT('',(-0.765270145251,-0.487635072626,1.1));
#1565 = B_SPLINE_SURFACE_WITH_KNOTS('',1,1,(
    (#1566,#1567)
    ,(#1568,#1569
    )),.UNSPECIFIED.,.F.,.F.,.F.,(2,2),(2,2),(0.,1.035),(0.,1.),
  .PIECEWISE_BEZIER_KNOTS.);
#1566 = CARTESIAN_POINT('',(-0.825,-0.5175,0.675));
#1567 = CARTESIAN_POINT('',(-0.765270145251,-0.487635072626,1.1));
#1568 = CARTESIAN_POINT('',(-0.825,0.5175,0.675));
#1569 = CARTESIAN_POINT('',(-0.765270145251,0.487635072626,1.1));
#1570 = ADVANCED_FACE('',(#1571),#1581,.F.);
#1571 = FACE_BOUND('',#1572,.F.);
#1572 = EDGE_LOOP('',(#1573,#1574,#1575,#1576));
#1573 = ORIENTED_EDGE('',*,*,#1516,.T.);
#1574 = ORIENTED_EDGE('',*,*,#1561,.T.);
#1575 = ORIENTED_EDGE('',*,*,#1151,.F.);
#1576 = ORIENTED_EDGE('',*,*,#1577,.F.);
#1577 = EDGE_CURVE('',#1249,#1152,#1578,.T.);
#1578 = B_SPLINE_CURVE_WITH_KNOTS('',1,(#1579,#1580),.UNSPECIFIED.,.F.,
  .F.,(2,2),(0.,1.),.PIECEWISE_BEZIER_KNOTS.);
#1579 = CARTESIAN_POINT('',(-0.7425,-0.6,0.675));
#1580 = CARTESIAN_POINT('',(-0.712635072626,-0.540270145251,1.1));
#1581 = B_SPLINE_SURFACE_WITH_KNOTS('',1,1,(
    (#1582,#1583)
    ,(#1584,#1585
    )),.UNSPECIFIED.,.F.,.F.,.F.,(2,2),(2,2),(0.,0.116672618896),(0.,1.)
  ,.PIECEWISE_BEZIER_KNOTS.);
#1582 = CARTESIAN_POINT('',(-0.7425,-0.6,0.675));
#1583 = CARTESIAN_POINT('',(-0.712635072626,-0.540270145251,1.1));
#1584 = CARTESIAN_POINT('',(-0.825,-0.5175,0.675));
#1585 = CARTESIAN_POINT('',(-0.765270145251,-0.487635072626,1.1));
#1586 = ADVANCED_FACE('',(#1587),#1593,.F.);
#1587 = FACE_BOUND('',#1588,.F.);
#1588 = EDGE_LOOP('',(#1589,#1590,#1591,#1592));
#1589 = ORIENTED_EDGE('',*,*,#1499,.T.);
#1590 = ORIENTED_EDGE('',*,*,#1534,.T.);
#1591 = ORIENTED_EDGE('',*,*,#1183,.F.);
#1592 = ORIENTED_EDGE('',*,*,#1555,.F.);
#1593 = B_SPLINE_SURFACE_WITH_KNOTS('',1,1,(
    (#1594,#1595)
    ,(#1596,#1597
    )),.UNSPECIFIED.,.F.,.F.,.F.,(2,2),(2,2),(0.,0.116672618896),(0.,1.)
  ,.PIECEWISE_BEZIER_KNOTS.);
#1594 = CARTESIAN_POINT('',(-0.825,0.5175,0.675));
#1595 = CARTESIAN_POINT('',(-0.765270145251,0.487635072626,1.1));
#1596 = CARTESIAN_POINT('',(-0.7425,0.6,0.675));
#1597 = CARTESIAN_POINT('',(-0.712635072626,0.540270145251,1.1));
#1598 = ADVANCED_FACE('',(#1599),#1605,.F.);
#1599 = FACE_BOUND('',#1600,.F.);
#1600 = EDGE_LOOP('',(#1601,#1602,#1603,#1604));
#1601 = ORIENTED_EDGE('',*,*,#1255,.T.);
#1602 = ORIENTED_EDGE('',*,*,#1577,.T.);
#1603 = ORIENTED_EDGE('',*,*,#1159,.F.);
#1604 = ORIENTED_EDGE('',*,*,#1232,.F.);
#1605 = B_SPLINE_SURFACE_WITH_KNOTS('',1,1,(
    (#1606,#1607)
    ,(#1608,#1609
    )),.UNSPECIFIED.,.F.,.F.,.F.,(2,2),(2,2),(0.,1.485),(0.,1.),
  .PIECEWISE_BEZIER_KNOTS.);
#1606 = CARTESIAN_POINT('',(0.7425,-0.6,0.675));
#1607 = CARTESIAN_POINT('',(0.712635072626,-0.540270145251,1.1));
#1608 = CARTESIAN_POINT('',(-0.7425,-0.6,0.675));
#1609 = CARTESIAN_POINT('',(-0.712635072626,-0.540270145251,1.1));
#1610 = ADVANCED_FACE('',(#1611),#1636,.T.);
#1611 = FACE_BOUND('',#1612,.T.);
#1612 = EDGE_LOOP('',(#1613,#1621,#1629,#1635));
#1613 = ORIENTED_EDGE('',*,*,#1614,.F.);
#1614 = EDGE_CURVE('',#1615,#1192,#1617,.T.);
#1615 = VERTEX_POINT('',#1616);
#1616 = CARTESIAN_POINT('',(-0.315270145251,-0.490270145251,1.09));
#1617 = LINE('',#1618,#1619);
#1618 = CARTESIAN_POINT('',(-0.315270145251,-0.490270145251,1.09));
#1619 = VECTOR('',#1620,1.);
#1620 = DIRECTION('',(0.,0.,1.));
#1621 = ORIENTED_EDGE('',*,*,#1622,.F.);
#1622 = EDGE_CURVE('',#1623,#1615,#1625,.T.);
#1623 = VERTEX_POINT('',#1624);
#1624 = CARTESIAN_POINT('',(-0.715270145251,-0.490270145251,1.09));
#1625 = LINE('',#1626,#1627);
#1626 = CARTESIAN_POINT('',(-0.715270145251,-0.490270145251,1.09));
#1627 = VECTOR('',#1628,1.);
#1628 = DIRECTION('',(1.,0.,0.));
#1629 = ORIENTED_EDGE('',*,*,#1630,.T.);
#1630 = EDGE_CURVE('',#1623,#1194,#1631,.T.);
#1631 = LINE('',#1632,#1633);
#1632 = CARTESIAN_POINT('',(-0.715270145251,-0.490270145251,1.09));
#1633 = VECTOR('',#1634,1.);
#1634 = DIRECTION('',(0.,0.,1.));
#1635 = ORIENTED_EDGE('',*,*,#1191,.F.);
#1636 = PLANE('',#1637);
#1637 = AXIS2_PLACEMENT_3D('',#1638,#1639,#1640);
#1638 = CARTESIAN_POINT('',(-0.715270145251,-0.490270145251,1.09));
#1639 = DIRECTION('',(0.,1.,0.));
#1640 = DIRECTION('',(0.,-0.,1.));
#1641 = ADVANCED_FACE('',(#1642),#1660,.F.);
#1642 = FACE_BOUND('',#1643,.F.);
#1643 = EDGE_LOOP('',(#1644,#1645,#1653,#1659));
#1644 = ORIENTED_EDGE('',*,*,#1614,.F.);
#1645 = ORIENTED_EDGE('',*,*,#1646,.T.);
#1646 = EDGE_CURVE('',#1615,#1647,#1649,.T.);
#1647 = VERTEX_POINT('',#1648);
#1648 = CARTESIAN_POINT('',(-0.315270145251,0.490270145251,1.09));
#1649 = LINE('',#1650,#1651);
#1650 = CARTESIAN_POINT('',(-0.315270145251,-0.490270145251,1.09));
#1651 = VECTOR('',#1652,1.);
#1652 = DIRECTION('',(0.,1.,0.));
#1653 = ORIENTED_EDGE('',*,*,#1654,.T.);
#1654 = EDGE_CURVE('',#1647,#1210,#1655,.T.);
#1655 = LINE('',#1656,#1657);
#1656 = CARTESIAN_POINT('',(-0.315270145251,0.490270145251,1.09));
#1657 = VECTOR('',#1658,1.);
#1658 = DIRECTION('',(0.,0.,1.));
#1659 = ORIENTED_EDGE('',*,*,#1217,.F.);
#1660 = PLANE('',#1661);
#1661 = AXIS2_PLACEMENT_3D('',#1662,#1663,#1664);
#1662 = CARTESIAN_POINT('',(-0.315270145251,-0.490270145251,1.09));
#1663 = DIRECTION('',(1.,0.,0.));
#1664 = DIRECTION('',(0.,0.,1.));
#1665 = ADVANCED_FACE('',(#1666),#1684,.F.);
#1666 = FACE_BOUND('',#1667,.F.);
#1667 = EDGE_LOOP('',(#1668,#1669,#1677,#1683));
#1668 = ORIENTED_EDGE('',*,*,#1654,.F.);
#1669 = ORIENTED_EDGE('',*,*,#1670,.F.);
#1670 = EDGE_CURVE('',#1671,#1647,#1673,.T.);
#1671 = VERTEX_POINT('',#1672);
#1672 = CARTESIAN_POINT('',(-0.715270145251,0.490270145251,1.09));
#1673 = LINE('',#1674,#1675);
#1674 = CARTESIAN_POINT('',(-0.715270145251,0.490270145251,1.09));
#1675 = VECTOR('',#1676,1.);
#1676 = DIRECTION('',(1.,0.,0.));
#1677 = ORIENTED_EDGE('',*,*,#1678,.T.);
#1678 = EDGE_CURVE('',#1671,#1202,#1679,.T.);
#1679 = LINE('',#1680,#1681);
#1680 = CARTESIAN_POINT('',(-0.715270145251,0.490270145251,1.09));
#1681 = VECTOR('',#1682,1.);
#1682 = DIRECTION('',(0.,0.,1.));
#1683 = ORIENTED_EDGE('',*,*,#1209,.F.);
#1684 = PLANE('',#1685);
#1685 = AXIS2_PLACEMENT_3D('',#1686,#1687,#1688);
#1686 = CARTESIAN_POINT('',(-0.715270145251,0.490270145251,1.09));
#1687 = DIRECTION('',(0.,1.,0.));
#1688 = DIRECTION('',(0.,-0.,1.));
#1689 = ADVANCED_FACE('',(#1690),#1701,.T.);
#1690 = FACE_BOUND('',#1691,.T.);
#1691 = EDGE_LOOP('',(#1692,#1693,#1699,#1700));
#1692 = ORIENTED_EDGE('',*,*,#1630,.F.);
#1693 = ORIENTED_EDGE('',*,*,#1694,.T.);
#1694 = EDGE_CURVE('',#1623,#1671,#1695,.T.);
#1695 = LINE('',#1696,#1697);
#1696 = CARTESIAN_POINT('',(-0.715270145251,-0.490270145251,1.09));
#1697 = VECTOR('',#1698,1.);
#1698 = DIRECTION('',(0.,1.,0.));
#1699 = ORIENTED_EDGE('',*,*,#1678,.T.);
#1700 = ORIENTED_EDGE('',*,*,#1201,.F.);
#1701 = PLANE('',#1702);
#1702 = AXIS2_PLACEMENT_3D('',#1703,#1704,#1705);
#1703 = CARTESIAN_POINT('',(-0.715270145251,-0.490270145251,1.09));
#1704 = DIRECTION('',(1.,0.,0.));
#1705 = DIRECTION('',(0.,0.,1.));
#1706 = ADVANCED_FACE('',(#1707),#1718,.F.);
#1707 = FACE_BOUND('',#1708,.F.);
#1708 = EDGE_LOOP('',(#1709,#1710,#1716,#1717));
#1709 = ORIENTED_EDGE('',*,*,#1278,.F.);
#1710 = ORIENTED_EDGE('',*,*,#1711,.T.);
#1711 = EDGE_CURVE('',#977,#999,#1712,.T.);
#1712 = LINE('',#1713,#1714);
#1713 = CARTESIAN_POINT('',(-0.85,-0.175,0.675));
#1714 = VECTOR('',#1715,1.);
#1715 = DIRECTION('',(1.110223024625E-16,1.,0.));
#1716 = ORIENTED_EDGE('',*,*,#1450,.T.);
#1717 = ORIENTED_EDGE('',*,*,#1548,.F.);
#1718 = PLANE('',#1719);
#1719 = AXIS2_PLACEMENT_3D('',#1720,#1721,#1722);
#1720 = CARTESIAN_POINT('',(-0.85,-0.175,0.675));
#1721 = DIRECTION('',(0.,0.,-1.));
#1722 = DIRECTION('',(1.,-1.110223024625E-16,0.));
#1723 = ADVANCED_FACE('',(#1724),#1735,.T.);
#1724 = FACE_BOUND('',#1725,.T.);
#1725 = EDGE_LOOP('',(#1726,#1727,#1728,#1729));
#1726 = ORIENTED_EDGE('',*,*,#1360,.T.);
#1727 = ORIENTED_EDGE('',*,*,#1711,.T.);
#1728 = ORIENTED_EDGE('',*,*,#1435,.F.);
#1729 = ORIENTED_EDGE('',*,*,#1730,.F.);
#1730 = EDGE_CURVE('',#1353,#1428,#1731,.T.);
#1731 = LINE('',#1732,#1733);
#1732 = CARTESIAN_POINT('',(-1.07,-0.175,0.455));
#1733 = VECTOR('',#1734,1.);
#1734 = DIRECTION('',(1.110223024625E-16,1.,0.));
#1735 = CYLINDRICAL_SURFACE('',#1736,0.22);
#1736 = AXIS2_PLACEMENT_3D('',#1737,#1738,#1739);
#1737 = CARTESIAN_POINT('',(-0.85,-0.175,0.455));
#1738 = DIRECTION('',(-1.110223024625E-16,-1.,-0.));
#1739 = DIRECTION('',(-1.,1.110223024625E-16,-7.569702440626E-16));
#1740 = ADVANCED_FACE('',(#1741),#1752,.F.);
#1741 = FACE_BOUND('',#1742,.F.);
#1742 = EDGE_LOOP('',(#1743,#1749,#1750,#1751));
#1743 = ORIENTED_EDGE('',*,*,#1744,.T.);
#1744 = EDGE_CURVE('',#1344,#1419,#1745,.T.);
#1745 = LINE('',#1746,#1747);
#1746 = CARTESIAN_POINT('',(-1.07,-0.175,0.22));
#1747 = VECTOR('',#1748,1.);
#1748 = DIRECTION('',(1.110223024625E-16,1.,0.));
#1749 = ORIENTED_EDGE('',*,*,#1427,.T.);
#1750 = ORIENTED_EDGE('',*,*,#1730,.F.);
#1751 = ORIENTED_EDGE('',*,*,#1352,.F.);
#1752 = PLANE('',#1753);
#1753 = AXIS2_PLACEMENT_3D('',#1754,#1755,#1756);
#1754 = CARTESIAN_POINT('',(-1.07,-0.175,0.22));
#1755 = DIRECTION('',(1.,-1.110223024625E-16,0.));
#1756 = DIRECTION('',(0.,0.,1.));
#1757 = ADVANCED_FACE('',(#1758),#1769,.F.);
#1758 = FACE_BOUND('',#1759,.F.);
#1759 = EDGE_LOOP('',(#1760,#1766,#1767,#1768));
#1760 = ORIENTED_EDGE('',*,*,#1761,.T.);
#1761 = EDGE_CURVE('',#1336,#1411,#1762,.T.);
#1762 = LINE('',#1763,#1764);
#1763 = CARTESIAN_POINT('',(-1.14,-0.175,0.15));
#1764 = VECTOR('',#1765,1.);
#1765 = DIRECTION('',(1.110223024625E-16,1.,0.));
#1766 = ORIENTED_EDGE('',*,*,#1418,.T.);
#1767 = ORIENTED_EDGE('',*,*,#1744,.F.);
#1768 = ORIENTED_EDGE('',*,*,#1343,.F.);
#1769 = CYLINDRICAL_SURFACE('',#1770,7.E-02);
#1770 = AXIS2_PLACEMENT_3D('',#1771,#1772,#1773);
#1771 = CARTESIAN_POINT('',(-1.14,-0.175,0.22));
#1772 = DIRECTION('',(-1.110223024625E-16,-1.,0.));
#1773 = DIRECTION('',(1.586032892322E-15,-1.760850234868E-31,-1.));
#1774 = ADVANCED_FACE('',(#1775),#1786,.F.);
#1775 = FACE_BOUND('',#1776,.F.);
#1776 = EDGE_LOOP('',(#1777,#1783,#1784,#1785));
#1777 = ORIENTED_EDGE('',*,*,#1778,.T.);
#1778 = EDGE_CURVE('',#1328,#1403,#1779,.T.);
#1779 = LINE('',#1780,#1781);
#1780 = CARTESIAN_POINT('',(-1.25,-0.175,0.15));
#1781 = VECTOR('',#1782,1.);
#1782 = DIRECTION('',(1.110223024625E-16,1.,0.));
#1783 = ORIENTED_EDGE('',*,*,#1410,.T.);
#1784 = ORIENTED_EDGE('',*,*,#1761,.F.);
#1785 = ORIENTED_EDGE('',*,*,#1335,.F.);
#1786 = PLANE('',#1787);
#1787 = AXIS2_PLACEMENT_3D('',#1788,#1789,#1790);
#1788 = CARTESIAN_POINT('',(-1.25,-0.175,0.15));
#1789 = DIRECTION('',(0.,0.,-1.));
#1790 = DIRECTION('',(1.,-1.110223024625E-16,0.));
#1791 = ADVANCED_FACE('',(#1792),#1803,.F.);
#1792 = FACE_BOUND('',#1793,.F.);
#1793 = EDGE_LOOP('',(#1794,#1800,#1801,#1802));
#1794 = ORIENTED_EDGE('',*,*,#1795,.T.);
#1795 = EDGE_CURVE('',#1320,#1395,#1796,.T.);
#1796 = LINE('',#1797,#1798);
#1797 = CARTESIAN_POINT('',(-1.25,-0.175,0.));
#1798 = VECTOR('',#1799,1.);
#1799 = DIRECTION('',(1.110223024625E-16,1.,0.));
#1800 = ORIENTED_EDGE('',*,*,#1402,.T.);
#1801 = ORIENTED_EDGE('',*,*,#1778,.F.);
#1802 = ORIENTED_EDGE('',*,*,#1327,.F.);
#1803 = PLANE('',#1804);
#1804 = AXIS2_PLACEMENT_3D('',#1805,#1806,#1807);
#1805 = CARTESIAN_POINT('',(-1.25,-0.175,0.));
#1806 = DIRECTION('',(1.,-1.110223024625E-16,0.));
#1807 = DIRECTION('',(0.,0.,1.));
#1808 = ADVANCED_FACE('',(#1809),#1820,.F.);
#1809 = FACE_BOUND('',#1810,.F.);
#1810 = EDGE_LOOP('',(#1811,#1817,#1818,#1819));
#1811 = ORIENTED_EDGE('',*,*,#1812,.T.);
#1812 = EDGE_CURVE('',#1311,#1386,#1813,.T.);
#1813 = LINE('',#1814,#1815);
#1814 = CARTESIAN_POINT('',(-1.14,-0.175,0.));
#1815 = VECTOR('',#1816,1.);
#1816 = DIRECTION('',(1.110223024625E-16,1.,0.));
#1817 = ORIENTED_EDGE('',*,*,#1394,.T.);
#1818 = ORIENTED_EDGE('',*,*,#1795,.F.);
#1819 = ORIENTED_EDGE('',*,*,#1319,.F.);
#1820 = PLANE('',#1821);
#1821 = AXIS2_PLACEMENT_3D('',#1822,#1823,#1824);
#1822 = CARTESIAN_POINT('',(-1.14,-0.175,0.));
#1823 = DIRECTION('',(0.,0.,1.));
#1824 = DIRECTION('',(-1.,1.110223024625E-16,0.));
#1825 = ADVANCED_FACE('',(#1826),#1832,.T.);
#1826 = FACE_BOUND('',#1827,.T.);
#1827 = EDGE_LOOP('',(#1828,#1829,#1830,#1831));
#1828 = ORIENTED_EDGE('',*,*,#1310,.T.);
#1829 = ORIENTED_EDGE('',*,*,#1812,.T.);
#1830 = ORIENTED_EDGE('',*,*,#1385,.F.);
#1831 = ORIENTED_EDGE('',*,*,#1482,.F.);
#1832 = CYLINDRICAL_SURFACE('',#1833,0.22);
#1833 = AXIS2_PLACEMENT_3D('',#1834,#1835,#1836);
#1834 = CARTESIAN_POINT('',(-1.14,-0.175,0.22));
#1835 = DIRECTION('',(-1.110223024625E-16,-1.,-0.));
#1836 = DIRECTION('',(1.,-1.110223024625E-16,1.261617073438E-16));
#1837 = ADVANCED_FACE('',(#1838),#1844,.T.);
#1838 = FACE_BOUND('',#1839,.T.);
#1839 = EDGE_LOOP('',(#1840,#1841,#1842,#1843));
#1840 = ORIENTED_EDGE('',*,*,#1694,.F.);
#1841 = ORIENTED_EDGE('',*,*,#1622,.T.);
#1842 = ORIENTED_EDGE('',*,*,#1646,.T.);
#1843 = ORIENTED_EDGE('',*,*,#1670,.F.);
#1844 = PLANE('',#1845);
#1845 = AXIS2_PLACEMENT_3D('',#1846,#1847,#1848);
#1846 = CARTESIAN_POINT('',(-0.715270145251,-0.490270145251,1.09));
#1847 = DIRECTION('',(0.,0.,1.));
#1848 = DIRECTION('',(1.,0.,-0.));
#1849 = ( GEOMETRIC_REPRESENTATION_CONTEXT(3) 
GLOBAL_UNCERTAINTY_ASSIGNED_CONTEXT((#1853)) 
GLOBAL_UNIT_ASSIGNED_CONTEXT((#1850,#1851,#1852)) REPRESENTATION_CONTEXT
('Context #1','3D Context with UNIT and UNCERTAINTY') );
#1850 = ( LENGTH_UNIT() NAMED_UNIT(*) SI_UNIT(.MILLI.,.METRE.) );
#1851 = ( NAMED_UNIT(*) PLANE_ANGLE_UNIT() SI_UNIT($,.RADIAN.) );
#1852 = ( NAMED_UNIT(*) SI_UNIT($,.STERADIAN.) SOLID_ANGLE_UNIT() );
#1853 = UNCERTAINTY_MEASURE_WITH_UNIT(LENGTH_MEASURE(1.E-07),#1850,
  'distance_accuracy_value','confusion accuracy');
#1854 = CONTEXT_DEPENDENT_SHAPE_REPRESENTATION(#1855,#1857);
#1855 = ( REPRESENTATION_RELATIONSHIP('','',#48,#10) 
REPRESENTATION_RELATIONSHIP_WITH_TRANSFORMATION(#1856) 
SHAPE_REPRESENTATION_RELATIONSHIP() );
#1856 = ITEM_DEFINED_TRANSFORMATION('','',#11,#15);
#1857 = PRODUCT_DEFINITION_SHAPE('Placement','Placement of an item',
  #1858);
#1858 = NEXT_ASSEMBLY_USAGE_OCCURRENCE('1','D2','',#5,#43,$);
#1859 = PRODUCT_RELATED_PRODUCT_CATEGORY('part',$,(#45));
#1860 = SHAPE_DEFINITION_REPRESENTATION(#1861,#1867);
#1861 = PRODUCT_DEFINITION_SHAPE('','',#1862);
#1862 = PRODUCT_DEFINITION('design','',#1863,#1866);
#1863 = PRODUCT_DEFINITION_FORMATION('','',#1864);
#1864 = PRODUCT('D_SOD-123F','D_SOD-123F','',(#1865));
#1865 = PRODUCT_CONTEXT('',#2,'mechanical');
#1866 = PRODUCT_DEFINITION_CONTEXT('part definition',#2,'design');
#1867 = ADVANCED_BREP_SHAPE_REPRESENTATION('',(#11,#1868),#2580);
#1868 = MANIFOLD_SOLID_BREP('',#1869);
#1869 = CLOSED_SHELL('',(#1870,#1910,#1943,#1967,#1993,#2010,#2040,#2078
    ,#2101,#2150,#2173,#2196,#2254,#2277,#2293,#2319,#2350,#2376,#2395,
    #2426,#2450,#2474,#2491,#2515,#2539,#2556,#2568));
#1870 = ADVANCED_FACE('',(#1871),#1905,.T.);
#1871 = FACE_BOUND('',#1872,.T.);
#1872 = EDGE_LOOP('',(#1873,#1883,#1891,#1899));
#1873 = ORIENTED_EDGE('',*,*,#1874,.F.);
#1874 = EDGE_CURVE('',#1875,#1877,#1879,.T.);
#1875 = VERTEX_POINT('',#1876);
#1876 = CARTESIAN_POINT('',(1.75,-0.325,0.));
#1877 = VERTEX_POINT('',#1878);
#1878 = CARTESIAN_POINT('',(1.75,-0.325,0.2));
#1879 = LINE('',#1880,#1881);
#1880 = CARTESIAN_POINT('',(1.75,-0.325,0.));
#1881 = VECTOR('',#1882,1.);
#1882 = DIRECTION('',(0.,0.,1.));
#1883 = ORIENTED_EDGE('',*,*,#1884,.T.);
#1884 = EDGE_CURVE('',#1875,#1885,#1887,.T.);
#1885 = VERTEX_POINT('',#1886);
#1886 = CARTESIAN_POINT('',(1.75,0.325,0.));
#1887 = LINE('',#1888,#1889);
#1888 = CARTESIAN_POINT('',(1.75,-0.325,0.));
#1889 = VECTOR('',#1890,1.);
#1890 = DIRECTION('',(3.330669073875E-16,1.,0.));
#1891 = ORIENTED_EDGE('',*,*,#1892,.T.);
#1892 = EDGE_CURVE('',#1885,#1893,#1895,.T.);
#1893 = VERTEX_POINT('',#1894);
#1894 = CARTESIAN_POINT('',(1.75,0.325,0.2));
#1895 = LINE('',#1896,#1897);
#1896 = CARTESIAN_POINT('',(1.75,0.325,0.));
#1897 = VECTOR('',#1898,1.);
#1898 = DIRECTION('',(0.,0.,1.));
#1899 = ORIENTED_EDGE('',*,*,#1900,.F.);
#1900 = EDGE_CURVE('',#1877,#1893,#1901,.T.);
#1901 = LINE('',#1902,#1903);
#1902 = CARTESIAN_POINT('',(1.75,-0.325,0.2));
#1903 = VECTOR('',#1904,1.);
#1904 = DIRECTION('',(3.330669073875E-16,1.,0.));
#1905 = PLANE('',#1906);
#1906 = AXIS2_PLACEMENT_3D('',#1907,#1908,#1909);
#1907 = CARTESIAN_POINT('',(1.75,-0.325,0.));
#1908 = DIRECTION('',(1.,-3.330669073875E-16,0.));
#1909 = DIRECTION('',(0.,0.,1.));
#1910 = ADVANCED_FACE('',(#1911),#1938,.F.);
#1911 = FACE_BOUND('',#1912,.F.);
#1912 = EDGE_LOOP('',(#1913,#1921,#1931,#1937));
#1913 = ORIENTED_EDGE('',*,*,#1914,.F.);
#1914 = EDGE_CURVE('',#1915,#1875,#1917,.T.);
#1915 = VERTEX_POINT('',#1916);
#1916 = CARTESIAN_POINT('',(1.286014637611,-0.325,0.));
#1917 = LINE('',#1918,#1919);
#1918 = CARTESIAN_POINT('',(1.286014637611,-0.325,0.));
#1919 = VECTOR('',#1920,1.);
#1920 = DIRECTION('',(1.,-3.330669073875E-16,0.));
#1921 = ORIENTED_EDGE('',*,*,#1922,.T.);
#1922 = EDGE_CURVE('',#1915,#1923,#1925,.T.);
#1923 = VERTEX_POINT('',#1924);
#1924 = CARTESIAN_POINT('',(1.3,-0.325,0.2));
#1925 = B_SPLINE_CURVE_WITH_KNOTS('',4,(#1926,#1927,#1928,#1929,#1930),
  .UNSPECIFIED.,.F.,.F.,(5,5),(0.,1.),.PIECEWISE_BEZIER_KNOTS.);
#1926 = CARTESIAN_POINT('',(1.286014637611,-0.325,0.));
#1927 = CARTESIAN_POINT('',(1.289510976465,-0.325,4.999997507219E-02));
#1928 = CARTESIAN_POINT('',(1.293007316516,-0.325,9.999996725694E-02));
#1929 = CARTESIAN_POINT('',(1.29650365771,-0.325,0.149999975794));
#1930 = CARTESIAN_POINT('',(1.3,-0.325,0.2));
#1931 = ORIENTED_EDGE('',*,*,#1932,.T.);
#1932 = EDGE_CURVE('',#1923,#1877,#1933,.T.);
#1933 = LINE('',#1934,#1935);
#1934 = CARTESIAN_POINT('',(1.286014637611,-0.325,0.2));
#1935 = VECTOR('',#1936,1.);
#1936 = DIRECTION('',(1.,-3.330669073875E-16,0.));
#1937 = ORIENTED_EDGE('',*,*,#1874,.F.);
#1938 = PLANE('',#1939);
#1939 = AXIS2_PLACEMENT_3D('',#1940,#1941,#1942);
#1940 = CARTESIAN_POINT('',(1.286014637611,-0.325,0.));
#1941 = DIRECTION('',(3.330669073875E-16,1.,0.));
#1942 = DIRECTION('',(0.,-0.,1.));
#1943 = ADVANCED_FACE('',(#1944),#1962,.T.);
#1944 = FACE_BOUND('',#1945,.T.);
#1945 = EDGE_LOOP('',(#1946,#1954,#1955,#1956));
#1946 = ORIENTED_EDGE('',*,*,#1947,.F.);
#1947 = EDGE_CURVE('',#1923,#1948,#1950,.T.);
#1948 = VERTEX_POINT('',#1949);
#1949 = CARTESIAN_POINT('',(1.3,0.325,0.2));
#1950 = LINE('',#1951,#1952);
#1951 = CARTESIAN_POINT('',(1.3,-0.8,0.2));
#1952 = VECTOR('',#1953,1.);
#1953 = DIRECTION('',(0.,1.,0.));
#1954 = ORIENTED_EDGE('',*,*,#1932,.T.);
#1955 = ORIENTED_EDGE('',*,*,#1900,.T.);
#1956 = ORIENTED_EDGE('',*,*,#1957,.F.);
#1957 = EDGE_CURVE('',#1948,#1893,#1958,.T.);
#1958 = LINE('',#1959,#1960);
#1959 = CARTESIAN_POINT('',(1.286014637611,0.325,0.2));
#1960 = VECTOR('',#1961,1.);
#1961 = DIRECTION('',(1.,-3.330669073875E-16,0.));
#1962 = PLANE('',#1963);
#1963 = AXIS2_PLACEMENT_3D('',#1964,#1965,#1966);
#1964 = CARTESIAN_POINT('',(1.286014637611,-0.325,0.2));
#1965 = DIRECTION('',(0.,0.,1.));
#1966 = DIRECTION('',(1.,-3.330669073875E-16,0.));
#1967 = ADVANCED_FACE('',(#1968),#1988,.T.);
#1968 = FACE_BOUND('',#1969,.T.);
#1969 = EDGE_LOOP('',(#1970,#1978,#1986,#1987));
#1970 = ORIENTED_EDGE('',*,*,#1971,.F.);
#1971 = EDGE_CURVE('',#1972,#1885,#1974,.T.);
#1972 = VERTEX_POINT('',#1973);
#1973 = CARTESIAN_POINT('',(1.286014637611,0.325,0.));
#1974 = LINE('',#1975,#1976);
#1975 = CARTESIAN_POINT('',(1.286014637611,0.325,0.));
#1976 = VECTOR('',#1977,1.);
#1977 = DIRECTION('',(1.,-3.330669073875E-16,0.));
#1978 = ORIENTED_EDGE('',*,*,#1979,.T.);
#1979 = EDGE_CURVE('',#1972,#1948,#1980,.T.);
#1980 = B_SPLINE_CURVE_WITH_KNOTS('',4,(#1981,#1982,#1983,#1984,#1985),
  .UNSPECIFIED.,.F.,.F.,(5,5),(0.,1.),.PIECEWISE_BEZIER_KNOTS.);
#1981 = CARTESIAN_POINT('',(1.286014637611,0.325,0.));
#1982 = CARTESIAN_POINT('',(1.289510976465,0.325,4.999997507219E-02));
#1983 = CARTESIAN_POINT('',(1.293007316516,0.325,9.999996725694E-02));
#1984 = CARTESIAN_POINT('',(1.29650365771,0.325,0.149999975794));
#1985 = CARTESIAN_POINT('',(1.3,0.325,0.2));
#1986 = ORIENTED_EDGE('',*,*,#1957,.T.);
#1987 = ORIENTED_EDGE('',*,*,#1892,.F.);
#1988 = PLANE('',#1989);
#1989 = AXIS2_PLACEMENT_3D('',#1990,#1991,#1992);
#1990 = CARTESIAN_POINT('',(1.286014637611,0.325,0.));
#1991 = DIRECTION('',(3.330669073875E-16,1.,0.));
#1992 = DIRECTION('',(0.,-0.,1.));
#1993 = ADVANCED_FACE('',(#1994),#2005,.F.);
#1994 = FACE_BOUND('',#1995,.F.);
#1995 = EDGE_LOOP('',(#1996,#2002,#2003,#2004));
#1996 = ORIENTED_EDGE('',*,*,#1997,.F.);
#1997 = EDGE_CURVE('',#1915,#1972,#1998,.T.);
#1998 = LINE('',#1999,#2000);
#1999 = CARTESIAN_POINT('',(1.286014637611,-0.325,0.));
#2000 = VECTOR('',#2001,1.);
#2001 = DIRECTION('',(3.330669073875E-16,1.,0.));
#2002 = ORIENTED_EDGE('',*,*,#1914,.T.);
#2003 = ORIENTED_EDGE('',*,*,#1884,.T.);
#2004 = ORIENTED_EDGE('',*,*,#1971,.F.);
#2005 = PLANE('',#2006);
#2006 = AXIS2_PLACEMENT_3D('',#2007,#2008,#2009);
#2007 = CARTESIAN_POINT('',(1.286014637611,-0.325,0.));
#2008 = DIRECTION('',(0.,0.,1.));
#2009 = DIRECTION('',(1.,-3.330669073875E-16,0.));
#2010 = ADVANCED_FACE('',(#2011),#2035,.T.);
#2011 = FACE_BOUND('',#2012,.T.);
#2012 = EDGE_LOOP('',(#2013,#2022,#2028,#2029));
#2013 = ORIENTED_EDGE('',*,*,#2014,.F.);
#2014 = EDGE_CURVE('',#2015,#2017,#2019,.T.);
#2015 = VERTEX_POINT('',#2016);
#2016 = CARTESIAN_POINT('',(1.286014637611,-0.786014637611,0.));
#2017 = VERTEX_POINT('',#2018);
#2018 = CARTESIAN_POINT('',(1.3,-0.8,0.2));
#2019 = B_SPLINE_CURVE_WITH_KNOTS('',1,(#2020,#2021),.UNSPECIFIED.,.F.,
  .F.,(2,2),(0.,1.),.PIECEWISE_BEZIER_KNOTS.);
#2020 = CARTESIAN_POINT('',(1.286014637611,-0.786014637611,0.));
#2021 = CARTESIAN_POINT('',(1.3,-0.8,0.2));
#2022 = ORIENTED_EDGE('',*,*,#2023,.T.);
#2023 = EDGE_CURVE('',#2015,#1915,#2024,.T.);
#2024 = LINE('',#2025,#2026);
#2025 = CARTESIAN_POINT('',(1.286014637611,-0.786014637611,0.));
#2026 = VECTOR('',#2027,1.);
#2027 = DIRECTION('',(0.,1.,0.));
#2028 = ORIENTED_EDGE('',*,*,#1922,.T.);
#2029 = ORIENTED_EDGE('',*,*,#2030,.F.);
#2030 = EDGE_CURVE('',#2017,#1923,#2031,.T.);
#2031 = LINE('',#2032,#2033);
#2032 = CARTESIAN_POINT('',(1.3,-0.8,0.2));
#2033 = VECTOR('',#2034,1.);
#2034 = DIRECTION('',(0.,1.,0.));
#2035 = B_SPLINE_SURFACE_WITH_KNOTS('',1,1,(
    (#2036,#2037)
    ,(#2038,#2039
    )),.UNSPECIFIED.,.F.,.F.,.F.,(2,2),(2,2),(0.,1.6),(0.,1.),
  .PIECEWISE_BEZIER_KNOTS.);
#2036 = CARTESIAN_POINT('',(1.286014637611,-0.786014637611,0.));
#2037 = CARTESIAN_POINT('',(1.3,-0.8,0.2));
#2038 = CARTESIAN_POINT('',(1.286014637611,0.786014637611,0.));
#2039 = CARTESIAN_POINT('',(1.3,0.8,0.2));
#2040 = ADVANCED_FACE('',(#2041),#2073,.T.);
#2041 = FACE_BOUND('',#2042,.T.);
#2042 = EDGE_LOOP('',(#2043,#2044,#2045,#2053,#2060,#2068));
#2043 = ORIENTED_EDGE('',*,*,#2030,.T.);
#2044 = ORIENTED_EDGE('',*,*,#1947,.T.);
#2045 = ORIENTED_EDGE('',*,*,#2046,.T.);
#2046 = EDGE_CURVE('',#1948,#2047,#2049,.T.);
#2047 = VERTEX_POINT('',#2048);
#2048 = CARTESIAN_POINT('',(1.3,0.8,0.2));
#2049 = LINE('',#2050,#2051);
#2050 = CARTESIAN_POINT('',(1.3,-0.8,0.2));
#2051 = VECTOR('',#2052,1.);
#2052 = DIRECTION('',(0.,1.,0.));
#2053 = ORIENTED_EDGE('',*,*,#2054,.T.);
#2054 = EDGE_CURVE('',#2047,#2055,#2057,.T.);
#2055 = VERTEX_POINT('',#2056);
#2056 = CARTESIAN_POINT('',(1.237065869251,0.737065869251,1.1));
#2057 = B_SPLINE_CURVE_WITH_KNOTS('',1,(#2058,#2059),.UNSPECIFIED.,.F.,
  .F.,(2,2),(0.,1.),.PIECEWISE_BEZIER_KNOTS.);
#2058 = CARTESIAN_POINT('',(1.3,0.8,0.2));
#2059 = CARTESIAN_POINT('',(1.237065869251,0.737065869251,1.1));
#2060 = ORIENTED_EDGE('',*,*,#2061,.F.);
#2061 = EDGE_CURVE('',#2062,#2055,#2064,.T.);
#2062 = VERTEX_POINT('',#2063);
#2063 = CARTESIAN_POINT('',(1.237065869251,-0.737065869251,1.1));
#2064 = LINE('',#2065,#2066);
#2065 = CARTESIAN_POINT('',(1.237065869251,-0.737065869251,1.1));
#2066 = VECTOR('',#2067,1.);
#2067 = DIRECTION('',(0.,1.,0.));
#2068 = ORIENTED_EDGE('',*,*,#2069,.F.);
#2069 = EDGE_CURVE('',#2017,#2062,#2070,.T.);
#2070 = B_SPLINE_CURVE_WITH_KNOTS('',1,(#2071,#2072),.UNSPECIFIED.,.F.,
  .F.,(2,2),(0.,1.),.PIECEWISE_BEZIER_KNOTS.);
#2071 = CARTESIAN_POINT('',(1.3,-0.8,0.2));
#2072 = CARTESIAN_POINT('',(1.237065869251,-0.737065869251,1.1));
#2073 = B_SPLINE_SURFACE_WITH_KNOTS('',1,1,(
    (#2074,#2075)
    ,(#2076,#2077
    )),.UNSPECIFIED.,.F.,.F.,.F.,(2,2),(2,2),(0.,1.6),(0.,1.),
  .PIECEWISE_BEZIER_KNOTS.);
#2074 = CARTESIAN_POINT('',(1.3,-0.8,0.2));
#2075 = CARTESIAN_POINT('',(1.237065869251,-0.737065869251,1.1));
#2076 = CARTESIAN_POINT('',(1.3,0.8,0.2));
#2077 = CARTESIAN_POINT('',(1.237065869251,0.737065869251,1.1));
#2078 = ADVANCED_FACE('',(#2079),#2096,.T.);
#2079 = FACE_BOUND('',#2080,.T.);
#2080 = EDGE_LOOP('',(#2081,#2082,#2090,#2095));
#2081 = ORIENTED_EDGE('',*,*,#1979,.F.);
#2082 = ORIENTED_EDGE('',*,*,#2083,.T.);
#2083 = EDGE_CURVE('',#1972,#2084,#2086,.T.);
#2084 = VERTEX_POINT('',#2085);
#2085 = CARTESIAN_POINT('',(1.286014637611,0.786014637611,0.));
#2086 = LINE('',#2087,#2088);
#2087 = CARTESIAN_POINT('',(1.286014637611,-0.786014637611,0.));
#2088 = VECTOR('',#2089,1.);
#2089 = DIRECTION('',(0.,1.,0.));
#2090 = ORIENTED_EDGE('',*,*,#2091,.T.);
#2091 = EDGE_CURVE('',#2084,#2047,#2092,.T.);
#2092 = B_SPLINE_CURVE_WITH_KNOTS('',1,(#2093,#2094),.UNSPECIFIED.,.F.,
  .F.,(2,2),(0.,1.),.PIECEWISE_BEZIER_KNOTS.);
#2093 = CARTESIAN_POINT('',(1.286014637611,0.786014637611,0.));
#2094 = CARTESIAN_POINT('',(1.3,0.8,0.2));
#2095 = ORIENTED_EDGE('',*,*,#2046,.F.);
#2096 = B_SPLINE_SURFACE_WITH_KNOTS('',1,1,(
    (#2097,#2098)
    ,(#2099,#2100
    )),.UNSPECIFIED.,.F.,.F.,.F.,(2,2),(2,2),(0.,1.6),(0.,1.),
  .PIECEWISE_BEZIER_KNOTS.);
#2097 = CARTESIAN_POINT('',(1.286014637611,-0.786014637611,0.));
#2098 = CARTESIAN_POINT('',(1.3,-0.8,0.2));
#2099 = CARTESIAN_POINT('',(1.286014637611,0.786014637611,0.));
#2100 = CARTESIAN_POINT('',(1.3,0.8,0.2));
#2101 = ADVANCED_FACE('',(#2102),#2145,.T.);
#2102 = FACE_BOUND('',#2103,.T.);
#2103 = EDGE_LOOP('',(#2104,#2112,#2120,#2128,#2136,#2142,#2143,#2144));
#2104 = ORIENTED_EDGE('',*,*,#2105,.F.);
#2105 = EDGE_CURVE('',#2106,#2015,#2108,.T.);
#2106 = VERTEX_POINT('',#2107);
#2107 = CARTESIAN_POINT('',(-1.286014637611,-0.786014637611,0.));
#2108 = LINE('',#2109,#2110);
#2109 = CARTESIAN_POINT('',(-1.286014637611,-0.786014637611,0.));
#2110 = VECTOR('',#2111,1.);
#2111 = DIRECTION('',(1.,0.,0.));
#2112 = ORIENTED_EDGE('',*,*,#2113,.F.);
#2113 = EDGE_CURVE('',#2114,#2106,#2116,.T.);
#2114 = VERTEX_POINT('',#2115);
#2115 = CARTESIAN_POINT('',(-1.286014637611,-0.325,0.));
#2116 = LINE('',#2117,#2118);
#2117 = CARTESIAN_POINT('',(-1.286014637611,0.786014637611,0.));
#2118 = VECTOR('',#2119,1.);
#2119 = DIRECTION('',(0.,-1.,0.));
#2120 = ORIENTED_EDGE('',*,*,#2121,.F.);
#2121 = EDGE_CURVE('',#2122,#2114,#2124,.T.);
#2122 = VERTEX_POINT('',#2123);
#2123 = CARTESIAN_POINT('',(-1.286014637611,0.325,0.));
#2124 = LINE('',#2125,#2126);
#2125 = CARTESIAN_POINT('',(-1.286014637611,0.325,0.));
#2126 = VECTOR('',#2127,1.);
#2127 = DIRECTION('',(-2.22044604925E-16,-1.,0.));
#2128 = ORIENTED_EDGE('',*,*,#2129,.F.);
#2129 = EDGE_CURVE('',#2130,#2122,#2132,.T.);
#2130 = VERTEX_POINT('',#2131);
#2131 = CARTESIAN_POINT('',(-1.286014637611,0.786014637611,0.));
#2132 = LINE('',#2133,#2134);
#2133 = CARTESIAN_POINT('',(-1.286014637611,0.786014637611,0.));
#2134 = VECTOR('',#2135,1.);
#2135 = DIRECTION('',(0.,-1.,0.));
#2136 = ORIENTED_EDGE('',*,*,#2137,.F.);
#2137 = EDGE_CURVE('',#2084,#2130,#2138,.T.);
#2138 = LINE('',#2139,#2140);
#2139 = CARTESIAN_POINT('',(1.286014637611,0.786014637611,0.));
#2140 = VECTOR('',#2141,1.);
#2141 = DIRECTION('',(-1.,0.,0.));
#2142 = ORIENTED_EDGE('',*,*,#2083,.F.);
#2143 = ORIENTED_EDGE('',*,*,#1997,.F.);
#2144 = ORIENTED_EDGE('',*,*,#2023,.F.);
#2145 = PLANE('',#2146);
#2146 = AXIS2_PLACEMENT_3D('',#2147,#2148,#2149);
#2147 = CARTESIAN_POINT('',(-1.286014637611,-0.786014637611,0.));
#2148 = DIRECTION('',(0.,0.,-1.));
#2149 = DIRECTION('',(0.85324734997,0.521506433104,0.));
#2150 = ADVANCED_FACE('',(#2151),#2168,.T.);
#2151 = FACE_BOUND('',#2152,.T.);
#2152 = EDGE_LOOP('',(#2153,#2154,#2155,#2163));
#2153 = ORIENTED_EDGE('',*,*,#2105,.T.);
#2154 = ORIENTED_EDGE('',*,*,#2014,.T.);
#2155 = ORIENTED_EDGE('',*,*,#2156,.F.);
#2156 = EDGE_CURVE('',#2157,#2017,#2159,.T.);
#2157 = VERTEX_POINT('',#2158);
#2158 = CARTESIAN_POINT('',(-1.3,-0.8,0.2));
#2159 = LINE('',#2160,#2161);
#2160 = CARTESIAN_POINT('',(-1.3,-0.8,0.2));
#2161 = VECTOR('',#2162,1.);
#2162 = DIRECTION('',(1.,0.,0.));
#2163 = ORIENTED_EDGE('',*,*,#2164,.F.);
#2164 = EDGE_CURVE('',#2106,#2157,#2165,.T.);
#2165 = B_SPLINE_CURVE_WITH_KNOTS('',1,(#2166,#2167),.UNSPECIFIED.,.F.,
  .F.,(2,2),(0.,1.),.PIECEWISE_BEZIER_KNOTS.);
#2166 = CARTESIAN_POINT('',(-1.286014637611,-0.786014637611,0.));
#2167 = CARTESIAN_POINT('',(-1.3,-0.8,0.2));
#2168 = B_SPLINE_SURFACE_WITH_KNOTS('',1,1,(
    (#2169,#2170)
    ,(#2171,#2172
    )),.UNSPECIFIED.,.F.,.F.,.F.,(2,2),(2,2),(0.,2.6),(0.,1.),
  .PIECEWISE_BEZIER_KNOTS.);
#2169 = CARTESIAN_POINT('',(-1.286014637611,-0.786014637611,0.));
#2170 = CARTESIAN_POINT('',(-1.3,-0.8,0.2));
#2171 = CARTESIAN_POINT('',(1.286014637611,-0.786014637611,0.));
#2172 = CARTESIAN_POINT('',(1.3,-0.8,0.2));
#2173 = ADVANCED_FACE('',(#2174),#2191,.T.);
#2174 = FACE_BOUND('',#2175,.T.);
#2175 = EDGE_LOOP('',(#2176,#2177,#2178,#2186));
#2176 = ORIENTED_EDGE('',*,*,#2156,.T.);
#2177 = ORIENTED_EDGE('',*,*,#2069,.T.);
#2178 = ORIENTED_EDGE('',*,*,#2179,.F.);
#2179 = EDGE_CURVE('',#2180,#2062,#2182,.T.);
#2180 = VERTEX_POINT('',#2181);
#2181 = CARTESIAN_POINT('',(-1.237065869251,-0.737065869251,1.1));
#2182 = LINE('',#2183,#2184);
#2183 = CARTESIAN_POINT('',(-1.237065869251,-0.737065869251,1.1));
#2184 = VECTOR('',#2185,1.);
#2185 = DIRECTION('',(1.,0.,0.));
#2186 = ORIENTED_EDGE('',*,*,#2187,.F.);
#2187 = EDGE_CURVE('',#2157,#2180,#2188,.T.);
#2188 = B_SPLINE_CURVE_WITH_KNOTS('',1,(#2189,#2190),.UNSPECIFIED.,.F.,
  .F.,(2,2),(0.,1.),.PIECEWISE_BEZIER_KNOTS.);
#2189 = CARTESIAN_POINT('',(-1.3,-0.8,0.2));
#2190 = CARTESIAN_POINT('',(-1.237065869251,-0.737065869251,1.1));
#2191 = B_SPLINE_SURFACE_WITH_KNOTS('',1,1,(
    (#2192,#2193)
    ,(#2194,#2195
    )),.UNSPECIFIED.,.F.,.F.,.F.,(2,2),(2,2),(0.,2.6),(0.,1.),
  .PIECEWISE_BEZIER_KNOTS.);
#2192 = CARTESIAN_POINT('',(-1.3,-0.8,0.2));
#2193 = CARTESIAN_POINT('',(-1.237065869251,-0.737065869251,1.1));
#2194 = CARTESIAN_POINT('',(1.3,-0.8,0.2));
#2195 = CARTESIAN_POINT('',(1.237065869251,-0.737065869251,1.1));
#2196 = ADVANCED_FACE('',(#2197,#2215),#2249,.F.);
#2197 = FACE_BOUND('',#2198,.F.);
#2198 = EDGE_LOOP('',(#2199,#2200,#2208,#2214));
#2199 = ORIENTED_EDGE('',*,*,#2179,.F.);
#2200 = ORIENTED_EDGE('',*,*,#2201,.F.);
#2201 = EDGE_CURVE('',#2202,#2180,#2204,.T.);
#2202 = VERTEX_POINT('',#2203);
#2203 = CARTESIAN_POINT('',(-1.237065869251,0.737065869251,1.1));
#2204 = LINE('',#2205,#2206);
#2205 = CARTESIAN_POINT('',(-1.237065869251,0.737065869251,1.1));
#2206 = VECTOR('',#2207,1.);
#2207 = DIRECTION('',(0.,-1.,0.));
#2208 = ORIENTED_EDGE('',*,*,#2209,.F.);
#2209 = EDGE_CURVE('',#2055,#2202,#2210,.T.);
#2210 = LINE('',#2211,#2212);
#2211 = CARTESIAN_POINT('',(1.237065869251,0.737065869251,1.1));
#2212 = VECTOR('',#2213,1.);
#2213 = DIRECTION('',(-1.,0.,0.));
#2214 = ORIENTED_EDGE('',*,*,#2061,.F.);
#2215 = FACE_BOUND('',#2216,.F.);
#2216 = EDGE_LOOP('',(#2217,#2227,#2235,#2243));
#2217 = ORIENTED_EDGE('',*,*,#2218,.F.);
#2218 = EDGE_CURVE('',#2219,#2221,#2223,.T.);
#2219 = VERTEX_POINT('',#2220);
#2220 = CARTESIAN_POINT('',(-0.787065869251,0.687065869251,1.1));
#2221 = VERTEX_POINT('',#2222);
#2222 = CARTESIAN_POINT('',(-0.787065869251,-0.687065869251,1.1));
#2223 = LINE('',#2224,#2225);
#2224 = CARTESIAN_POINT('',(-0.787065869251,-0.712065869251,1.1));
#2225 = VECTOR('',#2226,1.);
#2226 = DIRECTION('',(0.,-1.,0.));
#2227 = ORIENTED_EDGE('',*,*,#2228,.F.);
#2228 = EDGE_CURVE('',#2229,#2219,#2231,.T.);
#2229 = VERTEX_POINT('',#2230);
#2230 = CARTESIAN_POINT('',(-1.187065869251,0.687065869251,1.1));
#2231 = LINE('',#2232,#2233);
#2232 = CARTESIAN_POINT('',(-1.212065869251,0.687065869251,1.1));
#2233 = VECTOR('',#2234,1.);
#2234 = DIRECTION('',(1.,0.,0.));
#2235 = ORIENTED_EDGE('',*,*,#2236,.T.);
#2236 = EDGE_CURVE('',#2229,#2237,#2239,.T.);
#2237 = VERTEX_POINT('',#2238);
#2238 = CARTESIAN_POINT('',(-1.187065869251,-0.687065869251,1.1));
#2239 = LINE('',#2240,#2241);
#2240 = CARTESIAN_POINT('',(-1.187065869251,-0.712065869251,1.1));
#2241 = VECTOR('',#2242,1.);
#2242 = DIRECTION('',(0.,-1.,0.));
#2243 = ORIENTED_EDGE('',*,*,#2244,.T.);
#2244 = EDGE_CURVE('',#2237,#2221,#2245,.T.);
#2245 = LINE('',#2246,#2247);
#2246 = CARTESIAN_POINT('',(-1.212065869251,-0.687065869251,1.1));
#2247 = VECTOR('',#2248,1.);
#2248 = DIRECTION('',(1.,0.,0.));
#2249 = PLANE('',#2250);
#2250 = AXIS2_PLACEMENT_3D('',#2251,#2252,#2253);
#2251 = CARTESIAN_POINT('',(-1.237065869251,-0.737065869251,1.1));
#2252 = DIRECTION('',(0.,0.,-1.));
#2253 = DIRECTION('',(0.859073922076,0.511851537468,0.));
#2254 = ADVANCED_FACE('',(#2255),#2272,.T.);
#2255 = FACE_BOUND('',#2256,.T.);
#2256 = EDGE_LOOP('',(#2257,#2265,#2270,#2271));
#2257 = ORIENTED_EDGE('',*,*,#2258,.T.);
#2258 = EDGE_CURVE('',#2047,#2259,#2261,.T.);
#2259 = VERTEX_POINT('',#2260);
#2260 = CARTESIAN_POINT('',(-1.3,0.8,0.2));
#2261 = LINE('',#2262,#2263);
#2262 = CARTESIAN_POINT('',(1.3,0.8,0.2));
#2263 = VECTOR('',#2264,1.);
#2264 = DIRECTION('',(-1.,0.,0.));
#2265 = ORIENTED_EDGE('',*,*,#2266,.T.);
#2266 = EDGE_CURVE('',#2259,#2202,#2267,.T.);
#2267 = B_SPLINE_CURVE_WITH_KNOTS('',1,(#2268,#2269),.UNSPECIFIED.,.F.,
  .F.,(2,2),(0.,1.),.PIECEWISE_BEZIER_KNOTS.);
#2268 = CARTESIAN_POINT('',(-1.3,0.8,0.2));
#2269 = CARTESIAN_POINT('',(-1.237065869251,0.737065869251,1.1));
#2270 = ORIENTED_EDGE('',*,*,#2209,.F.);
#2271 = ORIENTED_EDGE('',*,*,#2054,.F.);
#2272 = B_SPLINE_SURFACE_WITH_KNOTS('',1,1,(
    (#2273,#2274)
    ,(#2275,#2276
    )),.UNSPECIFIED.,.F.,.F.,.F.,(2,2),(2,2),(0.,2.6),(0.,1.),
  .PIECEWISE_BEZIER_KNOTS.);
#2273 = CARTESIAN_POINT('',(1.3,0.8,0.2));
#2274 = CARTESIAN_POINT('',(1.237065869251,0.737065869251,1.1));
#2275 = CARTESIAN_POINT('',(-1.3,0.8,0.2));
#2276 = CARTESIAN_POINT('',(-1.237065869251,0.737065869251,1.1));
#2277 = ADVANCED_FACE('',(#2278),#2288,.T.);
#2278 = FACE_BOUND('',#2279,.T.);
#2279 = EDGE_LOOP('',(#2280,#2281,#2286,#2287));
#2280 = ORIENTED_EDGE('',*,*,#2137,.T.);
#2281 = ORIENTED_EDGE('',*,*,#2282,.T.);
#2282 = EDGE_CURVE('',#2130,#2259,#2283,.T.);
#2283 = B_SPLINE_CURVE_WITH_KNOTS('',1,(#2284,#2285),.UNSPECIFIED.,.F.,
  .F.,(2,2),(0.,1.),.PIECEWISE_BEZIER_KNOTS.);
#2284 = CARTESIAN_POINT('',(-1.286014637611,0.786014637611,0.));
#2285 = CARTESIAN_POINT('',(-1.3,0.8,0.2));
#2286 = ORIENTED_EDGE('',*,*,#2258,.F.);
#2287 = ORIENTED_EDGE('',*,*,#2091,.F.);
#2288 = B_SPLINE_SURFACE_WITH_KNOTS('',1,1,(
    (#2289,#2290)
    ,(#2291,#2292
    )),.UNSPECIFIED.,.F.,.F.,.F.,(2,2),(2,2),(0.,2.6),(0.,1.),
  .PIECEWISE_BEZIER_KNOTS.);
#2289 = CARTESIAN_POINT('',(1.286014637611,0.786014637611,0.));
#2290 = CARTESIAN_POINT('',(1.3,0.8,0.2));
#2291 = CARTESIAN_POINT('',(-1.286014637611,0.786014637611,0.));
#2292 = CARTESIAN_POINT('',(-1.3,0.8,0.2));
#2293 = ADVANCED_FACE('',(#2294),#2314,.T.);
#2294 = FACE_BOUND('',#2295,.T.);
#2295 = EDGE_LOOP('',(#2296,#2306,#2307,#2308));
#2296 = ORIENTED_EDGE('',*,*,#2297,.F.);
#2297 = EDGE_CURVE('',#2114,#2298,#2300,.T.);
#2298 = VERTEX_POINT('',#2299);
#2299 = CARTESIAN_POINT('',(-1.3,-0.325,0.2));
#2300 = B_SPLINE_CURVE_WITH_KNOTS('',4,(#2301,#2302,#2303,#2304,#2305),
  .UNSPECIFIED.,.F.,.F.,(5,5),(0.,1.),.PIECEWISE_BEZIER_KNOTS.);
#2301 = CARTESIAN_POINT('',(-1.286014637611,-0.325,0.));
#2302 = CARTESIAN_POINT('',(-1.289510976465,-0.325,4.999997507219E-02));
#2303 = CARTESIAN_POINT('',(-1.293007316516,-0.325,9.999996725694E-02));
#2304 = CARTESIAN_POINT('',(-1.29650365771,-0.325,0.149999975794));
#2305 = CARTESIAN_POINT('',(-1.3,-0.325,0.2));
#2306 = ORIENTED_EDGE('',*,*,#2113,.T.);
#2307 = ORIENTED_EDGE('',*,*,#2164,.T.);
#2308 = ORIENTED_EDGE('',*,*,#2309,.F.);
#2309 = EDGE_CURVE('',#2298,#2157,#2310,.T.);
#2310 = LINE('',#2311,#2312);
#2311 = CARTESIAN_POINT('',(-1.3,0.8,0.2));
#2312 = VECTOR('',#2313,1.);
#2313 = DIRECTION('',(0.,-1.,0.));
#2314 = B_SPLINE_SURFACE_WITH_KNOTS('',1,1,(
    (#2315,#2316)
    ,(#2317,#2318
    )),.UNSPECIFIED.,.F.,.F.,.F.,(2,2),(2,2),(0.,1.6),(0.,1.),
  .PIECEWISE_BEZIER_KNOTS.);
#2315 = CARTESIAN_POINT('',(-1.286014637611,0.786014637611,0.));
#2316 = CARTESIAN_POINT('',(-1.3,0.8,0.2));
#2317 = CARTESIAN_POINT('',(-1.286014637611,-0.786014637611,0.));
#2318 = CARTESIAN_POINT('',(-1.3,-0.8,0.2));
#2319 = ADVANCED_FACE('',(#2320),#2345,.F.);
#2320 = FACE_BOUND('',#2321,.F.);
#2321 = EDGE_LOOP('',(#2322,#2323,#2331,#2339));
#2322 = ORIENTED_EDGE('',*,*,#2121,.F.);
#2323 = ORIENTED_EDGE('',*,*,#2324,.T.);
#2324 = EDGE_CURVE('',#2122,#2325,#2327,.T.);
#2325 = VERTEX_POINT('',#2326);
#2326 = CARTESIAN_POINT('',(-1.75,0.325,0.));
#2327 = LINE('',#2328,#2329);
#2328 = CARTESIAN_POINT('',(-1.286014637611,0.325,0.));
#2329 = VECTOR('',#2330,1.);
#2330 = DIRECTION('',(-1.,2.22044604925E-16,0.));
#2331 = ORIENTED_EDGE('',*,*,#2332,.T.);
#2332 = EDGE_CURVE('',#2325,#2333,#2335,.T.);
#2333 = VERTEX_POINT('',#2334);
#2334 = CARTESIAN_POINT('',(-1.75,-0.325,0.));
#2335 = LINE('',#2336,#2337);
#2336 = CARTESIAN_POINT('',(-1.75,0.325,0.));
#2337 = VECTOR('',#2338,1.);
#2338 = DIRECTION('',(-2.22044604925E-16,-1.,0.));
#2339 = ORIENTED_EDGE('',*,*,#2340,.F.);
#2340 = EDGE_CURVE('',#2114,#2333,#2341,.T.);
#2341 = LINE('',#2342,#2343);
#2342 = CARTESIAN_POINT('',(-1.286014637611,-0.325,0.));
#2343 = VECTOR('',#2344,1.);
#2344 = DIRECTION('',(-1.,2.22044604925E-16,0.));
#2345 = PLANE('',#2346);
#2346 = AXIS2_PLACEMENT_3D('',#2347,#2348,#2349);
#2347 = CARTESIAN_POINT('',(-1.286014637611,0.325,0.));
#2348 = DIRECTION('',(0.,0.,1.));
#2349 = DIRECTION('',(-1.,2.22044604925E-16,0.));
#2350 = ADVANCED_FACE('',(#2351),#2371,.T.);
#2351 = FACE_BOUND('',#2352,.T.);
#2352 = EDGE_LOOP('',(#2353,#2354,#2355,#2365));
#2353 = ORIENTED_EDGE('',*,*,#2282,.F.);
#2354 = ORIENTED_EDGE('',*,*,#2129,.T.);
#2355 = ORIENTED_EDGE('',*,*,#2356,.T.);
#2356 = EDGE_CURVE('',#2122,#2357,#2359,.T.);
#2357 = VERTEX_POINT('',#2358);
#2358 = CARTESIAN_POINT('',(-1.3,0.325,0.2));
#2359 = B_SPLINE_CURVE_WITH_KNOTS('',4,(#2360,#2361,#2362,#2363,#2364),
  .UNSPECIFIED.,.F.,.F.,(5,5),(0.,1.),.PIECEWISE_BEZIER_KNOTS.);
#2360 = CARTESIAN_POINT('',(-1.286014637611,0.325,0.));
#2361 = CARTESIAN_POINT('',(-1.289510976465,0.325,4.999997507219E-02));
#2362 = CARTESIAN_POINT('',(-1.293007316516,0.325,9.999996725694E-02));
#2363 = CARTESIAN_POINT('',(-1.29650365771,0.325,0.149999975794));
#2364 = CARTESIAN_POINT('',(-1.3,0.325,0.2));
#2365 = ORIENTED_EDGE('',*,*,#2366,.F.);
#2366 = EDGE_CURVE('',#2259,#2357,#2367,.T.);
#2367 = LINE('',#2368,#2369);
#2368 = CARTESIAN_POINT('',(-1.3,0.8,0.2));
#2369 = VECTOR('',#2370,1.);
#2370 = DIRECTION('',(0.,-1.,0.));
#2371 = B_SPLINE_SURFACE_WITH_KNOTS('',1,1,(
    (#2372,#2373)
    ,(#2374,#2375
    )),.UNSPECIFIED.,.F.,.F.,.F.,(2,2),(2,2),(0.,1.6),(0.,1.),
  .PIECEWISE_BEZIER_KNOTS.);
#2372 = CARTESIAN_POINT('',(-1.286014637611,0.786014637611,0.));
#2373 = CARTESIAN_POINT('',(-1.3,0.8,0.2));
#2374 = CARTESIAN_POINT('',(-1.286014637611,-0.786014637611,0.));
#2375 = CARTESIAN_POINT('',(-1.3,-0.8,0.2));
#2376 = ADVANCED_FACE('',(#2377),#2390,.T.);
#2377 = FACE_BOUND('',#2378,.T.);
#2378 = EDGE_LOOP('',(#2379,#2380,#2386,#2387,#2388,#2389));
#2379 = ORIENTED_EDGE('',*,*,#2366,.T.);
#2380 = ORIENTED_EDGE('',*,*,#2381,.T.);
#2381 = EDGE_CURVE('',#2357,#2298,#2382,.T.);
#2382 = LINE('',#2383,#2384);
#2383 = CARTESIAN_POINT('',(-1.3,0.8,0.2));
#2384 = VECTOR('',#2385,1.);
#2385 = DIRECTION('',(0.,-1.,0.));
#2386 = ORIENTED_EDGE('',*,*,#2309,.T.);
#2387 = ORIENTED_EDGE('',*,*,#2187,.T.);
#2388 = ORIENTED_EDGE('',*,*,#2201,.F.);
#2389 = ORIENTED_EDGE('',*,*,#2266,.F.);
#2390 = B_SPLINE_SURFACE_WITH_KNOTS('',1,1,(
    (#2391,#2392)
    ,(#2393,#2394
    )),.UNSPECIFIED.,.F.,.F.,.F.,(2,2),(2,2),(0.,1.6),(0.,1.),
  .PIECEWISE_BEZIER_KNOTS.);
#2391 = CARTESIAN_POINT('',(-1.3,0.8,0.2));
#2392 = CARTESIAN_POINT('',(-1.237065869251,0.737065869251,1.1));
#2393 = CARTESIAN_POINT('',(-1.3,-0.8,0.2));
#2394 = CARTESIAN_POINT('',(-1.237065869251,-0.737065869251,1.1));
#2395 = ADVANCED_FACE('',(#2396),#2421,.F.);
#2396 = FACE_BOUND('',#2397,.F.);
#2397 = EDGE_LOOP('',(#2398,#2406,#2414,#2420));
#2398 = ORIENTED_EDGE('',*,*,#2399,.F.);
#2399 = EDGE_CURVE('',#2400,#2221,#2402,.T.);
#2400 = VERTEX_POINT('',#2401);
#2401 = CARTESIAN_POINT('',(-0.787065869251,-0.687065869251,1.09));
#2402 = LINE('',#2403,#2404);
#2403 = CARTESIAN_POINT('',(-0.787065869251,-0.687065869251,1.09));
#2404 = VECTOR('',#2405,1.);
#2405 = DIRECTION('',(0.,0.,1.));
#2406 = ORIENTED_EDGE('',*,*,#2407,.T.);
#2407 = EDGE_CURVE('',#2400,#2408,#2410,.T.);
#2408 = VERTEX_POINT('',#2409);
#2409 = CARTESIAN_POINT('',(-0.787065869251,0.687065869251,1.09));
#2410 = LINE('',#2411,#2412);
#2411 = CARTESIAN_POINT('',(-0.787065869251,-0.687065869251,1.09));
#2412 = VECTOR('',#2413,1.);
#2413 = DIRECTION('',(0.,1.,0.));
#2414 = ORIENTED_EDGE('',*,*,#2415,.T.);
#2415 = EDGE_CURVE('',#2408,#2219,#2416,.T.);
#2416 = LINE('',#2417,#2418);
#2417 = CARTESIAN_POINT('',(-0.787065869251,0.687065869251,1.09));
#2418 = VECTOR('',#2419,1.);
#2419 = DIRECTION('',(0.,0.,1.));
#2420 = ORIENTED_EDGE('',*,*,#2218,.T.);
#2421 = PLANE('',#2422);
#2422 = AXIS2_PLACEMENT_3D('',#2423,#2424,#2425);
#2423 = CARTESIAN_POINT('',(-0.787065869251,-0.687065869251,1.09));
#2424 = DIRECTION('',(1.,0.,0.));
#2425 = DIRECTION('',(0.,0.,1.));
#2426 = ADVANCED_FACE('',(#2427),#2445,.T.);
#2427 = FACE_BOUND('',#2428,.T.);
#2428 = EDGE_LOOP('',(#2429,#2430,#2438,#2444));
#2429 = ORIENTED_EDGE('',*,*,#2399,.F.);
#2430 = ORIENTED_EDGE('',*,*,#2431,.F.);
#2431 = EDGE_CURVE('',#2432,#2400,#2434,.T.);
#2432 = VERTEX_POINT('',#2433);
#2433 = CARTESIAN_POINT('',(-1.187065869251,-0.687065869251,1.09));
#2434 = LINE('',#2435,#2436);
#2435 = CARTESIAN_POINT('',(-1.187065869251,-0.687065869251,1.09));
#2436 = VECTOR('',#2437,1.);
#2437 = DIRECTION('',(1.,0.,0.));
#2438 = ORIENTED_EDGE('',*,*,#2439,.T.);
#2439 = EDGE_CURVE('',#2432,#2237,#2440,.T.);
#2440 = LINE('',#2441,#2442);
#2441 = CARTESIAN_POINT('',(-1.187065869251,-0.687065869251,1.09));
#2442 = VECTOR('',#2443,1.);
#2443 = DIRECTION('',(0.,0.,1.));
#2444 = ORIENTED_EDGE('',*,*,#2244,.T.);
#2445 = PLANE('',#2446);
#2446 = AXIS2_PLACEMENT_3D('',#2447,#2448,#2449);
#2447 = CARTESIAN_POINT('',(-1.187065869251,-0.687065869251,1.09));
#2448 = DIRECTION('',(0.,1.,0.));
#2449 = DIRECTION('',(0.,-0.,1.));
#2450 = ADVANCED_FACE('',(#2451),#2469,.T.);
#2451 = FACE_BOUND('',#2452,.T.);
#2452 = EDGE_LOOP('',(#2453,#2454,#2462,#2468));
#2453 = ORIENTED_EDGE('',*,*,#2439,.F.);
#2454 = ORIENTED_EDGE('',*,*,#2455,.T.);
#2455 = EDGE_CURVE('',#2432,#2456,#2458,.T.);
#2456 = VERTEX_POINT('',#2457);
#2457 = CARTESIAN_POINT('',(-1.187065869251,0.687065869251,1.09));
#2458 = LINE('',#2459,#2460);
#2459 = CARTESIAN_POINT('',(-1.187065869251,-0.687065869251,1.09));
#2460 = VECTOR('',#2461,1.);
#2461 = DIRECTION('',(0.,1.,0.));
#2462 = ORIENTED_EDGE('',*,*,#2463,.T.);
#2463 = EDGE_CURVE('',#2456,#2229,#2464,.T.);
#2464 = LINE('',#2465,#2466);
#2465 = CARTESIAN_POINT('',(-1.187065869251,0.687065869251,1.09));
#2466 = VECTOR('',#2467,1.);
#2467 = DIRECTION('',(0.,0.,1.));
#2468 = ORIENTED_EDGE('',*,*,#2236,.T.);
#2469 = PLANE('',#2470);
#2470 = AXIS2_PLACEMENT_3D('',#2471,#2472,#2473);
#2471 = CARTESIAN_POINT('',(-1.187065869251,-0.687065869251,1.09));
#2472 = DIRECTION('',(1.,0.,0.));
#2473 = DIRECTION('',(0.,0.,1.));
#2474 = ADVANCED_FACE('',(#2475),#2486,.F.);
#2475 = FACE_BOUND('',#2476,.F.);
#2476 = EDGE_LOOP('',(#2477,#2478,#2484,#2485));
#2477 = ORIENTED_EDGE('',*,*,#2415,.F.);
#2478 = ORIENTED_EDGE('',*,*,#2479,.F.);
#2479 = EDGE_CURVE('',#2456,#2408,#2480,.T.);
#2480 = LINE('',#2481,#2482);
#2481 = CARTESIAN_POINT('',(-1.187065869251,0.687065869251,1.09));
#2482 = VECTOR('',#2483,1.);
#2483 = DIRECTION('',(1.,0.,0.));
#2484 = ORIENTED_EDGE('',*,*,#2463,.T.);
#2485 = ORIENTED_EDGE('',*,*,#2228,.T.);
#2486 = PLANE('',#2487);
#2487 = AXIS2_PLACEMENT_3D('',#2488,#2489,#2490);
#2488 = CARTESIAN_POINT('',(-1.187065869251,0.687065869251,1.09));
#2489 = DIRECTION('',(0.,1.,0.));
#2490 = DIRECTION('',(0.,-0.,1.));
#2491 = ADVANCED_FACE('',(#2492),#2510,.T.);
#2492 = FACE_BOUND('',#2493,.T.);
#2493 = EDGE_LOOP('',(#2494,#2495,#2496,#2504));
#2494 = ORIENTED_EDGE('',*,*,#2340,.F.);
#2495 = ORIENTED_EDGE('',*,*,#2297,.T.);
#2496 = ORIENTED_EDGE('',*,*,#2497,.T.);
#2497 = EDGE_CURVE('',#2298,#2498,#2500,.T.);
#2498 = VERTEX_POINT('',#2499);
#2499 = CARTESIAN_POINT('',(-1.75,-0.325,0.2));
#2500 = LINE('',#2501,#2502);
#2501 = CARTESIAN_POINT('',(-1.286014637611,-0.325,0.2));
#2502 = VECTOR('',#2503,1.);
#2503 = DIRECTION('',(-1.,2.22044604925E-16,0.));
#2504 = ORIENTED_EDGE('',*,*,#2505,.F.);
#2505 = EDGE_CURVE('',#2333,#2498,#2506,.T.);
#2506 = LINE('',#2507,#2508);
#2507 = CARTESIAN_POINT('',(-1.75,-0.325,0.));
#2508 = VECTOR('',#2509,1.);
#2509 = DIRECTION('',(0.,0.,1.));
#2510 = PLANE('',#2511);
#2511 = AXIS2_PLACEMENT_3D('',#2512,#2513,#2514);
#2512 = CARTESIAN_POINT('',(-1.286014637611,-0.325,0.));
#2513 = DIRECTION('',(-2.22044604925E-16,-1.,0.));
#2514 = DIRECTION('',(0.,0.,1.));
#2515 = ADVANCED_FACE('',(#2516),#2534,.F.);
#2516 = FACE_BOUND('',#2517,.F.);
#2517 = EDGE_LOOP('',(#2518,#2519,#2520,#2528));
#2518 = ORIENTED_EDGE('',*,*,#2324,.F.);
#2519 = ORIENTED_EDGE('',*,*,#2356,.T.);
#2520 = ORIENTED_EDGE('',*,*,#2521,.T.);
#2521 = EDGE_CURVE('',#2357,#2522,#2524,.T.);
#2522 = VERTEX_POINT('',#2523);
#2523 = CARTESIAN_POINT('',(-1.75,0.325,0.2));
#2524 = LINE('',#2525,#2526);
#2525 = CARTESIAN_POINT('',(-1.286014637611,0.325,0.2));
#2526 = VECTOR('',#2527,1.);
#2527 = DIRECTION('',(-1.,2.22044604925E-16,0.));
#2528 = ORIENTED_EDGE('',*,*,#2529,.F.);
#2529 = EDGE_CURVE('',#2325,#2522,#2530,.T.);
#2530 = LINE('',#2531,#2532);
#2531 = CARTESIAN_POINT('',(-1.75,0.325,0.));
#2532 = VECTOR('',#2533,1.);
#2533 = DIRECTION('',(0.,0.,1.));
#2534 = PLANE('',#2535);
#2535 = AXIS2_PLACEMENT_3D('',#2536,#2537,#2538);
#2536 = CARTESIAN_POINT('',(-1.286014637611,0.325,0.));
#2537 = DIRECTION('',(-2.22044604925E-16,-1.,0.));
#2538 = DIRECTION('',(0.,0.,1.));
#2539 = ADVANCED_FACE('',(#2540),#2551,.T.);
#2540 = FACE_BOUND('',#2541,.T.);
#2541 = EDGE_LOOP('',(#2542,#2543,#2544,#2545));
#2542 = ORIENTED_EDGE('',*,*,#2529,.F.);
#2543 = ORIENTED_EDGE('',*,*,#2332,.T.);
#2544 = ORIENTED_EDGE('',*,*,#2505,.T.);
#2545 = ORIENTED_EDGE('',*,*,#2546,.F.);
#2546 = EDGE_CURVE('',#2522,#2498,#2547,.T.);
#2547 = LINE('',#2548,#2549);
#2548 = CARTESIAN_POINT('',(-1.75,0.325,0.2));
#2549 = VECTOR('',#2550,1.);
#2550 = DIRECTION('',(-2.22044604925E-16,-1.,0.));
#2551 = PLANE('',#2552);
#2552 = AXIS2_PLACEMENT_3D('',#2553,#2554,#2555);
#2553 = CARTESIAN_POINT('',(-1.75,0.325,0.));
#2554 = DIRECTION('',(-1.,2.22044604925E-16,0.));
#2555 = DIRECTION('',(0.,0.,1.));
#2556 = ADVANCED_FACE('',(#2557),#2563,.T.);
#2557 = FACE_BOUND('',#2558,.T.);
#2558 = EDGE_LOOP('',(#2559,#2560,#2561,#2562));
#2559 = ORIENTED_EDGE('',*,*,#2381,.F.);
#2560 = ORIENTED_EDGE('',*,*,#2521,.T.);
#2561 = ORIENTED_EDGE('',*,*,#2546,.T.);
#2562 = ORIENTED_EDGE('',*,*,#2497,.F.);
#2563 = PLANE('',#2564);
#2564 = AXIS2_PLACEMENT_3D('',#2565,#2566,#2567);
#2565 = CARTESIAN_POINT('',(-1.286014637611,0.325,0.2));
#2566 = DIRECTION('',(0.,0.,1.));
#2567 = DIRECTION('',(-1.,2.22044604925E-16,0.));
#2568 = ADVANCED_FACE('',(#2569),#2575,.T.);
#2569 = FACE_BOUND('',#2570,.T.);
#2570 = EDGE_LOOP('',(#2571,#2572,#2573,#2574));
#2571 = ORIENTED_EDGE('',*,*,#2455,.F.);
#2572 = ORIENTED_EDGE('',*,*,#2431,.T.);
#2573 = ORIENTED_EDGE('',*,*,#2407,.T.);
#2574 = ORIENTED_EDGE('',*,*,#2479,.F.);
#2575 = PLANE('',#2576);
#2576 = AXIS2_PLACEMENT_3D('',#2577,#2578,#2579);
#2577 = CARTESIAN_POINT('',(-1.187065869251,-0.687065869251,1.09));
#2578 = DIRECTION('',(0.,0.,1.));
#2579 = DIRECTION('',(1.,0.,-0.));
#2580 = ( GEOMETRIC_REPRESENTATION_CONTEXT(3) 
GLOBAL_UNCERTAINTY_ASSIGNED_CONTEXT((#2584)) 
GLOBAL_UNIT_ASSIGNED_CONTEXT((#2581,#2582,#2583)) REPRESENTATION_CONTEXT
('Context #1','3D Context with UNIT and UNCERTAINTY') );
#2581 = ( LENGTH_UNIT() NAMED_UNIT(*) SI_UNIT(.MILLI.,.METRE.) );
#2582 = ( NAMED_UNIT(*) PLANE_ANGLE_UNIT() SI_UNIT($,.RADIAN.) );
#2583 = ( NAMED_UNIT(*) SI_UNIT($,.STERADIAN.) SOLID_ANGLE_UNIT() );
#2584 = UNCERTAINTY_MEASURE_WITH_UNIT(LENGTH_MEASURE(5.E-06),#2581,
  'distance_accuracy_value','confusion accuracy');
#2585 = CONTEXT_DEPENDENT_SHAPE_REPRESENTATION(#2586,#2588);
#2586 = ( REPRESENTATION_RELATIONSHIP('','',#1867,#10) 
REPRESENTATION_RELATIONSHIP_WITH_TRANSFORMATION(#2587) 
SHAPE_REPRESENTATION_RELATIONSHIP() );
#2587 = ITEM_DEFINED_TRANSFORMATION('','',#11,#19);
#2588 = PRODUCT_DEFINITION_SHAPE('Placement','Placement of an item',
  #2589);
#2589 = NEXT_ASSEMBLY_USAGE_OCCURRENCE('2','D3','',#5,#1862,$);
#2590 = PRODUCT_RELATED_PRODUCT_CATEGORY('part',$,(#1864));
#2591 = CONTEXT_DEPENDENT_SHAPE_REPRESENTATION(#2592,#2594);
#2592 = ( REPRESENTATION_RELATIONSHIP('','',#48,#10) 
REPRESENTATION_RELATIONSHIP_WITH_TRANSFORMATION(#2593) 
SHAPE_REPRESENTATION_RELATIONSHIP() );
#2593 = ITEM_DEFINED_TRANSFORMATION('','',#11,#23);
#2594 = PRODUCT_DEFINITION_SHAPE('Placement','Placement of an item',
  #2595);
#2595 = NEXT_ASSEMBLY_USAGE_OCCURRENCE('3','D1','',#5,#43,$);
#2596 = SHAPE_DEFINITION_REPRESENTATION(#2597,#2603);
#2597 = PRODUCT_DEFINITION_SHAPE('','',#2598);
#2598 = PRODUCT_DEFINITION('design','',#2599,#2602);
#2599 = PRODUCT_DEFINITION_FORMATION('','',#2600);
#2600 = PRODUCT('VORTAC_TOOL_pad','VORTAC_TOOL_pad','',(#2601));
#2601 = PRODUCT_CONTEXT('',#2,'mechanical');
#2602 = PRODUCT_DEFINITION_CONTEXT('part definition',#2,'design');
#2603 = SHAPE_REPRESENTATION('',(#11,#2604,#2933,#3262,#3354,#3547,#3740
    ,#3832,#3924,#4016,#4108,#4200,#4292,#4384,#4476,#4568,#4660,#4752,
    #4844,#4936,#5028,#5120,#5212,#5304,#5396,#5488,#5580,#5672,#5764,
    #5856,#5948,#6040,#6330,#6620,#6910,#7200,#7490),#7780);
#2604 = MANIFOLD_SOLID_BREP('',#2605);
#2605 = CLOSED_SHELL('',(#2606,#2648,#2679,#2710,#2773,#2836,#2853,#2870
    ,#2887,#2904,#2916));
#2606 = ADVANCED_FACE('',(#2607),#2643,.T.);
#2607 = FACE_BOUND('',#2608,.T.);
#2608 = EDGE_LOOP('',(#2609,#2619,#2628,#2636));
#2609 = ORIENTED_EDGE('',*,*,#2610,.T.);
#2610 = EDGE_CURVE('',#2611,#2613,#2615,.T.);
#2611 = VERTEX_POINT('',#2612);
#2612 = CARTESIAN_POINT('',(98.35,-53.47,0.91));
#2613 = VERTEX_POINT('',#2614);
#2614 = CARTESIAN_POINT('',(98.35,-53.47,0.95));
#2615 = LINE('',#2616,#2617);
#2616 = CARTESIAN_POINT('',(98.35,-53.47,0.91));
#2617 = VECTOR('',#2618,1.);
#2618 = DIRECTION('',(0.,0.,1.));
#2619 = ORIENTED_EDGE('',*,*,#2620,.T.);
#2620 = EDGE_CURVE('',#2613,#2621,#2623,.T.);
#2621 = VERTEX_POINT('',#2622);
#2622 = CARTESIAN_POINT('',(98.62,-53.2,0.95));
#2623 = CIRCLE('',#2624,0.269999422728);
#2624 = AXIS2_PLACEMENT_3D('',#2625,#2626,#2627);
#2625 = CARTESIAN_POINT('',(98.619999422728,-53.46999942272,0.95));
#2626 = DIRECTION('',(0.,0.,-1.));
#2627 = DIRECTION('',(-0.999999999998,-2.138050821579E-06,-0.));
#2628 = ORIENTED_EDGE('',*,*,#2629,.F.);
#2629 = EDGE_CURVE('',#2630,#2621,#2632,.T.);
#2630 = VERTEX_POINT('',#2631);
#2631 = CARTESIAN_POINT('',(98.62,-53.2,0.91));
#2632 = LINE('',#2633,#2634);
#2633 = CARTESIAN_POINT('',(98.62,-53.2,0.91));
#2634 = VECTOR('',#2635,1.);
#2635 = DIRECTION('',(0.,0.,1.));
#2636 = ORIENTED_EDGE('',*,*,#2637,.F.);
#2637 = EDGE_CURVE('',#2611,#2630,#2638,.T.);
#2638 = CIRCLE('',#2639,0.269999422728);
#2639 = AXIS2_PLACEMENT_3D('',#2640,#2641,#2642);
#2640 = CARTESIAN_POINT('',(98.619999422728,-53.46999942272,0.91));
#2641 = DIRECTION('',(0.,0.,-1.));
#2642 = DIRECTION('',(-0.999999999998,-2.138050821579E-06,-0.));
#2643 = CYLINDRICAL_SURFACE('',#2644,0.269999422728);
#2644 = AXIS2_PLACEMENT_3D('',#2645,#2646,#2647);
#2645 = CARTESIAN_POINT('',(98.619999422728,-53.46999942272,0.91));
#2646 = DIRECTION('',(0.,0.,-1.));
#2647 = DIRECTION('',(-0.999999999998,-2.138050821579E-06,-0.));
#2648 = ADVANCED_FACE('',(#2649),#2674,.T.);
#2649 = FACE_BOUND('',#2650,.T.);
#2650 = EDGE_LOOP('',(#2651,#2661,#2667,#2668));
#2651 = ORIENTED_EDGE('',*,*,#2652,.T.);
#2652 = EDGE_CURVE('',#2653,#2655,#2657,.T.);
#2653 = VERTEX_POINT('',#2654);
#2654 = CARTESIAN_POINT('',(98.35,-55.53,0.91));
#2655 = VERTEX_POINT('',#2656);
#2656 = CARTESIAN_POINT('',(98.35,-55.53,0.95));
#2657 = LINE('',#2658,#2659);
#2658 = CARTESIAN_POINT('',(98.35,-55.53,0.91));
#2659 = VECTOR('',#2660,1.);
#2660 = DIRECTION('',(0.,0.,1.));
#2661 = ORIENTED_EDGE('',*,*,#2662,.T.);
#2662 = EDGE_CURVE('',#2655,#2613,#2663,.T.);
#2663 = LINE('',#2664,#2665);
#2664 = CARTESIAN_POINT('',(98.35,-55.53,0.95));
#2665 = VECTOR('',#2666,1.);
#2666 = DIRECTION('',(0.,1.,0.));
#2667 = ORIENTED_EDGE('',*,*,#2610,.F.);
#2668 = ORIENTED_EDGE('',*,*,#2669,.F.);
#2669 = EDGE_CURVE('',#2653,#2611,#2670,.T.);
#2670 = LINE('',#2671,#2672);
#2671 = CARTESIAN_POINT('',(98.35,-55.53,0.91));
#2672 = VECTOR('',#2673,1.);
#2673 = DIRECTION('',(0.,1.,0.));
#2674 = PLANE('',#2675);
#2675 = AXIS2_PLACEMENT_3D('',#2676,#2677,#2678);
#2676 = CARTESIAN_POINT('',(98.35,-55.53,0.91));
#2677 = DIRECTION('',(-1.,0.,0.));
#2678 = DIRECTION('',(0.,1.,0.));
#2679 = ADVANCED_FACE('',(#2680),#2705,.T.);
#2680 = FACE_BOUND('',#2681,.T.);
#2681 = EDGE_LOOP('',(#2682,#2683,#2691,#2699));
#2682 = ORIENTED_EDGE('',*,*,#2629,.T.);
#2683 = ORIENTED_EDGE('',*,*,#2684,.T.);
#2684 = EDGE_CURVE('',#2621,#2685,#2687,.T.);
#2685 = VERTEX_POINT('',#2686);
#2686 = CARTESIAN_POINT('',(99.88,-53.2,0.95));
#2687 = LINE('',#2688,#2689);
#2688 = CARTESIAN_POINT('',(98.62,-53.2,0.95));
#2689 = VECTOR('',#2690,1.);
#2690 = DIRECTION('',(1.,0.,0.));
#2691 = ORIENTED_EDGE('',*,*,#2692,.F.);
#2692 = EDGE_CURVE('',#2693,#2685,#2695,.T.);
#2693 = VERTEX_POINT('',#2694);
#2694 = CARTESIAN_POINT('',(99.88,-53.2,0.91));
#2695 = LINE('',#2696,#2697);
#2696 = CARTESIAN_POINT('',(99.88,-53.2,0.91));
#2697 = VECTOR('',#2698,1.);
#2698 = DIRECTION('',(0.,0.,1.));
#2699 = ORIENTED_EDGE('',*,*,#2700,.F.);
#2700 = EDGE_CURVE('',#2630,#2693,#2701,.T.);
#2701 = LINE('',#2702,#2703);
#2702 = CARTESIAN_POINT('',(98.62,-53.2,0.91));
#2703 = VECTOR('',#2704,1.);
#2704 = DIRECTION('',(1.,0.,0.));
#2705 = PLANE('',#2706);
#2706 = AXIS2_PLACEMENT_3D('',#2707,#2708,#2709);
#2707 = CARTESIAN_POINT('',(98.62,-53.2,0.91));
#2708 = DIRECTION('',(0.,1.,0.));
#2709 = DIRECTION('',(1.,0.,0.));
#2710 = ADVANCED_FACE('',(#2711,#2757),#2768,.F.);
#2711 = FACE_BOUND('',#2712,.F.);
#2712 = EDGE_LOOP('',(#2713,#2714,#2715,#2724,#2732,#2741,#2749,#2756));
#2713 = ORIENTED_EDGE('',*,*,#2637,.F.);
#2714 = ORIENTED_EDGE('',*,*,#2669,.F.);
#2715 = ORIENTED_EDGE('',*,*,#2716,.F.);
#2716 = EDGE_CURVE('',#2717,#2653,#2719,.T.);
#2717 = VERTEX_POINT('',#2718);
#2718 = CARTESIAN_POINT('',(98.62,-55.8,0.91));
#2719 = CIRCLE('',#2720,0.269999422728);
#2720 = AXIS2_PLACEMENT_3D('',#2721,#2722,#2723);
#2721 = CARTESIAN_POINT('',(98.619999422728,-55.53000057727,0.91));
#2722 = DIRECTION('',(0.,0.,-1.));
#2723 = DIRECTION('',(2.138050874212E-06,-0.999999999998,0.));
#2724 = ORIENTED_EDGE('',*,*,#2725,.F.);
#2725 = EDGE_CURVE('',#2726,#2717,#2728,.T.);
#2726 = VERTEX_POINT('',#2727);
#2727 = CARTESIAN_POINT('',(99.88,-55.8,0.91));
#2728 = LINE('',#2729,#2730);
#2729 = CARTESIAN_POINT('',(99.88,-55.8,0.91));
#2730 = VECTOR('',#2731,1.);
#2731 = DIRECTION('',(-1.,0.,0.));
#2732 = ORIENTED_EDGE('',*,*,#2733,.F.);
#2733 = EDGE_CURVE('',#2734,#2726,#2736,.T.);
#2734 = VERTEX_POINT('',#2735);
#2735 = CARTESIAN_POINT('',(100.15,-55.53,0.91));
#2736 = CIRCLE('',#2737,0.269999422728);
#2737 = AXIS2_PLACEMENT_3D('',#2738,#2739,#2740);
#2738 = CARTESIAN_POINT('',(99.880000577272,-55.53000057727,0.91));
#2739 = DIRECTION('',(0.,0.,-1.));
#2740 = DIRECTION('',(0.999999999998,2.138050821579E-06,0.));
#2741 = ORIENTED_EDGE('',*,*,#2742,.F.);
#2742 = EDGE_CURVE('',#2743,#2734,#2745,.T.);
#2743 = VERTEX_POINT('',#2744);
#2744 = CARTESIAN_POINT('',(100.15,-53.47,0.91));
#2745 = LINE('',#2746,#2747);
#2746 = CARTESIAN_POINT('',(100.15,-53.47,0.91));
#2747 = VECTOR('',#2748,1.);
#2748 = DIRECTION('',(0.,-1.,0.));
#2749 = ORIENTED_EDGE('',*,*,#2750,.F.);
#2750 = EDGE_CURVE('',#2693,#2743,#2751,.T.);
#2751 = CIRCLE('',#2752,0.269999422728);
#2752 = AXIS2_PLACEMENT_3D('',#2753,#2754,#2755);
#2753 = CARTESIAN_POINT('',(99.880000577272,-53.46999942272,0.91));
#2754 = DIRECTION('',(0.,0.,-1.));
#2755 = DIRECTION('',(-2.138050874212E-06,0.999999999998,0.));
#2756 = ORIENTED_EDGE('',*,*,#2700,.F.);
#2757 = FACE_BOUND('',#2758,.F.);
#2758 = EDGE_LOOP('',(#2759));
#2759 = ORIENTED_EDGE('',*,*,#2760,.T.);
#2760 = EDGE_CURVE('',#2761,#2761,#2763,.T.);
#2761 = VERTEX_POINT('',#2762);
#2762 = CARTESIAN_POINT('',(99.25,-55.175,0.91));
#2763 = CIRCLE('',#2764,0.675);
#2764 = AXIS2_PLACEMENT_3D('',#2765,#2766,#2767);
#2765 = CARTESIAN_POINT('',(99.25,-54.5,0.91));
#2766 = DIRECTION('',(-0.,0.,-1.));
#2767 = DIRECTION('',(-0.,-1.,0.));
#2768 = PLANE('',#2769);
#2769 = AXIS2_PLACEMENT_3D('',#2770,#2771,#2772);
#2770 = CARTESIAN_POINT('',(0.,0.,0.91));
#2771 = DIRECTION('',(0.,0.,1.));
#2772 = DIRECTION('',(1.,0.,-0.));
#2773 = ADVANCED_FACE('',(#2774,#2820),#2831,.T.);
#2774 = FACE_BOUND('',#2775,.T.);
#2775 = EDGE_LOOP('',(#2776,#2777,#2778,#2787,#2795,#2804,#2812,#2819));
#2776 = ORIENTED_EDGE('',*,*,#2620,.F.);
#2777 = ORIENTED_EDGE('',*,*,#2662,.F.);
#2778 = ORIENTED_EDGE('',*,*,#2779,.F.);
#2779 = EDGE_CURVE('',#2780,#2655,#2782,.T.);
#2780 = VERTEX_POINT('',#2781);
#2781 = CARTESIAN_POINT('',(98.62,-55.8,0.95));
#2782 = CIRCLE('',#2783,0.269999422728);
#2783 = AXIS2_PLACEMENT_3D('',#2784,#2785,#2786);
#2784 = CARTESIAN_POINT('',(98.619999422728,-55.53000057727,0.95));
#2785 = DIRECTION('',(0.,0.,-1.));
#2786 = DIRECTION('',(2.138050874212E-06,-0.999999999998,0.));
#2787 = ORIENTED_EDGE('',*,*,#2788,.F.);
#2788 = EDGE_CURVE('',#2789,#2780,#2791,.T.);
#2789 = VERTEX_POINT('',#2790);
#2790 = CARTESIAN_POINT('',(99.88,-55.8,0.95));
#2791 = LINE('',#2792,#2793);
#2792 = CARTESIAN_POINT('',(99.88,-55.8,0.95));
#2793 = VECTOR('',#2794,1.);
#2794 = DIRECTION('',(-1.,0.,0.));
#2795 = ORIENTED_EDGE('',*,*,#2796,.F.);
#2796 = EDGE_CURVE('',#2797,#2789,#2799,.T.);
#2797 = VERTEX_POINT('',#2798);
#2798 = CARTESIAN_POINT('',(100.15,-55.53,0.95));
#2799 = CIRCLE('',#2800,0.269999422728);
#2800 = AXIS2_PLACEMENT_3D('',#2801,#2802,#2803);
#2801 = CARTESIAN_POINT('',(99.880000577272,-55.53000057727,0.95));
#2802 = DIRECTION('',(0.,0.,-1.));
#2803 = DIRECTION('',(0.999999999998,2.138050821579E-06,0.));
#2804 = ORIENTED_EDGE('',*,*,#2805,.F.);
#2805 = EDGE_CURVE('',#2806,#2797,#2808,.T.);
#2806 = VERTEX_POINT('',#2807);
#2807 = CARTESIAN_POINT('',(100.15,-53.47,0.95));
#2808 = LINE('',#2809,#2810);
#2809 = CARTESIAN_POINT('',(100.15,-53.47,0.95));
#2810 = VECTOR('',#2811,1.);
#2811 = DIRECTION('',(0.,-1.,0.));
#2812 = ORIENTED_EDGE('',*,*,#2813,.F.);
#2813 = EDGE_CURVE('',#2685,#2806,#2814,.T.);
#2814 = CIRCLE('',#2815,0.269999422728);
#2815 = AXIS2_PLACEMENT_3D('',#2816,#2817,#2818);
#2816 = CARTESIAN_POINT('',(99.880000577272,-53.46999942272,0.95));
#2817 = DIRECTION('',(0.,0.,-1.));
#2818 = DIRECTION('',(-2.138050874212E-06,0.999999999998,0.));
#2819 = ORIENTED_EDGE('',*,*,#2684,.F.);
#2820 = FACE_BOUND('',#2821,.T.);
#2821 = EDGE_LOOP('',(#2822));
#2822 = ORIENTED_EDGE('',*,*,#2823,.T.);
#2823 = EDGE_CURVE('',#2824,#2824,#2826,.T.);
#2824 = VERTEX_POINT('',#2825);
#2825 = CARTESIAN_POINT('',(99.25,-55.175,0.95));
#2826 = CIRCLE('',#2827,0.675);
#2827 = AXIS2_PLACEMENT_3D('',#2828,#2829,#2830);
#2828 = CARTESIAN_POINT('',(99.25,-54.5,0.95));
#2829 = DIRECTION('',(-0.,0.,-1.));
#2830 = DIRECTION('',(-0.,-1.,0.));
#2831 = PLANE('',#2832);
#2832 = AXIS2_PLACEMENT_3D('',#2833,#2834,#2835);
#2833 = CARTESIAN_POINT('',(0.,0.,0.95));
#2834 = DIRECTION('',(0.,0.,1.));
#2835 = DIRECTION('',(1.,0.,-0.));
#2836 = ADVANCED_FACE('',(#2837),#2848,.T.);
#2837 = FACE_BOUND('',#2838,.T.);
#2838 = EDGE_LOOP('',(#2839,#2845,#2846,#2847));
#2839 = ORIENTED_EDGE('',*,*,#2840,.T.);
#2840 = EDGE_CURVE('',#2717,#2780,#2841,.T.);
#2841 = LINE('',#2842,#2843);
#2842 = CARTESIAN_POINT('',(98.62,-55.8,0.91));
#2843 = VECTOR('',#2844,1.);
#2844 = DIRECTION('',(0.,0.,1.));
#2845 = ORIENTED_EDGE('',*,*,#2779,.T.);
#2846 = ORIENTED_EDGE('',*,*,#2652,.F.);
#2847 = ORIENTED_EDGE('',*,*,#2716,.F.);
#2848 = CYLINDRICAL_SURFACE('',#2849,0.269999422728);
#2849 = AXIS2_PLACEMENT_3D('',#2850,#2851,#2852);
#2850 = CARTESIAN_POINT('',(98.619999422728,-55.53000057727,0.91));
#2851 = DIRECTION('',(0.,0.,-1.));
#2852 = DIRECTION('',(2.138050874212E-06,-0.999999999998,0.));
#2853 = ADVANCED_FACE('',(#2854),#2865,.T.);
#2854 = FACE_BOUND('',#2855,.T.);
#2855 = EDGE_LOOP('',(#2856,#2857,#2858,#2864));
#2856 = ORIENTED_EDGE('',*,*,#2692,.T.);
#2857 = ORIENTED_EDGE('',*,*,#2813,.T.);
#2858 = ORIENTED_EDGE('',*,*,#2859,.F.);
#2859 = EDGE_CURVE('',#2743,#2806,#2860,.T.);
#2860 = LINE('',#2861,#2862);
#2861 = CARTESIAN_POINT('',(100.15,-53.47,0.91));
#2862 = VECTOR('',#2863,1.);
#2863 = DIRECTION('',(0.,0.,1.));
#2864 = ORIENTED_EDGE('',*,*,#2750,.F.);
#2865 = CYLINDRICAL_SURFACE('',#2866,0.269999422728);
#2866 = AXIS2_PLACEMENT_3D('',#2867,#2868,#2869);
#2867 = CARTESIAN_POINT('',(99.880000577272,-53.46999942272,0.91));
#2868 = DIRECTION('',(0.,0.,-1.));
#2869 = DIRECTION('',(-2.138050874212E-06,0.999999999998,0.));
#2870 = ADVANCED_FACE('',(#2871),#2882,.T.);
#2871 = FACE_BOUND('',#2872,.T.);
#2872 = EDGE_LOOP('',(#2873,#2879,#2880,#2881));
#2873 = ORIENTED_EDGE('',*,*,#2874,.T.);
#2874 = EDGE_CURVE('',#2726,#2789,#2875,.T.);
#2875 = LINE('',#2876,#2877);
#2876 = CARTESIAN_POINT('',(99.88,-55.8,0.91));
#2877 = VECTOR('',#2878,1.);
#2878 = DIRECTION('',(0.,0.,1.));
#2879 = ORIENTED_EDGE('',*,*,#2788,.T.);
#2880 = ORIENTED_EDGE('',*,*,#2840,.F.);
#2881 = ORIENTED_EDGE('',*,*,#2725,.F.);
#2882 = PLANE('',#2883);
#2883 = AXIS2_PLACEMENT_3D('',#2884,#2885,#2886);
#2884 = CARTESIAN_POINT('',(99.88,-55.8,0.91));
#2885 = DIRECTION('',(0.,-1.,0.));
#2886 = DIRECTION('',(-1.,0.,0.));
#2887 = ADVANCED_FACE('',(#2888),#2899,.T.);
#2888 = FACE_BOUND('',#2889,.T.);
#2889 = EDGE_LOOP('',(#2890,#2891,#2892,#2898));
#2890 = ORIENTED_EDGE('',*,*,#2859,.T.);
#2891 = ORIENTED_EDGE('',*,*,#2805,.T.);
#2892 = ORIENTED_EDGE('',*,*,#2893,.F.);
#2893 = EDGE_CURVE('',#2734,#2797,#2894,.T.);
#2894 = LINE('',#2895,#2896);
#2895 = CARTESIAN_POINT('',(100.15,-55.53,0.91));
#2896 = VECTOR('',#2897,1.);
#2897 = DIRECTION('',(0.,0.,1.));
#2898 = ORIENTED_EDGE('',*,*,#2742,.F.);
#2899 = PLANE('',#2900);
#2900 = AXIS2_PLACEMENT_3D('',#2901,#2902,#2903);
#2901 = CARTESIAN_POINT('',(100.15,-53.47,0.91));
#2902 = DIRECTION('',(1.,0.,-0.));
#2903 = DIRECTION('',(0.,-1.,0.));
#2904 = ADVANCED_FACE('',(#2905),#2911,.T.);
#2905 = FACE_BOUND('',#2906,.T.);
#2906 = EDGE_LOOP('',(#2907,#2908,#2909,#2910));
#2907 = ORIENTED_EDGE('',*,*,#2893,.T.);
#2908 = ORIENTED_EDGE('',*,*,#2796,.T.);
#2909 = ORIENTED_EDGE('',*,*,#2874,.F.);
#2910 = ORIENTED_EDGE('',*,*,#2733,.F.);
#2911 = CYLINDRICAL_SURFACE('',#2912,0.269999422728);
#2912 = AXIS2_PLACEMENT_3D('',#2913,#2914,#2915);
#2913 = CARTESIAN_POINT('',(99.880000577272,-55.53000057727,0.91));
#2914 = DIRECTION('',(0.,0.,-1.));
#2915 = DIRECTION('',(0.999999999998,2.138050821579E-06,0.));
#2916 = ADVANCED_FACE('',(#2917),#2928,.F.);
#2917 = FACE_BOUND('',#2918,.T.);
#2918 = EDGE_LOOP('',(#2919,#2920,#2926,#2927));
#2919 = ORIENTED_EDGE('',*,*,#2760,.T.);
#2920 = ORIENTED_EDGE('',*,*,#2921,.T.);
#2921 = EDGE_CURVE('',#2761,#2824,#2922,.T.);
#2922 = LINE('',#2923,#2924);
#2923 = CARTESIAN_POINT('',(99.25,-55.175,-4.6E-02));
#2924 = VECTOR('',#2925,1.);
#2925 = DIRECTION('',(0.,0.,1.));
#2926 = ORIENTED_EDGE('',*,*,#2823,.F.);
#2927 = ORIENTED_EDGE('',*,*,#2921,.F.);
#2928 = CYLINDRICAL_SURFACE('',#2929,0.675);
#2929 = AXIS2_PLACEMENT_3D('',#2930,#2931,#2932);
#2930 = CARTESIAN_POINT('',(99.25,-54.5,-4.6E-02));
#2931 = DIRECTION('',(-0.,-0.,-1.));
#2932 = DIRECTION('',(-0.,-1.,0.));
#2933 = MANIFOLD_SOLID_BREP('',#2934);
#2934 = CLOSED_SHELL('',(#2935,#2977,#3008,#3039,#3102,#3165,#3182,#3199
    ,#3216,#3233,#3245));
#2935 = ADVANCED_FACE('',(#2936),#2972,.T.);
#2936 = FACE_BOUND('',#2937,.F.);
#2937 = EDGE_LOOP('',(#2938,#2948,#2957,#2965));
#2938 = ORIENTED_EDGE('',*,*,#2939,.T.);
#2939 = EDGE_CURVE('',#2940,#2942,#2944,.T.);
#2940 = VERTEX_POINT('',#2941);
#2941 = CARTESIAN_POINT('',(98.35,-53.47,0.));
#2942 = VERTEX_POINT('',#2943);
#2943 = CARTESIAN_POINT('',(98.35,-53.47,-4.E-02));
#2944 = LINE('',#2945,#2946);
#2945 = CARTESIAN_POINT('',(98.35,-53.47,0.));
#2946 = VECTOR('',#2947,1.);
#2947 = DIRECTION('',(0.,0.,-1.));
#2948 = ORIENTED_EDGE('',*,*,#2949,.T.);
#2949 = EDGE_CURVE('',#2942,#2950,#2952,.T.);
#2950 = VERTEX_POINT('',#2951);
#2951 = CARTESIAN_POINT('',(98.62,-53.2,-4.E-02));
#2952 = CIRCLE('',#2953,0.269999422728);
#2953 = AXIS2_PLACEMENT_3D('',#2954,#2955,#2956);
#2954 = CARTESIAN_POINT('',(98.619999422728,-53.46999942272,-4.E-02));
#2955 = DIRECTION('',(0.,0.,-1.));
#2956 = DIRECTION('',(-0.999999999998,-2.138050821579E-06,-0.));
#2957 = ORIENTED_EDGE('',*,*,#2958,.F.);
#2958 = EDGE_CURVE('',#2959,#2950,#2961,.T.);
#2959 = VERTEX_POINT('',#2960);
#2960 = CARTESIAN_POINT('',(98.62,-53.2,0.));
#2961 = LINE('',#2962,#2963);
#2962 = CARTESIAN_POINT('',(98.62,-53.2,0.));
#2963 = VECTOR('',#2964,1.);
#2964 = DIRECTION('',(0.,0.,-1.));
#2965 = ORIENTED_EDGE('',*,*,#2966,.F.);
#2966 = EDGE_CURVE('',#2940,#2959,#2967,.T.);
#2967 = CIRCLE('',#2968,0.269999422728);
#2968 = AXIS2_PLACEMENT_3D('',#2969,#2970,#2971);
#2969 = CARTESIAN_POINT('',(98.619999422728,-53.46999942272,0.));
#2970 = DIRECTION('',(0.,0.,-1.));
#2971 = DIRECTION('',(-0.999999999998,-2.138050821579E-06,-0.));
#2972 = CYLINDRICAL_SURFACE('',#2973,0.269999422728);
#2973 = AXIS2_PLACEMENT_3D('',#2974,#2975,#2976);
#2974 = CARTESIAN_POINT('',(98.619999422728,-53.46999942272,0.));
#2975 = DIRECTION('',(-0.,-0.,1.));
#2976 = DIRECTION('',(-0.999999999998,-2.138050821579E-06,-0.));
#2977 = ADVANCED_FACE('',(#2978),#3003,.F.);
#2978 = FACE_BOUND('',#2979,.F.);
#2979 = EDGE_LOOP('',(#2980,#2990,#2996,#2997));
#2980 = ORIENTED_EDGE('',*,*,#2981,.T.);
#2981 = EDGE_CURVE('',#2982,#2984,#2986,.T.);
#2982 = VERTEX_POINT('',#2983);
#2983 = CARTESIAN_POINT('',(98.35,-55.53,0.));
#2984 = VERTEX_POINT('',#2985);
#2985 = CARTESIAN_POINT('',(98.35,-55.53,-4.E-02));
#2986 = LINE('',#2987,#2988);
#2987 = CARTESIAN_POINT('',(98.35,-55.53,0.));
#2988 = VECTOR('',#2989,1.);
#2989 = DIRECTION('',(0.,0.,-1.));
#2990 = ORIENTED_EDGE('',*,*,#2991,.T.);
#2991 = EDGE_CURVE('',#2984,#2942,#2992,.T.);
#2992 = LINE('',#2993,#2994);
#2993 = CARTESIAN_POINT('',(98.35,-55.53,-4.E-02));
#2994 = VECTOR('',#2995,1.);
#2995 = DIRECTION('',(0.,1.,0.));
#2996 = ORIENTED_EDGE('',*,*,#2939,.F.);
#2997 = ORIENTED_EDGE('',*,*,#2998,.F.);
#2998 = EDGE_CURVE('',#2982,#2940,#2999,.T.);
#2999 = LINE('',#3000,#3001);
#3000 = CARTESIAN_POINT('',(98.35,-55.53,0.));
#3001 = VECTOR('',#3002,1.);
#3002 = DIRECTION('',(0.,1.,0.));
#3003 = PLANE('',#3004);
#3004 = AXIS2_PLACEMENT_3D('',#3005,#3006,#3007);
#3005 = CARTESIAN_POINT('',(98.35,-55.53,0.));
#3006 = DIRECTION('',(1.,-0.,0.));
#3007 = DIRECTION('',(0.,1.,0.));
#3008 = ADVANCED_FACE('',(#3009),#3034,.F.);
#3009 = FACE_BOUND('',#3010,.F.);
#3010 = EDGE_LOOP('',(#3011,#3012,#3020,#3028));
#3011 = ORIENTED_EDGE('',*,*,#2958,.T.);
#3012 = ORIENTED_EDGE('',*,*,#3013,.T.);
#3013 = EDGE_CURVE('',#2950,#3014,#3016,.T.);
#3014 = VERTEX_POINT('',#3015);
#3015 = CARTESIAN_POINT('',(99.88,-53.2,-4.E-02));
#3016 = LINE('',#3017,#3018);
#3017 = CARTESIAN_POINT('',(98.62,-53.2,-4.E-02));
#3018 = VECTOR('',#3019,1.);
#3019 = DIRECTION('',(1.,0.,0.));
#3020 = ORIENTED_EDGE('',*,*,#3021,.F.);
#3021 = EDGE_CURVE('',#3022,#3014,#3024,.T.);
#3022 = VERTEX_POINT('',#3023);
#3023 = CARTESIAN_POINT('',(99.88,-53.2,0.));
#3024 = LINE('',#3025,#3026);
#3025 = CARTESIAN_POINT('',(99.88,-53.2,0.));
#3026 = VECTOR('',#3027,1.);
#3027 = DIRECTION('',(0.,0.,-1.));
#3028 = ORIENTED_EDGE('',*,*,#3029,.F.);
#3029 = EDGE_CURVE('',#2959,#3022,#3030,.T.);
#3030 = LINE('',#3031,#3032);
#3031 = CARTESIAN_POINT('',(98.62,-53.2,0.));
#3032 = VECTOR('',#3033,1.);
#3033 = DIRECTION('',(1.,0.,0.));
#3034 = PLANE('',#3035);
#3035 = AXIS2_PLACEMENT_3D('',#3036,#3037,#3038);
#3036 = CARTESIAN_POINT('',(98.62,-53.2,0.));
#3037 = DIRECTION('',(0.,-1.,0.));
#3038 = DIRECTION('',(1.,0.,0.));
#3039 = ADVANCED_FACE('',(#3040,#3086),#3097,.F.);
#3040 = FACE_BOUND('',#3041,.F.);
#3041 = EDGE_LOOP('',(#3042,#3043,#3044,#3053,#3061,#3070,#3078,#3085));
#3042 = ORIENTED_EDGE('',*,*,#2966,.T.);
#3043 = ORIENTED_EDGE('',*,*,#3029,.T.);
#3044 = ORIENTED_EDGE('',*,*,#3045,.T.);
#3045 = EDGE_CURVE('',#3022,#3046,#3048,.T.);
#3046 = VERTEX_POINT('',#3047);
#3047 = CARTESIAN_POINT('',(100.15,-53.47,0.));
#3048 = CIRCLE('',#3049,0.269999422728);
#3049 = AXIS2_PLACEMENT_3D('',#3050,#3051,#3052);
#3050 = CARTESIAN_POINT('',(99.880000577272,-53.46999942272,0.));
#3051 = DIRECTION('',(0.,0.,-1.));
#3052 = DIRECTION('',(-2.138050874212E-06,0.999999999998,0.));
#3053 = ORIENTED_EDGE('',*,*,#3054,.T.);
#3054 = EDGE_CURVE('',#3046,#3055,#3057,.T.);
#3055 = VERTEX_POINT('',#3056);
#3056 = CARTESIAN_POINT('',(100.15,-55.53,0.));
#3057 = LINE('',#3058,#3059);
#3058 = CARTESIAN_POINT('',(100.15,-53.47,0.));
#3059 = VECTOR('',#3060,1.);
#3060 = DIRECTION('',(0.,-1.,0.));
#3061 = ORIENTED_EDGE('',*,*,#3062,.T.);
#3062 = EDGE_CURVE('',#3055,#3063,#3065,.T.);
#3063 = VERTEX_POINT('',#3064);
#3064 = CARTESIAN_POINT('',(99.88,-55.8,0.));
#3065 = CIRCLE('',#3066,0.269999422728);
#3066 = AXIS2_PLACEMENT_3D('',#3067,#3068,#3069);
#3067 = CARTESIAN_POINT('',(99.880000577272,-55.53000057727,0.));
#3068 = DIRECTION('',(0.,0.,-1.));
#3069 = DIRECTION('',(0.999999999998,2.138050821579E-06,0.));
#3070 = ORIENTED_EDGE('',*,*,#3071,.T.);
#3071 = EDGE_CURVE('',#3063,#3072,#3074,.T.);
#3072 = VERTEX_POINT('',#3073);
#3073 = CARTESIAN_POINT('',(98.62,-55.8,0.));
#3074 = LINE('',#3075,#3076);
#3075 = CARTESIAN_POINT('',(99.88,-55.8,0.));
#3076 = VECTOR('',#3077,1.);
#3077 = DIRECTION('',(-1.,0.,0.));
#3078 = ORIENTED_EDGE('',*,*,#3079,.T.);
#3079 = EDGE_CURVE('',#3072,#2982,#3080,.T.);
#3080 = CIRCLE('',#3081,0.269999422728);
#3081 = AXIS2_PLACEMENT_3D('',#3082,#3083,#3084);
#3082 = CARTESIAN_POINT('',(98.619999422728,-55.53000057727,0.));
#3083 = DIRECTION('',(0.,0.,-1.));
#3084 = DIRECTION('',(2.138050874212E-06,-0.999999999998,0.));
#3085 = ORIENTED_EDGE('',*,*,#2998,.T.);
#3086 = FACE_BOUND('',#3087,.F.);
#3087 = EDGE_LOOP('',(#3088));
#3088 = ORIENTED_EDGE('',*,*,#3089,.F.);
#3089 = EDGE_CURVE('',#3090,#3090,#3092,.T.);
#3090 = VERTEX_POINT('',#3091);
#3091 = CARTESIAN_POINT('',(99.25,-55.175,0.));
#3092 = CIRCLE('',#3093,0.675);
#3093 = AXIS2_PLACEMENT_3D('',#3094,#3095,#3096);
#3094 = CARTESIAN_POINT('',(99.25,-54.5,0.));
#3095 = DIRECTION('',(-0.,0.,-1.));
#3096 = DIRECTION('',(-0.,-1.,0.));
#3097 = PLANE('',#3098);
#3098 = AXIS2_PLACEMENT_3D('',#3099,#3100,#3101);
#3099 = CARTESIAN_POINT('',(0.,0.,0.));
#3100 = DIRECTION('',(-0.,-0.,-1.));
#3101 = DIRECTION('',(-1.,0.,0.));
#3102 = ADVANCED_FACE('',(#3103,#3149),#3160,.T.);
#3103 = FACE_BOUND('',#3104,.T.);
#3104 = EDGE_LOOP('',(#3105,#3106,#3107,#3116,#3124,#3133,#3141,#3148));
#3105 = ORIENTED_EDGE('',*,*,#2949,.T.);
#3106 = ORIENTED_EDGE('',*,*,#3013,.T.);
#3107 = ORIENTED_EDGE('',*,*,#3108,.T.);
#3108 = EDGE_CURVE('',#3014,#3109,#3111,.T.);
#3109 = VERTEX_POINT('',#3110);
#3110 = CARTESIAN_POINT('',(100.15,-53.47,-4.E-02));
#3111 = CIRCLE('',#3112,0.269999422728);
#3112 = AXIS2_PLACEMENT_3D('',#3113,#3114,#3115);
#3113 = CARTESIAN_POINT('',(99.880000577272,-53.46999942272,-4.E-02));
#3114 = DIRECTION('',(0.,0.,-1.));
#3115 = DIRECTION('',(-2.138050874212E-06,0.999999999998,0.));
#3116 = ORIENTED_EDGE('',*,*,#3117,.T.);
#3117 = EDGE_CURVE('',#3109,#3118,#3120,.T.);
#3118 = VERTEX_POINT('',#3119);
#3119 = CARTESIAN_POINT('',(100.15,-55.53,-4.E-02));
#3120 = LINE('',#3121,#3122);
#3121 = CARTESIAN_POINT('',(100.15,-53.47,-4.E-02));
#3122 = VECTOR('',#3123,1.);
#3123 = DIRECTION('',(0.,-1.,0.));
#3124 = ORIENTED_EDGE('',*,*,#3125,.T.);
#3125 = EDGE_CURVE('',#3118,#3126,#3128,.T.);
#3126 = VERTEX_POINT('',#3127);
#3127 = CARTESIAN_POINT('',(99.88,-55.8,-4.E-02));
#3128 = CIRCLE('',#3129,0.269999422728);
#3129 = AXIS2_PLACEMENT_3D('',#3130,#3131,#3132);
#3130 = CARTESIAN_POINT('',(99.880000577272,-55.53000057727,-4.E-02));
#3131 = DIRECTION('',(0.,0.,-1.));
#3132 = DIRECTION('',(0.999999999998,2.138050821579E-06,0.));
#3133 = ORIENTED_EDGE('',*,*,#3134,.T.);
#3134 = EDGE_CURVE('',#3126,#3135,#3137,.T.);
#3135 = VERTEX_POINT('',#3136);
#3136 = CARTESIAN_POINT('',(98.62,-55.8,-4.E-02));
#3137 = LINE('',#3138,#3139);
#3138 = CARTESIAN_POINT('',(99.88,-55.8,-4.E-02));
#3139 = VECTOR('',#3140,1.);
#3140 = DIRECTION('',(-1.,0.,0.));
#3141 = ORIENTED_EDGE('',*,*,#3142,.T.);
#3142 = EDGE_CURVE('',#3135,#2984,#3143,.T.);
#3143 = CIRCLE('',#3144,0.269999422728);
#3144 = AXIS2_PLACEMENT_3D('',#3145,#3146,#3147);
#3145 = CARTESIAN_POINT('',(98.619999422728,-55.53000057727,-4.E-02));
#3146 = DIRECTION('',(0.,0.,-1.));
#3147 = DIRECTION('',(2.138050874212E-06,-0.999999999998,0.));
#3148 = ORIENTED_EDGE('',*,*,#2991,.T.);
#3149 = FACE_BOUND('',#3150,.T.);
#3150 = EDGE_LOOP('',(#3151));
#3151 = ORIENTED_EDGE('',*,*,#3152,.F.);
#3152 = EDGE_CURVE('',#3153,#3153,#3155,.T.);
#3153 = VERTEX_POINT('',#3154);
#3154 = CARTESIAN_POINT('',(99.25,-55.175,-4.E-02));
#3155 = CIRCLE('',#3156,0.675);
#3156 = AXIS2_PLACEMENT_3D('',#3157,#3158,#3159);
#3157 = CARTESIAN_POINT('',(99.25,-54.5,-4.E-02));
#3158 = DIRECTION('',(-0.,0.,-1.));
#3159 = DIRECTION('',(-0.,-1.,0.));
#3160 = PLANE('',#3161);
#3161 = AXIS2_PLACEMENT_3D('',#3162,#3163,#3164);
#3162 = CARTESIAN_POINT('',(0.,0.,-4.E-02));
#3163 = DIRECTION('',(-0.,-0.,-1.));
#3164 = DIRECTION('',(-1.,0.,0.));
#3165 = ADVANCED_FACE('',(#3166),#3177,.T.);
#3166 = FACE_BOUND('',#3167,.F.);
#3167 = EDGE_LOOP('',(#3168,#3174,#3175,#3176));
#3168 = ORIENTED_EDGE('',*,*,#3169,.T.);
#3169 = EDGE_CURVE('',#3072,#3135,#3170,.T.);
#3170 = LINE('',#3171,#3172);
#3171 = CARTESIAN_POINT('',(98.62,-55.8,0.));
#3172 = VECTOR('',#3173,1.);
#3173 = DIRECTION('',(0.,0.,-1.));
#3174 = ORIENTED_EDGE('',*,*,#3142,.T.);
#3175 = ORIENTED_EDGE('',*,*,#2981,.F.);
#3176 = ORIENTED_EDGE('',*,*,#3079,.F.);
#3177 = CYLINDRICAL_SURFACE('',#3178,0.269999422728);
#3178 = AXIS2_PLACEMENT_3D('',#3179,#3180,#3181);
#3179 = CARTESIAN_POINT('',(98.619999422728,-55.53000057727,0.));
#3180 = DIRECTION('',(-0.,-0.,1.));
#3181 = DIRECTION('',(2.138050874212E-06,-0.999999999998,0.));
#3182 = ADVANCED_FACE('',(#3183),#3194,.T.);
#3183 = FACE_BOUND('',#3184,.F.);
#3184 = EDGE_LOOP('',(#3185,#3186,#3187,#3193));
#3185 = ORIENTED_EDGE('',*,*,#3021,.T.);
#3186 = ORIENTED_EDGE('',*,*,#3108,.T.);
#3187 = ORIENTED_EDGE('',*,*,#3188,.F.);
#3188 = EDGE_CURVE('',#3046,#3109,#3189,.T.);
#3189 = LINE('',#3190,#3191);
#3190 = CARTESIAN_POINT('',(100.15,-53.47,0.));
#3191 = VECTOR('',#3192,1.);
#3192 = DIRECTION('',(0.,0.,-1.));
#3193 = ORIENTED_EDGE('',*,*,#3045,.F.);
#3194 = CYLINDRICAL_SURFACE('',#3195,0.269999422728);
#3195 = AXIS2_PLACEMENT_3D('',#3196,#3197,#3198);
#3196 = CARTESIAN_POINT('',(99.880000577272,-53.46999942272,0.));
#3197 = DIRECTION('',(-0.,-0.,1.));
#3198 = DIRECTION('',(-2.138050874212E-06,0.999999999998,0.));
#3199 = ADVANCED_FACE('',(#3200),#3211,.F.);
#3200 = FACE_BOUND('',#3201,.F.);
#3201 = EDGE_LOOP('',(#3202,#3208,#3209,#3210));
#3202 = ORIENTED_EDGE('',*,*,#3203,.T.);
#3203 = EDGE_CURVE('',#3063,#3126,#3204,.T.);
#3204 = LINE('',#3205,#3206);
#3205 = CARTESIAN_POINT('',(99.88,-55.8,0.));
#3206 = VECTOR('',#3207,1.);
#3207 = DIRECTION('',(0.,0.,-1.));
#3208 = ORIENTED_EDGE('',*,*,#3134,.T.);
#3209 = ORIENTED_EDGE('',*,*,#3169,.F.);
#3210 = ORIENTED_EDGE('',*,*,#3071,.F.);
#3211 = PLANE('',#3212);
#3212 = AXIS2_PLACEMENT_3D('',#3213,#3214,#3215);
#3213 = CARTESIAN_POINT('',(99.88,-55.8,0.));
#3214 = DIRECTION('',(0.,1.,0.));
#3215 = DIRECTION('',(-1.,0.,0.));
#3216 = ADVANCED_FACE('',(#3217),#3228,.F.);
#3217 = FACE_BOUND('',#3218,.F.);
#3218 = EDGE_LOOP('',(#3219,#3220,#3221,#3227));
#3219 = ORIENTED_EDGE('',*,*,#3188,.T.);
#3220 = ORIENTED_EDGE('',*,*,#3117,.T.);
#3221 = ORIENTED_EDGE('',*,*,#3222,.F.);
#3222 = EDGE_CURVE('',#3055,#3118,#3223,.T.);
#3223 = LINE('',#3224,#3225);
#3224 = CARTESIAN_POINT('',(100.15,-55.53,0.));
#3225 = VECTOR('',#3226,1.);
#3226 = DIRECTION('',(0.,0.,-1.));
#3227 = ORIENTED_EDGE('',*,*,#3054,.F.);
#3228 = PLANE('',#3229);
#3229 = AXIS2_PLACEMENT_3D('',#3230,#3231,#3232);
#3230 = CARTESIAN_POINT('',(100.15,-53.47,0.));
#3231 = DIRECTION('',(-1.,-0.,-0.));
#3232 = DIRECTION('',(0.,-1.,0.));
#3233 = ADVANCED_FACE('',(#3234),#3240,.T.);
#3234 = FACE_BOUND('',#3235,.F.);
#3235 = EDGE_LOOP('',(#3236,#3237,#3238,#3239));
#3236 = ORIENTED_EDGE('',*,*,#3222,.T.);
#3237 = ORIENTED_EDGE('',*,*,#3125,.T.);
#3238 = ORIENTED_EDGE('',*,*,#3203,.F.);
#3239 = ORIENTED_EDGE('',*,*,#3062,.F.);
#3240 = CYLINDRICAL_SURFACE('',#3241,0.269999422728);
#3241 = AXIS2_PLACEMENT_3D('',#3242,#3243,#3244);
#3242 = CARTESIAN_POINT('',(99.880000577272,-55.53000057727,0.));
#3243 = DIRECTION('',(-0.,-0.,1.));
#3244 = DIRECTION('',(0.999999999998,2.138050821579E-06,0.));
#3245 = ADVANCED_FACE('',(#3246),#3257,.F.);
#3246 = FACE_BOUND('',#3247,.T.);
#3247 = EDGE_LOOP('',(#3248,#3249,#3255,#3256));
#3248 = ORIENTED_EDGE('',*,*,#3152,.T.);
#3249 = ORIENTED_EDGE('',*,*,#3250,.T.);
#3250 = EDGE_CURVE('',#3153,#3090,#3251,.T.);
#3251 = LINE('',#3252,#3253);
#3252 = CARTESIAN_POINT('',(99.25,-55.175,-4.6E-02));
#3253 = VECTOR('',#3254,1.);
#3254 = DIRECTION('',(0.,0.,1.));
#3255 = ORIENTED_EDGE('',*,*,#3089,.F.);
#3256 = ORIENTED_EDGE('',*,*,#3250,.F.);
#3257 = CYLINDRICAL_SURFACE('',#3258,0.675);
#3258 = AXIS2_PLACEMENT_3D('',#3259,#3260,#3261);
#3259 = CARTESIAN_POINT('',(99.25,-54.5,-4.6E-02));
#3260 = DIRECTION('',(-0.,-0.,-1.));
#3261 = DIRECTION('',(-0.,-1.,0.));
#3262 = MANIFOLD_SOLID_BREP('',#3263);
#3263 = CLOSED_SHELL('',(#3264,#3297,#3317,#3337));
#3264 = ADVANCED_FACE('',(#3265),#3292,.T.);
#3265 = FACE_BOUND('',#3266,.F.);
#3266 = EDGE_LOOP('',(#3267,#3277,#3284,#3285));
#3267 = ORIENTED_EDGE('',*,*,#3268,.T.);
#3268 = EDGE_CURVE('',#3269,#3271,#3273,.T.);
#3269 = VERTEX_POINT('',#3270);
#3270 = CARTESIAN_POINT('',(99.25,-55.2,-3.5E-02));
#3271 = VERTEX_POINT('',#3272);
#3272 = CARTESIAN_POINT('',(99.25,-55.2,0.945));
#3273 = LINE('',#3274,#3275);
#3274 = CARTESIAN_POINT('',(99.25,-55.2,-3.5E-02));
#3275 = VECTOR('',#3276,1.);
#3276 = DIRECTION('',(0.,0.,1.));
#3277 = ORIENTED_EDGE('',*,*,#3278,.T.);
#3278 = EDGE_CURVE('',#3271,#3271,#3279,.T.);
#3279 = CIRCLE('',#3280,0.7);
#3280 = AXIS2_PLACEMENT_3D('',#3281,#3282,#3283);
#3281 = CARTESIAN_POINT('',(99.25,-54.5,0.945));
#3282 = DIRECTION('',(0.,0.,1.));
#3283 = DIRECTION('',(-0.,-1.,0.));
#3284 = ORIENTED_EDGE('',*,*,#3268,.F.);
#3285 = ORIENTED_EDGE('',*,*,#3286,.F.);
#3286 = EDGE_CURVE('',#3269,#3269,#3287,.T.);
#3287 = CIRCLE('',#3288,0.7);
#3288 = AXIS2_PLACEMENT_3D('',#3289,#3290,#3291);
#3289 = CARTESIAN_POINT('',(99.25,-54.5,-3.5E-02));
#3290 = DIRECTION('',(0.,0.,1.));
#3291 = DIRECTION('',(-0.,-1.,0.));
#3292 = CYLINDRICAL_SURFACE('',#3293,0.7);
#3293 = AXIS2_PLACEMENT_3D('',#3294,#3295,#3296);
#3294 = CARTESIAN_POINT('',(99.25,-54.5,-3.5E-02));
#3295 = DIRECTION('',(-0.,-0.,-1.));
#3296 = DIRECTION('',(-0.,-1.,0.));
#3297 = ADVANCED_FACE('',(#3298,#3301),#3312,.F.);
#3298 = FACE_BOUND('',#3299,.F.);
#3299 = EDGE_LOOP('',(#3300));
#3300 = ORIENTED_EDGE('',*,*,#3286,.T.);
#3301 = FACE_BOUND('',#3302,.F.);
#3302 = EDGE_LOOP('',(#3303));
#3303 = ORIENTED_EDGE('',*,*,#3304,.T.);
#3304 = EDGE_CURVE('',#3305,#3305,#3307,.T.);
#3305 = VERTEX_POINT('',#3306);
#3306 = CARTESIAN_POINT('',(99.25,-55.175,-3.5E-02));
#3307 = CIRCLE('',#3308,0.675);
#3308 = AXIS2_PLACEMENT_3D('',#3309,#3310,#3311);
#3309 = CARTESIAN_POINT('',(99.25,-54.5,-3.5E-02));
#3310 = DIRECTION('',(-0.,0.,-1.));
#3311 = DIRECTION('',(-0.,-1.,0.));
#3312 = PLANE('',#3313);
#3313 = AXIS2_PLACEMENT_3D('',#3314,#3315,#3316);
#3314 = CARTESIAN_POINT('',(99.25,-55.2,-3.5E-02));
#3315 = DIRECTION('',(0.,0.,1.));
#3316 = DIRECTION('',(1.,0.,-0.));
#3317 = ADVANCED_FACE('',(#3318,#3321),#3332,.T.);
#3318 = FACE_BOUND('',#3319,.T.);
#3319 = EDGE_LOOP('',(#3320));
#3320 = ORIENTED_EDGE('',*,*,#3278,.T.);
#3321 = FACE_BOUND('',#3322,.T.);
#3322 = EDGE_LOOP('',(#3323));
#3323 = ORIENTED_EDGE('',*,*,#3324,.T.);
#3324 = EDGE_CURVE('',#3325,#3325,#3327,.T.);
#3325 = VERTEX_POINT('',#3326);
#3326 = CARTESIAN_POINT('',(99.25,-55.175,0.945));
#3327 = CIRCLE('',#3328,0.675);
#3328 = AXIS2_PLACEMENT_3D('',#3329,#3330,#3331);
#3329 = CARTESIAN_POINT('',(99.25,-54.5,0.945));
#3330 = DIRECTION('',(-0.,0.,-1.));
#3331 = DIRECTION('',(-0.,-1.,0.));
#3332 = PLANE('',#3333);
#3333 = AXIS2_PLACEMENT_3D('',#3334,#3335,#3336);
#3334 = CARTESIAN_POINT('',(99.25,-55.2,0.945));
#3335 = DIRECTION('',(0.,0.,1.));
#3336 = DIRECTION('',(1.,0.,-0.));
#3337 = ADVANCED_FACE('',(#3338),#3349,.F.);
#3338 = FACE_BOUND('',#3339,.T.);
#3339 = EDGE_LOOP('',(#3340,#3341,#3347,#3348));
#3340 = ORIENTED_EDGE('',*,*,#3304,.T.);
#3341 = ORIENTED_EDGE('',*,*,#3342,.T.);
#3342 = EDGE_CURVE('',#3305,#3325,#3343,.T.);
#3343 = LINE('',#3344,#3345);
#3344 = CARTESIAN_POINT('',(99.25,-55.175,-4.6E-02));
#3345 = VECTOR('',#3346,1.);
#3346 = DIRECTION('',(0.,0.,1.));
#3347 = ORIENTED_EDGE('',*,*,#3324,.F.);
#3348 = ORIENTED_EDGE('',*,*,#3342,.F.);
#3349 = CYLINDRICAL_SURFACE('',#3350,0.675);
#3350 = AXIS2_PLACEMENT_3D('',#3351,#3352,#3353);
#3351 = CARTESIAN_POINT('',(99.25,-54.5,-4.6E-02));
#3352 = DIRECTION('',(-0.,-0.,-1.));
#3353 = DIRECTION('',(-0.,-1.,0.));
#3354 = MANIFOLD_SOLID_BREP('',#3355);
#3355 = CLOSED_SHELL('',(#3356,#3398,#3429,#3460,#3489,#3518,#3530));
#3356 = ADVANCED_FACE('',(#3357),#3393,.T.);
#3357 = FACE_BOUND('',#3358,.T.);
#3358 = EDGE_LOOP('',(#3359,#3369,#3378,#3386));
#3359 = ORIENTED_EDGE('',*,*,#3360,.T.);
#3360 = EDGE_CURVE('',#3361,#3363,#3365,.T.);
#3361 = VERTEX_POINT('',#3362);
#3362 = CARTESIAN_POINT('',(96.35,-54.9,0.91));
#3363 = VERTEX_POINT('',#3364);
#3364 = CARTESIAN_POINT('',(96.35,-54.9,0.95));
#3365 = LINE('',#3366,#3367);
#3366 = CARTESIAN_POINT('',(96.35,-54.9,0.91));
#3367 = VECTOR('',#3368,1.);
#3368 = DIRECTION('',(0.,0.,1.));
#3369 = ORIENTED_EDGE('',*,*,#3370,.T.);
#3370 = EDGE_CURVE('',#3363,#3371,#3373,.T.);
#3371 = VERTEX_POINT('',#3372);
#3372 = CARTESIAN_POINT('',(94.55,-54.9,0.95));
#3373 = CIRCLE('',#3374,0.9);
#3374 = AXIS2_PLACEMENT_3D('',#3375,#3376,#3377);
#3375 = CARTESIAN_POINT('',(95.45,-54.899999704,0.95));
#3376 = DIRECTION('',(-0.,0.,-1.));
#3377 = DIRECTION('',(1.,-3.288794264083E-07,-0.));
#3378 = ORIENTED_EDGE('',*,*,#3379,.F.);
#3379 = EDGE_CURVE('',#3380,#3371,#3382,.T.);
#3380 = VERTEX_POINT('',#3381);
#3381 = CARTESIAN_POINT('',(94.55,-54.9,0.91));
#3382 = LINE('',#3383,#3384);
#3383 = CARTESIAN_POINT('',(94.55,-54.9,0.91));
#3384 = VECTOR('',#3385,1.);
#3385 = DIRECTION('',(0.,0.,1.));
#3386 = ORIENTED_EDGE('',*,*,#3387,.F.);
#3387 = EDGE_CURVE('',#3361,#3380,#3388,.T.);
#3388 = CIRCLE('',#3389,0.9);
#3389 = AXIS2_PLACEMENT_3D('',#3390,#3391,#3392);
#3390 = CARTESIAN_POINT('',(95.45,-54.899999704,0.91));
#3391 = DIRECTION('',(-0.,0.,-1.));
#3392 = DIRECTION('',(1.,-3.288794264083E-07,-0.));
#3393 = CYLINDRICAL_SURFACE('',#3394,0.9);
#3394 = AXIS2_PLACEMENT_3D('',#3395,#3396,#3397);
#3395 = CARTESIAN_POINT('',(95.45,-54.899999704,0.91));
#3396 = DIRECTION('',(-0.,0.,-1.));
#3397 = DIRECTION('',(1.,-3.288794264083E-07,-0.));
#3398 = ADVANCED_FACE('',(#3399),#3424,.T.);
#3399 = FACE_BOUND('',#3400,.T.);
#3400 = EDGE_LOOP('',(#3401,#3411,#3417,#3418));
#3401 = ORIENTED_EDGE('',*,*,#3402,.T.);
#3402 = EDGE_CURVE('',#3403,#3405,#3407,.T.);
#3403 = VERTEX_POINT('',#3404);
#3404 = CARTESIAN_POINT('',(96.35,-54.1,0.91));
#3405 = VERTEX_POINT('',#3406);
#3406 = CARTESIAN_POINT('',(96.35,-54.1,0.95));
#3407 = LINE('',#3408,#3409);
#3408 = CARTESIAN_POINT('',(96.35,-54.1,0.91));
#3409 = VECTOR('',#3410,1.);
#3410 = DIRECTION('',(0.,0.,1.));
#3411 = ORIENTED_EDGE('',*,*,#3412,.T.);
#3412 = EDGE_CURVE('',#3405,#3363,#3413,.T.);
#3413 = LINE('',#3414,#3415);
#3414 = CARTESIAN_POINT('',(96.35,-54.1,0.95));
#3415 = VECTOR('',#3416,1.);
#3416 = DIRECTION('',(0.,-1.,0.));
#3417 = ORIENTED_EDGE('',*,*,#3360,.F.);
#3418 = ORIENTED_EDGE('',*,*,#3419,.F.);
#3419 = EDGE_CURVE('',#3403,#3361,#3420,.T.);
#3420 = LINE('',#3421,#3422);
#3421 = CARTESIAN_POINT('',(96.35,-54.1,0.91));
#3422 = VECTOR('',#3423,1.);
#3423 = DIRECTION('',(0.,-1.,0.));
#3424 = PLANE('',#3425);
#3425 = AXIS2_PLACEMENT_3D('',#3426,#3427,#3428);
#3426 = CARTESIAN_POINT('',(96.35,-54.1,0.91));
#3427 = DIRECTION('',(1.,0.,-0.));
#3428 = DIRECTION('',(0.,-1.,0.));
#3429 = ADVANCED_FACE('',(#3430),#3455,.T.);
#3430 = FACE_BOUND('',#3431,.T.);
#3431 = EDGE_LOOP('',(#3432,#3433,#3441,#3449));
#3432 = ORIENTED_EDGE('',*,*,#3379,.T.);
#3433 = ORIENTED_EDGE('',*,*,#3434,.T.);
#3434 = EDGE_CURVE('',#3371,#3435,#3437,.T.);
#3435 = VERTEX_POINT('',#3436);
#3436 = CARTESIAN_POINT('',(94.55,-54.1,0.95));
#3437 = LINE('',#3438,#3439);
#3438 = CARTESIAN_POINT('',(94.55,-54.9,0.95));
#3439 = VECTOR('',#3440,1.);
#3440 = DIRECTION('',(0.,1.,0.));
#3441 = ORIENTED_EDGE('',*,*,#3442,.F.);
#3442 = EDGE_CURVE('',#3443,#3435,#3445,.T.);
#3443 = VERTEX_POINT('',#3444);
#3444 = CARTESIAN_POINT('',(94.55,-54.1,0.91));
#3445 = LINE('',#3446,#3447);
#3446 = CARTESIAN_POINT('',(94.55,-54.1,0.91));
#3447 = VECTOR('',#3448,1.);
#3448 = DIRECTION('',(0.,0.,1.));
#3449 = ORIENTED_EDGE('',*,*,#3450,.F.);
#3450 = EDGE_CURVE('',#3380,#3443,#3451,.T.);
#3451 = LINE('',#3452,#3453);
#3452 = CARTESIAN_POINT('',(94.55,-54.9,0.91));
#3453 = VECTOR('',#3454,1.);
#3454 = DIRECTION('',(0.,1.,0.));
#3455 = PLANE('',#3456);
#3456 = AXIS2_PLACEMENT_3D('',#3457,#3458,#3459);
#3457 = CARTESIAN_POINT('',(94.55,-54.9,0.91));
#3458 = DIRECTION('',(-1.,0.,0.));
#3459 = DIRECTION('',(0.,1.,0.));
#3460 = ADVANCED_FACE('',(#3461,#3473),#3484,.F.);
#3461 = FACE_BOUND('',#3462,.F.);
#3462 = EDGE_LOOP('',(#3463,#3464,#3465,#3472));
#3463 = ORIENTED_EDGE('',*,*,#3387,.F.);
#3464 = ORIENTED_EDGE('',*,*,#3419,.F.);
#3465 = ORIENTED_EDGE('',*,*,#3466,.F.);
#3466 = EDGE_CURVE('',#3443,#3403,#3467,.T.);
#3467 = CIRCLE('',#3468,0.9);
#3468 = AXIS2_PLACEMENT_3D('',#3469,#3470,#3471);
#3469 = CARTESIAN_POINT('',(95.45,-54.10000032116,0.91));
#3470 = DIRECTION('',(0.,0.,-1.));
#3471 = DIRECTION('',(-1.,3.568460805859E-07,0.));
#3472 = ORIENTED_EDGE('',*,*,#3450,.F.);
#3473 = FACE_BOUND('',#3474,.F.);
#3474 = EDGE_LOOP('',(#3475));
#3475 = ORIENTED_EDGE('',*,*,#3476,.T.);
#3476 = EDGE_CURVE('',#3477,#3477,#3479,.T.);
#3477 = VERTEX_POINT('',#3478);
#3478 = CARTESIAN_POINT('',(95.45,-55.175,0.91));
#3479 = CIRCLE('',#3480,0.675);
#3480 = AXIS2_PLACEMENT_3D('',#3481,#3482,#3483);
#3481 = CARTESIAN_POINT('',(95.45,-54.5,0.91));
#3482 = DIRECTION('',(-0.,0.,-1.));
#3483 = DIRECTION('',(-0.,-1.,0.));
#3484 = PLANE('',#3485);
#3485 = AXIS2_PLACEMENT_3D('',#3486,#3487,#3488);
#3486 = CARTESIAN_POINT('',(0.,0.,0.91));
#3487 = DIRECTION('',(0.,0.,1.));
#3488 = DIRECTION('',(1.,0.,-0.));
#3489 = ADVANCED_FACE('',(#3490,#3502),#3513,.T.);
#3490 = FACE_BOUND('',#3491,.T.);
#3491 = EDGE_LOOP('',(#3492,#3493,#3494,#3501));
#3492 = ORIENTED_EDGE('',*,*,#3370,.F.);
#3493 = ORIENTED_EDGE('',*,*,#3412,.F.);
#3494 = ORIENTED_EDGE('',*,*,#3495,.F.);
#3495 = EDGE_CURVE('',#3435,#3405,#3496,.T.);
#3496 = CIRCLE('',#3497,0.9);
#3497 = AXIS2_PLACEMENT_3D('',#3498,#3499,#3500);
#3498 = CARTESIAN_POINT('',(95.45,-54.10000032116,0.95));
#3499 = DIRECTION('',(0.,0.,-1.));
#3500 = DIRECTION('',(-1.,3.568460805859E-07,0.));
#3501 = ORIENTED_EDGE('',*,*,#3434,.F.);
#3502 = FACE_BOUND('',#3503,.T.);
#3503 = EDGE_LOOP('',(#3504));
#3504 = ORIENTED_EDGE('',*,*,#3505,.T.);
#3505 = EDGE_CURVE('',#3506,#3506,#3508,.T.);
#3506 = VERTEX_POINT('',#3507);
#3507 = CARTESIAN_POINT('',(95.45,-55.175,0.95));
#3508 = CIRCLE('',#3509,0.675);
#3509 = AXIS2_PLACEMENT_3D('',#3510,#3511,#3512);
#3510 = CARTESIAN_POINT('',(95.45,-54.5,0.95));
#3511 = DIRECTION('',(-0.,0.,-1.));
#3512 = DIRECTION('',(-0.,-1.,0.));
#3513 = PLANE('',#3514);
#3514 = AXIS2_PLACEMENT_3D('',#3515,#3516,#3517);
#3515 = CARTESIAN_POINT('',(0.,0.,0.95));
#3516 = DIRECTION('',(0.,0.,1.));
#3517 = DIRECTION('',(1.,0.,-0.));
#3518 = ADVANCED_FACE('',(#3519),#3525,.T.);
#3519 = FACE_BOUND('',#3520,.T.);
#3520 = EDGE_LOOP('',(#3521,#3522,#3523,#3524));
#3521 = ORIENTED_EDGE('',*,*,#3442,.T.);
#3522 = ORIENTED_EDGE('',*,*,#3495,.T.);
#3523 = ORIENTED_EDGE('',*,*,#3402,.F.);
#3524 = ORIENTED_EDGE('',*,*,#3466,.F.);
#3525 = CYLINDRICAL_SURFACE('',#3526,0.9);
#3526 = AXIS2_PLACEMENT_3D('',#3527,#3528,#3529);
#3527 = CARTESIAN_POINT('',(95.45,-54.10000032116,0.91));
#3528 = DIRECTION('',(0.,0.,-1.));
#3529 = DIRECTION('',(-1.,3.568460805859E-07,0.));
#3530 = ADVANCED_FACE('',(#3531),#3542,.F.);
#3531 = FACE_BOUND('',#3532,.T.);
#3532 = EDGE_LOOP('',(#3533,#3534,#3540,#3541));
#3533 = ORIENTED_EDGE('',*,*,#3476,.T.);
#3534 = ORIENTED_EDGE('',*,*,#3535,.T.);
#3535 = EDGE_CURVE('',#3477,#3506,#3536,.T.);
#3536 = LINE('',#3537,#3538);
#3537 = CARTESIAN_POINT('',(95.45,-55.175,-4.6E-02));
#3538 = VECTOR('',#3539,1.);
#3539 = DIRECTION('',(0.,0.,1.));
#3540 = ORIENTED_EDGE('',*,*,#3505,.F.);
#3541 = ORIENTED_EDGE('',*,*,#3535,.F.);
#3542 = CYLINDRICAL_SURFACE('',#3543,0.675);
#3543 = AXIS2_PLACEMENT_3D('',#3544,#3545,#3546);
#3544 = CARTESIAN_POINT('',(95.45,-54.5,-4.6E-02));
#3545 = DIRECTION('',(-0.,-0.,-1.));
#3546 = DIRECTION('',(-0.,-1.,0.));
#3547 = MANIFOLD_SOLID_BREP('',#3548);
#3548 = CLOSED_SHELL('',(#3549,#3591,#3622,#3653,#3682,#3711,#3723));
#3549 = ADVANCED_FACE('',(#3550),#3586,.T.);
#3550 = FACE_BOUND('',#3551,.F.);
#3551 = EDGE_LOOP('',(#3552,#3562,#3571,#3579));
#3552 = ORIENTED_EDGE('',*,*,#3553,.T.);
#3553 = EDGE_CURVE('',#3554,#3556,#3558,.T.);
#3554 = VERTEX_POINT('',#3555);
#3555 = CARTESIAN_POINT('',(96.35,-54.9,0.));
#3556 = VERTEX_POINT('',#3557);
#3557 = CARTESIAN_POINT('',(96.35,-54.9,-4.E-02));
#3558 = LINE('',#3559,#3560);
#3559 = CARTESIAN_POINT('',(96.35,-54.9,0.));
#3560 = VECTOR('',#3561,1.);
#3561 = DIRECTION('',(0.,0.,-1.));
#3562 = ORIENTED_EDGE('',*,*,#3563,.T.);
#3563 = EDGE_CURVE('',#3556,#3564,#3566,.T.);
#3564 = VERTEX_POINT('',#3565);
#3565 = CARTESIAN_POINT('',(94.55,-54.9,-4.E-02));
#3566 = CIRCLE('',#3567,0.9);
#3567 = AXIS2_PLACEMENT_3D('',#3568,#3569,#3570);
#3568 = CARTESIAN_POINT('',(95.45,-54.899999704,-4.E-02));
#3569 = DIRECTION('',(-0.,0.,-1.));
#3570 = DIRECTION('',(1.,-3.288794264083E-07,-0.));
#3571 = ORIENTED_EDGE('',*,*,#3572,.F.);
#3572 = EDGE_CURVE('',#3573,#3564,#3575,.T.);
#3573 = VERTEX_POINT('',#3574);
#3574 = CARTESIAN_POINT('',(94.55,-54.9,0.));
#3575 = LINE('',#3576,#3577);
#3576 = CARTESIAN_POINT('',(94.55,-54.9,0.));
#3577 = VECTOR('',#3578,1.);
#3578 = DIRECTION('',(0.,0.,-1.));
#3579 = ORIENTED_EDGE('',*,*,#3580,.F.);
#3580 = EDGE_CURVE('',#3554,#3573,#3581,.T.);
#3581 = CIRCLE('',#3582,0.9);
#3582 = AXIS2_PLACEMENT_3D('',#3583,#3584,#3585);
#3583 = CARTESIAN_POINT('',(95.45,-54.899999704,0.));
#3584 = DIRECTION('',(-0.,0.,-1.));
#3585 = DIRECTION('',(1.,-3.288794264083E-07,-0.));
#3586 = CYLINDRICAL_SURFACE('',#3587,0.9);
#3587 = AXIS2_PLACEMENT_3D('',#3588,#3589,#3590);
#3588 = CARTESIAN_POINT('',(95.45,-54.899999704,0.));
#3589 = DIRECTION('',(0.,-0.,1.));
#3590 = DIRECTION('',(1.,-3.288794264083E-07,-0.));
#3591 = ADVANCED_FACE('',(#3592),#3617,.F.);
#3592 = FACE_BOUND('',#3593,.F.);
#3593 = EDGE_LOOP('',(#3594,#3604,#3610,#3611));
#3594 = ORIENTED_EDGE('',*,*,#3595,.T.);
#3595 = EDGE_CURVE('',#3596,#3598,#3600,.T.);
#3596 = VERTEX_POINT('',#3597);
#3597 = CARTESIAN_POINT('',(96.35,-54.1,0.));
#3598 = VERTEX_POINT('',#3599);
#3599 = CARTESIAN_POINT('',(96.35,-54.1,-4.E-02));
#3600 = LINE('',#3601,#3602);
#3601 = CARTESIAN_POINT('',(96.35,-54.1,0.));
#3602 = VECTOR('',#3603,1.);
#3603 = DIRECTION('',(0.,0.,-1.));
#3604 = ORIENTED_EDGE('',*,*,#3605,.T.);
#3605 = EDGE_CURVE('',#3598,#3556,#3606,.T.);
#3606 = LINE('',#3607,#3608);
#3607 = CARTESIAN_POINT('',(96.35,-54.1,-4.E-02));
#3608 = VECTOR('',#3609,1.);
#3609 = DIRECTION('',(0.,-1.,0.));
#3610 = ORIENTED_EDGE('',*,*,#3553,.F.);
#3611 = ORIENTED_EDGE('',*,*,#3612,.F.);
#3612 = EDGE_CURVE('',#3596,#3554,#3613,.T.);
#3613 = LINE('',#3614,#3615);
#3614 = CARTESIAN_POINT('',(96.35,-54.1,0.));
#3615 = VECTOR('',#3616,1.);
#3616 = DIRECTION('',(0.,-1.,0.));
#3617 = PLANE('',#3618);
#3618 = AXIS2_PLACEMENT_3D('',#3619,#3620,#3621);
#3619 = CARTESIAN_POINT('',(96.35,-54.1,0.));
#3620 = DIRECTION('',(-1.,-0.,-0.));
#3621 = DIRECTION('',(0.,-1.,0.));
#3622 = ADVANCED_FACE('',(#3623),#3648,.F.);
#3623 = FACE_BOUND('',#3624,.F.);
#3624 = EDGE_LOOP('',(#3625,#3626,#3634,#3642));
#3625 = ORIENTED_EDGE('',*,*,#3572,.T.);
#3626 = ORIENTED_EDGE('',*,*,#3627,.T.);
#3627 = EDGE_CURVE('',#3564,#3628,#3630,.T.);
#3628 = VERTEX_POINT('',#3629);
#3629 = CARTESIAN_POINT('',(94.55,-54.1,-4.E-02));
#3630 = LINE('',#3631,#3632);
#3631 = CARTESIAN_POINT('',(94.55,-54.9,-4.E-02));
#3632 = VECTOR('',#3633,1.);
#3633 = DIRECTION('',(0.,1.,0.));
#3634 = ORIENTED_EDGE('',*,*,#3635,.F.);
#3635 = EDGE_CURVE('',#3636,#3628,#3638,.T.);
#3636 = VERTEX_POINT('',#3637);
#3637 = CARTESIAN_POINT('',(94.55,-54.1,0.));
#3638 = LINE('',#3639,#3640);
#3639 = CARTESIAN_POINT('',(94.55,-54.1,0.));
#3640 = VECTOR('',#3641,1.);
#3641 = DIRECTION('',(0.,0.,-1.));
#3642 = ORIENTED_EDGE('',*,*,#3643,.F.);
#3643 = EDGE_CURVE('',#3573,#3636,#3644,.T.);
#3644 = LINE('',#3645,#3646);
#3645 = CARTESIAN_POINT('',(94.55,-54.9,0.));
#3646 = VECTOR('',#3647,1.);
#3647 = DIRECTION('',(0.,1.,0.));
#3648 = PLANE('',#3649);
#3649 = AXIS2_PLACEMENT_3D('',#3650,#3651,#3652);
#3650 = CARTESIAN_POINT('',(94.55,-54.9,0.));
#3651 = DIRECTION('',(1.,-0.,0.));
#3652 = DIRECTION('',(0.,1.,0.));
#3653 = ADVANCED_FACE('',(#3654,#3666),#3677,.F.);
#3654 = FACE_BOUND('',#3655,.F.);
#3655 = EDGE_LOOP('',(#3656,#3657,#3658,#3665));
#3656 = ORIENTED_EDGE('',*,*,#3580,.T.);
#3657 = ORIENTED_EDGE('',*,*,#3643,.T.);
#3658 = ORIENTED_EDGE('',*,*,#3659,.T.);
#3659 = EDGE_CURVE('',#3636,#3596,#3660,.T.);
#3660 = CIRCLE('',#3661,0.9);
#3661 = AXIS2_PLACEMENT_3D('',#3662,#3663,#3664);
#3662 = CARTESIAN_POINT('',(95.45,-54.10000032116,0.));
#3663 = DIRECTION('',(0.,0.,-1.));
#3664 = DIRECTION('',(-1.,3.568460805859E-07,0.));
#3665 = ORIENTED_EDGE('',*,*,#3612,.T.);
#3666 = FACE_BOUND('',#3667,.F.);
#3667 = EDGE_LOOP('',(#3668));
#3668 = ORIENTED_EDGE('',*,*,#3669,.F.);
#3669 = EDGE_CURVE('',#3670,#3670,#3672,.T.);
#3670 = VERTEX_POINT('',#3671);
#3671 = CARTESIAN_POINT('',(95.45,-55.175,0.));
#3672 = CIRCLE('',#3673,0.675);
#3673 = AXIS2_PLACEMENT_3D('',#3674,#3675,#3676);
#3674 = CARTESIAN_POINT('',(95.45,-54.5,0.));
#3675 = DIRECTION('',(-0.,0.,-1.));
#3676 = DIRECTION('',(-0.,-1.,0.));
#3677 = PLANE('',#3678);
#3678 = AXIS2_PLACEMENT_3D('',#3679,#3680,#3681);
#3679 = CARTESIAN_POINT('',(0.,0.,0.));
#3680 = DIRECTION('',(-0.,-0.,-1.));
#3681 = DIRECTION('',(-1.,0.,0.));
#3682 = ADVANCED_FACE('',(#3683,#3695),#3706,.T.);
#3683 = FACE_BOUND('',#3684,.T.);
#3684 = EDGE_LOOP('',(#3685,#3686,#3687,#3694));
#3685 = ORIENTED_EDGE('',*,*,#3563,.T.);
#3686 = ORIENTED_EDGE('',*,*,#3627,.T.);
#3687 = ORIENTED_EDGE('',*,*,#3688,.T.);
#3688 = EDGE_CURVE('',#3628,#3598,#3689,.T.);
#3689 = CIRCLE('',#3690,0.9);
#3690 = AXIS2_PLACEMENT_3D('',#3691,#3692,#3693);
#3691 = CARTESIAN_POINT('',(95.45,-54.10000032116,-4.E-02));
#3692 = DIRECTION('',(0.,0.,-1.));
#3693 = DIRECTION('',(-1.,3.568460805859E-07,0.));
#3694 = ORIENTED_EDGE('',*,*,#3605,.T.);
#3695 = FACE_BOUND('',#3696,.T.);
#3696 = EDGE_LOOP('',(#3697));
#3697 = ORIENTED_EDGE('',*,*,#3698,.F.);
#3698 = EDGE_CURVE('',#3699,#3699,#3701,.T.);
#3699 = VERTEX_POINT('',#3700);
#3700 = CARTESIAN_POINT('',(95.45,-55.175,-4.E-02));
#3701 = CIRCLE('',#3702,0.675);
#3702 = AXIS2_PLACEMENT_3D('',#3703,#3704,#3705);
#3703 = CARTESIAN_POINT('',(95.45,-54.5,-4.E-02));
#3704 = DIRECTION('',(-0.,0.,-1.));
#3705 = DIRECTION('',(-0.,-1.,0.));
#3706 = PLANE('',#3707);
#3707 = AXIS2_PLACEMENT_3D('',#3708,#3709,#3710);
#3708 = CARTESIAN_POINT('',(0.,0.,-4.E-02));
#3709 = DIRECTION('',(-0.,-0.,-1.));
#3710 = DIRECTION('',(-1.,0.,0.));
#3711 = ADVANCED_FACE('',(#3712),#3718,.T.);
#3712 = FACE_BOUND('',#3713,.F.);
#3713 = EDGE_LOOP('',(#3714,#3715,#3716,#3717));
#3714 = ORIENTED_EDGE('',*,*,#3635,.T.);
#3715 = ORIENTED_EDGE('',*,*,#3688,.T.);
#3716 = ORIENTED_EDGE('',*,*,#3595,.F.);
#3717 = ORIENTED_EDGE('',*,*,#3659,.F.);
#3718 = CYLINDRICAL_SURFACE('',#3719,0.9);
#3719 = AXIS2_PLACEMENT_3D('',#3720,#3721,#3722);
#3720 = CARTESIAN_POINT('',(95.45,-54.10000032116,0.));
#3721 = DIRECTION('',(-0.,-0.,1.));
#3722 = DIRECTION('',(-1.,3.568460805859E-07,0.));
#3723 = ADVANCED_FACE('',(#3724),#3735,.F.);
#3724 = FACE_BOUND('',#3725,.T.);
#3725 = EDGE_LOOP('',(#3726,#3727,#3733,#3734));
#3726 = ORIENTED_EDGE('',*,*,#3698,.T.);
#3727 = ORIENTED_EDGE('',*,*,#3728,.T.);
#3728 = EDGE_CURVE('',#3699,#3670,#3729,.T.);
#3729 = LINE('',#3730,#3731);
#3730 = CARTESIAN_POINT('',(95.45,-55.175,-4.6E-02));
#3731 = VECTOR('',#3732,1.);
#3732 = DIRECTION('',(0.,0.,1.));
#3733 = ORIENTED_EDGE('',*,*,#3669,.F.);
#3734 = ORIENTED_EDGE('',*,*,#3728,.F.);
#3735 = CYLINDRICAL_SURFACE('',#3736,0.675);
#3736 = AXIS2_PLACEMENT_3D('',#3737,#3738,#3739);
#3737 = CARTESIAN_POINT('',(95.45,-54.5,-4.6E-02));
#3738 = DIRECTION('',(-0.,-0.,-1.));
#3739 = DIRECTION('',(-0.,-1.,0.));
#3740 = MANIFOLD_SOLID_BREP('',#3741);
#3741 = CLOSED_SHELL('',(#3742,#3775,#3795,#3815));
#3742 = ADVANCED_FACE('',(#3743),#3770,.T.);
#3743 = FACE_BOUND('',#3744,.F.);
#3744 = EDGE_LOOP('',(#3745,#3755,#3762,#3763));
#3745 = ORIENTED_EDGE('',*,*,#3746,.T.);
#3746 = EDGE_CURVE('',#3747,#3749,#3751,.T.);
#3747 = VERTEX_POINT('',#3748);
#3748 = CARTESIAN_POINT('',(95.45,-55.2,-3.5E-02));
#3749 = VERTEX_POINT('',#3750);
#3750 = CARTESIAN_POINT('',(95.45,-55.2,0.945));
#3751 = LINE('',#3752,#3753);
#3752 = CARTESIAN_POINT('',(95.45,-55.2,-3.5E-02));
#3753 = VECTOR('',#3754,1.);
#3754 = DIRECTION('',(0.,0.,1.));
#3755 = ORIENTED_EDGE('',*,*,#3756,.T.);
#3756 = EDGE_CURVE('',#3749,#3749,#3757,.T.);
#3757 = CIRCLE('',#3758,0.7);
#3758 = AXIS2_PLACEMENT_3D('',#3759,#3760,#3761);
#3759 = CARTESIAN_POINT('',(95.45,-54.5,0.945));
#3760 = DIRECTION('',(0.,0.,1.));
#3761 = DIRECTION('',(-0.,-1.,0.));
#3762 = ORIENTED_EDGE('',*,*,#3746,.F.);
#3763 = ORIENTED_EDGE('',*,*,#3764,.F.);
#3764 = EDGE_CURVE('',#3747,#3747,#3765,.T.);
#3765 = CIRCLE('',#3766,0.7);
#3766 = AXIS2_PLACEMENT_3D('',#3767,#3768,#3769);
#3767 = CARTESIAN_POINT('',(95.45,-54.5,-3.5E-02));
#3768 = DIRECTION('',(0.,0.,1.));
#3769 = DIRECTION('',(-0.,-1.,0.));
#3770 = CYLINDRICAL_SURFACE('',#3771,0.7);
#3771 = AXIS2_PLACEMENT_3D('',#3772,#3773,#3774);
#3772 = CARTESIAN_POINT('',(95.45,-54.5,-3.5E-02));
#3773 = DIRECTION('',(-0.,-0.,-1.));
#3774 = DIRECTION('',(-0.,-1.,0.));
#3775 = ADVANCED_FACE('',(#3776,#3779),#3790,.F.);
#3776 = FACE_BOUND('',#3777,.F.);
#3777 = EDGE_LOOP('',(#3778));
#3778 = ORIENTED_EDGE('',*,*,#3764,.T.);
#3779 = FACE_BOUND('',#3780,.F.);
#3780 = EDGE_LOOP('',(#3781));
#3781 = ORIENTED_EDGE('',*,*,#3782,.T.);
#3782 = EDGE_CURVE('',#3783,#3783,#3785,.T.);
#3783 = VERTEX_POINT('',#3784);
#3784 = CARTESIAN_POINT('',(95.45,-55.175,-3.5E-02));
#3785 = CIRCLE('',#3786,0.675);
#3786 = AXIS2_PLACEMENT_3D('',#3787,#3788,#3789);
#3787 = CARTESIAN_POINT('',(95.45,-54.5,-3.5E-02));
#3788 = DIRECTION('',(-0.,0.,-1.));
#3789 = DIRECTION('',(-0.,-1.,0.));
#3790 = PLANE('',#3791);
#3791 = AXIS2_PLACEMENT_3D('',#3792,#3793,#3794);
#3792 = CARTESIAN_POINT('',(95.45,-55.2,-3.5E-02));
#3793 = DIRECTION('',(0.,0.,1.));
#3794 = DIRECTION('',(1.,0.,-0.));
#3795 = ADVANCED_FACE('',(#3796,#3799),#3810,.T.);
#3796 = FACE_BOUND('',#3797,.T.);
#3797 = EDGE_LOOP('',(#3798));
#3798 = ORIENTED_EDGE('',*,*,#3756,.T.);
#3799 = FACE_BOUND('',#3800,.T.);
#3800 = EDGE_LOOP('',(#3801));
#3801 = ORIENTED_EDGE('',*,*,#3802,.T.);
#3802 = EDGE_CURVE('',#3803,#3803,#3805,.T.);
#3803 = VERTEX_POINT('',#3804);
#3804 = CARTESIAN_POINT('',(95.45,-55.175,0.945));
#3805 = CIRCLE('',#3806,0.675);
#3806 = AXIS2_PLACEMENT_3D('',#3807,#3808,#3809);
#3807 = CARTESIAN_POINT('',(95.45,-54.5,0.945));
#3808 = DIRECTION('',(-0.,0.,-1.));
#3809 = DIRECTION('',(-0.,-1.,0.));
#3810 = PLANE('',#3811);
#3811 = AXIS2_PLACEMENT_3D('',#3812,#3813,#3814);
#3812 = CARTESIAN_POINT('',(95.45,-55.2,0.945));
#3813 = DIRECTION('',(0.,0.,1.));
#3814 = DIRECTION('',(1.,0.,-0.));
#3815 = ADVANCED_FACE('',(#3816),#3827,.F.);
#3816 = FACE_BOUND('',#3817,.T.);
#3817 = EDGE_LOOP('',(#3818,#3819,#3825,#3826));
#3818 = ORIENTED_EDGE('',*,*,#3782,.T.);
#3819 = ORIENTED_EDGE('',*,*,#3820,.T.);
#3820 = EDGE_CURVE('',#3783,#3803,#3821,.T.);
#3821 = LINE('',#3822,#3823);
#3822 = CARTESIAN_POINT('',(95.45,-55.175,-4.6E-02));
#3823 = VECTOR('',#3824,1.);
#3824 = DIRECTION('',(0.,0.,1.));
#3825 = ORIENTED_EDGE('',*,*,#3802,.F.);
#3826 = ORIENTED_EDGE('',*,*,#3820,.F.);
#3827 = CYLINDRICAL_SURFACE('',#3828,0.675);
#3828 = AXIS2_PLACEMENT_3D('',#3829,#3830,#3831);
#3829 = CARTESIAN_POINT('',(95.45,-54.5,-4.6E-02));
#3830 = DIRECTION('',(-0.,-0.,-1.));
#3831 = DIRECTION('',(-0.,-1.,0.));
#3832 = MANIFOLD_SOLID_BREP('',#3833);
#3833 = CLOSED_SHELL('',(#3834,#3867,#3887,#3907));
#3834 = ADVANCED_FACE('',(#3835),#3862,.T.);
#3835 = FACE_BOUND('',#3836,.F.);
#3836 = EDGE_LOOP('',(#3837,#3847,#3854,#3855));
#3837 = ORIENTED_EDGE('',*,*,#3838,.T.);
#3838 = EDGE_CURVE('',#3839,#3841,#3843,.T.);
#3839 = VERTEX_POINT('',#3840);
#3840 = CARTESIAN_POINT('',(94.9,-52.,0.91));
#3841 = VERTEX_POINT('',#3842);
#3842 = CARTESIAN_POINT('',(94.9,-52.,0.95));
#3843 = LINE('',#3844,#3845);
#3844 = CARTESIAN_POINT('',(94.9,-52.,0.91));
#3845 = VECTOR('',#3846,1.);
#3846 = DIRECTION('',(0.,0.,1.));
#3847 = ORIENTED_EDGE('',*,*,#3848,.T.);
#3848 = EDGE_CURVE('',#3841,#3841,#3849,.T.);
#3849 = CIRCLE('',#3850,1.3);
#3850 = AXIS2_PLACEMENT_3D('',#3851,#3852,#3853);
#3851 = CARTESIAN_POINT('',(93.6,-52.,0.95));
#3852 = DIRECTION('',(0.,0.,1.));
#3853 = DIRECTION('',(1.,0.,-0.));
#3854 = ORIENTED_EDGE('',*,*,#3838,.F.);
#3855 = ORIENTED_EDGE('',*,*,#3856,.F.);
#3856 = EDGE_CURVE('',#3839,#3839,#3857,.T.);
#3857 = CIRCLE('',#3858,1.3);
#3858 = AXIS2_PLACEMENT_3D('',#3859,#3860,#3861);
#3859 = CARTESIAN_POINT('',(93.6,-52.,0.91));
#3860 = DIRECTION('',(0.,0.,1.));
#3861 = DIRECTION('',(1.,0.,-0.));
#3862 = CYLINDRICAL_SURFACE('',#3863,1.3);
#3863 = AXIS2_PLACEMENT_3D('',#3864,#3865,#3866);
#3864 = CARTESIAN_POINT('',(93.6,-52.,0.91));
#3865 = DIRECTION('',(-0.,-0.,-1.));
#3866 = DIRECTION('',(1.,0.,-0.));
#3867 = ADVANCED_FACE('',(#3868,#3871),#3882,.F.);
#3868 = FACE_BOUND('',#3869,.F.);
#3869 = EDGE_LOOP('',(#3870));
#3870 = ORIENTED_EDGE('',*,*,#3856,.T.);
#3871 = FACE_BOUND('',#3872,.F.);
#3872 = EDGE_LOOP('',(#3873));
#3873 = ORIENTED_EDGE('',*,*,#3874,.T.);
#3874 = EDGE_CURVE('',#3875,#3875,#3877,.T.);
#3875 = VERTEX_POINT('',#3876);
#3876 = CARTESIAN_POINT('',(93.6,-52.85,0.91));
#3877 = CIRCLE('',#3878,0.85);
#3878 = AXIS2_PLACEMENT_3D('',#3879,#3880,#3881);
#3879 = CARTESIAN_POINT('',(93.6,-52.,0.91));
#3880 = DIRECTION('',(-0.,0.,-1.));
#3881 = DIRECTION('',(-0.,-1.,0.));
#3882 = PLANE('',#3883);
#3883 = AXIS2_PLACEMENT_3D('',#3884,#3885,#3886);
#3884 = CARTESIAN_POINT('',(0.,0.,0.91));
#3885 = DIRECTION('',(0.,0.,1.));
#3886 = DIRECTION('',(1.,0.,-0.));
#3887 = ADVANCED_FACE('',(#3888,#3891),#3902,.T.);
#3888 = FACE_BOUND('',#3889,.T.);
#3889 = EDGE_LOOP('',(#3890));
#3890 = ORIENTED_EDGE('',*,*,#3848,.T.);
#3891 = FACE_BOUND('',#3892,.T.);
#3892 = EDGE_LOOP('',(#3893));
#3893 = ORIENTED_EDGE('',*,*,#3894,.T.);
#3894 = EDGE_CURVE('',#3895,#3895,#3897,.T.);
#3895 = VERTEX_POINT('',#3896);
#3896 = CARTESIAN_POINT('',(93.6,-52.85,0.95));
#3897 = CIRCLE('',#3898,0.85);
#3898 = AXIS2_PLACEMENT_3D('',#3899,#3900,#3901);
#3899 = CARTESIAN_POINT('',(93.6,-52.,0.95));
#3900 = DIRECTION('',(-0.,0.,-1.));
#3901 = DIRECTION('',(-0.,-1.,0.));
#3902 = PLANE('',#3903);
#3903 = AXIS2_PLACEMENT_3D('',#3904,#3905,#3906);
#3904 = CARTESIAN_POINT('',(0.,0.,0.95));
#3905 = DIRECTION('',(0.,0.,1.));
#3906 = DIRECTION('',(1.,0.,-0.));
#3907 = ADVANCED_FACE('',(#3908),#3919,.F.);
#3908 = FACE_BOUND('',#3909,.T.);
#3909 = EDGE_LOOP('',(#3910,#3911,#3917,#3918));
#3910 = ORIENTED_EDGE('',*,*,#3874,.T.);
#3911 = ORIENTED_EDGE('',*,*,#3912,.T.);
#3912 = EDGE_CURVE('',#3875,#3895,#3913,.T.);
#3913 = LINE('',#3914,#3915);
#3914 = CARTESIAN_POINT('',(93.6,-52.85,-4.6E-02));
#3915 = VECTOR('',#3916,1.);
#3916 = DIRECTION('',(0.,0.,1.));
#3917 = ORIENTED_EDGE('',*,*,#3894,.F.);
#3918 = ORIENTED_EDGE('',*,*,#3912,.F.);
#3919 = CYLINDRICAL_SURFACE('',#3920,0.85);
#3920 = AXIS2_PLACEMENT_3D('',#3921,#3922,#3923);
#3921 = CARTESIAN_POINT('',(93.6,-52.,-4.6E-02));
#3922 = DIRECTION('',(-0.,-0.,-1.));
#3923 = DIRECTION('',(-0.,-1.,0.));
#3924 = MANIFOLD_SOLID_BREP('',#3925);
#3925 = CLOSED_SHELL('',(#3926,#3959,#3979,#3999));
#3926 = ADVANCED_FACE('',(#3927),#3954,.T.);
#3927 = FACE_BOUND('',#3928,.T.);
#3928 = EDGE_LOOP('',(#3929,#3939,#3946,#3947));
#3929 = ORIENTED_EDGE('',*,*,#3930,.T.);
#3930 = EDGE_CURVE('',#3931,#3933,#3935,.T.);
#3931 = VERTEX_POINT('',#3932);
#3932 = CARTESIAN_POINT('',(94.9,-52.,0.));
#3933 = VERTEX_POINT('',#3934);
#3934 = CARTESIAN_POINT('',(94.9,-52.,-4.E-02));
#3935 = LINE('',#3936,#3937);
#3936 = CARTESIAN_POINT('',(94.9,-52.,0.));
#3937 = VECTOR('',#3938,1.);
#3938 = DIRECTION('',(0.,0.,-1.));
#3939 = ORIENTED_EDGE('',*,*,#3940,.T.);
#3940 = EDGE_CURVE('',#3933,#3933,#3941,.T.);
#3941 = CIRCLE('',#3942,1.3);
#3942 = AXIS2_PLACEMENT_3D('',#3943,#3944,#3945);
#3943 = CARTESIAN_POINT('',(93.6,-52.,-4.E-02));
#3944 = DIRECTION('',(0.,0.,1.));
#3945 = DIRECTION('',(1.,0.,-0.));
#3946 = ORIENTED_EDGE('',*,*,#3930,.F.);
#3947 = ORIENTED_EDGE('',*,*,#3948,.F.);
#3948 = EDGE_CURVE('',#3931,#3931,#3949,.T.);
#3949 = CIRCLE('',#3950,1.3);
#3950 = AXIS2_PLACEMENT_3D('',#3951,#3952,#3953);
#3951 = CARTESIAN_POINT('',(93.6,-52.,0.));
#3952 = DIRECTION('',(0.,0.,1.));
#3953 = DIRECTION('',(1.,0.,-0.));
#3954 = CYLINDRICAL_SURFACE('',#3955,1.3);
#3955 = AXIS2_PLACEMENT_3D('',#3956,#3957,#3958);
#3956 = CARTESIAN_POINT('',(93.6,-52.,0.));
#3957 = DIRECTION('',(0.,0.,1.));
#3958 = DIRECTION('',(1.,0.,-0.));
#3959 = ADVANCED_FACE('',(#3960,#3963),#3974,.F.);
#3960 = FACE_BOUND('',#3961,.F.);
#3961 = EDGE_LOOP('',(#3962));
#3962 = ORIENTED_EDGE('',*,*,#3948,.F.);
#3963 = FACE_BOUND('',#3964,.F.);
#3964 = EDGE_LOOP('',(#3965));
#3965 = ORIENTED_EDGE('',*,*,#3966,.F.);
#3966 = EDGE_CURVE('',#3967,#3967,#3969,.T.);
#3967 = VERTEX_POINT('',#3968);
#3968 = CARTESIAN_POINT('',(93.6,-52.85,0.));
#3969 = CIRCLE('',#3970,0.85);
#3970 = AXIS2_PLACEMENT_3D('',#3971,#3972,#3973);
#3971 = CARTESIAN_POINT('',(93.6,-52.,0.));
#3972 = DIRECTION('',(-0.,0.,-1.));
#3973 = DIRECTION('',(-0.,-1.,0.));
#3974 = PLANE('',#3975);
#3975 = AXIS2_PLACEMENT_3D('',#3976,#3977,#3978);
#3976 = CARTESIAN_POINT('',(0.,0.,0.));
#3977 = DIRECTION('',(-0.,-0.,-1.));
#3978 = DIRECTION('',(-1.,0.,0.));
#3979 = ADVANCED_FACE('',(#3980,#3983),#3994,.T.);
#3980 = FACE_BOUND('',#3981,.T.);
#3981 = EDGE_LOOP('',(#3982));
#3982 = ORIENTED_EDGE('',*,*,#3940,.F.);
#3983 = FACE_BOUND('',#3984,.T.);
#3984 = EDGE_LOOP('',(#3985));
#3985 = ORIENTED_EDGE('',*,*,#3986,.F.);
#3986 = EDGE_CURVE('',#3987,#3987,#3989,.T.);
#3987 = VERTEX_POINT('',#3988);
#3988 = CARTESIAN_POINT('',(93.6,-52.85,-4.E-02));
#3989 = CIRCLE('',#3990,0.85);
#3990 = AXIS2_PLACEMENT_3D('',#3991,#3992,#3993);
#3991 = CARTESIAN_POINT('',(93.6,-52.,-4.E-02));
#3992 = DIRECTION('',(-0.,0.,-1.));
#3993 = DIRECTION('',(-0.,-1.,0.));
#3994 = PLANE('',#3995);
#3995 = AXIS2_PLACEMENT_3D('',#3996,#3997,#3998);
#3996 = CARTESIAN_POINT('',(0.,0.,-4.E-02));
#3997 = DIRECTION('',(-0.,-0.,-1.));
#3998 = DIRECTION('',(-1.,0.,0.));
#3999 = ADVANCED_FACE('',(#4000),#4011,.F.);
#4000 = FACE_BOUND('',#4001,.T.);
#4001 = EDGE_LOOP('',(#4002,#4003,#4009,#4010));
#4002 = ORIENTED_EDGE('',*,*,#3986,.T.);
#4003 = ORIENTED_EDGE('',*,*,#4004,.T.);
#4004 = EDGE_CURVE('',#3987,#3967,#4005,.T.);
#4005 = LINE('',#4006,#4007);
#4006 = CARTESIAN_POINT('',(93.6,-52.85,-4.6E-02));
#4007 = VECTOR('',#4008,1.);
#4008 = DIRECTION('',(0.,0.,1.));
#4009 = ORIENTED_EDGE('',*,*,#3966,.F.);
#4010 = ORIENTED_EDGE('',*,*,#4004,.F.);
#4011 = CYLINDRICAL_SURFACE('',#4012,0.85);
#4012 = AXIS2_PLACEMENT_3D('',#4013,#4014,#4015);
#4013 = CARTESIAN_POINT('',(93.6,-52.,-4.6E-02));
#4014 = DIRECTION('',(-0.,-0.,-1.));
#4015 = DIRECTION('',(-0.,-1.,0.));
#4016 = MANIFOLD_SOLID_BREP('',#4017);
#4017 = CLOSED_SHELL('',(#4018,#4051,#4071,#4091));
#4018 = ADVANCED_FACE('',(#4019),#4046,.T.);
#4019 = FACE_BOUND('',#4020,.F.);
#4020 = EDGE_LOOP('',(#4021,#4031,#4038,#4039));
#4021 = ORIENTED_EDGE('',*,*,#4022,.T.);
#4022 = EDGE_CURVE('',#4023,#4025,#4027,.T.);
#4023 = VERTEX_POINT('',#4024);
#4024 = CARTESIAN_POINT('',(93.6,-52.875,-3.5E-02));
#4025 = VERTEX_POINT('',#4026);
#4026 = CARTESIAN_POINT('',(93.6,-52.875,0.945));
#4027 = LINE('',#4028,#4029);
#4028 = CARTESIAN_POINT('',(93.6,-52.875,-3.5E-02));
#4029 = VECTOR('',#4030,1.);
#4030 = DIRECTION('',(0.,0.,1.));
#4031 = ORIENTED_EDGE('',*,*,#4032,.T.);
#4032 = EDGE_CURVE('',#4025,#4025,#4033,.T.);
#4033 = CIRCLE('',#4034,0.875);
#4034 = AXIS2_PLACEMENT_3D('',#4035,#4036,#4037);
#4035 = CARTESIAN_POINT('',(93.6,-52.,0.945));
#4036 = DIRECTION('',(0.,0.,1.));
#4037 = DIRECTION('',(-0.,-1.,0.));
#4038 = ORIENTED_EDGE('',*,*,#4022,.F.);
#4039 = ORIENTED_EDGE('',*,*,#4040,.F.);
#4040 = EDGE_CURVE('',#4023,#4023,#4041,.T.);
#4041 = CIRCLE('',#4042,0.875);
#4042 = AXIS2_PLACEMENT_3D('',#4043,#4044,#4045);
#4043 = CARTESIAN_POINT('',(93.6,-52.,-3.5E-02));
#4044 = DIRECTION('',(0.,0.,1.));
#4045 = DIRECTION('',(-0.,-1.,0.));
#4046 = CYLINDRICAL_SURFACE('',#4047,0.875);
#4047 = AXIS2_PLACEMENT_3D('',#4048,#4049,#4050);
#4048 = CARTESIAN_POINT('',(93.6,-52.,-3.5E-02));
#4049 = DIRECTION('',(-0.,-0.,-1.));
#4050 = DIRECTION('',(-0.,-1.,0.));
#4051 = ADVANCED_FACE('',(#4052,#4055),#4066,.F.);
#4052 = FACE_BOUND('',#4053,.F.);
#4053 = EDGE_LOOP('',(#4054));
#4054 = ORIENTED_EDGE('',*,*,#4040,.T.);
#4055 = FACE_BOUND('',#4056,.F.);
#4056 = EDGE_LOOP('',(#4057));
#4057 = ORIENTED_EDGE('',*,*,#4058,.T.);
#4058 = EDGE_CURVE('',#4059,#4059,#4061,.T.);
#4059 = VERTEX_POINT('',#4060);
#4060 = CARTESIAN_POINT('',(93.6,-52.85,-3.5E-02));
#4061 = CIRCLE('',#4062,0.85);
#4062 = AXIS2_PLACEMENT_3D('',#4063,#4064,#4065);
#4063 = CARTESIAN_POINT('',(93.6,-52.,-3.5E-02));
#4064 = DIRECTION('',(-0.,0.,-1.));
#4065 = DIRECTION('',(-0.,-1.,0.));
#4066 = PLANE('',#4067);
#4067 = AXIS2_PLACEMENT_3D('',#4068,#4069,#4070);
#4068 = CARTESIAN_POINT('',(93.6,-52.875,-3.5E-02));
#4069 = DIRECTION('',(0.,0.,1.));
#4070 = DIRECTION('',(1.,0.,-0.));
#4071 = ADVANCED_FACE('',(#4072,#4075),#4086,.T.);
#4072 = FACE_BOUND('',#4073,.T.);
#4073 = EDGE_LOOP('',(#4074));
#4074 = ORIENTED_EDGE('',*,*,#4032,.T.);
#4075 = FACE_BOUND('',#4076,.T.);
#4076 = EDGE_LOOP('',(#4077));
#4077 = ORIENTED_EDGE('',*,*,#4078,.T.);
#4078 = EDGE_CURVE('',#4079,#4079,#4081,.T.);
#4079 = VERTEX_POINT('',#4080);
#4080 = CARTESIAN_POINT('',(93.6,-52.85,0.945));
#4081 = CIRCLE('',#4082,0.85);
#4082 = AXIS2_PLACEMENT_3D('',#4083,#4084,#4085);
#4083 = CARTESIAN_POINT('',(93.6,-52.,0.945));
#4084 = DIRECTION('',(-0.,0.,-1.));
#4085 = DIRECTION('',(-0.,-1.,0.));
#4086 = PLANE('',#4087);
#4087 = AXIS2_PLACEMENT_3D('',#4088,#4089,#4090);
#4088 = CARTESIAN_POINT('',(93.6,-52.875,0.945));
#4089 = DIRECTION('',(0.,0.,1.));
#4090 = DIRECTION('',(1.,0.,-0.));
#4091 = ADVANCED_FACE('',(#4092),#4103,.F.);
#4092 = FACE_BOUND('',#4093,.T.);
#4093 = EDGE_LOOP('',(#4094,#4095,#4101,#4102));
#4094 = ORIENTED_EDGE('',*,*,#4058,.T.);
#4095 = ORIENTED_EDGE('',*,*,#4096,.T.);
#4096 = EDGE_CURVE('',#4059,#4079,#4097,.T.);
#4097 = LINE('',#4098,#4099);
#4098 = CARTESIAN_POINT('',(93.6,-52.85,-4.6E-02));
#4099 = VECTOR('',#4100,1.);
#4100 = DIRECTION('',(0.,0.,1.));
#4101 = ORIENTED_EDGE('',*,*,#4078,.F.);
#4102 = ORIENTED_EDGE('',*,*,#4096,.F.);
#4103 = CYLINDRICAL_SURFACE('',#4104,0.85);
#4104 = AXIS2_PLACEMENT_3D('',#4105,#4106,#4107);
#4105 = CARTESIAN_POINT('',(93.6,-52.,-4.6E-02));
#4106 = DIRECTION('',(-0.,-0.,-1.));
#4107 = DIRECTION('',(-0.,-1.,0.));
#4108 = MANIFOLD_SOLID_BREP('',#4109);
#4109 = CLOSED_SHELL('',(#4110,#4143,#4163,#4183));
#4110 = ADVANCED_FACE('',(#4111),#4138,.T.);
#4111 = FACE_BOUND('',#4112,.F.);
#4112 = EDGE_LOOP('',(#4113,#4123,#4130,#4131));
#4113 = ORIENTED_EDGE('',*,*,#4114,.T.);
#4114 = EDGE_CURVE('',#4115,#4117,#4119,.T.);
#4115 = VERTEX_POINT('',#4116);
#4116 = CARTESIAN_POINT('',(98.5,-52.,0.91));
#4117 = VERTEX_POINT('',#4118);
#4118 = CARTESIAN_POINT('',(98.5,-52.,0.95));
#4119 = LINE('',#4120,#4121);
#4120 = CARTESIAN_POINT('',(98.5,-52.,0.91));
#4121 = VECTOR('',#4122,1.);
#4122 = DIRECTION('',(0.,0.,1.));
#4123 = ORIENTED_EDGE('',*,*,#4124,.T.);
#4124 = EDGE_CURVE('',#4117,#4117,#4125,.T.);
#4125 = CIRCLE('',#4126,1.3);
#4126 = AXIS2_PLACEMENT_3D('',#4127,#4128,#4129);
#4127 = CARTESIAN_POINT('',(97.2,-52.,0.95));
#4128 = DIRECTION('',(0.,0.,1.));
#4129 = DIRECTION('',(1.,0.,-0.));
#4130 = ORIENTED_EDGE('',*,*,#4114,.F.);
#4131 = ORIENTED_EDGE('',*,*,#4132,.F.);
#4132 = EDGE_CURVE('',#4115,#4115,#4133,.T.);
#4133 = CIRCLE('',#4134,1.3);
#4134 = AXIS2_PLACEMENT_3D('',#4135,#4136,#4137);
#4135 = CARTESIAN_POINT('',(97.2,-52.,0.91));
#4136 = DIRECTION('',(0.,0.,1.));
#4137 = DIRECTION('',(1.,0.,-0.));
#4138 = CYLINDRICAL_SURFACE('',#4139,1.3);
#4139 = AXIS2_PLACEMENT_3D('',#4140,#4141,#4142);
#4140 = CARTESIAN_POINT('',(97.2,-52.,0.91));
#4141 = DIRECTION('',(-0.,-0.,-1.));
#4142 = DIRECTION('',(1.,0.,-0.));
#4143 = ADVANCED_FACE('',(#4144,#4147),#4158,.F.);
#4144 = FACE_BOUND('',#4145,.F.);
#4145 = EDGE_LOOP('',(#4146));
#4146 = ORIENTED_EDGE('',*,*,#4132,.T.);
#4147 = FACE_BOUND('',#4148,.F.);
#4148 = EDGE_LOOP('',(#4149));
#4149 = ORIENTED_EDGE('',*,*,#4150,.T.);
#4150 = EDGE_CURVE('',#4151,#4151,#4153,.T.);
#4151 = VERTEX_POINT('',#4152);
#4152 = CARTESIAN_POINT('',(97.2,-52.85,0.91));
#4153 = CIRCLE('',#4154,0.85);
#4154 = AXIS2_PLACEMENT_3D('',#4155,#4156,#4157);
#4155 = CARTESIAN_POINT('',(97.2,-52.,0.91));
#4156 = DIRECTION('',(-0.,0.,-1.));
#4157 = DIRECTION('',(1.671865260612E-14,-1.,-0.));
#4158 = PLANE('',#4159);
#4159 = AXIS2_PLACEMENT_3D('',#4160,#4161,#4162);
#4160 = CARTESIAN_POINT('',(0.,0.,0.91));
#4161 = DIRECTION('',(0.,0.,1.));
#4162 = DIRECTION('',(1.,0.,-0.));
#4163 = ADVANCED_FACE('',(#4164,#4167),#4178,.T.);
#4164 = FACE_BOUND('',#4165,.T.);
#4165 = EDGE_LOOP('',(#4166));
#4166 = ORIENTED_EDGE('',*,*,#4124,.T.);
#4167 = FACE_BOUND('',#4168,.T.);
#4168 = EDGE_LOOP('',(#4169));
#4169 = ORIENTED_EDGE('',*,*,#4170,.T.);
#4170 = EDGE_CURVE('',#4171,#4171,#4173,.T.);
#4171 = VERTEX_POINT('',#4172);
#4172 = CARTESIAN_POINT('',(97.2,-52.85,0.95));
#4173 = CIRCLE('',#4174,0.85);
#4174 = AXIS2_PLACEMENT_3D('',#4175,#4176,#4177);
#4175 = CARTESIAN_POINT('',(97.2,-52.,0.95));
#4176 = DIRECTION('',(-0.,0.,-1.));
#4177 = DIRECTION('',(1.671865260612E-14,-1.,-0.));
#4178 = PLANE('',#4179);
#4179 = AXIS2_PLACEMENT_3D('',#4180,#4181,#4182);
#4180 = CARTESIAN_POINT('',(0.,0.,0.95));
#4181 = DIRECTION('',(0.,0.,1.));
#4182 = DIRECTION('',(1.,0.,-0.));
#4183 = ADVANCED_FACE('',(#4184),#4195,.F.);
#4184 = FACE_BOUND('',#4185,.T.);
#4185 = EDGE_LOOP('',(#4186,#4187,#4193,#4194));
#4186 = ORIENTED_EDGE('',*,*,#4150,.T.);
#4187 = ORIENTED_EDGE('',*,*,#4188,.T.);
#4188 = EDGE_CURVE('',#4151,#4171,#4189,.T.);
#4189 = LINE('',#4190,#4191);
#4190 = CARTESIAN_POINT('',(97.2,-52.85,-4.6E-02));
#4191 = VECTOR('',#4192,1.);
#4192 = DIRECTION('',(0.,0.,1.));
#4193 = ORIENTED_EDGE('',*,*,#4170,.F.);
#4194 = ORIENTED_EDGE('',*,*,#4188,.F.);
#4195 = CYLINDRICAL_SURFACE('',#4196,0.85);
#4196 = AXIS2_PLACEMENT_3D('',#4197,#4198,#4199);
#4197 = CARTESIAN_POINT('',(97.2,-52.,-4.6E-02));
#4198 = DIRECTION('',(-0.,0.,-1.));
#4199 = DIRECTION('',(1.671865260612E-14,-1.,-0.));
#4200 = MANIFOLD_SOLID_BREP('',#4201);
#4201 = CLOSED_SHELL('',(#4202,#4235,#4255,#4275));
#4202 = ADVANCED_FACE('',(#4203),#4230,.T.);
#4203 = FACE_BOUND('',#4204,.T.);
#4204 = EDGE_LOOP('',(#4205,#4215,#4222,#4223));
#4205 = ORIENTED_EDGE('',*,*,#4206,.T.);
#4206 = EDGE_CURVE('',#4207,#4209,#4211,.T.);
#4207 = VERTEX_POINT('',#4208);
#4208 = CARTESIAN_POINT('',(98.5,-52.,0.));
#4209 = VERTEX_POINT('',#4210);
#4210 = CARTESIAN_POINT('',(98.5,-52.,-4.E-02));
#4211 = LINE('',#4212,#4213);
#4212 = CARTESIAN_POINT('',(98.5,-52.,0.));
#4213 = VECTOR('',#4214,1.);
#4214 = DIRECTION('',(0.,0.,-1.));
#4215 = ORIENTED_EDGE('',*,*,#4216,.T.);
#4216 = EDGE_CURVE('',#4209,#4209,#4217,.T.);
#4217 = CIRCLE('',#4218,1.3);
#4218 = AXIS2_PLACEMENT_3D('',#4219,#4220,#4221);
#4219 = CARTESIAN_POINT('',(97.2,-52.,-4.E-02));
#4220 = DIRECTION('',(0.,0.,1.));
#4221 = DIRECTION('',(1.,0.,-0.));
#4222 = ORIENTED_EDGE('',*,*,#4206,.F.);
#4223 = ORIENTED_EDGE('',*,*,#4224,.F.);
#4224 = EDGE_CURVE('',#4207,#4207,#4225,.T.);
#4225 = CIRCLE('',#4226,1.3);
#4226 = AXIS2_PLACEMENT_3D('',#4227,#4228,#4229);
#4227 = CARTESIAN_POINT('',(97.2,-52.,0.));
#4228 = DIRECTION('',(0.,0.,1.));
#4229 = DIRECTION('',(1.,0.,-0.));
#4230 = CYLINDRICAL_SURFACE('',#4231,1.3);
#4231 = AXIS2_PLACEMENT_3D('',#4232,#4233,#4234);
#4232 = CARTESIAN_POINT('',(97.2,-52.,0.));
#4233 = DIRECTION('',(0.,0.,1.));
#4234 = DIRECTION('',(1.,0.,-0.));
#4235 = ADVANCED_FACE('',(#4236,#4239),#4250,.F.);
#4236 = FACE_BOUND('',#4237,.F.);
#4237 = EDGE_LOOP('',(#4238));
#4238 = ORIENTED_EDGE('',*,*,#4224,.F.);
#4239 = FACE_BOUND('',#4240,.F.);
#4240 = EDGE_LOOP('',(#4241));
#4241 = ORIENTED_EDGE('',*,*,#4242,.F.);
#4242 = EDGE_CURVE('',#4243,#4243,#4245,.T.);
#4243 = VERTEX_POINT('',#4244);
#4244 = CARTESIAN_POINT('',(97.2,-52.85,0.));
#4245 = CIRCLE('',#4246,0.85);
#4246 = AXIS2_PLACEMENT_3D('',#4247,#4248,#4249);
#4247 = CARTESIAN_POINT('',(97.2,-52.,0.));
#4248 = DIRECTION('',(-0.,0.,-1.));
#4249 = DIRECTION('',(1.671865260612E-14,-1.,-0.));
#4250 = PLANE('',#4251);
#4251 = AXIS2_PLACEMENT_3D('',#4252,#4253,#4254);
#4252 = CARTESIAN_POINT('',(0.,0.,0.));
#4253 = DIRECTION('',(-0.,-0.,-1.));
#4254 = DIRECTION('',(-1.,0.,0.));
#4255 = ADVANCED_FACE('',(#4256,#4259),#4270,.T.);
#4256 = FACE_BOUND('',#4257,.T.);
#4257 = EDGE_LOOP('',(#4258));
#4258 = ORIENTED_EDGE('',*,*,#4216,.F.);
#4259 = FACE_BOUND('',#4260,.T.);
#4260 = EDGE_LOOP('',(#4261));
#4261 = ORIENTED_EDGE('',*,*,#4262,.F.);
#4262 = EDGE_CURVE('',#4263,#4263,#4265,.T.);
#4263 = VERTEX_POINT('',#4264);
#4264 = CARTESIAN_POINT('',(97.2,-52.85,-4.E-02));
#4265 = CIRCLE('',#4266,0.85);
#4266 = AXIS2_PLACEMENT_3D('',#4267,#4268,#4269);
#4267 = CARTESIAN_POINT('',(97.2,-52.,-4.E-02));
#4268 = DIRECTION('',(-0.,0.,-1.));
#4269 = DIRECTION('',(1.671865260612E-14,-1.,-0.));
#4270 = PLANE('',#4271);
#4271 = AXIS2_PLACEMENT_3D('',#4272,#4273,#4274);
#4272 = CARTESIAN_POINT('',(0.,0.,-4.E-02));
#4273 = DIRECTION('',(-0.,-0.,-1.));
#4274 = DIRECTION('',(-1.,0.,0.));
#4275 = ADVANCED_FACE('',(#4276),#4287,.F.);
#4276 = FACE_BOUND('',#4277,.T.);
#4277 = EDGE_LOOP('',(#4278,#4279,#4285,#4286));
#4278 = ORIENTED_EDGE('',*,*,#4262,.T.);
#4279 = ORIENTED_EDGE('',*,*,#4280,.T.);
#4280 = EDGE_CURVE('',#4263,#4243,#4281,.T.);
#4281 = LINE('',#4282,#4283);
#4282 = CARTESIAN_POINT('',(97.2,-52.85,-4.6E-02));
#4283 = VECTOR('',#4284,1.);
#4284 = DIRECTION('',(0.,0.,1.));
#4285 = ORIENTED_EDGE('',*,*,#4242,.F.);
#4286 = ORIENTED_EDGE('',*,*,#4280,.F.);
#4287 = CYLINDRICAL_SURFACE('',#4288,0.85);
#4288 = AXIS2_PLACEMENT_3D('',#4289,#4290,#4291);
#4289 = CARTESIAN_POINT('',(97.2,-52.,-4.6E-02));
#4290 = DIRECTION('',(-0.,0.,-1.));
#4291 = DIRECTION('',(1.671865260612E-14,-1.,-0.));
#4292 = MANIFOLD_SOLID_BREP('',#4293);
#4293 = CLOSED_SHELL('',(#4294,#4327,#4347,#4367));
#4294 = ADVANCED_FACE('',(#4295),#4322,.T.);
#4295 = FACE_BOUND('',#4296,.F.);
#4296 = EDGE_LOOP('',(#4297,#4307,#4314,#4315));
#4297 = ORIENTED_EDGE('',*,*,#4298,.T.);
#4298 = EDGE_CURVE('',#4299,#4301,#4303,.T.);
#4299 = VERTEX_POINT('',#4300);
#4300 = CARTESIAN_POINT('',(97.2,-52.875,-3.5E-02));
#4301 = VERTEX_POINT('',#4302);
#4302 = CARTESIAN_POINT('',(97.2,-52.875,0.945));
#4303 = LINE('',#4304,#4305);
#4304 = CARTESIAN_POINT('',(97.2,-52.875,-3.5E-02));
#4305 = VECTOR('',#4306,1.);
#4306 = DIRECTION('',(0.,0.,1.));
#4307 = ORIENTED_EDGE('',*,*,#4308,.T.);
#4308 = EDGE_CURVE('',#4301,#4301,#4309,.T.);
#4309 = CIRCLE('',#4310,0.875);
#4310 = AXIS2_PLACEMENT_3D('',#4311,#4312,#4313);
#4311 = CARTESIAN_POINT('',(97.2,-52.,0.945));
#4312 = DIRECTION('',(0.,0.,1.));
#4313 = DIRECTION('',(-0.,-1.,0.));
#4314 = ORIENTED_EDGE('',*,*,#4298,.F.);
#4315 = ORIENTED_EDGE('',*,*,#4316,.F.);
#4316 = EDGE_CURVE('',#4299,#4299,#4317,.T.);
#4317 = CIRCLE('',#4318,0.875);
#4318 = AXIS2_PLACEMENT_3D('',#4319,#4320,#4321);
#4319 = CARTESIAN_POINT('',(97.2,-52.,-3.5E-02));
#4320 = DIRECTION('',(0.,0.,1.));
#4321 = DIRECTION('',(-0.,-1.,0.));
#4322 = CYLINDRICAL_SURFACE('',#4323,0.875);
#4323 = AXIS2_PLACEMENT_3D('',#4324,#4325,#4326);
#4324 = CARTESIAN_POINT('',(97.2,-52.,-3.5E-02));
#4325 = DIRECTION('',(-0.,-0.,-1.));
#4326 = DIRECTION('',(-0.,-1.,0.));
#4327 = ADVANCED_FACE('',(#4328,#4331),#4342,.F.);
#4328 = FACE_BOUND('',#4329,.F.);
#4329 = EDGE_LOOP('',(#4330));
#4330 = ORIENTED_EDGE('',*,*,#4316,.T.);
#4331 = FACE_BOUND('',#4332,.F.);
#4332 = EDGE_LOOP('',(#4333));
#4333 = ORIENTED_EDGE('',*,*,#4334,.T.);
#4334 = EDGE_CURVE('',#4335,#4335,#4337,.T.);
#4335 = VERTEX_POINT('',#4336);
#4336 = CARTESIAN_POINT('',(97.2,-52.85,-3.5E-02));
#4337 = CIRCLE('',#4338,0.85);
#4338 = AXIS2_PLACEMENT_3D('',#4339,#4340,#4341);
#4339 = CARTESIAN_POINT('',(97.2,-52.,-3.5E-02));
#4340 = DIRECTION('',(-0.,0.,-1.));
#4341 = DIRECTION('',(1.671865260612E-14,-1.,-0.));
#4342 = PLANE('',#4343);
#4343 = AXIS2_PLACEMENT_3D('',#4344,#4345,#4346);
#4344 = CARTESIAN_POINT('',(97.2,-52.875,-3.5E-02));
#4345 = DIRECTION('',(0.,0.,1.));
#4346 = DIRECTION('',(1.,0.,-0.));
#4347 = ADVANCED_FACE('',(#4348,#4351),#4362,.T.);
#4348 = FACE_BOUND('',#4349,.T.);
#4349 = EDGE_LOOP('',(#4350));
#4350 = ORIENTED_EDGE('',*,*,#4308,.T.);
#4351 = FACE_BOUND('',#4352,.T.);
#4352 = EDGE_LOOP('',(#4353));
#4353 = ORIENTED_EDGE('',*,*,#4354,.T.);
#4354 = EDGE_CURVE('',#4355,#4355,#4357,.T.);
#4355 = VERTEX_POINT('',#4356);
#4356 = CARTESIAN_POINT('',(97.2,-52.85,0.945));
#4357 = CIRCLE('',#4358,0.85);
#4358 = AXIS2_PLACEMENT_3D('',#4359,#4360,#4361);
#4359 = CARTESIAN_POINT('',(97.2,-52.,0.945));
#4360 = DIRECTION('',(-0.,0.,-1.));
#4361 = DIRECTION('',(1.671865260612E-14,-1.,-0.));
#4362 = PLANE('',#4363);
#4363 = AXIS2_PLACEMENT_3D('',#4364,#4365,#4366);
#4364 = CARTESIAN_POINT('',(97.2,-52.875,0.945));
#4365 = DIRECTION('',(0.,0.,1.));
#4366 = DIRECTION('',(1.,0.,-0.));
#4367 = ADVANCED_FACE('',(#4368),#4379,.F.);
#4368 = FACE_BOUND('',#4369,.T.);
#4369 = EDGE_LOOP('',(#4370,#4371,#4377,#4378));
#4370 = ORIENTED_EDGE('',*,*,#4334,.T.);
#4371 = ORIENTED_EDGE('',*,*,#4372,.T.);
#4372 = EDGE_CURVE('',#4335,#4355,#4373,.T.);
#4373 = LINE('',#4374,#4375);
#4374 = CARTESIAN_POINT('',(97.2,-52.85,-4.6E-02));
#4375 = VECTOR('',#4376,1.);
#4376 = DIRECTION('',(0.,0.,1.));
#4377 = ORIENTED_EDGE('',*,*,#4354,.F.);
#4378 = ORIENTED_EDGE('',*,*,#4372,.F.);
#4379 = CYLINDRICAL_SURFACE('',#4380,0.85);
#4380 = AXIS2_PLACEMENT_3D('',#4381,#4382,#4383);
#4381 = CARTESIAN_POINT('',(97.2,-52.,-4.6E-02));
#4382 = DIRECTION('',(-0.,0.,-1.));
#4383 = DIRECTION('',(1.671865260612E-14,-1.,-0.));
#4384 = MANIFOLD_SOLID_BREP('',#4385);
#4385 = CLOSED_SHELL('',(#4386,#4419,#4439,#4459));
#4386 = ADVANCED_FACE('',(#4387),#4414,.T.);
#4387 = FACE_BOUND('',#4388,.F.);
#4388 = EDGE_LOOP('',(#4389,#4399,#4406,#4407));
#4389 = ORIENTED_EDGE('',*,*,#4390,.T.);
#4390 = EDGE_CURVE('',#4391,#4393,#4395,.T.);
#4391 = VERTEX_POINT('',#4392);
#4392 = CARTESIAN_POINT('',(102.3,-52.,0.91));
#4393 = VERTEX_POINT('',#4394);
#4394 = CARTESIAN_POINT('',(102.3,-52.,0.95));
#4395 = LINE('',#4396,#4397);
#4396 = CARTESIAN_POINT('',(102.3,-52.,0.91));
#4397 = VECTOR('',#4398,1.);
#4398 = DIRECTION('',(0.,0.,1.));
#4399 = ORIENTED_EDGE('',*,*,#4400,.T.);
#4400 = EDGE_CURVE('',#4393,#4393,#4401,.T.);
#4401 = CIRCLE('',#4402,1.3);
#4402 = AXIS2_PLACEMENT_3D('',#4403,#4404,#4405);
#4403 = CARTESIAN_POINT('',(101.,-52.,0.95));
#4404 = DIRECTION('',(0.,0.,1.));
#4405 = DIRECTION('',(1.,0.,-0.));
#4406 = ORIENTED_EDGE('',*,*,#4390,.F.);
#4407 = ORIENTED_EDGE('',*,*,#4408,.F.);
#4408 = EDGE_CURVE('',#4391,#4391,#4409,.T.);
#4409 = CIRCLE('',#4410,1.3);
#4410 = AXIS2_PLACEMENT_3D('',#4411,#4412,#4413);
#4411 = CARTESIAN_POINT('',(101.,-52.,0.91));
#4412 = DIRECTION('',(0.,0.,1.));
#4413 = DIRECTION('',(1.,0.,-0.));
#4414 = CYLINDRICAL_SURFACE('',#4415,1.3);
#4415 = AXIS2_PLACEMENT_3D('',#4416,#4417,#4418);
#4416 = CARTESIAN_POINT('',(101.,-52.,0.91));
#4417 = DIRECTION('',(-0.,-0.,-1.));
#4418 = DIRECTION('',(1.,0.,-0.));
#4419 = ADVANCED_FACE('',(#4420,#4423),#4434,.F.);
#4420 = FACE_BOUND('',#4421,.F.);
#4421 = EDGE_LOOP('',(#4422));
#4422 = ORIENTED_EDGE('',*,*,#4408,.T.);
#4423 = FACE_BOUND('',#4424,.F.);
#4424 = EDGE_LOOP('',(#4425));
#4425 = ORIENTED_EDGE('',*,*,#4426,.T.);
#4426 = EDGE_CURVE('',#4427,#4427,#4429,.T.);
#4427 = VERTEX_POINT('',#4428);
#4428 = CARTESIAN_POINT('',(101.,-52.85,0.91));
#4429 = CIRCLE('',#4430,0.85);
#4430 = AXIS2_PLACEMENT_3D('',#4431,#4432,#4433);
#4431 = CARTESIAN_POINT('',(101.,-52.,0.91));
#4432 = DIRECTION('',(-0.,0.,-1.));
#4433 = DIRECTION('',(-0.,-1.,0.));
#4434 = PLANE('',#4435);
#4435 = AXIS2_PLACEMENT_3D('',#4436,#4437,#4438);
#4436 = CARTESIAN_POINT('',(0.,0.,0.91));
#4437 = DIRECTION('',(0.,0.,1.));
#4438 = DIRECTION('',(1.,0.,-0.));
#4439 = ADVANCED_FACE('',(#4440,#4443),#4454,.T.);
#4440 = FACE_BOUND('',#4441,.T.);
#4441 = EDGE_LOOP('',(#4442));
#4442 = ORIENTED_EDGE('',*,*,#4400,.T.);
#4443 = FACE_BOUND('',#4444,.T.);
#4444 = EDGE_LOOP('',(#4445));
#4445 = ORIENTED_EDGE('',*,*,#4446,.T.);
#4446 = EDGE_CURVE('',#4447,#4447,#4449,.T.);
#4447 = VERTEX_POINT('',#4448);
#4448 = CARTESIAN_POINT('',(101.,-52.85,0.95));
#4449 = CIRCLE('',#4450,0.85);
#4450 = AXIS2_PLACEMENT_3D('',#4451,#4452,#4453);
#4451 = CARTESIAN_POINT('',(101.,-52.,0.95));
#4452 = DIRECTION('',(-0.,0.,-1.));
#4453 = DIRECTION('',(-0.,-1.,0.));
#4454 = PLANE('',#4455);
#4455 = AXIS2_PLACEMENT_3D('',#4456,#4457,#4458);
#4456 = CARTESIAN_POINT('',(0.,0.,0.95));
#4457 = DIRECTION('',(0.,0.,1.));
#4458 = DIRECTION('',(1.,0.,-0.));
#4459 = ADVANCED_FACE('',(#4460),#4471,.F.);
#4460 = FACE_BOUND('',#4461,.T.);
#4461 = EDGE_LOOP('',(#4462,#4463,#4469,#4470));
#4462 = ORIENTED_EDGE('',*,*,#4426,.T.);
#4463 = ORIENTED_EDGE('',*,*,#4464,.T.);
#4464 = EDGE_CURVE('',#4427,#4447,#4465,.T.);
#4465 = LINE('',#4466,#4467);
#4466 = CARTESIAN_POINT('',(101.,-52.85,-4.6E-02));
#4467 = VECTOR('',#4468,1.);
#4468 = DIRECTION('',(0.,0.,1.));
#4469 = ORIENTED_EDGE('',*,*,#4446,.F.);
#4470 = ORIENTED_EDGE('',*,*,#4464,.F.);
#4471 = CYLINDRICAL_SURFACE('',#4472,0.85);
#4472 = AXIS2_PLACEMENT_3D('',#4473,#4474,#4475);
#4473 = CARTESIAN_POINT('',(101.,-52.,-4.6E-02));
#4474 = DIRECTION('',(-0.,-0.,-1.));
#4475 = DIRECTION('',(-0.,-1.,0.));
#4476 = MANIFOLD_SOLID_BREP('',#4477);
#4477 = CLOSED_SHELL('',(#4478,#4511,#4531,#4551));
#4478 = ADVANCED_FACE('',(#4479),#4506,.T.);
#4479 = FACE_BOUND('',#4480,.T.);
#4480 = EDGE_LOOP('',(#4481,#4491,#4498,#4499));
#4481 = ORIENTED_EDGE('',*,*,#4482,.T.);
#4482 = EDGE_CURVE('',#4483,#4485,#4487,.T.);
#4483 = VERTEX_POINT('',#4484);
#4484 = CARTESIAN_POINT('',(102.3,-52.,0.));
#4485 = VERTEX_POINT('',#4486);
#4486 = CARTESIAN_POINT('',(102.3,-52.,-4.E-02));
#4487 = LINE('',#4488,#4489);
#4488 = CARTESIAN_POINT('',(102.3,-52.,0.));
#4489 = VECTOR('',#4490,1.);
#4490 = DIRECTION('',(0.,0.,-1.));
#4491 = ORIENTED_EDGE('',*,*,#4492,.T.);
#4492 = EDGE_CURVE('',#4485,#4485,#4493,.T.);
#4493 = CIRCLE('',#4494,1.3);
#4494 = AXIS2_PLACEMENT_3D('',#4495,#4496,#4497);
#4495 = CARTESIAN_POINT('',(101.,-52.,-4.E-02));
#4496 = DIRECTION('',(0.,0.,1.));
#4497 = DIRECTION('',(1.,0.,-0.));
#4498 = ORIENTED_EDGE('',*,*,#4482,.F.);
#4499 = ORIENTED_EDGE('',*,*,#4500,.F.);
#4500 = EDGE_CURVE('',#4483,#4483,#4501,.T.);
#4501 = CIRCLE('',#4502,1.3);
#4502 = AXIS2_PLACEMENT_3D('',#4503,#4504,#4505);
#4503 = CARTESIAN_POINT('',(101.,-52.,0.));
#4504 = DIRECTION('',(0.,0.,1.));
#4505 = DIRECTION('',(1.,0.,-0.));
#4506 = CYLINDRICAL_SURFACE('',#4507,1.3);
#4507 = AXIS2_PLACEMENT_3D('',#4508,#4509,#4510);
#4508 = CARTESIAN_POINT('',(101.,-52.,0.));
#4509 = DIRECTION('',(0.,0.,1.));
#4510 = DIRECTION('',(1.,0.,-0.));
#4511 = ADVANCED_FACE('',(#4512,#4515),#4526,.F.);
#4512 = FACE_BOUND('',#4513,.F.);
#4513 = EDGE_LOOP('',(#4514));
#4514 = ORIENTED_EDGE('',*,*,#4500,.F.);
#4515 = FACE_BOUND('',#4516,.F.);
#4516 = EDGE_LOOP('',(#4517));
#4517 = ORIENTED_EDGE('',*,*,#4518,.F.);
#4518 = EDGE_CURVE('',#4519,#4519,#4521,.T.);
#4519 = VERTEX_POINT('',#4520);
#4520 = CARTESIAN_POINT('',(101.,-52.85,0.));
#4521 = CIRCLE('',#4522,0.85);
#4522 = AXIS2_PLACEMENT_3D('',#4523,#4524,#4525);
#4523 = CARTESIAN_POINT('',(101.,-52.,0.));
#4524 = DIRECTION('',(-0.,0.,-1.));
#4525 = DIRECTION('',(-0.,-1.,0.));
#4526 = PLANE('',#4527);
#4527 = AXIS2_PLACEMENT_3D('',#4528,#4529,#4530);
#4528 = CARTESIAN_POINT('',(0.,0.,0.));
#4529 = DIRECTION('',(-0.,-0.,-1.));
#4530 = DIRECTION('',(-1.,0.,0.));
#4531 = ADVANCED_FACE('',(#4532,#4535),#4546,.T.);
#4532 = FACE_BOUND('',#4533,.T.);
#4533 = EDGE_LOOP('',(#4534));
#4534 = ORIENTED_EDGE('',*,*,#4492,.F.);
#4535 = FACE_BOUND('',#4536,.T.);
#4536 = EDGE_LOOP('',(#4537));
#4537 = ORIENTED_EDGE('',*,*,#4538,.F.);
#4538 = EDGE_CURVE('',#4539,#4539,#4541,.T.);
#4539 = VERTEX_POINT('',#4540);
#4540 = CARTESIAN_POINT('',(101.,-52.85,-4.E-02));
#4541 = CIRCLE('',#4542,0.85);
#4542 = AXIS2_PLACEMENT_3D('',#4543,#4544,#4545);
#4543 = CARTESIAN_POINT('',(101.,-52.,-4.E-02));
#4544 = DIRECTION('',(-0.,0.,-1.));
#4545 = DIRECTION('',(-0.,-1.,0.));
#4546 = PLANE('',#4547);
#4547 = AXIS2_PLACEMENT_3D('',#4548,#4549,#4550);
#4548 = CARTESIAN_POINT('',(0.,0.,-4.E-02));
#4549 = DIRECTION('',(-0.,-0.,-1.));
#4550 = DIRECTION('',(-1.,0.,0.));
#4551 = ADVANCED_FACE('',(#4552),#4563,.F.);
#4552 = FACE_BOUND('',#4553,.T.);
#4553 = EDGE_LOOP('',(#4554,#4555,#4561,#4562));
#4554 = ORIENTED_EDGE('',*,*,#4538,.T.);
#4555 = ORIENTED_EDGE('',*,*,#4556,.T.);
#4556 = EDGE_CURVE('',#4539,#4519,#4557,.T.);
#4557 = LINE('',#4558,#4559);
#4558 = CARTESIAN_POINT('',(101.,-52.85,-4.6E-02));
#4559 = VECTOR('',#4560,1.);
#4560 = DIRECTION('',(0.,0.,1.));
#4561 = ORIENTED_EDGE('',*,*,#4518,.F.);
#4562 = ORIENTED_EDGE('',*,*,#4556,.F.);
#4563 = CYLINDRICAL_SURFACE('',#4564,0.85);
#4564 = AXIS2_PLACEMENT_3D('',#4565,#4566,#4567);
#4565 = CARTESIAN_POINT('',(101.,-52.,-4.6E-02));
#4566 = DIRECTION('',(-0.,-0.,-1.));
#4567 = DIRECTION('',(-0.,-1.,0.));
#4568 = MANIFOLD_SOLID_BREP('',#4569);
#4569 = CLOSED_SHELL('',(#4570,#4603,#4623,#4643));
#4570 = ADVANCED_FACE('',(#4571),#4598,.T.);
#4571 = FACE_BOUND('',#4572,.F.);
#4572 = EDGE_LOOP('',(#4573,#4583,#4590,#4591));
#4573 = ORIENTED_EDGE('',*,*,#4574,.T.);
#4574 = EDGE_CURVE('',#4575,#4577,#4579,.T.);
#4575 = VERTEX_POINT('',#4576);
#4576 = CARTESIAN_POINT('',(101.,-52.875,-3.5E-02));
#4577 = VERTEX_POINT('',#4578);
#4578 = CARTESIAN_POINT('',(101.,-52.875,0.945));
#4579 = LINE('',#4580,#4581);
#4580 = CARTESIAN_POINT('',(101.,-52.875,-3.5E-02));
#4581 = VECTOR('',#4582,1.);
#4582 = DIRECTION('',(0.,0.,1.));
#4583 = ORIENTED_EDGE('',*,*,#4584,.T.);
#4584 = EDGE_CURVE('',#4577,#4577,#4585,.T.);
#4585 = CIRCLE('',#4586,0.875);
#4586 = AXIS2_PLACEMENT_3D('',#4587,#4588,#4589);
#4587 = CARTESIAN_POINT('',(101.,-52.,0.945));
#4588 = DIRECTION('',(0.,0.,1.));
#4589 = DIRECTION('',(-0.,-1.,0.));
#4590 = ORIENTED_EDGE('',*,*,#4574,.F.);
#4591 = ORIENTED_EDGE('',*,*,#4592,.F.);
#4592 = EDGE_CURVE('',#4575,#4575,#4593,.T.);
#4593 = CIRCLE('',#4594,0.875);
#4594 = AXIS2_PLACEMENT_3D('',#4595,#4596,#4597);
#4595 = CARTESIAN_POINT('',(101.,-52.,-3.5E-02));
#4596 = DIRECTION('',(0.,0.,1.));
#4597 = DIRECTION('',(-0.,-1.,0.));
#4598 = CYLINDRICAL_SURFACE('',#4599,0.875);
#4599 = AXIS2_PLACEMENT_3D('',#4600,#4601,#4602);
#4600 = CARTESIAN_POINT('',(101.,-52.,-3.5E-02));
#4601 = DIRECTION('',(-0.,-0.,-1.));
#4602 = DIRECTION('',(-0.,-1.,0.));
#4603 = ADVANCED_FACE('',(#4604,#4607),#4618,.F.);
#4604 = FACE_BOUND('',#4605,.F.);
#4605 = EDGE_LOOP('',(#4606));
#4606 = ORIENTED_EDGE('',*,*,#4592,.T.);
#4607 = FACE_BOUND('',#4608,.F.);
#4608 = EDGE_LOOP('',(#4609));
#4609 = ORIENTED_EDGE('',*,*,#4610,.T.);
#4610 = EDGE_CURVE('',#4611,#4611,#4613,.T.);
#4611 = VERTEX_POINT('',#4612);
#4612 = CARTESIAN_POINT('',(101.,-52.85,-3.5E-02));
#4613 = CIRCLE('',#4614,0.85);
#4614 = AXIS2_PLACEMENT_3D('',#4615,#4616,#4617);
#4615 = CARTESIAN_POINT('',(101.,-52.,-3.5E-02));
#4616 = DIRECTION('',(-0.,0.,-1.));
#4617 = DIRECTION('',(-0.,-1.,0.));
#4618 = PLANE('',#4619);
#4619 = AXIS2_PLACEMENT_3D('',#4620,#4621,#4622);
#4620 = CARTESIAN_POINT('',(101.,-52.875,-3.5E-02));
#4621 = DIRECTION('',(0.,0.,1.));
#4622 = DIRECTION('',(1.,0.,-0.));
#4623 = ADVANCED_FACE('',(#4624,#4627),#4638,.T.);
#4624 = FACE_BOUND('',#4625,.T.);
#4625 = EDGE_LOOP('',(#4626));
#4626 = ORIENTED_EDGE('',*,*,#4584,.T.);
#4627 = FACE_BOUND('',#4628,.T.);
#4628 = EDGE_LOOP('',(#4629));
#4629 = ORIENTED_EDGE('',*,*,#4630,.T.);
#4630 = EDGE_CURVE('',#4631,#4631,#4633,.T.);
#4631 = VERTEX_POINT('',#4632);
#4632 = CARTESIAN_POINT('',(101.,-52.85,0.945));
#4633 = CIRCLE('',#4634,0.85);
#4634 = AXIS2_PLACEMENT_3D('',#4635,#4636,#4637);
#4635 = CARTESIAN_POINT('',(101.,-52.,0.945));
#4636 = DIRECTION('',(-0.,0.,-1.));
#4637 = DIRECTION('',(-0.,-1.,0.));
#4638 = PLANE('',#4639);
#4639 = AXIS2_PLACEMENT_3D('',#4640,#4641,#4642);
#4640 = CARTESIAN_POINT('',(101.,-52.875,0.945));
#4641 = DIRECTION('',(0.,0.,1.));
#4642 = DIRECTION('',(1.,0.,-0.));
#4643 = ADVANCED_FACE('',(#4644),#4655,.F.);
#4644 = FACE_BOUND('',#4645,.T.);
#4645 = EDGE_LOOP('',(#4646,#4647,#4653,#4654));
#4646 = ORIENTED_EDGE('',*,*,#4610,.T.);
#4647 = ORIENTED_EDGE('',*,*,#4648,.T.);
#4648 = EDGE_CURVE('',#4611,#4631,#4649,.T.);
#4649 = LINE('',#4650,#4651);
#4650 = CARTESIAN_POINT('',(101.,-52.85,-4.6E-02));
#4651 = VECTOR('',#4652,1.);
#4652 = DIRECTION('',(0.,0.,1.));
#4653 = ORIENTED_EDGE('',*,*,#4630,.F.);
#4654 = ORIENTED_EDGE('',*,*,#4648,.F.);
#4655 = CYLINDRICAL_SURFACE('',#4656,0.85);
#4656 = AXIS2_PLACEMENT_3D('',#4657,#4658,#4659);
#4657 = CARTESIAN_POINT('',(101.,-52.,-4.6E-02));
#4658 = DIRECTION('',(-0.,-0.,-1.));
#4659 = DIRECTION('',(-0.,-1.,0.));
#4660 = MANIFOLD_SOLID_BREP('',#4661);
#4661 = CLOSED_SHELL('',(#4662,#4695,#4715,#4735));
#4662 = ADVANCED_FACE('',(#4663),#4690,.T.);
#4663 = FACE_BOUND('',#4664,.F.);
#4664 = EDGE_LOOP('',(#4665,#4675,#4682,#4683));
#4665 = ORIENTED_EDGE('',*,*,#4666,.T.);
#4666 = EDGE_CURVE('',#4667,#4669,#4671,.T.);
#4667 = VERTEX_POINT('',#4668);
#4668 = CARTESIAN_POINT('',(106.1,-52.,0.91));
#4669 = VERTEX_POINT('',#4670);
#4670 = CARTESIAN_POINT('',(106.1,-52.,0.95));
#4671 = LINE('',#4672,#4673);
#4672 = CARTESIAN_POINT('',(106.1,-52.,0.91));
#4673 = VECTOR('',#4674,1.);
#4674 = DIRECTION('',(0.,0.,1.));
#4675 = ORIENTED_EDGE('',*,*,#4676,.T.);
#4676 = EDGE_CURVE('',#4669,#4669,#4677,.T.);
#4677 = CIRCLE('',#4678,1.3);
#4678 = AXIS2_PLACEMENT_3D('',#4679,#4680,#4681);
#4679 = CARTESIAN_POINT('',(104.8,-52.,0.95));
#4680 = DIRECTION('',(0.,0.,1.));
#4681 = DIRECTION('',(1.,0.,-0.));
#4682 = ORIENTED_EDGE('',*,*,#4666,.F.);
#4683 = ORIENTED_EDGE('',*,*,#4684,.F.);
#4684 = EDGE_CURVE('',#4667,#4667,#4685,.T.);
#4685 = CIRCLE('',#4686,1.3);
#4686 = AXIS2_PLACEMENT_3D('',#4687,#4688,#4689);
#4687 = CARTESIAN_POINT('',(104.8,-52.,0.91));
#4688 = DIRECTION('',(0.,0.,1.));
#4689 = DIRECTION('',(1.,0.,-0.));
#4690 = CYLINDRICAL_SURFACE('',#4691,1.3);
#4691 = AXIS2_PLACEMENT_3D('',#4692,#4693,#4694);
#4692 = CARTESIAN_POINT('',(104.8,-52.,0.91));
#4693 = DIRECTION('',(-0.,-0.,-1.));
#4694 = DIRECTION('',(1.,0.,-0.));
#4695 = ADVANCED_FACE('',(#4696,#4699),#4710,.F.);
#4696 = FACE_BOUND('',#4697,.F.);
#4697 = EDGE_LOOP('',(#4698));
#4698 = ORIENTED_EDGE('',*,*,#4684,.T.);
#4699 = FACE_BOUND('',#4700,.F.);
#4700 = EDGE_LOOP('',(#4701));
#4701 = ORIENTED_EDGE('',*,*,#4702,.T.);
#4702 = EDGE_CURVE('',#4703,#4703,#4705,.T.);
#4703 = VERTEX_POINT('',#4704);
#4704 = CARTESIAN_POINT('',(104.8,-52.85,0.91));
#4705 = CIRCLE('',#4706,0.85);
#4706 = AXIS2_PLACEMENT_3D('',#4707,#4708,#4709);
#4707 = CARTESIAN_POINT('',(104.8,-52.,0.91));
#4708 = DIRECTION('',(-0.,0.,-1.));
#4709 = DIRECTION('',(-1.671865260612E-14,-1.,0.));
#4710 = PLANE('',#4711);
#4711 = AXIS2_PLACEMENT_3D('',#4712,#4713,#4714);
#4712 = CARTESIAN_POINT('',(0.,0.,0.91));
#4713 = DIRECTION('',(0.,0.,1.));
#4714 = DIRECTION('',(1.,0.,-0.));
#4715 = ADVANCED_FACE('',(#4716,#4719),#4730,.T.);
#4716 = FACE_BOUND('',#4717,.T.);
#4717 = EDGE_LOOP('',(#4718));
#4718 = ORIENTED_EDGE('',*,*,#4676,.T.);
#4719 = FACE_BOUND('',#4720,.T.);
#4720 = EDGE_LOOP('',(#4721));
#4721 = ORIENTED_EDGE('',*,*,#4722,.T.);
#4722 = EDGE_CURVE('',#4723,#4723,#4725,.T.);
#4723 = VERTEX_POINT('',#4724);
#4724 = CARTESIAN_POINT('',(104.8,-52.85,0.95));
#4725 = CIRCLE('',#4726,0.85);
#4726 = AXIS2_PLACEMENT_3D('',#4727,#4728,#4729);
#4727 = CARTESIAN_POINT('',(104.8,-52.,0.95));
#4728 = DIRECTION('',(-0.,0.,-1.));
#4729 = DIRECTION('',(-1.671865260612E-14,-1.,0.));
#4730 = PLANE('',#4731);
#4731 = AXIS2_PLACEMENT_3D('',#4732,#4733,#4734);
#4732 = CARTESIAN_POINT('',(0.,0.,0.95));
#4733 = DIRECTION('',(0.,0.,1.));
#4734 = DIRECTION('',(1.,0.,-0.));
#4735 = ADVANCED_FACE('',(#4736),#4747,.F.);
#4736 = FACE_BOUND('',#4737,.T.);
#4737 = EDGE_LOOP('',(#4738,#4739,#4745,#4746));
#4738 = ORIENTED_EDGE('',*,*,#4702,.T.);
#4739 = ORIENTED_EDGE('',*,*,#4740,.T.);
#4740 = EDGE_CURVE('',#4703,#4723,#4741,.T.);
#4741 = LINE('',#4742,#4743);
#4742 = CARTESIAN_POINT('',(104.8,-52.85,-4.6E-02));
#4743 = VECTOR('',#4744,1.);
#4744 = DIRECTION('',(0.,0.,1.));
#4745 = ORIENTED_EDGE('',*,*,#4722,.F.);
#4746 = ORIENTED_EDGE('',*,*,#4740,.F.);
#4747 = CYLINDRICAL_SURFACE('',#4748,0.85);
#4748 = AXIS2_PLACEMENT_3D('',#4749,#4750,#4751);
#4749 = CARTESIAN_POINT('',(104.8,-52.,-4.6E-02));
#4750 = DIRECTION('',(-0.,-0.,-1.));
#4751 = DIRECTION('',(-1.671865260612E-14,-1.,0.));
#4752 = MANIFOLD_SOLID_BREP('',#4753);
#4753 = CLOSED_SHELL('',(#4754,#4787,#4807,#4827));
#4754 = ADVANCED_FACE('',(#4755),#4782,.T.);
#4755 = FACE_BOUND('',#4756,.T.);
#4756 = EDGE_LOOP('',(#4757,#4767,#4774,#4775));
#4757 = ORIENTED_EDGE('',*,*,#4758,.T.);
#4758 = EDGE_CURVE('',#4759,#4761,#4763,.T.);
#4759 = VERTEX_POINT('',#4760);
#4760 = CARTESIAN_POINT('',(106.1,-52.,0.));
#4761 = VERTEX_POINT('',#4762);
#4762 = CARTESIAN_POINT('',(106.1,-52.,-4.E-02));
#4763 = LINE('',#4764,#4765);
#4764 = CARTESIAN_POINT('',(106.1,-52.,0.));
#4765 = VECTOR('',#4766,1.);
#4766 = DIRECTION('',(0.,0.,-1.));
#4767 = ORIENTED_EDGE('',*,*,#4768,.T.);
#4768 = EDGE_CURVE('',#4761,#4761,#4769,.T.);
#4769 = CIRCLE('',#4770,1.3);
#4770 = AXIS2_PLACEMENT_3D('',#4771,#4772,#4773);
#4771 = CARTESIAN_POINT('',(104.8,-52.,-4.E-02));
#4772 = DIRECTION('',(0.,0.,1.));
#4773 = DIRECTION('',(1.,0.,-0.));
#4774 = ORIENTED_EDGE('',*,*,#4758,.F.);
#4775 = ORIENTED_EDGE('',*,*,#4776,.F.);
#4776 = EDGE_CURVE('',#4759,#4759,#4777,.T.);
#4777 = CIRCLE('',#4778,1.3);
#4778 = AXIS2_PLACEMENT_3D('',#4779,#4780,#4781);
#4779 = CARTESIAN_POINT('',(104.8,-52.,0.));
#4780 = DIRECTION('',(0.,0.,1.));
#4781 = DIRECTION('',(1.,0.,-0.));
#4782 = CYLINDRICAL_SURFACE('',#4783,1.3);
#4783 = AXIS2_PLACEMENT_3D('',#4784,#4785,#4786);
#4784 = CARTESIAN_POINT('',(104.8,-52.,0.));
#4785 = DIRECTION('',(0.,0.,1.));
#4786 = DIRECTION('',(1.,0.,-0.));
#4787 = ADVANCED_FACE('',(#4788,#4791),#4802,.F.);
#4788 = FACE_BOUND('',#4789,.F.);
#4789 = EDGE_LOOP('',(#4790));
#4790 = ORIENTED_EDGE('',*,*,#4776,.F.);
#4791 = FACE_BOUND('',#4792,.F.);
#4792 = EDGE_LOOP('',(#4793));
#4793 = ORIENTED_EDGE('',*,*,#4794,.F.);
#4794 = EDGE_CURVE('',#4795,#4795,#4797,.T.);
#4795 = VERTEX_POINT('',#4796);
#4796 = CARTESIAN_POINT('',(104.8,-52.85,0.));
#4797 = CIRCLE('',#4798,0.85);
#4798 = AXIS2_PLACEMENT_3D('',#4799,#4800,#4801);
#4799 = CARTESIAN_POINT('',(104.8,-52.,0.));
#4800 = DIRECTION('',(-0.,0.,-1.));
#4801 = DIRECTION('',(-1.671865260612E-14,-1.,0.));
#4802 = PLANE('',#4803);
#4803 = AXIS2_PLACEMENT_3D('',#4804,#4805,#4806);
#4804 = CARTESIAN_POINT('',(0.,0.,0.));
#4805 = DIRECTION('',(-0.,-0.,-1.));
#4806 = DIRECTION('',(-1.,0.,0.));
#4807 = ADVANCED_FACE('',(#4808,#4811),#4822,.T.);
#4808 = FACE_BOUND('',#4809,.T.);
#4809 = EDGE_LOOP('',(#4810));
#4810 = ORIENTED_EDGE('',*,*,#4768,.F.);
#4811 = FACE_BOUND('',#4812,.T.);
#4812 = EDGE_LOOP('',(#4813));
#4813 = ORIENTED_EDGE('',*,*,#4814,.F.);
#4814 = EDGE_CURVE('',#4815,#4815,#4817,.T.);
#4815 = VERTEX_POINT('',#4816);
#4816 = CARTESIAN_POINT('',(104.8,-52.85,-4.E-02));
#4817 = CIRCLE('',#4818,0.85);
#4818 = AXIS2_PLACEMENT_3D('',#4819,#4820,#4821);
#4819 = CARTESIAN_POINT('',(104.8,-52.,-4.E-02));
#4820 = DIRECTION('',(-0.,0.,-1.));
#4821 = DIRECTION('',(-1.671865260612E-14,-1.,0.));
#4822 = PLANE('',#4823);
#4823 = AXIS2_PLACEMENT_3D('',#4824,#4825,#4826);
#4824 = CARTESIAN_POINT('',(0.,0.,-4.E-02));
#4825 = DIRECTION('',(-0.,-0.,-1.));
#4826 = DIRECTION('',(-1.,0.,0.));
#4827 = ADVANCED_FACE('',(#4828),#4839,.F.);
#4828 = FACE_BOUND('',#4829,.T.);
#4829 = EDGE_LOOP('',(#4830,#4831,#4837,#4838));
#4830 = ORIENTED_EDGE('',*,*,#4814,.T.);
#4831 = ORIENTED_EDGE('',*,*,#4832,.T.);
#4832 = EDGE_CURVE('',#4815,#4795,#4833,.T.);
#4833 = LINE('',#4834,#4835);
#4834 = CARTESIAN_POINT('',(104.8,-52.85,-4.6E-02));
#4835 = VECTOR('',#4836,1.);
#4836 = DIRECTION('',(0.,0.,1.));
#4837 = ORIENTED_EDGE('',*,*,#4794,.F.);
#4838 = ORIENTED_EDGE('',*,*,#4832,.F.);
#4839 = CYLINDRICAL_SURFACE('',#4840,0.85);
#4840 = AXIS2_PLACEMENT_3D('',#4841,#4842,#4843);
#4841 = CARTESIAN_POINT('',(104.8,-52.,-4.6E-02));
#4842 = DIRECTION('',(-0.,-0.,-1.));
#4843 = DIRECTION('',(-1.671865260612E-14,-1.,0.));
#4844 = MANIFOLD_SOLID_BREP('',#4845);
#4845 = CLOSED_SHELL('',(#4846,#4879,#4899,#4919));
#4846 = ADVANCED_FACE('',(#4847),#4874,.T.);
#4847 = FACE_BOUND('',#4848,.F.);
#4848 = EDGE_LOOP('',(#4849,#4859,#4866,#4867));
#4849 = ORIENTED_EDGE('',*,*,#4850,.T.);
#4850 = EDGE_CURVE('',#4851,#4853,#4855,.T.);
#4851 = VERTEX_POINT('',#4852);
#4852 = CARTESIAN_POINT('',(104.8,-52.875,-3.5E-02));
#4853 = VERTEX_POINT('',#4854);
#4854 = CARTESIAN_POINT('',(104.8,-52.875,0.945));
#4855 = LINE('',#4856,#4857);
#4856 = CARTESIAN_POINT('',(104.8,-52.875,-3.5E-02));
#4857 = VECTOR('',#4858,1.);
#4858 = DIRECTION('',(0.,0.,1.));
#4859 = ORIENTED_EDGE('',*,*,#4860,.T.);
#4860 = EDGE_CURVE('',#4853,#4853,#4861,.T.);
#4861 = CIRCLE('',#4862,0.875);
#4862 = AXIS2_PLACEMENT_3D('',#4863,#4864,#4865);
#4863 = CARTESIAN_POINT('',(104.8,-52.,0.945));
#4864 = DIRECTION('',(0.,0.,1.));
#4865 = DIRECTION('',(-0.,-1.,0.));
#4866 = ORIENTED_EDGE('',*,*,#4850,.F.);
#4867 = ORIENTED_EDGE('',*,*,#4868,.F.);
#4868 = EDGE_CURVE('',#4851,#4851,#4869,.T.);
#4869 = CIRCLE('',#4870,0.875);
#4870 = AXIS2_PLACEMENT_3D('',#4871,#4872,#4873);
#4871 = CARTESIAN_POINT('',(104.8,-52.,-3.5E-02));
#4872 = DIRECTION('',(0.,0.,1.));
#4873 = DIRECTION('',(-0.,-1.,0.));
#4874 = CYLINDRICAL_SURFACE('',#4875,0.875);
#4875 = AXIS2_PLACEMENT_3D('',#4876,#4877,#4878);
#4876 = CARTESIAN_POINT('',(104.8,-52.,-3.5E-02));
#4877 = DIRECTION('',(-0.,-0.,-1.));
#4878 = DIRECTION('',(-0.,-1.,0.));
#4879 = ADVANCED_FACE('',(#4880,#4883),#4894,.F.);
#4880 = FACE_BOUND('',#4881,.F.);
#4881 = EDGE_LOOP('',(#4882));
#4882 = ORIENTED_EDGE('',*,*,#4868,.T.);
#4883 = FACE_BOUND('',#4884,.F.);
#4884 = EDGE_LOOP('',(#4885));
#4885 = ORIENTED_EDGE('',*,*,#4886,.T.);
#4886 = EDGE_CURVE('',#4887,#4887,#4889,.T.);
#4887 = VERTEX_POINT('',#4888);
#4888 = CARTESIAN_POINT('',(104.8,-52.85,-3.5E-02));
#4889 = CIRCLE('',#4890,0.85);
#4890 = AXIS2_PLACEMENT_3D('',#4891,#4892,#4893);
#4891 = CARTESIAN_POINT('',(104.8,-52.,-3.5E-02));
#4892 = DIRECTION('',(-0.,0.,-1.));
#4893 = DIRECTION('',(-1.671865260612E-14,-1.,0.));
#4894 = PLANE('',#4895);
#4895 = AXIS2_PLACEMENT_3D('',#4896,#4897,#4898);
#4896 = CARTESIAN_POINT('',(104.8,-52.875,-3.5E-02));
#4897 = DIRECTION('',(0.,0.,1.));
#4898 = DIRECTION('',(1.,0.,-0.));
#4899 = ADVANCED_FACE('',(#4900,#4903),#4914,.T.);
#4900 = FACE_BOUND('',#4901,.T.);
#4901 = EDGE_LOOP('',(#4902));
#4902 = ORIENTED_EDGE('',*,*,#4860,.T.);
#4903 = FACE_BOUND('',#4904,.T.);
#4904 = EDGE_LOOP('',(#4905));
#4905 = ORIENTED_EDGE('',*,*,#4906,.T.);
#4906 = EDGE_CURVE('',#4907,#4907,#4909,.T.);
#4907 = VERTEX_POINT('',#4908);
#4908 = CARTESIAN_POINT('',(104.8,-52.85,0.945));
#4909 = CIRCLE('',#4910,0.85);
#4910 = AXIS2_PLACEMENT_3D('',#4911,#4912,#4913);
#4911 = CARTESIAN_POINT('',(104.8,-52.,0.945));
#4912 = DIRECTION('',(-0.,0.,-1.));
#4913 = DIRECTION('',(-1.671865260612E-14,-1.,0.));
#4914 = PLANE('',#4915);
#4915 = AXIS2_PLACEMENT_3D('',#4916,#4917,#4918);
#4916 = CARTESIAN_POINT('',(104.8,-52.875,0.945));
#4917 = DIRECTION('',(0.,0.,1.));
#4918 = DIRECTION('',(1.,0.,-0.));
#4919 = ADVANCED_FACE('',(#4920),#4931,.F.);
#4920 = FACE_BOUND('',#4921,.T.);
#4921 = EDGE_LOOP('',(#4922,#4923,#4929,#4930));
#4922 = ORIENTED_EDGE('',*,*,#4886,.T.);
#4923 = ORIENTED_EDGE('',*,*,#4924,.T.);
#4924 = EDGE_CURVE('',#4887,#4907,#4925,.T.);
#4925 = LINE('',#4926,#4927);
#4926 = CARTESIAN_POINT('',(104.8,-52.85,-4.6E-02));
#4927 = VECTOR('',#4928,1.);
#4928 = DIRECTION('',(0.,0.,1.));
#4929 = ORIENTED_EDGE('',*,*,#4906,.F.);
#4930 = ORIENTED_EDGE('',*,*,#4924,.F.);
#4931 = CYLINDRICAL_SURFACE('',#4932,0.85);
#4932 = AXIS2_PLACEMENT_3D('',#4933,#4934,#4935);
#4933 = CARTESIAN_POINT('',(104.8,-52.,-4.6E-02));
#4934 = DIRECTION('',(-0.,-0.,-1.));
#4935 = DIRECTION('',(-1.671865260612E-14,-1.,0.));
#4936 = MANIFOLD_SOLID_BREP('',#4937);
#4937 = CLOSED_SHELL('',(#4938,#4971,#4991,#5011));
#4938 = ADVANCED_FACE('',(#4939),#4966,.T.);
#4939 = FACE_BOUND('',#4940,.F.);
#4940 = EDGE_LOOP('',(#4941,#4951,#4958,#4959));
#4941 = ORIENTED_EDGE('',*,*,#4942,.T.);
#4942 = EDGE_CURVE('',#4943,#4945,#4947,.T.);
#4943 = VERTEX_POINT('',#4944);
#4944 = CARTESIAN_POINT('',(109.7,-52.,0.91));
#4945 = VERTEX_POINT('',#4946);
#4946 = CARTESIAN_POINT('',(109.7,-52.,0.95));
#4947 = LINE('',#4948,#4949);
#4948 = CARTESIAN_POINT('',(109.7,-52.,0.91));
#4949 = VECTOR('',#4950,1.);
#4950 = DIRECTION('',(0.,0.,1.));
#4951 = ORIENTED_EDGE('',*,*,#4952,.T.);
#4952 = EDGE_CURVE('',#4945,#4945,#4953,.T.);
#4953 = CIRCLE('',#4954,1.3);
#4954 = AXIS2_PLACEMENT_3D('',#4955,#4956,#4957);
#4955 = CARTESIAN_POINT('',(108.4,-52.,0.95));
#4956 = DIRECTION('',(0.,0.,1.));
#4957 = DIRECTION('',(1.,0.,-0.));
#4958 = ORIENTED_EDGE('',*,*,#4942,.F.);
#4959 = ORIENTED_EDGE('',*,*,#4960,.F.);
#4960 = EDGE_CURVE('',#4943,#4943,#4961,.T.);
#4961 = CIRCLE('',#4962,1.3);
#4962 = AXIS2_PLACEMENT_3D('',#4963,#4964,#4965);
#4963 = CARTESIAN_POINT('',(108.4,-52.,0.91));
#4964 = DIRECTION('',(0.,0.,1.));
#4965 = DIRECTION('',(1.,0.,-0.));
#4966 = CYLINDRICAL_SURFACE('',#4967,1.3);
#4967 = AXIS2_PLACEMENT_3D('',#4968,#4969,#4970);
#4968 = CARTESIAN_POINT('',(108.4,-52.,0.91));
#4969 = DIRECTION('',(-0.,-0.,-1.));
#4970 = DIRECTION('',(1.,0.,-0.));
#4971 = ADVANCED_FACE('',(#4972,#4975),#4986,.F.);
#4972 = FACE_BOUND('',#4973,.F.);
#4973 = EDGE_LOOP('',(#4974));
#4974 = ORIENTED_EDGE('',*,*,#4960,.T.);
#4975 = FACE_BOUND('',#4976,.F.);
#4976 = EDGE_LOOP('',(#4977));
#4977 = ORIENTED_EDGE('',*,*,#4978,.T.);
#4978 = EDGE_CURVE('',#4979,#4979,#4981,.T.);
#4979 = VERTEX_POINT('',#4980);
#4980 = CARTESIAN_POINT('',(108.4,-52.85,0.91));
#4981 = CIRCLE('',#4982,0.85);
#4982 = AXIS2_PLACEMENT_3D('',#4983,#4984,#4985);
#4983 = CARTESIAN_POINT('',(108.4,-52.,0.91));
#4984 = DIRECTION('',(-0.,0.,-1.));
#4985 = DIRECTION('',(-0.,-1.,0.));
#4986 = PLANE('',#4987);
#4987 = AXIS2_PLACEMENT_3D('',#4988,#4989,#4990);
#4988 = CARTESIAN_POINT('',(0.,0.,0.91));
#4989 = DIRECTION('',(0.,0.,1.));
#4990 = DIRECTION('',(1.,0.,-0.));
#4991 = ADVANCED_FACE('',(#4992,#4995),#5006,.T.);
#4992 = FACE_BOUND('',#4993,.T.);
#4993 = EDGE_LOOP('',(#4994));
#4994 = ORIENTED_EDGE('',*,*,#4952,.T.);
#4995 = FACE_BOUND('',#4996,.T.);
#4996 = EDGE_LOOP('',(#4997));
#4997 = ORIENTED_EDGE('',*,*,#4998,.T.);
#4998 = EDGE_CURVE('',#4999,#4999,#5001,.T.);
#4999 = VERTEX_POINT('',#5000);
#5000 = CARTESIAN_POINT('',(108.4,-52.85,0.95));
#5001 = CIRCLE('',#5002,0.85);
#5002 = AXIS2_PLACEMENT_3D('',#5003,#5004,#5005);
#5003 = CARTESIAN_POINT('',(108.4,-52.,0.95));
#5004 = DIRECTION('',(-0.,0.,-1.));
#5005 = DIRECTION('',(-0.,-1.,0.));
#5006 = PLANE('',#5007);
#5007 = AXIS2_PLACEMENT_3D('',#5008,#5009,#5010);
#5008 = CARTESIAN_POINT('',(0.,0.,0.95));
#5009 = DIRECTION('',(0.,0.,1.));
#5010 = DIRECTION('',(1.,0.,-0.));
#5011 = ADVANCED_FACE('',(#5012),#5023,.F.);
#5012 = FACE_BOUND('',#5013,.T.);
#5013 = EDGE_LOOP('',(#5014,#5015,#5021,#5022));
#5014 = ORIENTED_EDGE('',*,*,#4978,.T.);
#5015 = ORIENTED_EDGE('',*,*,#5016,.T.);
#5016 = EDGE_CURVE('',#4979,#4999,#5017,.T.);
#5017 = LINE('',#5018,#5019);
#5018 = CARTESIAN_POINT('',(108.4,-52.85,-4.6E-02));
#5019 = VECTOR('',#5020,1.);
#5020 = DIRECTION('',(0.,0.,1.));
#5021 = ORIENTED_EDGE('',*,*,#4998,.F.);
#5022 = ORIENTED_EDGE('',*,*,#5016,.F.);
#5023 = CYLINDRICAL_SURFACE('',#5024,0.85);
#5024 = AXIS2_PLACEMENT_3D('',#5025,#5026,#5027);
#5025 = CARTESIAN_POINT('',(108.4,-52.,-4.6E-02));
#5026 = DIRECTION('',(-0.,-0.,-1.));
#5027 = DIRECTION('',(-0.,-1.,0.));
#5028 = MANIFOLD_SOLID_BREP('',#5029);
#5029 = CLOSED_SHELL('',(#5030,#5063,#5083,#5103));
#5030 = ADVANCED_FACE('',(#5031),#5058,.T.);
#5031 = FACE_BOUND('',#5032,.T.);
#5032 = EDGE_LOOP('',(#5033,#5043,#5050,#5051));
#5033 = ORIENTED_EDGE('',*,*,#5034,.T.);
#5034 = EDGE_CURVE('',#5035,#5037,#5039,.T.);
#5035 = VERTEX_POINT('',#5036);
#5036 = CARTESIAN_POINT('',(109.7,-52.,0.));
#5037 = VERTEX_POINT('',#5038);
#5038 = CARTESIAN_POINT('',(109.7,-52.,-4.E-02));
#5039 = LINE('',#5040,#5041);
#5040 = CARTESIAN_POINT('',(109.7,-52.,0.));
#5041 = VECTOR('',#5042,1.);
#5042 = DIRECTION('',(0.,0.,-1.));
#5043 = ORIENTED_EDGE('',*,*,#5044,.T.);
#5044 = EDGE_CURVE('',#5037,#5037,#5045,.T.);
#5045 = CIRCLE('',#5046,1.3);
#5046 = AXIS2_PLACEMENT_3D('',#5047,#5048,#5049);
#5047 = CARTESIAN_POINT('',(108.4,-52.,-4.E-02));
#5048 = DIRECTION('',(0.,0.,1.));
#5049 = DIRECTION('',(1.,0.,-0.));
#5050 = ORIENTED_EDGE('',*,*,#5034,.F.);
#5051 = ORIENTED_EDGE('',*,*,#5052,.F.);
#5052 = EDGE_CURVE('',#5035,#5035,#5053,.T.);
#5053 = CIRCLE('',#5054,1.3);
#5054 = AXIS2_PLACEMENT_3D('',#5055,#5056,#5057);
#5055 = CARTESIAN_POINT('',(108.4,-52.,0.));
#5056 = DIRECTION('',(0.,0.,1.));
#5057 = DIRECTION('',(1.,0.,-0.));
#5058 = CYLINDRICAL_SURFACE('',#5059,1.3);
#5059 = AXIS2_PLACEMENT_3D('',#5060,#5061,#5062);
#5060 = CARTESIAN_POINT('',(108.4,-52.,0.));
#5061 = DIRECTION('',(0.,0.,1.));
#5062 = DIRECTION('',(1.,0.,-0.));
#5063 = ADVANCED_FACE('',(#5064,#5067),#5078,.F.);
#5064 = FACE_BOUND('',#5065,.F.);
#5065 = EDGE_LOOP('',(#5066));
#5066 = ORIENTED_EDGE('',*,*,#5052,.F.);
#5067 = FACE_BOUND('',#5068,.F.);
#5068 = EDGE_LOOP('',(#5069));
#5069 = ORIENTED_EDGE('',*,*,#5070,.F.);
#5070 = EDGE_CURVE('',#5071,#5071,#5073,.T.);
#5071 = VERTEX_POINT('',#5072);
#5072 = CARTESIAN_POINT('',(108.4,-52.85,0.));
#5073 = CIRCLE('',#5074,0.85);
#5074 = AXIS2_PLACEMENT_3D('',#5075,#5076,#5077);
#5075 = CARTESIAN_POINT('',(108.4,-52.,0.));
#5076 = DIRECTION('',(-0.,0.,-1.));
#5077 = DIRECTION('',(-0.,-1.,0.));
#5078 = PLANE('',#5079);
#5079 = AXIS2_PLACEMENT_3D('',#5080,#5081,#5082);
#5080 = CARTESIAN_POINT('',(0.,0.,0.));
#5081 = DIRECTION('',(-0.,-0.,-1.));
#5082 = DIRECTION('',(-1.,0.,0.));
#5083 = ADVANCED_FACE('',(#5084,#5087),#5098,.T.);
#5084 = FACE_BOUND('',#5085,.T.);
#5085 = EDGE_LOOP('',(#5086));
#5086 = ORIENTED_EDGE('',*,*,#5044,.F.);
#5087 = FACE_BOUND('',#5088,.T.);
#5088 = EDGE_LOOP('',(#5089));
#5089 = ORIENTED_EDGE('',*,*,#5090,.F.);
#5090 = EDGE_CURVE('',#5091,#5091,#5093,.T.);
#5091 = VERTEX_POINT('',#5092);
#5092 = CARTESIAN_POINT('',(108.4,-52.85,-4.E-02));
#5093 = CIRCLE('',#5094,0.85);
#5094 = AXIS2_PLACEMENT_3D('',#5095,#5096,#5097);
#5095 = CARTESIAN_POINT('',(108.4,-52.,-4.E-02));
#5096 = DIRECTION('',(-0.,0.,-1.));
#5097 = DIRECTION('',(-0.,-1.,0.));
#5098 = PLANE('',#5099);
#5099 = AXIS2_PLACEMENT_3D('',#5100,#5101,#5102);
#5100 = CARTESIAN_POINT('',(0.,0.,-4.E-02));
#5101 = DIRECTION('',(-0.,-0.,-1.));
#5102 = DIRECTION('',(-1.,0.,0.));
#5103 = ADVANCED_FACE('',(#5104),#5115,.F.);
#5104 = FACE_BOUND('',#5105,.T.);
#5105 = EDGE_LOOP('',(#5106,#5107,#5113,#5114));
#5106 = ORIENTED_EDGE('',*,*,#5090,.T.);
#5107 = ORIENTED_EDGE('',*,*,#5108,.T.);
#5108 = EDGE_CURVE('',#5091,#5071,#5109,.T.);
#5109 = LINE('',#5110,#5111);
#5110 = CARTESIAN_POINT('',(108.4,-52.85,-4.6E-02));
#5111 = VECTOR('',#5112,1.);
#5112 = DIRECTION('',(0.,0.,1.));
#5113 = ORIENTED_EDGE('',*,*,#5070,.F.);
#5114 = ORIENTED_EDGE('',*,*,#5108,.F.);
#5115 = CYLINDRICAL_SURFACE('',#5116,0.85);
#5116 = AXIS2_PLACEMENT_3D('',#5117,#5118,#5119);
#5117 = CARTESIAN_POINT('',(108.4,-52.,-4.6E-02));
#5118 = DIRECTION('',(-0.,-0.,-1.));
#5119 = DIRECTION('',(-0.,-1.,0.));
#5120 = MANIFOLD_SOLID_BREP('',#5121);
#5121 = CLOSED_SHELL('',(#5122,#5155,#5175,#5195));
#5122 = ADVANCED_FACE('',(#5123),#5150,.T.);
#5123 = FACE_BOUND('',#5124,.F.);
#5124 = EDGE_LOOP('',(#5125,#5135,#5142,#5143));
#5125 = ORIENTED_EDGE('',*,*,#5126,.T.);
#5126 = EDGE_CURVE('',#5127,#5129,#5131,.T.);
#5127 = VERTEX_POINT('',#5128);
#5128 = CARTESIAN_POINT('',(108.4,-52.875,-3.5E-02));
#5129 = VERTEX_POINT('',#5130);
#5130 = CARTESIAN_POINT('',(108.4,-52.875,0.945));
#5131 = LINE('',#5132,#5133);
#5132 = CARTESIAN_POINT('',(108.4,-52.875,-3.5E-02));
#5133 = VECTOR('',#5134,1.);
#5134 = DIRECTION('',(0.,0.,1.));
#5135 = ORIENTED_EDGE('',*,*,#5136,.T.);
#5136 = EDGE_CURVE('',#5129,#5129,#5137,.T.);
#5137 = CIRCLE('',#5138,0.875);
#5138 = AXIS2_PLACEMENT_3D('',#5139,#5140,#5141);
#5139 = CARTESIAN_POINT('',(108.4,-52.,0.945));
#5140 = DIRECTION('',(0.,0.,1.));
#5141 = DIRECTION('',(-0.,-1.,0.));
#5142 = ORIENTED_EDGE('',*,*,#5126,.F.);
#5143 = ORIENTED_EDGE('',*,*,#5144,.F.);
#5144 = EDGE_CURVE('',#5127,#5127,#5145,.T.);
#5145 = CIRCLE('',#5146,0.875);
#5146 = AXIS2_PLACEMENT_3D('',#5147,#5148,#5149);
#5147 = CARTESIAN_POINT('',(108.4,-52.,-3.5E-02));
#5148 = DIRECTION('',(0.,0.,1.));
#5149 = DIRECTION('',(-0.,-1.,0.));
#5150 = CYLINDRICAL_SURFACE('',#5151,0.875);
#5151 = AXIS2_PLACEMENT_3D('',#5152,#5153,#5154);
#5152 = CARTESIAN_POINT('',(108.4,-52.,-3.5E-02));
#5153 = DIRECTION('',(-0.,-0.,-1.));
#5154 = DIRECTION('',(-0.,-1.,0.));
#5155 = ADVANCED_FACE('',(#5156,#5159),#5170,.F.);
#5156 = FACE_BOUND('',#5157,.F.);
#5157 = EDGE_LOOP('',(#5158));
#5158 = ORIENTED_EDGE('',*,*,#5144,.T.);
#5159 = FACE_BOUND('',#5160,.F.);
#5160 = EDGE_LOOP('',(#5161));
#5161 = ORIENTED_EDGE('',*,*,#5162,.T.);
#5162 = EDGE_CURVE('',#5163,#5163,#5165,.T.);
#5163 = VERTEX_POINT('',#5164);
#5164 = CARTESIAN_POINT('',(108.4,-52.85,-3.5E-02));
#5165 = CIRCLE('',#5166,0.85);
#5166 = AXIS2_PLACEMENT_3D('',#5167,#5168,#5169);
#5167 = CARTESIAN_POINT('',(108.4,-52.,-3.5E-02));
#5168 = DIRECTION('',(-0.,0.,-1.));
#5169 = DIRECTION('',(-0.,-1.,0.));
#5170 = PLANE('',#5171);
#5171 = AXIS2_PLACEMENT_3D('',#5172,#5173,#5174);
#5172 = CARTESIAN_POINT('',(108.4,-52.875,-3.5E-02));
#5173 = DIRECTION('',(0.,0.,1.));
#5174 = DIRECTION('',(1.,0.,-0.));
#5175 = ADVANCED_FACE('',(#5176,#5179),#5190,.T.);
#5176 = FACE_BOUND('',#5177,.T.);
#5177 = EDGE_LOOP('',(#5178));
#5178 = ORIENTED_EDGE('',*,*,#5136,.T.);
#5179 = FACE_BOUND('',#5180,.T.);
#5180 = EDGE_LOOP('',(#5181));
#5181 = ORIENTED_EDGE('',*,*,#5182,.T.);
#5182 = EDGE_CURVE('',#5183,#5183,#5185,.T.);
#5183 = VERTEX_POINT('',#5184);
#5184 = CARTESIAN_POINT('',(108.4,-52.85,0.945));
#5185 = CIRCLE('',#5186,0.85);
#5186 = AXIS2_PLACEMENT_3D('',#5187,#5188,#5189);
#5187 = CARTESIAN_POINT('',(108.4,-52.,0.945));
#5188 = DIRECTION('',(-0.,0.,-1.));
#5189 = DIRECTION('',(-0.,-1.,0.));
#5190 = PLANE('',#5191);
#5191 = AXIS2_PLACEMENT_3D('',#5192,#5193,#5194);
#5192 = CARTESIAN_POINT('',(108.4,-52.875,0.945));
#5193 = DIRECTION('',(0.,0.,1.));
#5194 = DIRECTION('',(1.,0.,-0.));
#5195 = ADVANCED_FACE('',(#5196),#5207,.F.);
#5196 = FACE_BOUND('',#5197,.T.);
#5197 = EDGE_LOOP('',(#5198,#5199,#5205,#5206));
#5198 = ORIENTED_EDGE('',*,*,#5162,.T.);
#5199 = ORIENTED_EDGE('',*,*,#5200,.T.);
#5200 = EDGE_CURVE('',#5163,#5183,#5201,.T.);
#5201 = LINE('',#5202,#5203);
#5202 = CARTESIAN_POINT('',(108.4,-52.85,-4.6E-02));
#5203 = VECTOR('',#5204,1.);
#5204 = DIRECTION('',(0.,0.,1.));
#5205 = ORIENTED_EDGE('',*,*,#5182,.F.);
#5206 = ORIENTED_EDGE('',*,*,#5200,.F.);
#5207 = CYLINDRICAL_SURFACE('',#5208,0.85);
#5208 = AXIS2_PLACEMENT_3D('',#5209,#5210,#5211);
#5209 = CARTESIAN_POINT('',(108.4,-52.,-4.6E-02));
#5210 = DIRECTION('',(-0.,-0.,-1.));
#5211 = DIRECTION('',(-0.,-1.,0.));
#5212 = MANIFOLD_SOLID_BREP('',#5213);
#5213 = CLOSED_SHELL('',(#5214,#5247,#5267,#5287));
#5214 = ADVANCED_FACE('',(#5215),#5242,.T.);
#5215 = FACE_BOUND('',#5216,.F.);
#5216 = EDGE_LOOP('',(#5217,#5227,#5234,#5235));
#5217 = ORIENTED_EDGE('',*,*,#5218,.T.);
#5218 = EDGE_CURVE('',#5219,#5221,#5223,.T.);
#5219 = VERTEX_POINT('',#5220);
#5220 = CARTESIAN_POINT('',(104.149999,-54.9,0.91));
#5221 = VERTEX_POINT('',#5222);
#5222 = CARTESIAN_POINT('',(104.149999,-54.9,0.95));
#5223 = LINE('',#5224,#5225);
#5224 = CARTESIAN_POINT('',(104.149999,-54.9,0.91));
#5225 = VECTOR('',#5226,1.);
#5226 = DIRECTION('',(0.,0.,1.));
#5227 = ORIENTED_EDGE('',*,*,#5228,.T.);
#5228 = EDGE_CURVE('',#5221,#5221,#5229,.T.);
#5229 = CIRCLE('',#5230,0.849999);
#5230 = AXIS2_PLACEMENT_3D('',#5231,#5232,#5233);
#5231 = CARTESIAN_POINT('',(103.3,-54.9,0.95));
#5232 = DIRECTION('',(0.,0.,1.));
#5233 = DIRECTION('',(1.,0.,-0.));
#5234 = ORIENTED_EDGE('',*,*,#5218,.F.);
#5235 = ORIENTED_EDGE('',*,*,#5236,.F.);
#5236 = EDGE_CURVE('',#5219,#5219,#5237,.T.);
#5237 = CIRCLE('',#5238,0.849999);
#5238 = AXIS2_PLACEMENT_3D('',#5239,#5240,#5241);
#5239 = CARTESIAN_POINT('',(103.3,-54.9,0.91));
#5240 = DIRECTION('',(0.,0.,1.));
#5241 = DIRECTION('',(1.,0.,-0.));
#5242 = CYLINDRICAL_SURFACE('',#5243,0.849999);
#5243 = AXIS2_PLACEMENT_3D('',#5244,#5245,#5246);
#5244 = CARTESIAN_POINT('',(103.3,-54.9,0.91));
#5245 = DIRECTION('',(-0.,-0.,-1.));
#5246 = DIRECTION('',(1.,0.,-0.));
#5247 = ADVANCED_FACE('',(#5248,#5251),#5262,.F.);
#5248 = FACE_BOUND('',#5249,.F.);
#5249 = EDGE_LOOP('',(#5250));
#5250 = ORIENTED_EDGE('',*,*,#5236,.T.);
#5251 = FACE_BOUND('',#5252,.F.);
#5252 = EDGE_LOOP('',(#5253));
#5253 = ORIENTED_EDGE('',*,*,#5254,.T.);
#5254 = EDGE_CURVE('',#5255,#5255,#5257,.T.);
#5255 = VERTEX_POINT('',#5256);
#5256 = CARTESIAN_POINT('',(103.3,-55.375,0.91));
#5257 = CIRCLE('',#5258,0.475);
#5258 = AXIS2_PLACEMENT_3D('',#5259,#5260,#5261);
#5259 = CARTESIAN_POINT('',(103.3,-54.9,0.91));
#5260 = DIRECTION('',(-0.,0.,-1.));
#5261 = DIRECTION('',(-2.991758887411E-14,-1.,0.));
#5262 = PLANE('',#5263);
#5263 = AXIS2_PLACEMENT_3D('',#5264,#5265,#5266);
#5264 = CARTESIAN_POINT('',(0.,0.,0.91));
#5265 = DIRECTION('',(0.,0.,1.));
#5266 = DIRECTION('',(1.,0.,-0.));
#5267 = ADVANCED_FACE('',(#5268,#5271),#5282,.T.);
#5268 = FACE_BOUND('',#5269,.T.);
#5269 = EDGE_LOOP('',(#5270));
#5270 = ORIENTED_EDGE('',*,*,#5228,.T.);
#5271 = FACE_BOUND('',#5272,.T.);
#5272 = EDGE_LOOP('',(#5273));
#5273 = ORIENTED_EDGE('',*,*,#5274,.T.);
#5274 = EDGE_CURVE('',#5275,#5275,#5277,.T.);
#5275 = VERTEX_POINT('',#5276);
#5276 = CARTESIAN_POINT('',(103.3,-55.375,0.95));
#5277 = CIRCLE('',#5278,0.475);
#5278 = AXIS2_PLACEMENT_3D('',#5279,#5280,#5281);
#5279 = CARTESIAN_POINT('',(103.3,-54.9,0.95));
#5280 = DIRECTION('',(-0.,0.,-1.));
#5281 = DIRECTION('',(-2.991758887411E-14,-1.,0.));
#5282 = PLANE('',#5283);
#5283 = AXIS2_PLACEMENT_3D('',#5284,#5285,#5286);
#5284 = CARTESIAN_POINT('',(0.,0.,0.95));
#5285 = DIRECTION('',(0.,0.,1.));
#5286 = DIRECTION('',(1.,0.,-0.));
#5287 = ADVANCED_FACE('',(#5288),#5299,.F.);
#5288 = FACE_BOUND('',#5289,.T.);
#5289 = EDGE_LOOP('',(#5290,#5291,#5297,#5298));
#5290 = ORIENTED_EDGE('',*,*,#5254,.T.);
#5291 = ORIENTED_EDGE('',*,*,#5292,.T.);
#5292 = EDGE_CURVE('',#5255,#5275,#5293,.T.);
#5293 = LINE('',#5294,#5295);
#5294 = CARTESIAN_POINT('',(103.3,-55.375,-4.6E-02));
#5295 = VECTOR('',#5296,1.);
#5296 = DIRECTION('',(0.,0.,1.));
#5297 = ORIENTED_EDGE('',*,*,#5274,.F.);
#5298 = ORIENTED_EDGE('',*,*,#5292,.F.);
#5299 = CYLINDRICAL_SURFACE('',#5300,0.475);
#5300 = AXIS2_PLACEMENT_3D('',#5301,#5302,#5303);
#5301 = CARTESIAN_POINT('',(103.3,-54.9,-4.6E-02));
#5302 = DIRECTION('',(-0.,-0.,-1.));
#5303 = DIRECTION('',(-2.991758887411E-14,-1.,0.));
#5304 = MANIFOLD_SOLID_BREP('',#5305);
#5305 = CLOSED_SHELL('',(#5306,#5339,#5359,#5379));
#5306 = ADVANCED_FACE('',(#5307),#5334,.T.);
#5307 = FACE_BOUND('',#5308,.T.);
#5308 = EDGE_LOOP('',(#5309,#5319,#5326,#5327));
#5309 = ORIENTED_EDGE('',*,*,#5310,.T.);
#5310 = EDGE_CURVE('',#5311,#5313,#5315,.T.);
#5311 = VERTEX_POINT('',#5312);
#5312 = CARTESIAN_POINT('',(104.149999,-54.9,0.));
#5313 = VERTEX_POINT('',#5314);
#5314 = CARTESIAN_POINT('',(104.149999,-54.9,-4.E-02));
#5315 = LINE('',#5316,#5317);
#5316 = CARTESIAN_POINT('',(104.149999,-54.9,0.));
#5317 = VECTOR('',#5318,1.);
#5318 = DIRECTION('',(0.,0.,-1.));
#5319 = ORIENTED_EDGE('',*,*,#5320,.T.);
#5320 = EDGE_CURVE('',#5313,#5313,#5321,.T.);
#5321 = CIRCLE('',#5322,0.849999);
#5322 = AXIS2_PLACEMENT_3D('',#5323,#5324,#5325);
#5323 = CARTESIAN_POINT('',(103.3,-54.9,-4.E-02));
#5324 = DIRECTION('',(0.,0.,1.));
#5325 = DIRECTION('',(1.,0.,-0.));
#5326 = ORIENTED_EDGE('',*,*,#5310,.F.);
#5327 = ORIENTED_EDGE('',*,*,#5328,.F.);
#5328 = EDGE_CURVE('',#5311,#5311,#5329,.T.);
#5329 = CIRCLE('',#5330,0.849999);
#5330 = AXIS2_PLACEMENT_3D('',#5331,#5332,#5333);
#5331 = CARTESIAN_POINT('',(103.3,-54.9,0.));
#5332 = DIRECTION('',(0.,0.,1.));
#5333 = DIRECTION('',(1.,0.,-0.));
#5334 = CYLINDRICAL_SURFACE('',#5335,0.849999);
#5335 = AXIS2_PLACEMENT_3D('',#5336,#5337,#5338);
#5336 = CARTESIAN_POINT('',(103.3,-54.9,0.));
#5337 = DIRECTION('',(0.,0.,1.));
#5338 = DIRECTION('',(1.,0.,-0.));
#5339 = ADVANCED_FACE('',(#5340,#5343),#5354,.F.);
#5340 = FACE_BOUND('',#5341,.F.);
#5341 = EDGE_LOOP('',(#5342));
#5342 = ORIENTED_EDGE('',*,*,#5328,.F.);
#5343 = FACE_BOUND('',#5344,.F.);
#5344 = EDGE_LOOP('',(#5345));
#5345 = ORIENTED_EDGE('',*,*,#5346,.F.);
#5346 = EDGE_CURVE('',#5347,#5347,#5349,.T.);
#5347 = VERTEX_POINT('',#5348);
#5348 = CARTESIAN_POINT('',(103.3,-55.375,0.));
#5349 = CIRCLE('',#5350,0.475);
#5350 = AXIS2_PLACEMENT_3D('',#5351,#5352,#5353);
#5351 = CARTESIAN_POINT('',(103.3,-54.9,0.));
#5352 = DIRECTION('',(-0.,0.,-1.));
#5353 = DIRECTION('',(-2.991758887411E-14,-1.,0.));
#5354 = PLANE('',#5355);
#5355 = AXIS2_PLACEMENT_3D('',#5356,#5357,#5358);
#5356 = CARTESIAN_POINT('',(0.,0.,0.));
#5357 = DIRECTION('',(-0.,-0.,-1.));
#5358 = DIRECTION('',(-1.,0.,0.));
#5359 = ADVANCED_FACE('',(#5360,#5363),#5374,.T.);
#5360 = FACE_BOUND('',#5361,.T.);
#5361 = EDGE_LOOP('',(#5362));
#5362 = ORIENTED_EDGE('',*,*,#5320,.F.);
#5363 = FACE_BOUND('',#5364,.T.);
#5364 = EDGE_LOOP('',(#5365));
#5365 = ORIENTED_EDGE('',*,*,#5366,.F.);
#5366 = EDGE_CURVE('',#5367,#5367,#5369,.T.);
#5367 = VERTEX_POINT('',#5368);
#5368 = CARTESIAN_POINT('',(103.3,-55.375,-4.E-02));
#5369 = CIRCLE('',#5370,0.475);
#5370 = AXIS2_PLACEMENT_3D('',#5371,#5372,#5373);
#5371 = CARTESIAN_POINT('',(103.3,-54.9,-4.E-02));
#5372 = DIRECTION('',(-0.,0.,-1.));
#5373 = DIRECTION('',(-2.991758887411E-14,-1.,0.));
#5374 = PLANE('',#5375);
#5375 = AXIS2_PLACEMENT_3D('',#5376,#5377,#5378);
#5376 = CARTESIAN_POINT('',(0.,0.,-4.E-02));
#5377 = DIRECTION('',(-0.,-0.,-1.));
#5378 = DIRECTION('',(-1.,0.,0.));
#5379 = ADVANCED_FACE('',(#5380),#5391,.F.);
#5380 = FACE_BOUND('',#5381,.T.);
#5381 = EDGE_LOOP('',(#5382,#5383,#5389,#5390));
#5382 = ORIENTED_EDGE('',*,*,#5366,.T.);
#5383 = ORIENTED_EDGE('',*,*,#5384,.T.);
#5384 = EDGE_CURVE('',#5367,#5347,#5385,.T.);
#5385 = LINE('',#5386,#5387);
#5386 = CARTESIAN_POINT('',(103.3,-55.375,-4.6E-02));
#5387 = VECTOR('',#5388,1.);
#5388 = DIRECTION('',(0.,0.,1.));
#5389 = ORIENTED_EDGE('',*,*,#5346,.F.);
#5390 = ORIENTED_EDGE('',*,*,#5384,.F.);
#5391 = CYLINDRICAL_SURFACE('',#5392,0.475);
#5392 = AXIS2_PLACEMENT_3D('',#5393,#5394,#5395);
#5393 = CARTESIAN_POINT('',(103.3,-54.9,-4.6E-02));
#5394 = DIRECTION('',(-0.,-0.,-1.));
#5395 = DIRECTION('',(-2.991758887411E-14,-1.,0.));
#5396 = MANIFOLD_SOLID_BREP('',#5397);
#5397 = CLOSED_SHELL('',(#5398,#5431,#5451,#5471));
#5398 = ADVANCED_FACE('',(#5399),#5426,.T.);
#5399 = FACE_BOUND('',#5400,.F.);
#5400 = EDGE_LOOP('',(#5401,#5411,#5418,#5419));
#5401 = ORIENTED_EDGE('',*,*,#5402,.T.);
#5402 = EDGE_CURVE('',#5403,#5405,#5407,.T.);
#5403 = VERTEX_POINT('',#5404);
#5404 = CARTESIAN_POINT('',(103.3,-55.4,-3.5E-02));
#5405 = VERTEX_POINT('',#5406);
#5406 = CARTESIAN_POINT('',(103.3,-55.4,0.945));
#5407 = LINE('',#5408,#5409);
#5408 = CARTESIAN_POINT('',(103.3,-55.4,-3.5E-02));
#5409 = VECTOR('',#5410,1.);
#5410 = DIRECTION('',(0.,0.,1.));
#5411 = ORIENTED_EDGE('',*,*,#5412,.T.);
#5412 = EDGE_CURVE('',#5405,#5405,#5413,.T.);
#5413 = CIRCLE('',#5414,0.5);
#5414 = AXIS2_PLACEMENT_3D('',#5415,#5416,#5417);
#5415 = CARTESIAN_POINT('',(103.3,-54.9,0.945));
#5416 = DIRECTION('',(0.,0.,1.));
#5417 = DIRECTION('',(-0.,-1.,0.));
#5418 = ORIENTED_EDGE('',*,*,#5402,.F.);
#5419 = ORIENTED_EDGE('',*,*,#5420,.F.);
#5420 = EDGE_CURVE('',#5403,#5403,#5421,.T.);
#5421 = CIRCLE('',#5422,0.5);
#5422 = AXIS2_PLACEMENT_3D('',#5423,#5424,#5425);
#5423 = CARTESIAN_POINT('',(103.3,-54.9,-3.5E-02));
#5424 = DIRECTION('',(0.,0.,1.));
#5425 = DIRECTION('',(-0.,-1.,0.));
#5426 = CYLINDRICAL_SURFACE('',#5427,0.5);
#5427 = AXIS2_PLACEMENT_3D('',#5428,#5429,#5430);
#5428 = CARTESIAN_POINT('',(103.3,-54.9,-3.5E-02));
#5429 = DIRECTION('',(-0.,-0.,-1.));
#5430 = DIRECTION('',(-0.,-1.,0.));
#5431 = ADVANCED_FACE('',(#5432,#5435),#5446,.F.);
#5432 = FACE_BOUND('',#5433,.F.);
#5433 = EDGE_LOOP('',(#5434));
#5434 = ORIENTED_EDGE('',*,*,#5420,.T.);
#5435 = FACE_BOUND('',#5436,.F.);
#5436 = EDGE_LOOP('',(#5437));
#5437 = ORIENTED_EDGE('',*,*,#5438,.T.);
#5438 = EDGE_CURVE('',#5439,#5439,#5441,.T.);
#5439 = VERTEX_POINT('',#5440);
#5440 = CARTESIAN_POINT('',(103.3,-55.375,-3.5E-02));
#5441 = CIRCLE('',#5442,0.475);
#5442 = AXIS2_PLACEMENT_3D('',#5443,#5444,#5445);
#5443 = CARTESIAN_POINT('',(103.3,-54.9,-3.5E-02));
#5444 = DIRECTION('',(-0.,0.,-1.));
#5445 = DIRECTION('',(-2.991758887411E-14,-1.,0.));
#5446 = PLANE('',#5447);
#5447 = AXIS2_PLACEMENT_3D('',#5448,#5449,#5450);
#5448 = CARTESIAN_POINT('',(103.3,-55.4,-3.5E-02));
#5449 = DIRECTION('',(0.,0.,1.));
#5450 = DIRECTION('',(1.,0.,-0.));
#5451 = ADVANCED_FACE('',(#5452,#5455),#5466,.T.);
#5452 = FACE_BOUND('',#5453,.T.);
#5453 = EDGE_LOOP('',(#5454));
#5454 = ORIENTED_EDGE('',*,*,#5412,.T.);
#5455 = FACE_BOUND('',#5456,.T.);
#5456 = EDGE_LOOP('',(#5457));
#5457 = ORIENTED_EDGE('',*,*,#5458,.T.);
#5458 = EDGE_CURVE('',#5459,#5459,#5461,.T.);
#5459 = VERTEX_POINT('',#5460);
#5460 = CARTESIAN_POINT('',(103.3,-55.375,0.945));
#5461 = CIRCLE('',#5462,0.475);
#5462 = AXIS2_PLACEMENT_3D('',#5463,#5464,#5465);
#5463 = CARTESIAN_POINT('',(103.3,-54.9,0.945));
#5464 = DIRECTION('',(-0.,0.,-1.));
#5465 = DIRECTION('',(-2.991758887411E-14,-1.,0.));
#5466 = PLANE('',#5467);
#5467 = AXIS2_PLACEMENT_3D('',#5468,#5469,#5470);
#5468 = CARTESIAN_POINT('',(103.3,-55.4,0.945));
#5469 = DIRECTION('',(0.,0.,1.));
#5470 = DIRECTION('',(1.,0.,-0.));
#5471 = ADVANCED_FACE('',(#5472),#5483,.F.);
#5472 = FACE_BOUND('',#5473,.T.);
#5473 = EDGE_LOOP('',(#5474,#5475,#5481,#5482));
#5474 = ORIENTED_EDGE('',*,*,#5438,.T.);
#5475 = ORIENTED_EDGE('',*,*,#5476,.T.);
#5476 = EDGE_CURVE('',#5439,#5459,#5477,.T.);
#5477 = LINE('',#5478,#5479);
#5478 = CARTESIAN_POINT('',(103.3,-55.375,-4.6E-02));
#5479 = VECTOR('',#5480,1.);
#5480 = DIRECTION('',(0.,0.,1.));
#5481 = ORIENTED_EDGE('',*,*,#5458,.F.);
#5482 = ORIENTED_EDGE('',*,*,#5476,.F.);
#5483 = CYLINDRICAL_SURFACE('',#5484,0.475);
#5484 = AXIS2_PLACEMENT_3D('',#5485,#5486,#5487);
#5485 = CARTESIAN_POINT('',(103.3,-54.9,-4.6E-02));
#5486 = DIRECTION('',(-0.,-0.,-1.));
#5487 = DIRECTION('',(-2.991758887411E-14,-1.,0.));
#5488 = MANIFOLD_SOLID_BREP('',#5489);
#5489 = CLOSED_SHELL('',(#5490,#5523,#5543,#5563));
#5490 = ADVANCED_FACE('',(#5491),#5518,.T.);
#5491 = FACE_BOUND('',#5492,.F.);
#5492 = EDGE_LOOP('',(#5493,#5503,#5510,#5511));
#5493 = ORIENTED_EDGE('',*,*,#5494,.T.);
#5494 = EDGE_CURVE('',#5495,#5497,#5499,.T.);
#5495 = VERTEX_POINT('',#5496);
#5496 = CARTESIAN_POINT('',(106.349999,-54.9,0.91));
#5497 = VERTEX_POINT('',#5498);
#5498 = CARTESIAN_POINT('',(106.349999,-54.9,0.95));
#5499 = LINE('',#5500,#5501);
#5500 = CARTESIAN_POINT('',(106.349999,-54.9,0.91));
#5501 = VECTOR('',#5502,1.);
#5502 = DIRECTION('',(0.,0.,1.));
#5503 = ORIENTED_EDGE('',*,*,#5504,.T.);
#5504 = EDGE_CURVE('',#5497,#5497,#5505,.T.);
#5505 = CIRCLE('',#5506,0.849999);
#5506 = AXIS2_PLACEMENT_3D('',#5507,#5508,#5509);
#5507 = CARTESIAN_POINT('',(105.5,-54.9,0.95));
#5508 = DIRECTION('',(0.,0.,1.));
#5509 = DIRECTION('',(1.,0.,-0.));
#5510 = ORIENTED_EDGE('',*,*,#5494,.F.);
#5511 = ORIENTED_EDGE('',*,*,#5512,.F.);
#5512 = EDGE_CURVE('',#5495,#5495,#5513,.T.);
#5513 = CIRCLE('',#5514,0.849999);
#5514 = AXIS2_PLACEMENT_3D('',#5515,#5516,#5517);
#5515 = CARTESIAN_POINT('',(105.5,-54.9,0.91));
#5516 = DIRECTION('',(0.,0.,1.));
#5517 = DIRECTION('',(1.,0.,-0.));
#5518 = CYLINDRICAL_SURFACE('',#5519,0.849999);
#5519 = AXIS2_PLACEMENT_3D('',#5520,#5521,#5522);
#5520 = CARTESIAN_POINT('',(105.5,-54.9,0.91));
#5521 = DIRECTION('',(-0.,-0.,-1.));
#5522 = DIRECTION('',(1.,0.,-0.));
#5523 = ADVANCED_FACE('',(#5524,#5527),#5538,.F.);
#5524 = FACE_BOUND('',#5525,.F.);
#5525 = EDGE_LOOP('',(#5526));
#5526 = ORIENTED_EDGE('',*,*,#5512,.T.);
#5527 = FACE_BOUND('',#5528,.F.);
#5528 = EDGE_LOOP('',(#5529));
#5529 = ORIENTED_EDGE('',*,*,#5530,.T.);
#5530 = EDGE_CURVE('',#5531,#5531,#5533,.T.);
#5531 = VERTEX_POINT('',#5532);
#5532 = CARTESIAN_POINT('',(105.5,-55.375,0.91));
#5533 = CIRCLE('',#5534,0.475);
#5534 = AXIS2_PLACEMENT_3D('',#5535,#5536,#5537);
#5535 = CARTESIAN_POINT('',(105.5,-54.9,0.91));
#5536 = DIRECTION('',(-0.,0.,-1.));
#5537 = DIRECTION('',(-0.,-1.,0.));
#5538 = PLANE('',#5539);
#5539 = AXIS2_PLACEMENT_3D('',#5540,#5541,#5542);
#5540 = CARTESIAN_POINT('',(0.,0.,0.91));
#5541 = DIRECTION('',(0.,0.,1.));
#5542 = DIRECTION('',(1.,0.,-0.));
#5543 = ADVANCED_FACE('',(#5544,#5547),#5558,.T.);
#5544 = FACE_BOUND('',#5545,.T.);
#5545 = EDGE_LOOP('',(#5546));
#5546 = ORIENTED_EDGE('',*,*,#5504,.T.);
#5547 = FACE_BOUND('',#5548,.T.);
#5548 = EDGE_LOOP('',(#5549));
#5549 = ORIENTED_EDGE('',*,*,#5550,.T.);
#5550 = EDGE_CURVE('',#5551,#5551,#5553,.T.);
#5551 = VERTEX_POINT('',#5552);
#5552 = CARTESIAN_POINT('',(105.5,-55.375,0.95));
#5553 = CIRCLE('',#5554,0.475);
#5554 = AXIS2_PLACEMENT_3D('',#5555,#5556,#5557);
#5555 = CARTESIAN_POINT('',(105.5,-54.9,0.95));
#5556 = DIRECTION('',(-0.,0.,-1.));
#5557 = DIRECTION('',(-0.,-1.,0.));
#5558 = PLANE('',#5559);
#5559 = AXIS2_PLACEMENT_3D('',#5560,#5561,#5562);
#5560 = CARTESIAN_POINT('',(0.,0.,0.95));
#5561 = DIRECTION('',(0.,0.,1.));
#5562 = DIRECTION('',(1.,0.,-0.));
#5563 = ADVANCED_FACE('',(#5564),#5575,.F.);
#5564 = FACE_BOUND('',#5565,.T.);
#5565 = EDGE_LOOP('',(#5566,#5567,#5573,#5574));
#5566 = ORIENTED_EDGE('',*,*,#5530,.T.);
#5567 = ORIENTED_EDGE('',*,*,#5568,.T.);
#5568 = EDGE_CURVE('',#5531,#5551,#5569,.T.);
#5569 = LINE('',#5570,#5571);
#5570 = CARTESIAN_POINT('',(105.5,-55.375,-4.6E-02));
#5571 = VECTOR('',#5572,1.);
#5572 = DIRECTION('',(0.,0.,1.));
#5573 = ORIENTED_EDGE('',*,*,#5550,.F.);
#5574 = ORIENTED_EDGE('',*,*,#5568,.F.);
#5575 = CYLINDRICAL_SURFACE('',#5576,0.475);
#5576 = AXIS2_PLACEMENT_3D('',#5577,#5578,#5579);
#5577 = CARTESIAN_POINT('',(105.5,-54.9,-4.6E-02));
#5578 = DIRECTION('',(-0.,-0.,-1.));
#5579 = DIRECTION('',(-0.,-1.,0.));
#5580 = MANIFOLD_SOLID_BREP('',#5581);
#5581 = CLOSED_SHELL('',(#5582,#5615,#5635,#5655));
#5582 = ADVANCED_FACE('',(#5583),#5610,.T.);
#5583 = FACE_BOUND('',#5584,.T.);
#5584 = EDGE_LOOP('',(#5585,#5595,#5602,#5603));
#5585 = ORIENTED_EDGE('',*,*,#5586,.T.);
#5586 = EDGE_CURVE('',#5587,#5589,#5591,.T.);
#5587 = VERTEX_POINT('',#5588);
#5588 = CARTESIAN_POINT('',(106.349999,-54.9,0.));
#5589 = VERTEX_POINT('',#5590);
#5590 = CARTESIAN_POINT('',(106.349999,-54.9,-4.E-02));
#5591 = LINE('',#5592,#5593);
#5592 = CARTESIAN_POINT('',(106.349999,-54.9,0.));
#5593 = VECTOR('',#5594,1.);
#5594 = DIRECTION('',(0.,0.,-1.));
#5595 = ORIENTED_EDGE('',*,*,#5596,.T.);
#5596 = EDGE_CURVE('',#5589,#5589,#5597,.T.);
#5597 = CIRCLE('',#5598,0.849999);
#5598 = AXIS2_PLACEMENT_3D('',#5599,#5600,#5601);
#5599 = CARTESIAN_POINT('',(105.5,-54.9,-4.E-02));
#5600 = DIRECTION('',(0.,0.,1.));
#5601 = DIRECTION('',(1.,0.,-0.));
#5602 = ORIENTED_EDGE('',*,*,#5586,.F.);
#5603 = ORIENTED_EDGE('',*,*,#5604,.F.);
#5604 = EDGE_CURVE('',#5587,#5587,#5605,.T.);
#5605 = CIRCLE('',#5606,0.849999);
#5606 = AXIS2_PLACEMENT_3D('',#5607,#5608,#5609);
#5607 = CARTESIAN_POINT('',(105.5,-54.9,0.));
#5608 = DIRECTION('',(0.,0.,1.));
#5609 = DIRECTION('',(1.,0.,-0.));
#5610 = CYLINDRICAL_SURFACE('',#5611,0.849999);
#5611 = AXIS2_PLACEMENT_3D('',#5612,#5613,#5614);
#5612 = CARTESIAN_POINT('',(105.5,-54.9,0.));
#5613 = DIRECTION('',(0.,0.,1.));
#5614 = DIRECTION('',(1.,0.,-0.));
#5615 = ADVANCED_FACE('',(#5616,#5619),#5630,.F.);
#5616 = FACE_BOUND('',#5617,.F.);
#5617 = EDGE_LOOP('',(#5618));
#5618 = ORIENTED_EDGE('',*,*,#5604,.F.);
#5619 = FACE_BOUND('',#5620,.F.);
#5620 = EDGE_LOOP('',(#5621));
#5621 = ORIENTED_EDGE('',*,*,#5622,.F.);
#5622 = EDGE_CURVE('',#5623,#5623,#5625,.T.);
#5623 = VERTEX_POINT('',#5624);
#5624 = CARTESIAN_POINT('',(105.5,-55.375,0.));
#5625 = CIRCLE('',#5626,0.475);
#5626 = AXIS2_PLACEMENT_3D('',#5627,#5628,#5629);
#5627 = CARTESIAN_POINT('',(105.5,-54.9,0.));
#5628 = DIRECTION('',(-0.,0.,-1.));
#5629 = DIRECTION('',(-0.,-1.,0.));
#5630 = PLANE('',#5631);
#5631 = AXIS2_PLACEMENT_3D('',#5632,#5633,#5634);
#5632 = CARTESIAN_POINT('',(0.,0.,0.));
#5633 = DIRECTION('',(-0.,-0.,-1.));
#5634 = DIRECTION('',(-1.,0.,0.));
#5635 = ADVANCED_FACE('',(#5636,#5639),#5650,.T.);
#5636 = FACE_BOUND('',#5637,.T.);
#5637 = EDGE_LOOP('',(#5638));
#5638 = ORIENTED_EDGE('',*,*,#5596,.F.);
#5639 = FACE_BOUND('',#5640,.T.);
#5640 = EDGE_LOOP('',(#5641));
#5641 = ORIENTED_EDGE('',*,*,#5642,.F.);
#5642 = EDGE_CURVE('',#5643,#5643,#5645,.T.);
#5643 = VERTEX_POINT('',#5644);
#5644 = CARTESIAN_POINT('',(105.5,-55.375,-4.E-02));
#5645 = CIRCLE('',#5646,0.475);
#5646 = AXIS2_PLACEMENT_3D('',#5647,#5648,#5649);
#5647 = CARTESIAN_POINT('',(105.5,-54.9,-4.E-02));
#5648 = DIRECTION('',(-0.,0.,-1.));
#5649 = DIRECTION('',(-0.,-1.,0.));
#5650 = PLANE('',#5651);
#5651 = AXIS2_PLACEMENT_3D('',#5652,#5653,#5654);
#5652 = CARTESIAN_POINT('',(0.,0.,-4.E-02));
#5653 = DIRECTION('',(-0.,-0.,-1.));
#5654 = DIRECTION('',(-1.,0.,0.));
#5655 = ADVANCED_FACE('',(#5656),#5667,.F.);
#5656 = FACE_BOUND('',#5657,.T.);
#5657 = EDGE_LOOP('',(#5658,#5659,#5665,#5666));
#5658 = ORIENTED_EDGE('',*,*,#5642,.T.);
#5659 = ORIENTED_EDGE('',*,*,#5660,.T.);
#5660 = EDGE_CURVE('',#5643,#5623,#5661,.T.);
#5661 = LINE('',#5662,#5663);
#5662 = CARTESIAN_POINT('',(105.5,-55.375,-4.6E-02));
#5663 = VECTOR('',#5664,1.);
#5664 = DIRECTION('',(0.,0.,1.));
#5665 = ORIENTED_EDGE('',*,*,#5622,.F.);
#5666 = ORIENTED_EDGE('',*,*,#5660,.F.);
#5667 = CYLINDRICAL_SURFACE('',#5668,0.475);
#5668 = AXIS2_PLACEMENT_3D('',#5669,#5670,#5671);
#5669 = CARTESIAN_POINT('',(105.5,-54.9,-4.6E-02));
#5670 = DIRECTION('',(-0.,-0.,-1.));
#5671 = DIRECTION('',(-0.,-1.,0.));
#5672 = MANIFOLD_SOLID_BREP('',#5673);
#5673 = CLOSED_SHELL('',(#5674,#5707,#5727,#5747));
#5674 = ADVANCED_FACE('',(#5675),#5702,.T.);
#5675 = FACE_BOUND('',#5676,.F.);
#5676 = EDGE_LOOP('',(#5677,#5687,#5694,#5695));
#5677 = ORIENTED_EDGE('',*,*,#5678,.T.);
#5678 = EDGE_CURVE('',#5679,#5681,#5683,.T.);
#5679 = VERTEX_POINT('',#5680);
#5680 = CARTESIAN_POINT('',(105.5,-55.4,-3.5E-02));
#5681 = VERTEX_POINT('',#5682);
#5682 = CARTESIAN_POINT('',(105.5,-55.4,0.945));
#5683 = LINE('',#5684,#5685);
#5684 = CARTESIAN_POINT('',(105.5,-55.4,-3.5E-02));
#5685 = VECTOR('',#5686,1.);
#5686 = DIRECTION('',(0.,0.,1.));
#5687 = ORIENTED_EDGE('',*,*,#5688,.T.);
#5688 = EDGE_CURVE('',#5681,#5681,#5689,.T.);
#5689 = CIRCLE('',#5690,0.5);
#5690 = AXIS2_PLACEMENT_3D('',#5691,#5692,#5693);
#5691 = CARTESIAN_POINT('',(105.5,-54.9,0.945));
#5692 = DIRECTION('',(0.,0.,1.));
#5693 = DIRECTION('',(-0.,-1.,0.));
#5694 = ORIENTED_EDGE('',*,*,#5678,.F.);
#5695 = ORIENTED_EDGE('',*,*,#5696,.F.);
#5696 = EDGE_CURVE('',#5679,#5679,#5697,.T.);
#5697 = CIRCLE('',#5698,0.5);
#5698 = AXIS2_PLACEMENT_3D('',#5699,#5700,#5701);
#5699 = CARTESIAN_POINT('',(105.5,-54.9,-3.5E-02));
#5700 = DIRECTION('',(0.,0.,1.));
#5701 = DIRECTION('',(-0.,-1.,0.));
#5702 = CYLINDRICAL_SURFACE('',#5703,0.5);
#5703 = AXIS2_PLACEMENT_3D('',#5704,#5705,#5706);
#5704 = CARTESIAN_POINT('',(105.5,-54.9,-3.5E-02));
#5705 = DIRECTION('',(-0.,-0.,-1.));
#5706 = DIRECTION('',(-0.,-1.,0.));
#5707 = ADVANCED_FACE('',(#5708,#5711),#5722,.F.);
#5708 = FACE_BOUND('',#5709,.F.);
#5709 = EDGE_LOOP('',(#5710));
#5710 = ORIENTED_EDGE('',*,*,#5696,.T.);
#5711 = FACE_BOUND('',#5712,.F.);
#5712 = EDGE_LOOP('',(#5713));
#5713 = ORIENTED_EDGE('',*,*,#5714,.T.);
#5714 = EDGE_CURVE('',#5715,#5715,#5717,.T.);
#5715 = VERTEX_POINT('',#5716);
#5716 = CARTESIAN_POINT('',(105.5,-55.375,-3.5E-02));
#5717 = CIRCLE('',#5718,0.475);
#5718 = AXIS2_PLACEMENT_3D('',#5719,#5720,#5721);
#5719 = CARTESIAN_POINT('',(105.5,-54.9,-3.5E-02));
#5720 = DIRECTION('',(-0.,0.,-1.));
#5721 = DIRECTION('',(-0.,-1.,0.));
#5722 = PLANE('',#5723);
#5723 = AXIS2_PLACEMENT_3D('',#5724,#5725,#5726);
#5724 = CARTESIAN_POINT('',(105.5,-55.4,-3.5E-02));
#5725 = DIRECTION('',(0.,0.,1.));
#5726 = DIRECTION('',(1.,0.,-0.));
#5727 = ADVANCED_FACE('',(#5728,#5731),#5742,.T.);
#5728 = FACE_BOUND('',#5729,.T.);
#5729 = EDGE_LOOP('',(#5730));
#5730 = ORIENTED_EDGE('',*,*,#5688,.T.);
#5731 = FACE_BOUND('',#5732,.T.);
#5732 = EDGE_LOOP('',(#5733));
#5733 = ORIENTED_EDGE('',*,*,#5734,.T.);
#5734 = EDGE_CURVE('',#5735,#5735,#5737,.T.);
#5735 = VERTEX_POINT('',#5736);
#5736 = CARTESIAN_POINT('',(105.5,-55.375,0.945));
#5737 = CIRCLE('',#5738,0.475);
#5738 = AXIS2_PLACEMENT_3D('',#5739,#5740,#5741);
#5739 = CARTESIAN_POINT('',(105.5,-54.9,0.945));
#5740 = DIRECTION('',(-0.,0.,-1.));
#5741 = DIRECTION('',(-0.,-1.,0.));
#5742 = PLANE('',#5743);
#5743 = AXIS2_PLACEMENT_3D('',#5744,#5745,#5746);
#5744 = CARTESIAN_POINT('',(105.5,-55.4,0.945));
#5745 = DIRECTION('',(0.,0.,1.));
#5746 = DIRECTION('',(1.,0.,-0.));
#5747 = ADVANCED_FACE('',(#5748),#5759,.F.);
#5748 = FACE_BOUND('',#5749,.T.);
#5749 = EDGE_LOOP('',(#5750,#5751,#5757,#5758));
#5750 = ORIENTED_EDGE('',*,*,#5714,.T.);
#5751 = ORIENTED_EDGE('',*,*,#5752,.T.);
#5752 = EDGE_CURVE('',#5715,#5735,#5753,.T.);
#5753 = LINE('',#5754,#5755);
#5754 = CARTESIAN_POINT('',(105.5,-55.375,-4.6E-02));
#5755 = VECTOR('',#5756,1.);
#5756 = DIRECTION('',(0.,0.,1.));
#5757 = ORIENTED_EDGE('',*,*,#5734,.F.);
#5758 = ORIENTED_EDGE('',*,*,#5752,.F.);
#5759 = CYLINDRICAL_SURFACE('',#5760,0.475);
#5760 = AXIS2_PLACEMENT_3D('',#5761,#5762,#5763);
#5761 = CARTESIAN_POINT('',(105.5,-54.9,-4.6E-02));
#5762 = DIRECTION('',(-0.,-0.,-1.));
#5763 = DIRECTION('',(-0.,-1.,0.));
#5764 = MANIFOLD_SOLID_BREP('',#5765);
#5765 = CLOSED_SHELL('',(#5766,#5799,#5819,#5839));
#5766 = ADVANCED_FACE('',(#5767),#5794,.T.);
#5767 = FACE_BOUND('',#5768,.F.);
#5768 = EDGE_LOOP('',(#5769,#5779,#5786,#5787));
#5769 = ORIENTED_EDGE('',*,*,#5770,.T.);
#5770 = EDGE_CURVE('',#5771,#5773,#5775,.T.);
#5771 = VERTEX_POINT('',#5772);
#5772 = CARTESIAN_POINT('',(108.549999,-54.9,0.91));
#5773 = VERTEX_POINT('',#5774);
#5774 = CARTESIAN_POINT('',(108.549999,-54.9,0.95));
#5775 = LINE('',#5776,#5777);
#5776 = CARTESIAN_POINT('',(108.549999,-54.9,0.91));
#5777 = VECTOR('',#5778,1.);
#5778 = DIRECTION('',(0.,0.,1.));
#5779 = ORIENTED_EDGE('',*,*,#5780,.T.);
#5780 = EDGE_CURVE('',#5773,#5773,#5781,.T.);
#5781 = CIRCLE('',#5782,0.849999);
#5782 = AXIS2_PLACEMENT_3D('',#5783,#5784,#5785);
#5783 = CARTESIAN_POINT('',(107.7,-54.9,0.95));
#5784 = DIRECTION('',(0.,0.,1.));
#5785 = DIRECTION('',(1.,0.,-0.));
#5786 = ORIENTED_EDGE('',*,*,#5770,.F.);
#5787 = ORIENTED_EDGE('',*,*,#5788,.F.);
#5788 = EDGE_CURVE('',#5771,#5771,#5789,.T.);
#5789 = CIRCLE('',#5790,0.849999);
#5790 = AXIS2_PLACEMENT_3D('',#5791,#5792,#5793);
#5791 = CARTESIAN_POINT('',(107.7,-54.9,0.91));
#5792 = DIRECTION('',(0.,0.,1.));
#5793 = DIRECTION('',(1.,0.,-0.));
#5794 = CYLINDRICAL_SURFACE('',#5795,0.849999);
#5795 = AXIS2_PLACEMENT_3D('',#5796,#5797,#5798);
#5796 = CARTESIAN_POINT('',(107.7,-54.9,0.91));
#5797 = DIRECTION('',(-0.,-0.,-1.));
#5798 = DIRECTION('',(1.,0.,-0.));
#5799 = ADVANCED_FACE('',(#5800,#5803),#5814,.F.);
#5800 = FACE_BOUND('',#5801,.F.);
#5801 = EDGE_LOOP('',(#5802));
#5802 = ORIENTED_EDGE('',*,*,#5788,.T.);
#5803 = FACE_BOUND('',#5804,.F.);
#5804 = EDGE_LOOP('',(#5805));
#5805 = ORIENTED_EDGE('',*,*,#5806,.T.);
#5806 = EDGE_CURVE('',#5807,#5807,#5809,.T.);
#5807 = VERTEX_POINT('',#5808);
#5808 = CARTESIAN_POINT('',(107.7,-55.375,0.91));
#5809 = CIRCLE('',#5810,0.475);
#5810 = AXIS2_PLACEMENT_3D('',#5811,#5812,#5813);
#5811 = CARTESIAN_POINT('',(107.7,-54.9,0.91));
#5812 = DIRECTION('',(-0.,0.,-1.));
#5813 = DIRECTION('',(2.991758887411E-14,-1.,-0.));
#5814 = PLANE('',#5815);
#5815 = AXIS2_PLACEMENT_3D('',#5816,#5817,#5818);
#5816 = CARTESIAN_POINT('',(0.,0.,0.91));
#5817 = DIRECTION('',(0.,0.,1.));
#5818 = DIRECTION('',(1.,0.,-0.));
#5819 = ADVANCED_FACE('',(#5820,#5823),#5834,.T.);
#5820 = FACE_BOUND('',#5821,.T.);
#5821 = EDGE_LOOP('',(#5822));
#5822 = ORIENTED_EDGE('',*,*,#5780,.T.);
#5823 = FACE_BOUND('',#5824,.T.);
#5824 = EDGE_LOOP('',(#5825));
#5825 = ORIENTED_EDGE('',*,*,#5826,.T.);
#5826 = EDGE_CURVE('',#5827,#5827,#5829,.T.);
#5827 = VERTEX_POINT('',#5828);
#5828 = CARTESIAN_POINT('',(107.7,-55.375,0.95));
#5829 = CIRCLE('',#5830,0.475);
#5830 = AXIS2_PLACEMENT_3D('',#5831,#5832,#5833);
#5831 = CARTESIAN_POINT('',(107.7,-54.9,0.95));
#5832 = DIRECTION('',(-0.,0.,-1.));
#5833 = DIRECTION('',(2.991758887411E-14,-1.,-0.));
#5834 = PLANE('',#5835);
#5835 = AXIS2_PLACEMENT_3D('',#5836,#5837,#5838);
#5836 = CARTESIAN_POINT('',(0.,0.,0.95));
#5837 = DIRECTION('',(0.,0.,1.));
#5838 = DIRECTION('',(1.,0.,-0.));
#5839 = ADVANCED_FACE('',(#5840),#5851,.F.);
#5840 = FACE_BOUND('',#5841,.T.);
#5841 = EDGE_LOOP('',(#5842,#5843,#5849,#5850));
#5842 = ORIENTED_EDGE('',*,*,#5806,.T.);
#5843 = ORIENTED_EDGE('',*,*,#5844,.T.);
#5844 = EDGE_CURVE('',#5807,#5827,#5845,.T.);
#5845 = LINE('',#5846,#5847);
#5846 = CARTESIAN_POINT('',(107.7,-55.375,-4.6E-02));
#5847 = VECTOR('',#5848,1.);
#5848 = DIRECTION('',(0.,0.,1.));
#5849 = ORIENTED_EDGE('',*,*,#5826,.F.);
#5850 = ORIENTED_EDGE('',*,*,#5844,.F.);
#5851 = CYLINDRICAL_SURFACE('',#5852,0.475);
#5852 = AXIS2_PLACEMENT_3D('',#5853,#5854,#5855);
#5853 = CARTESIAN_POINT('',(107.7,-54.9,-4.6E-02));
#5854 = DIRECTION('',(-0.,0.,-1.));
#5855 = DIRECTION('',(2.991758887411E-14,-1.,-0.));
#5856 = MANIFOLD_SOLID_BREP('',#5857);
#5857 = CLOSED_SHELL('',(#5858,#5891,#5911,#5931));
#5858 = ADVANCED_FACE('',(#5859),#5886,.T.);
#5859 = FACE_BOUND('',#5860,.T.);
#5860 = EDGE_LOOP('',(#5861,#5871,#5878,#5879));
#5861 = ORIENTED_EDGE('',*,*,#5862,.T.);
#5862 = EDGE_CURVE('',#5863,#5865,#5867,.T.);
#5863 = VERTEX_POINT('',#5864);
#5864 = CARTESIAN_POINT('',(108.549999,-54.9,0.));
#5865 = VERTEX_POINT('',#5866);
#5866 = CARTESIAN_POINT('',(108.549999,-54.9,-4.E-02));
#5867 = LINE('',#5868,#5869);
#5868 = CARTESIAN_POINT('',(108.549999,-54.9,0.));
#5869 = VECTOR('',#5870,1.);
#5870 = DIRECTION('',(0.,0.,-1.));
#5871 = ORIENTED_EDGE('',*,*,#5872,.T.);
#5872 = EDGE_CURVE('',#5865,#5865,#5873,.T.);
#5873 = CIRCLE('',#5874,0.849999);
#5874 = AXIS2_PLACEMENT_3D('',#5875,#5876,#5877);
#5875 = CARTESIAN_POINT('',(107.7,-54.9,-4.E-02));
#5876 = DIRECTION('',(0.,0.,1.));
#5877 = DIRECTION('',(1.,0.,-0.));
#5878 = ORIENTED_EDGE('',*,*,#5862,.F.);
#5879 = ORIENTED_EDGE('',*,*,#5880,.F.);
#5880 = EDGE_CURVE('',#5863,#5863,#5881,.T.);
#5881 = CIRCLE('',#5882,0.849999);
#5882 = AXIS2_PLACEMENT_3D('',#5883,#5884,#5885);
#5883 = CARTESIAN_POINT('',(107.7,-54.9,0.));
#5884 = DIRECTION('',(0.,0.,1.));
#5885 = DIRECTION('',(1.,0.,-0.));
#5886 = CYLINDRICAL_SURFACE('',#5887,0.849999);
#5887 = AXIS2_PLACEMENT_3D('',#5888,#5889,#5890);
#5888 = CARTESIAN_POINT('',(107.7,-54.9,0.));
#5889 = DIRECTION('',(0.,0.,1.));
#5890 = DIRECTION('',(1.,0.,-0.));
#5891 = ADVANCED_FACE('',(#5892,#5895),#5906,.F.);
#5892 = FACE_BOUND('',#5893,.F.);
#5893 = EDGE_LOOP('',(#5894));
#5894 = ORIENTED_EDGE('',*,*,#5880,.F.);
#5895 = FACE_BOUND('',#5896,.F.);
#5896 = EDGE_LOOP('',(#5897));
#5897 = ORIENTED_EDGE('',*,*,#5898,.F.);
#5898 = EDGE_CURVE('',#5899,#5899,#5901,.T.);
#5899 = VERTEX_POINT('',#5900);
#5900 = CARTESIAN_POINT('',(107.7,-55.375,0.));
#5901 = CIRCLE('',#5902,0.475);
#5902 = AXIS2_PLACEMENT_3D('',#5903,#5904,#5905);
#5903 = CARTESIAN_POINT('',(107.7,-54.9,0.));
#5904 = DIRECTION('',(-0.,0.,-1.));
#5905 = DIRECTION('',(2.991758887411E-14,-1.,-0.));
#5906 = PLANE('',#5907);
#5907 = AXIS2_PLACEMENT_3D('',#5908,#5909,#5910);
#5908 = CARTESIAN_POINT('',(0.,0.,0.));
#5909 = DIRECTION('',(-0.,-0.,-1.));
#5910 = DIRECTION('',(-1.,0.,0.));
#5911 = ADVANCED_FACE('',(#5912,#5915),#5926,.T.);
#5912 = FACE_BOUND('',#5913,.T.);
#5913 = EDGE_LOOP('',(#5914));
#5914 = ORIENTED_EDGE('',*,*,#5872,.F.);
#5915 = FACE_BOUND('',#5916,.T.);
#5916 = EDGE_LOOP('',(#5917));
#5917 = ORIENTED_EDGE('',*,*,#5918,.F.);
#5918 = EDGE_CURVE('',#5919,#5919,#5921,.T.);
#5919 = VERTEX_POINT('',#5920);
#5920 = CARTESIAN_POINT('',(107.7,-55.375,-4.E-02));
#5921 = CIRCLE('',#5922,0.475);
#5922 = AXIS2_PLACEMENT_3D('',#5923,#5924,#5925);
#5923 = CARTESIAN_POINT('',(107.7,-54.9,-4.E-02));
#5924 = DIRECTION('',(-0.,0.,-1.));
#5925 = DIRECTION('',(2.991758887411E-14,-1.,-0.));
#5926 = PLANE('',#5927);
#5927 = AXIS2_PLACEMENT_3D('',#5928,#5929,#5930);
#5928 = CARTESIAN_POINT('',(0.,0.,-4.E-02));
#5929 = DIRECTION('',(-0.,-0.,-1.));
#5930 = DIRECTION('',(-1.,0.,0.));
#5931 = ADVANCED_FACE('',(#5932),#5943,.F.);
#5932 = FACE_BOUND('',#5933,.T.);
#5933 = EDGE_LOOP('',(#5934,#5935,#5941,#5942));
#5934 = ORIENTED_EDGE('',*,*,#5918,.T.);
#5935 = ORIENTED_EDGE('',*,*,#5936,.T.);
#5936 = EDGE_CURVE('',#5919,#5899,#5937,.T.);
#5937 = LINE('',#5938,#5939);
#5938 = CARTESIAN_POINT('',(107.7,-55.375,-4.6E-02));
#5939 = VECTOR('',#5940,1.);
#5940 = DIRECTION('',(0.,0.,1.));
#5941 = ORIENTED_EDGE('',*,*,#5898,.F.);
#5942 = ORIENTED_EDGE('',*,*,#5936,.F.);
#5943 = CYLINDRICAL_SURFACE('',#5944,0.475);
#5944 = AXIS2_PLACEMENT_3D('',#5945,#5946,#5947);
#5945 = CARTESIAN_POINT('',(107.7,-54.9,-4.6E-02));
#5946 = DIRECTION('',(-0.,0.,-1.));
#5947 = DIRECTION('',(2.991758887411E-14,-1.,-0.));
#5948 = MANIFOLD_SOLID_BREP('',#5949);
#5949 = CLOSED_SHELL('',(#5950,#5983,#6003,#6023));
#5950 = ADVANCED_FACE('',(#5951),#5978,.T.);
#5951 = FACE_BOUND('',#5952,.F.);
#5952 = EDGE_LOOP('',(#5953,#5963,#5970,#5971));
#5953 = ORIENTED_EDGE('',*,*,#5954,.T.);
#5954 = EDGE_CURVE('',#5955,#5957,#5959,.T.);
#5955 = VERTEX_POINT('',#5956);
#5956 = CARTESIAN_POINT('',(107.7,-55.4,-3.5E-02));
#5957 = VERTEX_POINT('',#5958);
#5958 = CARTESIAN_POINT('',(107.7,-55.4,0.945));
#5959 = LINE('',#5960,#5961);
#5960 = CARTESIAN_POINT('',(107.7,-55.4,-3.5E-02));
#5961 = VECTOR('',#5962,1.);
#5962 = DIRECTION('',(0.,0.,1.));
#5963 = ORIENTED_EDGE('',*,*,#5964,.T.);
#5964 = EDGE_CURVE('',#5957,#5957,#5965,.T.);
#5965 = CIRCLE('',#5966,0.5);
#5966 = AXIS2_PLACEMENT_3D('',#5967,#5968,#5969);
#5967 = CARTESIAN_POINT('',(107.7,-54.9,0.945));
#5968 = DIRECTION('',(0.,0.,1.));
#5969 = DIRECTION('',(-0.,-1.,0.));
#5970 = ORIENTED_EDGE('',*,*,#5954,.F.);
#5971 = ORIENTED_EDGE('',*,*,#5972,.F.);
#5972 = EDGE_CURVE('',#5955,#5955,#5973,.T.);
#5973 = CIRCLE('',#5974,0.5);
#5974 = AXIS2_PLACEMENT_3D('',#5975,#5976,#5977);
#5975 = CARTESIAN_POINT('',(107.7,-54.9,-3.5E-02));
#5976 = DIRECTION('',(0.,0.,1.));
#5977 = DIRECTION('',(-0.,-1.,0.));
#5978 = CYLINDRICAL_SURFACE('',#5979,0.5);
#5979 = AXIS2_PLACEMENT_3D('',#5980,#5981,#5982);
#5980 = CARTESIAN_POINT('',(107.7,-54.9,-3.5E-02));
#5981 = DIRECTION('',(-0.,-0.,-1.));
#5982 = DIRECTION('',(-0.,-1.,0.));
#5983 = ADVANCED_FACE('',(#5984,#5987),#5998,.F.);
#5984 = FACE_BOUND('',#5985,.F.);
#5985 = EDGE_LOOP('',(#5986));
#5986 = ORIENTED_EDGE('',*,*,#5972,.T.);
#5987 = FACE_BOUND('',#5988,.F.);
#5988 = EDGE_LOOP('',(#5989));
#5989 = ORIENTED_EDGE('',*,*,#5990,.T.);
#5990 = EDGE_CURVE('',#5991,#5991,#5993,.T.);
#5991 = VERTEX_POINT('',#5992);
#5992 = CARTESIAN_POINT('',(107.7,-55.375,-3.5E-02));
#5993 = CIRCLE('',#5994,0.475);
#5994 = AXIS2_PLACEMENT_3D('',#5995,#5996,#5997);
#5995 = CARTESIAN_POINT('',(107.7,-54.9,-3.5E-02));
#5996 = DIRECTION('',(-0.,0.,-1.));
#5997 = DIRECTION('',(2.991758887411E-14,-1.,-0.));
#5998 = PLANE('',#5999);
#5999 = AXIS2_PLACEMENT_3D('',#6000,#6001,#6002);
#6000 = CARTESIAN_POINT('',(107.7,-55.4,-3.5E-02));
#6001 = DIRECTION('',(0.,0.,1.));
#6002 = DIRECTION('',(1.,0.,-0.));
#6003 = ADVANCED_FACE('',(#6004,#6007),#6018,.T.);
#6004 = FACE_BOUND('',#6005,.T.);
#6005 = EDGE_LOOP('',(#6006));
#6006 = ORIENTED_EDGE('',*,*,#5964,.T.);
#6007 = FACE_BOUND('',#6008,.T.);
#6008 = EDGE_LOOP('',(#6009));
#6009 = ORIENTED_EDGE('',*,*,#6010,.T.);
#6010 = EDGE_CURVE('',#6011,#6011,#6013,.T.);
#6011 = VERTEX_POINT('',#6012);
#6012 = CARTESIAN_POINT('',(107.7,-55.375,0.945));
#6013 = CIRCLE('',#6014,0.475);
#6014 = AXIS2_PLACEMENT_3D('',#6015,#6016,#6017);
#6015 = CARTESIAN_POINT('',(107.7,-54.9,0.945));
#6016 = DIRECTION('',(-0.,0.,-1.));
#6017 = DIRECTION('',(2.991758887411E-14,-1.,-0.));
#6018 = PLANE('',#6019);
#6019 = AXIS2_PLACEMENT_3D('',#6020,#6021,#6022);
#6020 = CARTESIAN_POINT('',(107.7,-55.4,0.945));
#6021 = DIRECTION('',(0.,0.,1.));
#6022 = DIRECTION('',(1.,0.,-0.));
#6023 = ADVANCED_FACE('',(#6024),#6035,.F.);
#6024 = FACE_BOUND('',#6025,.T.);
#6025 = EDGE_LOOP('',(#6026,#6027,#6033,#6034));
#6026 = ORIENTED_EDGE('',*,*,#5990,.T.);
#6027 = ORIENTED_EDGE('',*,*,#6028,.T.);
#6028 = EDGE_CURVE('',#5991,#6011,#6029,.T.);
#6029 = LINE('',#6030,#6031);
#6030 = CARTESIAN_POINT('',(107.7,-55.375,-4.6E-02));
#6031 = VECTOR('',#6032,1.);
#6032 = DIRECTION('',(0.,0.,1.));
#6033 = ORIENTED_EDGE('',*,*,#6010,.F.);
#6034 = ORIENTED_EDGE('',*,*,#6028,.F.);
#6035 = CYLINDRICAL_SURFACE('',#6036,0.475);
#6036 = AXIS2_PLACEMENT_3D('',#6037,#6038,#6039);
#6037 = CARTESIAN_POINT('',(107.7,-54.9,-4.6E-02));
#6038 = DIRECTION('',(-0.,0.,-1.));
#6039 = DIRECTION('',(2.991758887411E-14,-1.,-0.));
#6040 = MANIFOLD_SOLID_BREP('',#6041);
#6041 = CLOSED_SHELL('',(#6042,#6084,#6115,#6148,#6179,#6212,#6243,#6276
    ,#6298,#6314));
#6042 = ADVANCED_FACE('',(#6043),#6079,.T.);
#6043 = FACE_BOUND('',#6044,.F.);
#6044 = EDGE_LOOP('',(#6045,#6055,#6064,#6072));
#6045 = ORIENTED_EDGE('',*,*,#6046,.T.);
#6046 = EDGE_CURVE('',#6047,#6049,#6051,.T.);
#6047 = VERTEX_POINT('',#6048);
#6048 = CARTESIAN_POINT('',(101.9,-49.6375,0.));
#6049 = VERTEX_POINT('',#6050);
#6050 = CARTESIAN_POINT('',(101.9,-49.6375,-4.E-02));
#6051 = LINE('',#6052,#6053);
#6052 = CARTESIAN_POINT('',(101.9,-49.6375,0.));
#6053 = VECTOR('',#6054,1.);
#6054 = DIRECTION('',(0.,0.,-1.));
#6055 = ORIENTED_EDGE('',*,*,#6056,.T.);
#6056 = EDGE_CURVE('',#6049,#6057,#6059,.T.);
#6057 = VERTEX_POINT('',#6058);
#6058 = CARTESIAN_POINT('',(102.0125,-49.525,-4.E-02));
#6059 = CIRCLE('',#6060,0.112498336922);
#6060 = AXIS2_PLACEMENT_3D('',#6061,#6062,#6063);
#6061 = CARTESIAN_POINT('',(102.01249833691,-49.63749833691,-4.E-02));
#6062 = DIRECTION('',(0.,0.,-1.));
#6063 = DIRECTION('',(-0.999999999891,-1.478324205583E-05,-0.));
#6064 = ORIENTED_EDGE('',*,*,#6065,.F.);
#6065 = EDGE_CURVE('',#6066,#6057,#6068,.T.);
#6066 = VERTEX_POINT('',#6067);
#6067 = CARTESIAN_POINT('',(102.0125,-49.525,0.));
#6068 = LINE('',#6069,#6070);
#6069 = CARTESIAN_POINT('',(102.0125,-49.525,0.));
#6070 = VECTOR('',#6071,1.);
#6071 = DIRECTION('',(0.,0.,-1.));
#6072 = ORIENTED_EDGE('',*,*,#6073,.F.);
#6073 = EDGE_CURVE('',#6047,#6066,#6074,.T.);
#6074 = CIRCLE('',#6075,0.112498336922);
#6075 = AXIS2_PLACEMENT_3D('',#6076,#6077,#6078);
#6076 = CARTESIAN_POINT('',(102.01249833691,-49.63749833691,0.));
#6077 = DIRECTION('',(0.,0.,-1.));
#6078 = DIRECTION('',(-0.999999999891,-1.478324205583E-05,-0.));
#6079 = CYLINDRICAL_SURFACE('',#6080,0.112498336922);
#6080 = AXIS2_PLACEMENT_3D('',#6081,#6082,#6083);
#6081 = CARTESIAN_POINT('',(102.01249833691,-49.63749833691,0.));
#6082 = DIRECTION('',(-0.,-0.,1.));
#6083 = DIRECTION('',(-0.999999999891,-1.478324205583E-05,-0.));
#6084 = ADVANCED_FACE('',(#6085),#6110,.F.);
#6085 = FACE_BOUND('',#6086,.F.);
#6086 = EDGE_LOOP('',(#6087,#6088,#6096,#6104));
#6087 = ORIENTED_EDGE('',*,*,#6065,.T.);
#6088 = ORIENTED_EDGE('',*,*,#6089,.T.);
#6089 = EDGE_CURVE('',#6057,#6090,#6092,.T.);
#6090 = VERTEX_POINT('',#6091);
#6091 = CARTESIAN_POINT('',(102.3875,-49.525,-4.E-02));
#6092 = LINE('',#6093,#6094);
#6093 = CARTESIAN_POINT('',(102.0125,-49.525,-4.E-02));
#6094 = VECTOR('',#6095,1.);
#6095 = DIRECTION('',(1.,0.,0.));
#6096 = ORIENTED_EDGE('',*,*,#6097,.F.);
#6097 = EDGE_CURVE('',#6098,#6090,#6100,.T.);
#6098 = VERTEX_POINT('',#6099);
#6099 = CARTESIAN_POINT('',(102.3875,-49.525,0.));
#6100 = LINE('',#6101,#6102);
#6101 = CARTESIAN_POINT('',(102.3875,-49.525,0.));
#6102 = VECTOR('',#6103,1.);
#6103 = DIRECTION('',(0.,0.,-1.));
#6104 = ORIENTED_EDGE('',*,*,#6105,.F.);
#6105 = EDGE_CURVE('',#6066,#6098,#6106,.T.);
#6106 = LINE('',#6107,#6108);
#6107 = CARTESIAN_POINT('',(102.0125,-49.525,0.));
#6108 = VECTOR('',#6109,1.);
#6109 = DIRECTION('',(1.,0.,0.));
#6110 = PLANE('',#6111);
#6111 = AXIS2_PLACEMENT_3D('',#6112,#6113,#6114);
#6112 = CARTESIAN_POINT('',(102.0125,-49.525,0.));
#6113 = DIRECTION('',(0.,-1.,0.));
#6114 = DIRECTION('',(1.,0.,0.));
#6115 = ADVANCED_FACE('',(#6116),#6143,.T.);
#6116 = FACE_BOUND('',#6117,.F.);
#6117 = EDGE_LOOP('',(#6118,#6119,#6128,#6136));
#6118 = ORIENTED_EDGE('',*,*,#6097,.T.);
#6119 = ORIENTED_EDGE('',*,*,#6120,.T.);
#6120 = EDGE_CURVE('',#6090,#6121,#6123,.T.);
#6121 = VERTEX_POINT('',#6122);
#6122 = CARTESIAN_POINT('',(102.5,-49.6375,-4.E-02));
#6123 = CIRCLE('',#6124,0.112498336922);
#6124 = AXIS2_PLACEMENT_3D('',#6125,#6126,#6127);
#6125 = CARTESIAN_POINT('',(102.38750166309,-49.63749833691,-4.E-02));
#6126 = DIRECTION('',(0.,0.,-1.));
#6127 = DIRECTION('',(-1.478324192951E-05,0.999999999891,0.));
#6128 = ORIENTED_EDGE('',*,*,#6129,.F.);
#6129 = EDGE_CURVE('',#6130,#6121,#6132,.T.);
#6130 = VERTEX_POINT('',#6131);
#6131 = CARTESIAN_POINT('',(102.5,-49.6375,0.));
#6132 = LINE('',#6133,#6134);
#6133 = CARTESIAN_POINT('',(102.5,-49.6375,0.));
#6134 = VECTOR('',#6135,1.);
#6135 = DIRECTION('',(0.,0.,-1.));
#6136 = ORIENTED_EDGE('',*,*,#6137,.F.);
#6137 = EDGE_CURVE('',#6098,#6130,#6138,.T.);
#6138 = CIRCLE('',#6139,0.112498336922);
#6139 = AXIS2_PLACEMENT_3D('',#6140,#6141,#6142);
#6140 = CARTESIAN_POINT('',(102.38750166309,-49.63749833691,0.));
#6141 = DIRECTION('',(0.,0.,-1.));
#6142 = DIRECTION('',(-1.478324192951E-05,0.999999999891,0.));
#6143 = CYLINDRICAL_SURFACE('',#6144,0.112498336922);
#6144 = AXIS2_PLACEMENT_3D('',#6145,#6146,#6147);
#6145 = CARTESIAN_POINT('',(102.38750166309,-49.63749833691,0.));
#6146 = DIRECTION('',(-0.,-0.,1.));
#6147 = DIRECTION('',(-1.478324192951E-05,0.999999999891,0.));
#6148 = ADVANCED_FACE('',(#6149),#6174,.F.);
#6149 = FACE_BOUND('',#6150,.F.);
#6150 = EDGE_LOOP('',(#6151,#6152,#6160,#6168));
#6151 = ORIENTED_EDGE('',*,*,#6129,.T.);
#6152 = ORIENTED_EDGE('',*,*,#6153,.T.);
#6153 = EDGE_CURVE('',#6121,#6154,#6156,.T.);
#6154 = VERTEX_POINT('',#6155);
#6155 = CARTESIAN_POINT('',(102.5,-49.8625,-4.E-02));
#6156 = LINE('',#6157,#6158);
#6157 = CARTESIAN_POINT('',(102.5,-49.6375,-4.E-02));
#6158 = VECTOR('',#6159,1.);
#6159 = DIRECTION('',(0.,-1.,0.));
#6160 = ORIENTED_EDGE('',*,*,#6161,.F.);
#6161 = EDGE_CURVE('',#6162,#6154,#6164,.T.);
#6162 = VERTEX_POINT('',#6163);
#6163 = CARTESIAN_POINT('',(102.5,-49.8625,0.));
#6164 = LINE('',#6165,#6166);
#6165 = CARTESIAN_POINT('',(102.5,-49.8625,0.));
#6166 = VECTOR('',#6167,1.);
#6167 = DIRECTION('',(0.,0.,-1.));
#6168 = ORIENTED_EDGE('',*,*,#6169,.F.);
#6169 = EDGE_CURVE('',#6130,#6162,#6170,.T.);
#6170 = LINE('',#6171,#6172);
#6171 = CARTESIAN_POINT('',(102.5,-49.6375,0.));
#6172 = VECTOR('',#6173,1.);
#6173 = DIRECTION('',(0.,-1.,0.));
#6174 = PLANE('',#6175);
#6175 = AXIS2_PLACEMENT_3D('',#6176,#6177,#6178);
#6176 = CARTESIAN_POINT('',(102.5,-49.6375,0.));
#6177 = DIRECTION('',(-1.,-0.,-0.));
#6178 = DIRECTION('',(0.,-1.,0.));
#6179 = ADVANCED_FACE('',(#6180),#6207,.T.);
#6180 = FACE_BOUND('',#6181,.F.);
#6181 = EDGE_LOOP('',(#6182,#6183,#6192,#6200));
#6182 = ORIENTED_EDGE('',*,*,#6161,.T.);
#6183 = ORIENTED_EDGE('',*,*,#6184,.T.);
#6184 = EDGE_CURVE('',#6154,#6185,#6187,.T.);
#6185 = VERTEX_POINT('',#6186);
#6186 = CARTESIAN_POINT('',(102.3875,-49.975,-4.E-02));
#6187 = CIRCLE('',#6188,0.112498336922);
#6188 = AXIS2_PLACEMENT_3D('',#6189,#6190,#6191);
#6189 = CARTESIAN_POINT('',(102.38750166309,-49.86250166309,-4.E-02));
#6190 = DIRECTION('',(0.,0.,-1.));
#6191 = DIRECTION('',(0.999999999891,1.478324205583E-05,0.));
#6192 = ORIENTED_EDGE('',*,*,#6193,.F.);
#6193 = EDGE_CURVE('',#6194,#6185,#6196,.T.);
#6194 = VERTEX_POINT('',#6195);
#6195 = CARTESIAN_POINT('',(102.3875,-49.975,0.));
#6196 = LINE('',#6197,#6198);
#6197 = CARTESIAN_POINT('',(102.3875,-49.975,0.));
#6198 = VECTOR('',#6199,1.);
#6199 = DIRECTION('',(0.,0.,-1.));
#6200 = ORIENTED_EDGE('',*,*,#6201,.F.);
#6201 = EDGE_CURVE('',#6162,#6194,#6202,.T.);
#6202 = CIRCLE('',#6203,0.112498336922);
#6203 = AXIS2_PLACEMENT_3D('',#6204,#6205,#6206);
#6204 = CARTESIAN_POINT('',(102.38750166309,-49.86250166309,0.));
#6205 = DIRECTION('',(0.,0.,-1.));
#6206 = DIRECTION('',(0.999999999891,1.478324205583E-05,0.));
#6207 = CYLINDRICAL_SURFACE('',#6208,0.112498336922);
#6208 = AXIS2_PLACEMENT_3D('',#6209,#6210,#6211);
#6209 = CARTESIAN_POINT('',(102.38750166309,-49.86250166309,0.));
#6210 = DIRECTION('',(-0.,-0.,1.));
#6211 = DIRECTION('',(0.999999999891,1.478324205583E-05,0.));
#6212 = ADVANCED_FACE('',(#6213),#6238,.F.);
#6213 = FACE_BOUND('',#6214,.F.);
#6214 = EDGE_LOOP('',(#6215,#6216,#6224,#6232));
#6215 = ORIENTED_EDGE('',*,*,#6193,.T.);
#6216 = ORIENTED_EDGE('',*,*,#6217,.T.);
#6217 = EDGE_CURVE('',#6185,#6218,#6220,.T.);
#6218 = VERTEX_POINT('',#6219);
#6219 = CARTESIAN_POINT('',(102.0125,-49.975,-4.E-02));
#6220 = LINE('',#6221,#6222);
#6221 = CARTESIAN_POINT('',(102.3875,-49.975,-4.E-02));
#6222 = VECTOR('',#6223,1.);
#6223 = DIRECTION('',(-1.,0.,0.));
#6224 = ORIENTED_EDGE('',*,*,#6225,.F.);
#6225 = EDGE_CURVE('',#6226,#6218,#6228,.T.);
#6226 = VERTEX_POINT('',#6227);
#6227 = CARTESIAN_POINT('',(102.0125,-49.975,0.));
#6228 = LINE('',#6229,#6230);
#6229 = CARTESIAN_POINT('',(102.0125,-49.975,0.));
#6230 = VECTOR('',#6231,1.);
#6231 = DIRECTION('',(0.,0.,-1.));
#6232 = ORIENTED_EDGE('',*,*,#6233,.F.);
#6233 = EDGE_CURVE('',#6194,#6226,#6234,.T.);
#6234 = LINE('',#6235,#6236);
#6235 = CARTESIAN_POINT('',(102.3875,-49.975,0.));
#6236 = VECTOR('',#6237,1.);
#6237 = DIRECTION('',(-1.,0.,0.));
#6238 = PLANE('',#6239);
#6239 = AXIS2_PLACEMENT_3D('',#6240,#6241,#6242);
#6240 = CARTESIAN_POINT('',(102.3875,-49.975,0.));
#6241 = DIRECTION('',(0.,1.,0.));
#6242 = DIRECTION('',(-1.,0.,0.));
#6243 = ADVANCED_FACE('',(#6244),#6271,.T.);
#6244 = FACE_BOUND('',#6245,.F.);
#6245 = EDGE_LOOP('',(#6246,#6247,#6256,#6264));
#6246 = ORIENTED_EDGE('',*,*,#6225,.T.);
#6247 = ORIENTED_EDGE('',*,*,#6248,.T.);
#6248 = EDGE_CURVE('',#6218,#6249,#6251,.T.);
#6249 = VERTEX_POINT('',#6250);
#6250 = CARTESIAN_POINT('',(101.9,-49.8625,-4.E-02));
#6251 = CIRCLE('',#6252,0.112498336922);
#6252 = AXIS2_PLACEMENT_3D('',#6253,#6254,#6255);
#6253 = CARTESIAN_POINT('',(102.01249833691,-49.86250166309,-4.E-02));
#6254 = DIRECTION('',(0.,0.,-1.));
#6255 = DIRECTION('',(1.478324192951E-05,-0.999999999891,0.));
#6256 = ORIENTED_EDGE('',*,*,#6257,.F.);
#6257 = EDGE_CURVE('',#6258,#6249,#6260,.T.);
#6258 = VERTEX_POINT('',#6259);
#6259 = CARTESIAN_POINT('',(101.9,-49.8625,0.));
#6260 = LINE('',#6261,#6262);
#6261 = CARTESIAN_POINT('',(101.9,-49.8625,0.));
#6262 = VECTOR('',#6263,1.);
#6263 = DIRECTION('',(0.,0.,-1.));
#6264 = ORIENTED_EDGE('',*,*,#6265,.F.);
#6265 = EDGE_CURVE('',#6226,#6258,#6266,.T.);
#6266 = CIRCLE('',#6267,0.112498336922);
#6267 = AXIS2_PLACEMENT_3D('',#6268,#6269,#6270);
#6268 = CARTESIAN_POINT('',(102.01249833691,-49.86250166309,0.));
#6269 = DIRECTION('',(0.,0.,-1.));
#6270 = DIRECTION('',(1.478324192951E-05,-0.999999999891,0.));
#6271 = CYLINDRICAL_SURFACE('',#6272,0.112498336922);
#6272 = AXIS2_PLACEMENT_3D('',#6273,#6274,#6275);
#6273 = CARTESIAN_POINT('',(102.01249833691,-49.86250166309,0.));
#6274 = DIRECTION('',(-0.,-0.,1.));
#6275 = DIRECTION('',(1.478324192951E-05,-0.999999999891,0.));
#6276 = ADVANCED_FACE('',(#6277),#6293,.F.);
#6277 = FACE_BOUND('',#6278,.F.);
#6278 = EDGE_LOOP('',(#6279,#6280,#6286,#6287));
#6279 = ORIENTED_EDGE('',*,*,#6257,.T.);
#6280 = ORIENTED_EDGE('',*,*,#6281,.T.);
#6281 = EDGE_CURVE('',#6249,#6049,#6282,.T.);
#6282 = LINE('',#6283,#6284);
#6283 = CARTESIAN_POINT('',(101.9,-49.8625,-4.E-02));
#6284 = VECTOR('',#6285,1.);
#6285 = DIRECTION('',(0.,1.,0.));
#6286 = ORIENTED_EDGE('',*,*,#6046,.F.);
#6287 = ORIENTED_EDGE('',*,*,#6288,.F.);
#6288 = EDGE_CURVE('',#6258,#6047,#6289,.T.);
#6289 = LINE('',#6290,#6291);
#6290 = CARTESIAN_POINT('',(101.9,-49.8625,0.));
#6291 = VECTOR('',#6292,1.);
#6292 = DIRECTION('',(0.,1.,0.));
#6293 = PLANE('',#6294);
#6294 = AXIS2_PLACEMENT_3D('',#6295,#6296,#6297);
#6295 = CARTESIAN_POINT('',(101.9,-49.8625,0.));
#6296 = DIRECTION('',(1.,-0.,0.));
#6297 = DIRECTION('',(0.,1.,0.));
#6298 = ADVANCED_FACE('',(#6299),#6309,.F.);
#6299 = FACE_BOUND('',#6300,.F.);
#6300 = EDGE_LOOP('',(#6301,#6302,#6303,#6304,#6305,#6306,#6307,#6308));
#6301 = ORIENTED_EDGE('',*,*,#6073,.T.);
#6302 = ORIENTED_EDGE('',*,*,#6105,.T.);
#6303 = ORIENTED_EDGE('',*,*,#6137,.T.);
#6304 = ORIENTED_EDGE('',*,*,#6169,.T.);
#6305 = ORIENTED_EDGE('',*,*,#6201,.T.);
#6306 = ORIENTED_EDGE('',*,*,#6233,.T.);
#6307 = ORIENTED_EDGE('',*,*,#6265,.T.);
#6308 = ORIENTED_EDGE('',*,*,#6288,.T.);
#6309 = PLANE('',#6310);
#6310 = AXIS2_PLACEMENT_3D('',#6311,#6312,#6313);
#6311 = CARTESIAN_POINT('',(0.,0.,0.));
#6312 = DIRECTION('',(-0.,-0.,-1.));
#6313 = DIRECTION('',(-1.,0.,0.));
#6314 = ADVANCED_FACE('',(#6315),#6325,.T.);
#6315 = FACE_BOUND('',#6316,.T.);
#6316 = EDGE_LOOP('',(#6317,#6318,#6319,#6320,#6321,#6322,#6323,#6324));
#6317 = ORIENTED_EDGE('',*,*,#6056,.T.);
#6318 = ORIENTED_EDGE('',*,*,#6089,.T.);
#6319 = ORIENTED_EDGE('',*,*,#6120,.T.);
#6320 = ORIENTED_EDGE('',*,*,#6153,.T.);
#6321 = ORIENTED_EDGE('',*,*,#6184,.T.);
#6322 = ORIENTED_EDGE('',*,*,#6217,.T.);
#6323 = ORIENTED_EDGE('',*,*,#6248,.T.);
#6324 = ORIENTED_EDGE('',*,*,#6281,.T.);
#6325 = PLANE('',#6326);
#6326 = AXIS2_PLACEMENT_3D('',#6327,#6328,#6329);
#6327 = CARTESIAN_POINT('',(0.,0.,-4.E-02));
#6328 = DIRECTION('',(-0.,-0.,-1.));
#6329 = DIRECTION('',(-1.,0.,0.));
#6330 = MANIFOLD_SOLID_BREP('',#6331);
#6331 = CLOSED_SHELL('',(#6332,#6374,#6405,#6438,#6469,#6502,#6533,#6566
    ,#6588,#6604));
#6332 = ADVANCED_FACE('',(#6333),#6369,.T.);
#6333 = FACE_BOUND('',#6334,.F.);
#6334 = EDGE_LOOP('',(#6335,#6345,#6354,#6362));
#6335 = ORIENTED_EDGE('',*,*,#6336,.T.);
#6336 = EDGE_CURVE('',#6337,#6339,#6341,.T.);
#6337 = VERTEX_POINT('',#6338);
#6338 = CARTESIAN_POINT('',(104.,-49.6375,0.));
#6339 = VERTEX_POINT('',#6340);
#6340 = CARTESIAN_POINT('',(104.,-49.6375,-4.E-02));
#6341 = LINE('',#6342,#6343);
#6342 = CARTESIAN_POINT('',(104.,-49.6375,0.));
#6343 = VECTOR('',#6344,1.);
#6344 = DIRECTION('',(0.,0.,-1.));
#6345 = ORIENTED_EDGE('',*,*,#6346,.T.);
#6346 = EDGE_CURVE('',#6339,#6347,#6349,.T.);
#6347 = VERTEX_POINT('',#6348);
#6348 = CARTESIAN_POINT('',(104.1125,-49.525,-4.E-02));
#6349 = CIRCLE('',#6350,0.112498336922);
#6350 = AXIS2_PLACEMENT_3D('',#6351,#6352,#6353);
#6351 = CARTESIAN_POINT('',(104.11249833691,-49.63749833691,-4.E-02));
#6352 = DIRECTION('',(0.,0.,-1.));
#6353 = DIRECTION('',(-0.999999999891,-1.478324205583E-05,-0.));
#6354 = ORIENTED_EDGE('',*,*,#6355,.F.);
#6355 = EDGE_CURVE('',#6356,#6347,#6358,.T.);
#6356 = VERTEX_POINT('',#6357);
#6357 = CARTESIAN_POINT('',(104.1125,-49.525,0.));
#6358 = LINE('',#6359,#6360);
#6359 = CARTESIAN_POINT('',(104.1125,-49.525,0.));
#6360 = VECTOR('',#6361,1.);
#6361 = DIRECTION('',(0.,0.,-1.));
#6362 = ORIENTED_EDGE('',*,*,#6363,.F.);
#6363 = EDGE_CURVE('',#6337,#6356,#6364,.T.);
#6364 = CIRCLE('',#6365,0.112498336922);
#6365 = AXIS2_PLACEMENT_3D('',#6366,#6367,#6368);
#6366 = CARTESIAN_POINT('',(104.11249833691,-49.63749833691,0.));
#6367 = DIRECTION('',(0.,0.,-1.));
#6368 = DIRECTION('',(-0.999999999891,-1.478324205583E-05,-0.));
#6369 = CYLINDRICAL_SURFACE('',#6370,0.112498336922);
#6370 = AXIS2_PLACEMENT_3D('',#6371,#6372,#6373);
#6371 = CARTESIAN_POINT('',(104.11249833691,-49.63749833691,0.));
#6372 = DIRECTION('',(-0.,-0.,1.));
#6373 = DIRECTION('',(-0.999999999891,-1.478324205583E-05,-0.));
#6374 = ADVANCED_FACE('',(#6375),#6400,.F.);
#6375 = FACE_BOUND('',#6376,.F.);
#6376 = EDGE_LOOP('',(#6377,#6378,#6386,#6394));
#6377 = ORIENTED_EDGE('',*,*,#6355,.T.);
#6378 = ORIENTED_EDGE('',*,*,#6379,.T.);
#6379 = EDGE_CURVE('',#6347,#6380,#6382,.T.);
#6380 = VERTEX_POINT('',#6381);
#6381 = CARTESIAN_POINT('',(104.4875,-49.525,-4.E-02));
#6382 = LINE('',#6383,#6384);
#6383 = CARTESIAN_POINT('',(104.1125,-49.525,-4.E-02));
#6384 = VECTOR('',#6385,1.);
#6385 = DIRECTION('',(1.,0.,0.));
#6386 = ORIENTED_EDGE('',*,*,#6387,.F.);
#6387 = EDGE_CURVE('',#6388,#6380,#6390,.T.);
#6388 = VERTEX_POINT('',#6389);
#6389 = CARTESIAN_POINT('',(104.4875,-49.525,0.));
#6390 = LINE('',#6391,#6392);
#6391 = CARTESIAN_POINT('',(104.4875,-49.525,0.));
#6392 = VECTOR('',#6393,1.);
#6393 = DIRECTION('',(0.,0.,-1.));
#6394 = ORIENTED_EDGE('',*,*,#6395,.F.);
#6395 = EDGE_CURVE('',#6356,#6388,#6396,.T.);
#6396 = LINE('',#6397,#6398);
#6397 = CARTESIAN_POINT('',(104.1125,-49.525,0.));
#6398 = VECTOR('',#6399,1.);
#6399 = DIRECTION('',(1.,0.,0.));
#6400 = PLANE('',#6401);
#6401 = AXIS2_PLACEMENT_3D('',#6402,#6403,#6404);
#6402 = CARTESIAN_POINT('',(104.1125,-49.525,0.));
#6403 = DIRECTION('',(0.,-1.,0.));
#6404 = DIRECTION('',(1.,0.,0.));
#6405 = ADVANCED_FACE('',(#6406),#6433,.T.);
#6406 = FACE_BOUND('',#6407,.F.);
#6407 = EDGE_LOOP('',(#6408,#6409,#6418,#6426));
#6408 = ORIENTED_EDGE('',*,*,#6387,.T.);
#6409 = ORIENTED_EDGE('',*,*,#6410,.T.);
#6410 = EDGE_CURVE('',#6380,#6411,#6413,.T.);
#6411 = VERTEX_POINT('',#6412);
#6412 = CARTESIAN_POINT('',(104.6,-49.6375,-4.E-02));
#6413 = CIRCLE('',#6414,0.112498336922);
#6414 = AXIS2_PLACEMENT_3D('',#6415,#6416,#6417);
#6415 = CARTESIAN_POINT('',(104.48750166309,-49.63749833691,-4.E-02));
#6416 = DIRECTION('',(0.,0.,-1.));
#6417 = DIRECTION('',(-1.478324192951E-05,0.999999999891,0.));
#6418 = ORIENTED_EDGE('',*,*,#6419,.F.);
#6419 = EDGE_CURVE('',#6420,#6411,#6422,.T.);
#6420 = VERTEX_POINT('',#6421);
#6421 = CARTESIAN_POINT('',(104.6,-49.6375,0.));
#6422 = LINE('',#6423,#6424);
#6423 = CARTESIAN_POINT('',(104.6,-49.6375,0.));
#6424 = VECTOR('',#6425,1.);
#6425 = DIRECTION('',(0.,0.,-1.));
#6426 = ORIENTED_EDGE('',*,*,#6427,.F.);
#6427 = EDGE_CURVE('',#6388,#6420,#6428,.T.);
#6428 = CIRCLE('',#6429,0.112498336922);
#6429 = AXIS2_PLACEMENT_3D('',#6430,#6431,#6432);
#6430 = CARTESIAN_POINT('',(104.48750166309,-49.63749833691,0.));
#6431 = DIRECTION('',(0.,0.,-1.));
#6432 = DIRECTION('',(-1.478324192951E-05,0.999999999891,0.));
#6433 = CYLINDRICAL_SURFACE('',#6434,0.112498336922);
#6434 = AXIS2_PLACEMENT_3D('',#6435,#6436,#6437);
#6435 = CARTESIAN_POINT('',(104.48750166309,-49.63749833691,0.));
#6436 = DIRECTION('',(-0.,-0.,1.));
#6437 = DIRECTION('',(-1.478324192951E-05,0.999999999891,0.));
#6438 = ADVANCED_FACE('',(#6439),#6464,.F.);
#6439 = FACE_BOUND('',#6440,.F.);
#6440 = EDGE_LOOP('',(#6441,#6442,#6450,#6458));
#6441 = ORIENTED_EDGE('',*,*,#6419,.T.);
#6442 = ORIENTED_EDGE('',*,*,#6443,.T.);
#6443 = EDGE_CURVE('',#6411,#6444,#6446,.T.);
#6444 = VERTEX_POINT('',#6445);
#6445 = CARTESIAN_POINT('',(104.6,-49.8625,-4.E-02));
#6446 = LINE('',#6447,#6448);
#6447 = CARTESIAN_POINT('',(104.6,-49.6375,-4.E-02));
#6448 = VECTOR('',#6449,1.);
#6449 = DIRECTION('',(0.,-1.,0.));
#6450 = ORIENTED_EDGE('',*,*,#6451,.F.);
#6451 = EDGE_CURVE('',#6452,#6444,#6454,.T.);
#6452 = VERTEX_POINT('',#6453);
#6453 = CARTESIAN_POINT('',(104.6,-49.8625,0.));
#6454 = LINE('',#6455,#6456);
#6455 = CARTESIAN_POINT('',(104.6,-49.8625,0.));
#6456 = VECTOR('',#6457,1.);
#6457 = DIRECTION('',(0.,0.,-1.));
#6458 = ORIENTED_EDGE('',*,*,#6459,.F.);
#6459 = EDGE_CURVE('',#6420,#6452,#6460,.T.);
#6460 = LINE('',#6461,#6462);
#6461 = CARTESIAN_POINT('',(104.6,-49.6375,0.));
#6462 = VECTOR('',#6463,1.);
#6463 = DIRECTION('',(0.,-1.,0.));
#6464 = PLANE('',#6465);
#6465 = AXIS2_PLACEMENT_3D('',#6466,#6467,#6468);
#6466 = CARTESIAN_POINT('',(104.6,-49.6375,0.));
#6467 = DIRECTION('',(-1.,-0.,-0.));
#6468 = DIRECTION('',(0.,-1.,0.));
#6469 = ADVANCED_FACE('',(#6470),#6497,.T.);
#6470 = FACE_BOUND('',#6471,.F.);
#6471 = EDGE_LOOP('',(#6472,#6473,#6482,#6490));
#6472 = ORIENTED_EDGE('',*,*,#6451,.T.);
#6473 = ORIENTED_EDGE('',*,*,#6474,.T.);
#6474 = EDGE_CURVE('',#6444,#6475,#6477,.T.);
#6475 = VERTEX_POINT('',#6476);
#6476 = CARTESIAN_POINT('',(104.4875,-49.975,-4.E-02));
#6477 = CIRCLE('',#6478,0.112498336922);
#6478 = AXIS2_PLACEMENT_3D('',#6479,#6480,#6481);
#6479 = CARTESIAN_POINT('',(104.48750166309,-49.86250166309,-4.E-02));
#6480 = DIRECTION('',(0.,0.,-1.));
#6481 = DIRECTION('',(0.999999999891,1.478324205583E-05,0.));
#6482 = ORIENTED_EDGE('',*,*,#6483,.F.);
#6483 = EDGE_CURVE('',#6484,#6475,#6486,.T.);
#6484 = VERTEX_POINT('',#6485);
#6485 = CARTESIAN_POINT('',(104.4875,-49.975,0.));
#6486 = LINE('',#6487,#6488);
#6487 = CARTESIAN_POINT('',(104.4875,-49.975,0.));
#6488 = VECTOR('',#6489,1.);
#6489 = DIRECTION('',(0.,0.,-1.));
#6490 = ORIENTED_EDGE('',*,*,#6491,.F.);
#6491 = EDGE_CURVE('',#6452,#6484,#6492,.T.);
#6492 = CIRCLE('',#6493,0.112498336922);
#6493 = AXIS2_PLACEMENT_3D('',#6494,#6495,#6496);
#6494 = CARTESIAN_POINT('',(104.48750166309,-49.86250166309,0.));
#6495 = DIRECTION('',(0.,0.,-1.));
#6496 = DIRECTION('',(0.999999999891,1.478324205583E-05,0.));
#6497 = CYLINDRICAL_SURFACE('',#6498,0.112498336922);
#6498 = AXIS2_PLACEMENT_3D('',#6499,#6500,#6501);
#6499 = CARTESIAN_POINT('',(104.48750166309,-49.86250166309,0.));
#6500 = DIRECTION('',(-0.,-0.,1.));
#6501 = DIRECTION('',(0.999999999891,1.478324205583E-05,0.));
#6502 = ADVANCED_FACE('',(#6503),#6528,.F.);
#6503 = FACE_BOUND('',#6504,.F.);
#6504 = EDGE_LOOP('',(#6505,#6506,#6514,#6522));
#6505 = ORIENTED_EDGE('',*,*,#6483,.T.);
#6506 = ORIENTED_EDGE('',*,*,#6507,.T.);
#6507 = EDGE_CURVE('',#6475,#6508,#6510,.T.);
#6508 = VERTEX_POINT('',#6509);
#6509 = CARTESIAN_POINT('',(104.1125,-49.975,-4.E-02));
#6510 = LINE('',#6511,#6512);
#6511 = CARTESIAN_POINT('',(104.4875,-49.975,-4.E-02));
#6512 = VECTOR('',#6513,1.);
#6513 = DIRECTION('',(-1.,0.,0.));
#6514 = ORIENTED_EDGE('',*,*,#6515,.F.);
#6515 = EDGE_CURVE('',#6516,#6508,#6518,.T.);
#6516 = VERTEX_POINT('',#6517);
#6517 = CARTESIAN_POINT('',(104.1125,-49.975,0.));
#6518 = LINE('',#6519,#6520);
#6519 = CARTESIAN_POINT('',(104.1125,-49.975,0.));
#6520 = VECTOR('',#6521,1.);
#6521 = DIRECTION('',(0.,0.,-1.));
#6522 = ORIENTED_EDGE('',*,*,#6523,.F.);
#6523 = EDGE_CURVE('',#6484,#6516,#6524,.T.);
#6524 = LINE('',#6525,#6526);
#6525 = CARTESIAN_POINT('',(104.4875,-49.975,0.));
#6526 = VECTOR('',#6527,1.);
#6527 = DIRECTION('',(-1.,0.,0.));
#6528 = PLANE('',#6529);
#6529 = AXIS2_PLACEMENT_3D('',#6530,#6531,#6532);
#6530 = CARTESIAN_POINT('',(104.4875,-49.975,0.));
#6531 = DIRECTION('',(0.,1.,0.));
#6532 = DIRECTION('',(-1.,0.,0.));
#6533 = ADVANCED_FACE('',(#6534),#6561,.T.);
#6534 = FACE_BOUND('',#6535,.F.);
#6535 = EDGE_LOOP('',(#6536,#6537,#6546,#6554));
#6536 = ORIENTED_EDGE('',*,*,#6515,.T.);
#6537 = ORIENTED_EDGE('',*,*,#6538,.T.);
#6538 = EDGE_CURVE('',#6508,#6539,#6541,.T.);
#6539 = VERTEX_POINT('',#6540);
#6540 = CARTESIAN_POINT('',(104.,-49.8625,-4.E-02));
#6541 = CIRCLE('',#6542,0.112498336922);
#6542 = AXIS2_PLACEMENT_3D('',#6543,#6544,#6545);
#6543 = CARTESIAN_POINT('',(104.11249833691,-49.86250166309,-4.E-02));
#6544 = DIRECTION('',(0.,0.,-1.));
#6545 = DIRECTION('',(1.478324192951E-05,-0.999999999891,0.));
#6546 = ORIENTED_EDGE('',*,*,#6547,.F.);
#6547 = EDGE_CURVE('',#6548,#6539,#6550,.T.);
#6548 = VERTEX_POINT('',#6549);
#6549 = CARTESIAN_POINT('',(104.,-49.8625,0.));
#6550 = LINE('',#6551,#6552);
#6551 = CARTESIAN_POINT('',(104.,-49.8625,0.));
#6552 = VECTOR('',#6553,1.);
#6553 = DIRECTION('',(0.,0.,-1.));
#6554 = ORIENTED_EDGE('',*,*,#6555,.F.);
#6555 = EDGE_CURVE('',#6516,#6548,#6556,.T.);
#6556 = CIRCLE('',#6557,0.112498336922);
#6557 = AXIS2_PLACEMENT_3D('',#6558,#6559,#6560);
#6558 = CARTESIAN_POINT('',(104.11249833691,-49.86250166309,0.));
#6559 = DIRECTION('',(0.,0.,-1.));
#6560 = DIRECTION('',(1.478324192951E-05,-0.999999999891,0.));
#6561 = CYLINDRICAL_SURFACE('',#6562,0.112498336922);
#6562 = AXIS2_PLACEMENT_3D('',#6563,#6564,#6565);
#6563 = CARTESIAN_POINT('',(104.11249833691,-49.86250166309,0.));
#6564 = DIRECTION('',(-0.,-0.,1.));
#6565 = DIRECTION('',(1.478324192951E-05,-0.999999999891,0.));
#6566 = ADVANCED_FACE('',(#6567),#6583,.F.);
#6567 = FACE_BOUND('',#6568,.F.);
#6568 = EDGE_LOOP('',(#6569,#6570,#6576,#6577));
#6569 = ORIENTED_EDGE('',*,*,#6547,.T.);
#6570 = ORIENTED_EDGE('',*,*,#6571,.T.);
#6571 = EDGE_CURVE('',#6539,#6339,#6572,.T.);
#6572 = LINE('',#6573,#6574);
#6573 = CARTESIAN_POINT('',(104.,-49.8625,-4.E-02));
#6574 = VECTOR('',#6575,1.);
#6575 = DIRECTION('',(0.,1.,0.));
#6576 = ORIENTED_EDGE('',*,*,#6336,.F.);
#6577 = ORIENTED_EDGE('',*,*,#6578,.F.);
#6578 = EDGE_CURVE('',#6548,#6337,#6579,.T.);
#6579 = LINE('',#6580,#6581);
#6580 = CARTESIAN_POINT('',(104.,-49.8625,0.));
#6581 = VECTOR('',#6582,1.);
#6582 = DIRECTION('',(0.,1.,0.));
#6583 = PLANE('',#6584);
#6584 = AXIS2_PLACEMENT_3D('',#6585,#6586,#6587);
#6585 = CARTESIAN_POINT('',(104.,-49.8625,0.));
#6586 = DIRECTION('',(1.,-0.,0.));
#6587 = DIRECTION('',(0.,1.,0.));
#6588 = ADVANCED_FACE('',(#6589),#6599,.F.);
#6589 = FACE_BOUND('',#6590,.F.);
#6590 = EDGE_LOOP('',(#6591,#6592,#6593,#6594,#6595,#6596,#6597,#6598));
#6591 = ORIENTED_EDGE('',*,*,#6363,.T.);
#6592 = ORIENTED_EDGE('',*,*,#6395,.T.);
#6593 = ORIENTED_EDGE('',*,*,#6427,.T.);
#6594 = ORIENTED_EDGE('',*,*,#6459,.T.);
#6595 = ORIENTED_EDGE('',*,*,#6491,.T.);
#6596 = ORIENTED_EDGE('',*,*,#6523,.T.);
#6597 = ORIENTED_EDGE('',*,*,#6555,.T.);
#6598 = ORIENTED_EDGE('',*,*,#6578,.T.);
#6599 = PLANE('',#6600);
#6600 = AXIS2_PLACEMENT_3D('',#6601,#6602,#6603);
#6601 = CARTESIAN_POINT('',(0.,0.,0.));
#6602 = DIRECTION('',(-0.,-0.,-1.));
#6603 = DIRECTION('',(-1.,0.,0.));
#6604 = ADVANCED_FACE('',(#6605),#6615,.T.);
#6605 = FACE_BOUND('',#6606,.T.);
#6606 = EDGE_LOOP('',(#6607,#6608,#6609,#6610,#6611,#6612,#6613,#6614));
#6607 = ORIENTED_EDGE('',*,*,#6346,.T.);
#6608 = ORIENTED_EDGE('',*,*,#6379,.T.);
#6609 = ORIENTED_EDGE('',*,*,#6410,.T.);
#6610 = ORIENTED_EDGE('',*,*,#6443,.T.);
#6611 = ORIENTED_EDGE('',*,*,#6474,.T.);
#6612 = ORIENTED_EDGE('',*,*,#6507,.T.);
#6613 = ORIENTED_EDGE('',*,*,#6538,.T.);
#6614 = ORIENTED_EDGE('',*,*,#6571,.T.);
#6615 = PLANE('',#6616);
#6616 = AXIS2_PLACEMENT_3D('',#6617,#6618,#6619);
#6617 = CARTESIAN_POINT('',(0.,0.,-4.E-02));
#6618 = DIRECTION('',(-0.,-0.,-1.));
#6619 = DIRECTION('',(-1.,0.,0.));
#6620 = MANIFOLD_SOLID_BREP('',#6621);
#6621 = CLOSED_SHELL('',(#6622,#6664,#6695,#6728,#6759,#6792,#6823,#6856
    ,#6878,#6894));
#6622 = ADVANCED_FACE('',(#6623),#6659,.T.);
#6623 = FACE_BOUND('',#6624,.F.);
#6624 = EDGE_LOOP('',(#6625,#6635,#6644,#6652));
#6625 = ORIENTED_EDGE('',*,*,#6626,.T.);
#6626 = EDGE_CURVE('',#6627,#6629,#6631,.T.);
#6627 = VERTEX_POINT('',#6628);
#6628 = CARTESIAN_POINT('',(93.8,-49.2,0.));
#6629 = VERTEX_POINT('',#6630);
#6630 = CARTESIAN_POINT('',(93.8,-49.2,-4.E-02));
#6631 = LINE('',#6632,#6633);
#6632 = CARTESIAN_POINT('',(93.8,-49.2,0.));
#6633 = VECTOR('',#6634,1.);
#6634 = DIRECTION('',(0.,0.,-1.));
#6635 = ORIENTED_EDGE('',*,*,#6636,.T.);
#6636 = EDGE_CURVE('',#6629,#6637,#6639,.T.);
#6637 = VERTEX_POINT('',#6638);
#6638 = CARTESIAN_POINT('',(94.05,-48.95,-4.E-02));
#6639 = CIRCLE('',#6640,0.249998959685);
#6640 = AXIS2_PLACEMENT_3D('',#6641,#6642,#6643);
#6641 = CARTESIAN_POINT('',(94.049998959683,-49.19999895968,-4.E-02));
#6642 = DIRECTION('',(0.,0.,-1.));
#6643 = DIRECTION('',(-0.999999999991,-4.161285837066E-06,-0.));
#6644 = ORIENTED_EDGE('',*,*,#6645,.F.);
#6645 = EDGE_CURVE('',#6646,#6637,#6648,.T.);
#6646 = VERTEX_POINT('',#6647);
#6647 = CARTESIAN_POINT('',(94.05,-48.95,0.));
#6648 = LINE('',#6649,#6650);
#6649 = CARTESIAN_POINT('',(94.05,-48.95,0.));
#6650 = VECTOR('',#6651,1.);
#6651 = DIRECTION('',(0.,0.,-1.));
#6652 = ORIENTED_EDGE('',*,*,#6653,.F.);
#6653 = EDGE_CURVE('',#6627,#6646,#6654,.T.);
#6654 = CIRCLE('',#6655,0.249998959685);
#6655 = AXIS2_PLACEMENT_3D('',#6656,#6657,#6658);
#6656 = CARTESIAN_POINT('',(94.049998959683,-49.19999895968,0.));
#6657 = DIRECTION('',(0.,0.,-1.));
#6658 = DIRECTION('',(-0.999999999991,-4.161285837066E-06,-0.));
#6659 = CYLINDRICAL_SURFACE('',#6660,0.249998959685);
#6660 = AXIS2_PLACEMENT_3D('',#6661,#6662,#6663);
#6661 = CARTESIAN_POINT('',(94.049998959683,-49.19999895968,0.));
#6662 = DIRECTION('',(-0.,-0.,1.));
#6663 = DIRECTION('',(-0.999999999991,-4.161285837066E-06,-0.));
#6664 = ADVANCED_FACE('',(#6665),#6690,.F.);
#6665 = FACE_BOUND('',#6666,.F.);
#6666 = EDGE_LOOP('',(#6667,#6668,#6676,#6684));
#6667 = ORIENTED_EDGE('',*,*,#6645,.T.);
#6668 = ORIENTED_EDGE('',*,*,#6669,.T.);
#6669 = EDGE_CURVE('',#6637,#6670,#6672,.T.);
#6670 = VERTEX_POINT('',#6671);
#6671 = CARTESIAN_POINT('',(94.65,-48.95,-4.E-02));
#6672 = LINE('',#6673,#6674);
#6673 = CARTESIAN_POINT('',(94.05,-48.95,-4.E-02));
#6674 = VECTOR('',#6675,1.);
#6675 = DIRECTION('',(1.,0.,0.));
#6676 = ORIENTED_EDGE('',*,*,#6677,.F.);
#6677 = EDGE_CURVE('',#6678,#6670,#6680,.T.);
#6678 = VERTEX_POINT('',#6679);
#6679 = CARTESIAN_POINT('',(94.65,-48.95,0.));
#6680 = LINE('',#6681,#6682);
#6681 = CARTESIAN_POINT('',(94.65,-48.95,0.));
#6682 = VECTOR('',#6683,1.);
#6683 = DIRECTION('',(0.,0.,-1.));
#6684 = ORIENTED_EDGE('',*,*,#6685,.F.);
#6685 = EDGE_CURVE('',#6646,#6678,#6686,.T.);
#6686 = LINE('',#6687,#6688);
#6687 = CARTESIAN_POINT('',(94.05,-48.95,0.));
#6688 = VECTOR('',#6689,1.);
#6689 = DIRECTION('',(1.,0.,0.));
#6690 = PLANE('',#6691);
#6691 = AXIS2_PLACEMENT_3D('',#6692,#6693,#6694);
#6692 = CARTESIAN_POINT('',(94.05,-48.95,0.));
#6693 = DIRECTION('',(0.,-1.,0.));
#6694 = DIRECTION('',(1.,0.,0.));
#6695 = ADVANCED_FACE('',(#6696),#6723,.T.);
#6696 = FACE_BOUND('',#6697,.F.);
#6697 = EDGE_LOOP('',(#6698,#6699,#6708,#6716));
#6698 = ORIENTED_EDGE('',*,*,#6677,.T.);
#6699 = ORIENTED_EDGE('',*,*,#6700,.T.);
#6700 = EDGE_CURVE('',#6670,#6701,#6703,.T.);
#6701 = VERTEX_POINT('',#6702);
#6702 = CARTESIAN_POINT('',(94.9,-49.2,-4.E-02));
#6703 = CIRCLE('',#6704,0.249998959685);
#6704 = AXIS2_PLACEMENT_3D('',#6705,#6706,#6707);
#6705 = CARTESIAN_POINT('',(94.650001040317,-49.19999895968,-4.E-02));
#6706 = DIRECTION('',(0.,0.,-1.));
#6707 = DIRECTION('',(-4.16128589391E-06,0.999999999991,0.));
#6708 = ORIENTED_EDGE('',*,*,#6709,.F.);
#6709 = EDGE_CURVE('',#6710,#6701,#6712,.T.);
#6710 = VERTEX_POINT('',#6711);
#6711 = CARTESIAN_POINT('',(94.9,-49.2,0.));
#6712 = LINE('',#6713,#6714);
#6713 = CARTESIAN_POINT('',(94.9,-49.2,0.));
#6714 = VECTOR('',#6715,1.);
#6715 = DIRECTION('',(0.,0.,-1.));
#6716 = ORIENTED_EDGE('',*,*,#6717,.F.);
#6717 = EDGE_CURVE('',#6678,#6710,#6718,.T.);
#6718 = CIRCLE('',#6719,0.249998959685);
#6719 = AXIS2_PLACEMENT_3D('',#6720,#6721,#6722);
#6720 = CARTESIAN_POINT('',(94.650001040317,-49.19999895968,0.));
#6721 = DIRECTION('',(0.,0.,-1.));
#6722 = DIRECTION('',(-4.16128589391E-06,0.999999999991,0.));
#6723 = CYLINDRICAL_SURFACE('',#6724,0.249998959685);
#6724 = AXIS2_PLACEMENT_3D('',#6725,#6726,#6727);
#6725 = CARTESIAN_POINT('',(94.650001040317,-49.19999895968,0.));
#6726 = DIRECTION('',(-0.,-0.,1.));
#6727 = DIRECTION('',(-4.16128589391E-06,0.999999999991,0.));
#6728 = ADVANCED_FACE('',(#6729),#6754,.F.);
#6729 = FACE_BOUND('',#6730,.F.);
#6730 = EDGE_LOOP('',(#6731,#6732,#6740,#6748));
#6731 = ORIENTED_EDGE('',*,*,#6709,.T.);
#6732 = ORIENTED_EDGE('',*,*,#6733,.T.);
#6733 = EDGE_CURVE('',#6701,#6734,#6736,.T.);
#6734 = VERTEX_POINT('',#6735);
#6735 = CARTESIAN_POINT('',(94.9,-49.8,-4.E-02));
#6736 = LINE('',#6737,#6738);
#6737 = CARTESIAN_POINT('',(94.9,-49.2,-4.E-02));
#6738 = VECTOR('',#6739,1.);
#6739 = DIRECTION('',(0.,-1.,0.));
#6740 = ORIENTED_EDGE('',*,*,#6741,.F.);
#6741 = EDGE_CURVE('',#6742,#6734,#6744,.T.);
#6742 = VERTEX_POINT('',#6743);
#6743 = CARTESIAN_POINT('',(94.9,-49.8,0.));
#6744 = LINE('',#6745,#6746);
#6745 = CARTESIAN_POINT('',(94.9,-49.8,0.));
#6746 = VECTOR('',#6747,1.);
#6747 = DIRECTION('',(0.,0.,-1.));
#6748 = ORIENTED_EDGE('',*,*,#6749,.F.);
#6749 = EDGE_CURVE('',#6710,#6742,#6750,.T.);
#6750 = LINE('',#6751,#6752);
#6751 = CARTESIAN_POINT('',(94.9,-49.2,0.));
#6752 = VECTOR('',#6753,1.);
#6753 = DIRECTION('',(0.,-1.,0.));
#6754 = PLANE('',#6755);
#6755 = AXIS2_PLACEMENT_3D('',#6756,#6757,#6758);
#6756 = CARTESIAN_POINT('',(94.9,-49.2,0.));
#6757 = DIRECTION('',(-1.,-0.,-0.));
#6758 = DIRECTION('',(0.,-1.,0.));
#6759 = ADVANCED_FACE('',(#6760),#6787,.T.);
#6760 = FACE_BOUND('',#6761,.F.);
#6761 = EDGE_LOOP('',(#6762,#6763,#6772,#6780));
#6762 = ORIENTED_EDGE('',*,*,#6741,.T.);
#6763 = ORIENTED_EDGE('',*,*,#6764,.T.);
#6764 = EDGE_CURVE('',#6734,#6765,#6767,.T.);
#6765 = VERTEX_POINT('',#6766);
#6766 = CARTESIAN_POINT('',(94.65,-50.05,-4.E-02));
#6767 = CIRCLE('',#6768,0.249998959685);
#6768 = AXIS2_PLACEMENT_3D('',#6769,#6770,#6771);
#6769 = CARTESIAN_POINT('',(94.650001040317,-49.80000104031,-4.E-02));
#6770 = DIRECTION('',(0.,0.,-1.));
#6771 = DIRECTION('',(0.999999999991,4.161285837067E-06,0.));
#6772 = ORIENTED_EDGE('',*,*,#6773,.F.);
#6773 = EDGE_CURVE('',#6774,#6765,#6776,.T.);
#6774 = VERTEX_POINT('',#6775);
#6775 = CARTESIAN_POINT('',(94.65,-50.05,0.));
#6776 = LINE('',#6777,#6778);
#6777 = CARTESIAN_POINT('',(94.65,-50.05,0.));
#6778 = VECTOR('',#6779,1.);
#6779 = DIRECTION('',(0.,0.,-1.));
#6780 = ORIENTED_EDGE('',*,*,#6781,.F.);
#6781 = EDGE_CURVE('',#6742,#6774,#6782,.T.);
#6782 = CIRCLE('',#6783,0.249998959685);
#6783 = AXIS2_PLACEMENT_3D('',#6784,#6785,#6786);
#6784 = CARTESIAN_POINT('',(94.650001040317,-49.80000104031,0.));
#6785 = DIRECTION('',(0.,0.,-1.));
#6786 = DIRECTION('',(0.999999999991,4.161285837067E-06,0.));
#6787 = CYLINDRICAL_SURFACE('',#6788,0.249998959685);
#6788 = AXIS2_PLACEMENT_3D('',#6789,#6790,#6791);
#6789 = CARTESIAN_POINT('',(94.650001040317,-49.80000104031,0.));
#6790 = DIRECTION('',(-0.,-0.,1.));
#6791 = DIRECTION('',(0.999999999991,4.161285837067E-06,0.));
#6792 = ADVANCED_FACE('',(#6793),#6818,.F.);
#6793 = FACE_BOUND('',#6794,.F.);
#6794 = EDGE_LOOP('',(#6795,#6796,#6804,#6812));
#6795 = ORIENTED_EDGE('',*,*,#6773,.T.);
#6796 = ORIENTED_EDGE('',*,*,#6797,.T.);
#6797 = EDGE_CURVE('',#6765,#6798,#6800,.T.);
#6798 = VERTEX_POINT('',#6799);
#6799 = CARTESIAN_POINT('',(94.05,-50.05,-4.E-02));
#6800 = LINE('',#6801,#6802);
#6801 = CARTESIAN_POINT('',(94.65,-50.05,-4.E-02));
#6802 = VECTOR('',#6803,1.);
#6803 = DIRECTION('',(-1.,0.,0.));
#6804 = ORIENTED_EDGE('',*,*,#6805,.F.);
#6805 = EDGE_CURVE('',#6806,#6798,#6808,.T.);
#6806 = VERTEX_POINT('',#6807);
#6807 = CARTESIAN_POINT('',(94.05,-50.05,0.));
#6808 = LINE('',#6809,#6810);
#6809 = CARTESIAN_POINT('',(94.05,-50.05,0.));
#6810 = VECTOR('',#6811,1.);
#6811 = DIRECTION('',(0.,0.,-1.));
#6812 = ORIENTED_EDGE('',*,*,#6813,.F.);
#6813 = EDGE_CURVE('',#6774,#6806,#6814,.T.);
#6814 = LINE('',#6815,#6816);
#6815 = CARTESIAN_POINT('',(94.65,-50.05,0.));
#6816 = VECTOR('',#6817,1.);
#6817 = DIRECTION('',(-1.,0.,0.));
#6818 = PLANE('',#6819);
#6819 = AXIS2_PLACEMENT_3D('',#6820,#6821,#6822);
#6820 = CARTESIAN_POINT('',(94.65,-50.05,0.));
#6821 = DIRECTION('',(0.,1.,0.));
#6822 = DIRECTION('',(-1.,0.,0.));
#6823 = ADVANCED_FACE('',(#6824),#6851,.T.);
#6824 = FACE_BOUND('',#6825,.F.);
#6825 = EDGE_LOOP('',(#6826,#6827,#6836,#6844));
#6826 = ORIENTED_EDGE('',*,*,#6805,.T.);
#6827 = ORIENTED_EDGE('',*,*,#6828,.T.);
#6828 = EDGE_CURVE('',#6798,#6829,#6831,.T.);
#6829 = VERTEX_POINT('',#6830);
#6830 = CARTESIAN_POINT('',(93.8,-49.8,-4.E-02));
#6831 = CIRCLE('',#6832,0.249998959685);
#6832 = AXIS2_PLACEMENT_3D('',#6833,#6834,#6835);
#6833 = CARTESIAN_POINT('',(94.049998959683,-49.80000104031,-4.E-02));
#6834 = DIRECTION('',(0.,0.,-1.));
#6835 = DIRECTION('',(4.161285837066E-06,-0.999999999991,0.));
#6836 = ORIENTED_EDGE('',*,*,#6837,.F.);
#6837 = EDGE_CURVE('',#6838,#6829,#6840,.T.);
#6838 = VERTEX_POINT('',#6839);
#6839 = CARTESIAN_POINT('',(93.8,-49.8,0.));
#6840 = LINE('',#6841,#6842);
#6841 = CARTESIAN_POINT('',(93.8,-49.8,0.));
#6842 = VECTOR('',#6843,1.);
#6843 = DIRECTION('',(0.,0.,-1.));
#6844 = ORIENTED_EDGE('',*,*,#6845,.F.);
#6845 = EDGE_CURVE('',#6806,#6838,#6846,.T.);
#6846 = CIRCLE('',#6847,0.249998959685);
#6847 = AXIS2_PLACEMENT_3D('',#6848,#6849,#6850);
#6848 = CARTESIAN_POINT('',(94.049998959683,-49.80000104031,0.));
#6849 = DIRECTION('',(0.,0.,-1.));
#6850 = DIRECTION('',(4.161285837066E-06,-0.999999999991,0.));
#6851 = CYLINDRICAL_SURFACE('',#6852,0.249998959685);
#6852 = AXIS2_PLACEMENT_3D('',#6853,#6854,#6855);
#6853 = CARTESIAN_POINT('',(94.049998959683,-49.80000104031,0.));
#6854 = DIRECTION('',(-0.,-0.,1.));
#6855 = DIRECTION('',(4.161285837066E-06,-0.999999999991,0.));
#6856 = ADVANCED_FACE('',(#6857),#6873,.F.);
#6857 = FACE_BOUND('',#6858,.F.);
#6858 = EDGE_LOOP('',(#6859,#6860,#6866,#6867));
#6859 = ORIENTED_EDGE('',*,*,#6837,.T.);
#6860 = ORIENTED_EDGE('',*,*,#6861,.T.);
#6861 = EDGE_CURVE('',#6829,#6629,#6862,.T.);
#6862 = LINE('',#6863,#6864);
#6863 = CARTESIAN_POINT('',(93.8,-49.8,-4.E-02));
#6864 = VECTOR('',#6865,1.);
#6865 = DIRECTION('',(0.,1.,0.));
#6866 = ORIENTED_EDGE('',*,*,#6626,.F.);
#6867 = ORIENTED_EDGE('',*,*,#6868,.F.);
#6868 = EDGE_CURVE('',#6838,#6627,#6869,.T.);
#6869 = LINE('',#6870,#6871);
#6870 = CARTESIAN_POINT('',(93.8,-49.8,0.));
#6871 = VECTOR('',#6872,1.);
#6872 = DIRECTION('',(0.,1.,0.));
#6873 = PLANE('',#6874);
#6874 = AXIS2_PLACEMENT_3D('',#6875,#6876,#6877);
#6875 = CARTESIAN_POINT('',(93.8,-49.8,0.));
#6876 = DIRECTION('',(1.,-0.,0.));
#6877 = DIRECTION('',(0.,1.,0.));
#6878 = ADVANCED_FACE('',(#6879),#6889,.F.);
#6879 = FACE_BOUND('',#6880,.F.);
#6880 = EDGE_LOOP('',(#6881,#6882,#6883,#6884,#6885,#6886,#6887,#6888));
#6881 = ORIENTED_EDGE('',*,*,#6653,.T.);
#6882 = ORIENTED_EDGE('',*,*,#6685,.T.);
#6883 = ORIENTED_EDGE('',*,*,#6717,.T.);
#6884 = ORIENTED_EDGE('',*,*,#6749,.T.);
#6885 = ORIENTED_EDGE('',*,*,#6781,.T.);
#6886 = ORIENTED_EDGE('',*,*,#6813,.T.);
#6887 = ORIENTED_EDGE('',*,*,#6845,.T.);
#6888 = ORIENTED_EDGE('',*,*,#6868,.T.);
#6889 = PLANE('',#6890);
#6890 = AXIS2_PLACEMENT_3D('',#6891,#6892,#6893);
#6891 = CARTESIAN_POINT('',(0.,0.,0.));
#6892 = DIRECTION('',(-0.,-0.,-1.));
#6893 = DIRECTION('',(-1.,0.,0.));
#6894 = ADVANCED_FACE('',(#6895),#6905,.T.);
#6895 = FACE_BOUND('',#6896,.T.);
#6896 = EDGE_LOOP('',(#6897,#6898,#6899,#6900,#6901,#6902,#6903,#6904));
#6897 = ORIENTED_EDGE('',*,*,#6636,.T.);
#6898 = ORIENTED_EDGE('',*,*,#6669,.T.);
#6899 = ORIENTED_EDGE('',*,*,#6700,.T.);
#6900 = ORIENTED_EDGE('',*,*,#6733,.T.);
#6901 = ORIENTED_EDGE('',*,*,#6764,.T.);
#6902 = ORIENTED_EDGE('',*,*,#6797,.T.);
#6903 = ORIENTED_EDGE('',*,*,#6828,.T.);
#6904 = ORIENTED_EDGE('',*,*,#6861,.T.);
#6905 = PLANE('',#6906);
#6906 = AXIS2_PLACEMENT_3D('',#6907,#6908,#6909);
#6907 = CARTESIAN_POINT('',(0.,0.,-4.E-02));
#6908 = DIRECTION('',(-0.,-0.,-1.));
#6909 = DIRECTION('',(-1.,0.,0.));
#6910 = MANIFOLD_SOLID_BREP('',#6911);
#6911 = CLOSED_SHELL('',(#6912,#6954,#6985,#7018,#7049,#7082,#7113,#7146
    ,#7168,#7184));
#6912 = ADVANCED_FACE('',(#6913),#6949,.T.);
#6913 = FACE_BOUND('',#6914,.F.);
#6914 = EDGE_LOOP('',(#6915,#6925,#6934,#6942));
#6915 = ORIENTED_EDGE('',*,*,#6916,.T.);
#6916 = EDGE_CURVE('',#6917,#6919,#6921,.T.);
#6917 = VERTEX_POINT('',#6918);
#6918 = CARTESIAN_POINT('',(96.6,-49.2,0.));
#6919 = VERTEX_POINT('',#6920);
#6920 = CARTESIAN_POINT('',(96.6,-49.2,-4.E-02));
#6921 = LINE('',#6922,#6923);
#6922 = CARTESIAN_POINT('',(96.6,-49.2,0.));
#6923 = VECTOR('',#6924,1.);
#6924 = DIRECTION('',(0.,0.,-1.));
#6925 = ORIENTED_EDGE('',*,*,#6926,.T.);
#6926 = EDGE_CURVE('',#6919,#6927,#6929,.T.);
#6927 = VERTEX_POINT('',#6928);
#6928 = CARTESIAN_POINT('',(96.85,-48.95,-4.E-02));
#6929 = CIRCLE('',#6930,0.249998959685);
#6930 = AXIS2_PLACEMENT_3D('',#6931,#6932,#6933);
#6931 = CARTESIAN_POINT('',(96.849998959683,-49.19999895968,-4.E-02));
#6932 = DIRECTION('',(0.,0.,-1.));
#6933 = DIRECTION('',(-0.999999999991,-4.161285837067E-06,-0.));
#6934 = ORIENTED_EDGE('',*,*,#6935,.F.);
#6935 = EDGE_CURVE('',#6936,#6927,#6938,.T.);
#6936 = VERTEX_POINT('',#6937);
#6937 = CARTESIAN_POINT('',(96.85,-48.95,0.));
#6938 = LINE('',#6939,#6940);
#6939 = CARTESIAN_POINT('',(96.85,-48.95,0.));
#6940 = VECTOR('',#6941,1.);
#6941 = DIRECTION('',(0.,0.,-1.));
#6942 = ORIENTED_EDGE('',*,*,#6943,.F.);
#6943 = EDGE_CURVE('',#6917,#6936,#6944,.T.);
#6944 = CIRCLE('',#6945,0.249998959685);
#6945 = AXIS2_PLACEMENT_3D('',#6946,#6947,#6948);
#6946 = CARTESIAN_POINT('',(96.849998959683,-49.19999895968,0.));
#6947 = DIRECTION('',(0.,0.,-1.));
#6948 = DIRECTION('',(-0.999999999991,-4.161285837067E-06,-0.));
#6949 = CYLINDRICAL_SURFACE('',#6950,0.249998959685);
#6950 = AXIS2_PLACEMENT_3D('',#6951,#6952,#6953);
#6951 = CARTESIAN_POINT('',(96.849998959683,-49.19999895968,0.));
#6952 = DIRECTION('',(-0.,-0.,1.));
#6953 = DIRECTION('',(-0.999999999991,-4.161285837067E-06,-0.));
#6954 = ADVANCED_FACE('',(#6955),#6980,.F.);
#6955 = FACE_BOUND('',#6956,.F.);
#6956 = EDGE_LOOP('',(#6957,#6958,#6966,#6974));
#6957 = ORIENTED_EDGE('',*,*,#6935,.T.);
#6958 = ORIENTED_EDGE('',*,*,#6959,.T.);
#6959 = EDGE_CURVE('',#6927,#6960,#6962,.T.);
#6960 = VERTEX_POINT('',#6961);
#6961 = CARTESIAN_POINT('',(97.45,-48.95,-4.E-02));
#6962 = LINE('',#6963,#6964);
#6963 = CARTESIAN_POINT('',(96.85,-48.95,-4.E-02));
#6964 = VECTOR('',#6965,1.);
#6965 = DIRECTION('',(1.,0.,0.));
#6966 = ORIENTED_EDGE('',*,*,#6967,.F.);
#6967 = EDGE_CURVE('',#6968,#6960,#6970,.T.);
#6968 = VERTEX_POINT('',#6969);
#6969 = CARTESIAN_POINT('',(97.45,-48.95,0.));
#6970 = LINE('',#6971,#6972);
#6971 = CARTESIAN_POINT('',(97.45,-48.95,0.));
#6972 = VECTOR('',#6973,1.);
#6973 = DIRECTION('',(0.,0.,-1.));
#6974 = ORIENTED_EDGE('',*,*,#6975,.F.);
#6975 = EDGE_CURVE('',#6936,#6968,#6976,.T.);
#6976 = LINE('',#6977,#6978);
#6977 = CARTESIAN_POINT('',(96.85,-48.95,0.));
#6978 = VECTOR('',#6979,1.);
#6979 = DIRECTION('',(1.,0.,0.));
#6980 = PLANE('',#6981);
#6981 = AXIS2_PLACEMENT_3D('',#6982,#6983,#6984);
#6982 = CARTESIAN_POINT('',(96.85,-48.95,0.));
#6983 = DIRECTION('',(0.,-1.,0.));
#6984 = DIRECTION('',(1.,0.,0.));
#6985 = ADVANCED_FACE('',(#6986),#7013,.T.);
#6986 = FACE_BOUND('',#6987,.F.);
#6987 = EDGE_LOOP('',(#6988,#6989,#6998,#7006));
#6988 = ORIENTED_EDGE('',*,*,#6967,.T.);
#6989 = ORIENTED_EDGE('',*,*,#6990,.T.);
#6990 = EDGE_CURVE('',#6960,#6991,#6993,.T.);
#6991 = VERTEX_POINT('',#6992);
#6992 = CARTESIAN_POINT('',(97.7,-49.2,-4.E-02));
#6993 = CIRCLE('',#6994,0.249998959685);
#6994 = AXIS2_PLACEMENT_3D('',#6995,#6996,#6997);
#6995 = CARTESIAN_POINT('',(97.450001040317,-49.19999895968,-4.E-02));
#6996 = DIRECTION('',(0.,0.,-1.));
#6997 = DIRECTION('',(-4.161285837066E-06,0.999999999991,0.));
#6998 = ORIENTED_EDGE('',*,*,#6999,.F.);
#6999 = EDGE_CURVE('',#7000,#6991,#7002,.T.);
#7000 = VERTEX_POINT('',#7001);
#7001 = CARTESIAN_POINT('',(97.7,-49.2,0.));
#7002 = LINE('',#7003,#7004);
#7003 = CARTESIAN_POINT('',(97.7,-49.2,0.));
#7004 = VECTOR('',#7005,1.);
#7005 = DIRECTION('',(0.,0.,-1.));
#7006 = ORIENTED_EDGE('',*,*,#7007,.F.);
#7007 = EDGE_CURVE('',#6968,#7000,#7008,.T.);
#7008 = CIRCLE('',#7009,0.249998959685);
#7009 = AXIS2_PLACEMENT_3D('',#7010,#7011,#7012);
#7010 = CARTESIAN_POINT('',(97.450001040317,-49.19999895968,0.));
#7011 = DIRECTION('',(0.,0.,-1.));
#7012 = DIRECTION('',(-4.161285837066E-06,0.999999999991,0.));
#7013 = CYLINDRICAL_SURFACE('',#7014,0.249998959685);
#7014 = AXIS2_PLACEMENT_3D('',#7015,#7016,#7017);
#7015 = CARTESIAN_POINT('',(97.450001040317,-49.19999895968,0.));
#7016 = DIRECTION('',(-0.,-0.,1.));
#7017 = DIRECTION('',(-4.161285837066E-06,0.999999999991,0.));
#7018 = ADVANCED_FACE('',(#7019),#7044,.F.);
#7019 = FACE_BOUND('',#7020,.F.);
#7020 = EDGE_LOOP('',(#7021,#7022,#7030,#7038));
#7021 = ORIENTED_EDGE('',*,*,#6999,.T.);
#7022 = ORIENTED_EDGE('',*,*,#7023,.T.);
#7023 = EDGE_CURVE('',#6991,#7024,#7026,.T.);
#7024 = VERTEX_POINT('',#7025);
#7025 = CARTESIAN_POINT('',(97.7,-49.8,-4.E-02));
#7026 = LINE('',#7027,#7028);
#7027 = CARTESIAN_POINT('',(97.7,-49.2,-4.E-02));
#7028 = VECTOR('',#7029,1.);
#7029 = DIRECTION('',(0.,-1.,0.));
#7030 = ORIENTED_EDGE('',*,*,#7031,.F.);
#7031 = EDGE_CURVE('',#7032,#7024,#7034,.T.);
#7032 = VERTEX_POINT('',#7033);
#7033 = CARTESIAN_POINT('',(97.7,-49.8,0.));
#7034 = LINE('',#7035,#7036);
#7035 = CARTESIAN_POINT('',(97.7,-49.8,0.));
#7036 = VECTOR('',#7037,1.);
#7037 = DIRECTION('',(0.,0.,-1.));
#7038 = ORIENTED_EDGE('',*,*,#7039,.F.);
#7039 = EDGE_CURVE('',#7000,#7032,#7040,.T.);
#7040 = LINE('',#7041,#7042);
#7041 = CARTESIAN_POINT('',(97.7,-49.2,0.));
#7042 = VECTOR('',#7043,1.);
#7043 = DIRECTION('',(0.,-1.,0.));
#7044 = PLANE('',#7045);
#7045 = AXIS2_PLACEMENT_3D('',#7046,#7047,#7048);
#7046 = CARTESIAN_POINT('',(97.7,-49.2,0.));
#7047 = DIRECTION('',(-1.,-0.,-0.));
#7048 = DIRECTION('',(0.,-1.,0.));
#7049 = ADVANCED_FACE('',(#7050),#7077,.T.);
#7050 = FACE_BOUND('',#7051,.F.);
#7051 = EDGE_LOOP('',(#7052,#7053,#7062,#7070));
#7052 = ORIENTED_EDGE('',*,*,#7031,.T.);
#7053 = ORIENTED_EDGE('',*,*,#7054,.T.);
#7054 = EDGE_CURVE('',#7024,#7055,#7057,.T.);
#7055 = VERTEX_POINT('',#7056);
#7056 = CARTESIAN_POINT('',(97.45,-50.05,-4.E-02));
#7057 = CIRCLE('',#7058,0.249998959685);
#7058 = AXIS2_PLACEMENT_3D('',#7059,#7060,#7061);
#7059 = CARTESIAN_POINT('',(97.450001040317,-49.80000104031,-4.E-02));
#7060 = DIRECTION('',(0.,0.,-1.));
#7061 = DIRECTION('',(0.999999999991,4.161285837066E-06,0.));
#7062 = ORIENTED_EDGE('',*,*,#7063,.F.);
#7063 = EDGE_CURVE('',#7064,#7055,#7066,.T.);
#7064 = VERTEX_POINT('',#7065);
#7065 = CARTESIAN_POINT('',(97.45,-50.05,0.));
#7066 = LINE('',#7067,#7068);
#7067 = CARTESIAN_POINT('',(97.45,-50.05,0.));
#7068 = VECTOR('',#7069,1.);
#7069 = DIRECTION('',(0.,0.,-1.));
#7070 = ORIENTED_EDGE('',*,*,#7071,.F.);
#7071 = EDGE_CURVE('',#7032,#7064,#7072,.T.);
#7072 = CIRCLE('',#7073,0.249998959685);
#7073 = AXIS2_PLACEMENT_3D('',#7074,#7075,#7076);
#7074 = CARTESIAN_POINT('',(97.450001040317,-49.80000104031,0.));
#7075 = DIRECTION('',(0.,0.,-1.));
#7076 = DIRECTION('',(0.999999999991,4.161285837066E-06,0.));
#7077 = CYLINDRICAL_SURFACE('',#7078,0.249998959685);
#7078 = AXIS2_PLACEMENT_3D('',#7079,#7080,#7081);
#7079 = CARTESIAN_POINT('',(97.450001040317,-49.80000104031,0.));
#7080 = DIRECTION('',(-0.,-0.,1.));
#7081 = DIRECTION('',(0.999999999991,4.161285837066E-06,0.));
#7082 = ADVANCED_FACE('',(#7083),#7108,.F.);
#7083 = FACE_BOUND('',#7084,.F.);
#7084 = EDGE_LOOP('',(#7085,#7086,#7094,#7102));
#7085 = ORIENTED_EDGE('',*,*,#7063,.T.);
#7086 = ORIENTED_EDGE('',*,*,#7087,.T.);
#7087 = EDGE_CURVE('',#7055,#7088,#7090,.T.);
#7088 = VERTEX_POINT('',#7089);
#7089 = CARTESIAN_POINT('',(96.85,-50.05,-4.E-02));
#7090 = LINE('',#7091,#7092);
#7091 = CARTESIAN_POINT('',(97.45,-50.05,-4.E-02));
#7092 = VECTOR('',#7093,1.);
#7093 = DIRECTION('',(-1.,0.,0.));
#7094 = ORIENTED_EDGE('',*,*,#7095,.F.);
#7095 = EDGE_CURVE('',#7096,#7088,#7098,.T.);
#7096 = VERTEX_POINT('',#7097);
#7097 = CARTESIAN_POINT('',(96.85,-50.05,0.));
#7098 = LINE('',#7099,#7100);
#7099 = CARTESIAN_POINT('',(96.85,-50.05,0.));
#7100 = VECTOR('',#7101,1.);
#7101 = DIRECTION('',(0.,0.,-1.));
#7102 = ORIENTED_EDGE('',*,*,#7103,.F.);
#7103 = EDGE_CURVE('',#7064,#7096,#7104,.T.);
#7104 = LINE('',#7105,#7106);
#7105 = CARTESIAN_POINT('',(97.45,-50.05,0.));
#7106 = VECTOR('',#7107,1.);
#7107 = DIRECTION('',(-1.,0.,0.));
#7108 = PLANE('',#7109);
#7109 = AXIS2_PLACEMENT_3D('',#7110,#7111,#7112);
#7110 = CARTESIAN_POINT('',(97.45,-50.05,0.));
#7111 = DIRECTION('',(0.,1.,0.));
#7112 = DIRECTION('',(-1.,0.,0.));
#7113 = ADVANCED_FACE('',(#7114),#7141,.T.);
#7114 = FACE_BOUND('',#7115,.F.);
#7115 = EDGE_LOOP('',(#7116,#7117,#7126,#7134));
#7116 = ORIENTED_EDGE('',*,*,#7095,.T.);
#7117 = ORIENTED_EDGE('',*,*,#7118,.T.);
#7118 = EDGE_CURVE('',#7088,#7119,#7121,.T.);
#7119 = VERTEX_POINT('',#7120);
#7120 = CARTESIAN_POINT('',(96.6,-49.8,-4.E-02));
#7121 = CIRCLE('',#7122,0.249998959685);
#7122 = AXIS2_PLACEMENT_3D('',#7123,#7124,#7125);
#7123 = CARTESIAN_POINT('',(96.849998959683,-49.80000104031,-4.E-02));
#7124 = DIRECTION('',(0.,0.,-1.));
#7125 = DIRECTION('',(4.16128589391E-06,-0.999999999991,0.));
#7126 = ORIENTED_EDGE('',*,*,#7127,.F.);
#7127 = EDGE_CURVE('',#7128,#7119,#7130,.T.);
#7128 = VERTEX_POINT('',#7129);
#7129 = CARTESIAN_POINT('',(96.6,-49.8,0.));
#7130 = LINE('',#7131,#7132);
#7131 = CARTESIAN_POINT('',(96.6,-49.8,0.));
#7132 = VECTOR('',#7133,1.);
#7133 = DIRECTION('',(0.,0.,-1.));
#7134 = ORIENTED_EDGE('',*,*,#7135,.F.);
#7135 = EDGE_CURVE('',#7096,#7128,#7136,.T.);
#7136 = CIRCLE('',#7137,0.249998959685);
#7137 = AXIS2_PLACEMENT_3D('',#7138,#7139,#7140);
#7138 = CARTESIAN_POINT('',(96.849998959683,-49.80000104031,0.));
#7139 = DIRECTION('',(0.,0.,-1.));
#7140 = DIRECTION('',(4.16128589391E-06,-0.999999999991,0.));
#7141 = CYLINDRICAL_SURFACE('',#7142,0.249998959685);
#7142 = AXIS2_PLACEMENT_3D('',#7143,#7144,#7145);
#7143 = CARTESIAN_POINT('',(96.849998959683,-49.80000104031,0.));
#7144 = DIRECTION('',(-0.,-0.,1.));
#7145 = DIRECTION('',(4.16128589391E-06,-0.999999999991,0.));
#7146 = ADVANCED_FACE('',(#7147),#7163,.F.);
#7147 = FACE_BOUND('',#7148,.F.);
#7148 = EDGE_LOOP('',(#7149,#7150,#7156,#7157));
#7149 = ORIENTED_EDGE('',*,*,#7127,.T.);
#7150 = ORIENTED_EDGE('',*,*,#7151,.T.);
#7151 = EDGE_CURVE('',#7119,#6919,#7152,.T.);
#7152 = LINE('',#7153,#7154);
#7153 = CARTESIAN_POINT('',(96.6,-49.8,-4.E-02));
#7154 = VECTOR('',#7155,1.);
#7155 = DIRECTION('',(0.,1.,0.));
#7156 = ORIENTED_EDGE('',*,*,#6916,.F.);
#7157 = ORIENTED_EDGE('',*,*,#7158,.F.);
#7158 = EDGE_CURVE('',#7128,#6917,#7159,.T.);
#7159 = LINE('',#7160,#7161);
#7160 = CARTESIAN_POINT('',(96.6,-49.8,0.));
#7161 = VECTOR('',#7162,1.);
#7162 = DIRECTION('',(0.,1.,0.));
#7163 = PLANE('',#7164);
#7164 = AXIS2_PLACEMENT_3D('',#7165,#7166,#7167);
#7165 = CARTESIAN_POINT('',(96.6,-49.8,0.));
#7166 = DIRECTION('',(1.,-0.,0.));
#7167 = DIRECTION('',(0.,1.,0.));
#7168 = ADVANCED_FACE('',(#7169),#7179,.F.);
#7169 = FACE_BOUND('',#7170,.F.);
#7170 = EDGE_LOOP('',(#7171,#7172,#7173,#7174,#7175,#7176,#7177,#7178));
#7171 = ORIENTED_EDGE('',*,*,#6943,.T.);
#7172 = ORIENTED_EDGE('',*,*,#6975,.T.);
#7173 = ORIENTED_EDGE('',*,*,#7007,.T.);
#7174 = ORIENTED_EDGE('',*,*,#7039,.T.);
#7175 = ORIENTED_EDGE('',*,*,#7071,.T.);
#7176 = ORIENTED_EDGE('',*,*,#7103,.T.);
#7177 = ORIENTED_EDGE('',*,*,#7135,.T.);
#7178 = ORIENTED_EDGE('',*,*,#7158,.T.);
#7179 = PLANE('',#7180);
#7180 = AXIS2_PLACEMENT_3D('',#7181,#7182,#7183);
#7181 = CARTESIAN_POINT('',(0.,0.,0.));
#7182 = DIRECTION('',(-0.,-0.,-1.));
#7183 = DIRECTION('',(-1.,0.,0.));
#7184 = ADVANCED_FACE('',(#7185),#7195,.T.);
#7185 = FACE_BOUND('',#7186,.T.);
#7186 = EDGE_LOOP('',(#7187,#7188,#7189,#7190,#7191,#7192,#7193,#7194));
#7187 = ORIENTED_EDGE('',*,*,#6926,.T.);
#7188 = ORIENTED_EDGE('',*,*,#6959,.T.);
#7189 = ORIENTED_EDGE('',*,*,#6990,.T.);
#7190 = ORIENTED_EDGE('',*,*,#7023,.T.);
#7191 = ORIENTED_EDGE('',*,*,#7054,.T.);
#7192 = ORIENTED_EDGE('',*,*,#7087,.T.);
#7193 = ORIENTED_EDGE('',*,*,#7118,.T.);
#7194 = ORIENTED_EDGE('',*,*,#7151,.T.);
#7195 = PLANE('',#7196);
#7196 = AXIS2_PLACEMENT_3D('',#7197,#7198,#7199);
#7197 = CARTESIAN_POINT('',(0.,0.,-4.E-02));
#7198 = DIRECTION('',(-0.,-0.,-1.));
#7199 = DIRECTION('',(-1.,0.,0.));
#7200 = MANIFOLD_SOLID_BREP('',#7201);
#7201 = CLOSED_SHELL('',(#7202,#7244,#7275,#7308,#7339,#7372,#7403,#7436
    ,#7458,#7474));
#7202 = ADVANCED_FACE('',(#7203),#7239,.T.);
#7203 = FACE_BOUND('',#7204,.F.);
#7204 = EDGE_LOOP('',(#7205,#7215,#7224,#7232));
#7205 = ORIENTED_EDGE('',*,*,#7206,.T.);
#7206 = EDGE_CURVE('',#7207,#7209,#7211,.T.);
#7207 = VERTEX_POINT('',#7208);
#7208 = CARTESIAN_POINT('',(105.9,-49.6375,0.));
#7209 = VERTEX_POINT('',#7210);
#7210 = CARTESIAN_POINT('',(105.9,-49.6375,-4.E-02));
#7211 = LINE('',#7212,#7213);
#7212 = CARTESIAN_POINT('',(105.9,-49.6375,0.));
#7213 = VECTOR('',#7214,1.);
#7214 = DIRECTION('',(0.,0.,-1.));
#7215 = ORIENTED_EDGE('',*,*,#7216,.T.);
#7216 = EDGE_CURVE('',#7209,#7217,#7219,.T.);
#7217 = VERTEX_POINT('',#7218);
#7218 = CARTESIAN_POINT('',(106.0125,-49.525,-4.E-02));
#7219 = CIRCLE('',#7220,0.112498336922);
#7220 = AXIS2_PLACEMENT_3D('',#7221,#7222,#7223);
#7221 = CARTESIAN_POINT('',(106.01249833691,-49.63749833691,-4.E-02));
#7222 = DIRECTION('',(0.,0.,-1.));
#7223 = DIRECTION('',(-0.999999999891,-1.478324205583E-05,-0.));
#7224 = ORIENTED_EDGE('',*,*,#7225,.F.);
#7225 = EDGE_CURVE('',#7226,#7217,#7228,.T.);
#7226 = VERTEX_POINT('',#7227);
#7227 = CARTESIAN_POINT('',(106.0125,-49.525,0.));
#7228 = LINE('',#7229,#7230);
#7229 = CARTESIAN_POINT('',(106.0125,-49.525,0.));
#7230 = VECTOR('',#7231,1.);
#7231 = DIRECTION('',(0.,0.,-1.));
#7232 = ORIENTED_EDGE('',*,*,#7233,.F.);
#7233 = EDGE_CURVE('',#7207,#7226,#7234,.T.);
#7234 = CIRCLE('',#7235,0.112498336922);
#7235 = AXIS2_PLACEMENT_3D('',#7236,#7237,#7238);
#7236 = CARTESIAN_POINT('',(106.01249833691,-49.63749833691,0.));
#7237 = DIRECTION('',(0.,0.,-1.));
#7238 = DIRECTION('',(-0.999999999891,-1.478324205583E-05,-0.));
#7239 = CYLINDRICAL_SURFACE('',#7240,0.112498336922);
#7240 = AXIS2_PLACEMENT_3D('',#7241,#7242,#7243);
#7241 = CARTESIAN_POINT('',(106.01249833691,-49.63749833691,0.));
#7242 = DIRECTION('',(-0.,-0.,1.));
#7243 = DIRECTION('',(-0.999999999891,-1.478324205583E-05,-0.));
#7244 = ADVANCED_FACE('',(#7245),#7270,.F.);
#7245 = FACE_BOUND('',#7246,.F.);
#7246 = EDGE_LOOP('',(#7247,#7248,#7256,#7264));
#7247 = ORIENTED_EDGE('',*,*,#7225,.T.);
#7248 = ORIENTED_EDGE('',*,*,#7249,.T.);
#7249 = EDGE_CURVE('',#7217,#7250,#7252,.T.);
#7250 = VERTEX_POINT('',#7251);
#7251 = CARTESIAN_POINT('',(106.3875,-49.525,-4.E-02));
#7252 = LINE('',#7253,#7254);
#7253 = CARTESIAN_POINT('',(106.0125,-49.525,-4.E-02));
#7254 = VECTOR('',#7255,1.);
#7255 = DIRECTION('',(1.,0.,0.));
#7256 = ORIENTED_EDGE('',*,*,#7257,.F.);
#7257 = EDGE_CURVE('',#7258,#7250,#7260,.T.);
#7258 = VERTEX_POINT('',#7259);
#7259 = CARTESIAN_POINT('',(106.3875,-49.525,0.));
#7260 = LINE('',#7261,#7262);
#7261 = CARTESIAN_POINT('',(106.3875,-49.525,0.));
#7262 = VECTOR('',#7263,1.);
#7263 = DIRECTION('',(0.,0.,-1.));
#7264 = ORIENTED_EDGE('',*,*,#7265,.F.);
#7265 = EDGE_CURVE('',#7226,#7258,#7266,.T.);
#7266 = LINE('',#7267,#7268);
#7267 = CARTESIAN_POINT('',(106.0125,-49.525,0.));
#7268 = VECTOR('',#7269,1.);
#7269 = DIRECTION('',(1.,0.,0.));
#7270 = PLANE('',#7271);
#7271 = AXIS2_PLACEMENT_3D('',#7272,#7273,#7274);
#7272 = CARTESIAN_POINT('',(106.0125,-49.525,0.));
#7273 = DIRECTION('',(0.,-1.,0.));
#7274 = DIRECTION('',(1.,0.,0.));
#7275 = ADVANCED_FACE('',(#7276),#7303,.T.);
#7276 = FACE_BOUND('',#7277,.F.);
#7277 = EDGE_LOOP('',(#7278,#7279,#7288,#7296));
#7278 = ORIENTED_EDGE('',*,*,#7257,.T.);
#7279 = ORIENTED_EDGE('',*,*,#7280,.T.);
#7280 = EDGE_CURVE('',#7250,#7281,#7283,.T.);
#7281 = VERTEX_POINT('',#7282);
#7282 = CARTESIAN_POINT('',(106.5,-49.6375,-4.E-02));
#7283 = CIRCLE('',#7284,0.112498336922);
#7284 = AXIS2_PLACEMENT_3D('',#7285,#7286,#7287);
#7285 = CARTESIAN_POINT('',(106.38750166309,-49.63749833691,-4.E-02));
#7286 = DIRECTION('',(0.,0.,-1.));
#7287 = DIRECTION('',(-1.478324192951E-05,0.999999999891,0.));
#7288 = ORIENTED_EDGE('',*,*,#7289,.F.);
#7289 = EDGE_CURVE('',#7290,#7281,#7292,.T.);
#7290 = VERTEX_POINT('',#7291);
#7291 = CARTESIAN_POINT('',(106.5,-49.6375,0.));
#7292 = LINE('',#7293,#7294);
#7293 = CARTESIAN_POINT('',(106.5,-49.6375,0.));
#7294 = VECTOR('',#7295,1.);
#7295 = DIRECTION('',(0.,0.,-1.));
#7296 = ORIENTED_EDGE('',*,*,#7297,.F.);
#7297 = EDGE_CURVE('',#7258,#7290,#7298,.T.);
#7298 = CIRCLE('',#7299,0.112498336922);
#7299 = AXIS2_PLACEMENT_3D('',#7300,#7301,#7302);
#7300 = CARTESIAN_POINT('',(106.38750166309,-49.63749833691,0.));
#7301 = DIRECTION('',(0.,0.,-1.));
#7302 = DIRECTION('',(-1.478324192951E-05,0.999999999891,0.));
#7303 = CYLINDRICAL_SURFACE('',#7304,0.112498336922);
#7304 = AXIS2_PLACEMENT_3D('',#7305,#7306,#7307);
#7305 = CARTESIAN_POINT('',(106.38750166309,-49.63749833691,0.));
#7306 = DIRECTION('',(-0.,-0.,1.));
#7307 = DIRECTION('',(-1.478324192951E-05,0.999999999891,0.));
#7308 = ADVANCED_FACE('',(#7309),#7334,.F.);
#7309 = FACE_BOUND('',#7310,.F.);
#7310 = EDGE_LOOP('',(#7311,#7312,#7320,#7328));
#7311 = ORIENTED_EDGE('',*,*,#7289,.T.);
#7312 = ORIENTED_EDGE('',*,*,#7313,.T.);
#7313 = EDGE_CURVE('',#7281,#7314,#7316,.T.);
#7314 = VERTEX_POINT('',#7315);
#7315 = CARTESIAN_POINT('',(106.5,-49.8625,-4.E-02));
#7316 = LINE('',#7317,#7318);
#7317 = CARTESIAN_POINT('',(106.5,-49.6375,-4.E-02));
#7318 = VECTOR('',#7319,1.);
#7319 = DIRECTION('',(0.,-1.,0.));
#7320 = ORIENTED_EDGE('',*,*,#7321,.F.);
#7321 = EDGE_CURVE('',#7322,#7314,#7324,.T.);
#7322 = VERTEX_POINT('',#7323);
#7323 = CARTESIAN_POINT('',(106.5,-49.8625,0.));
#7324 = LINE('',#7325,#7326);
#7325 = CARTESIAN_POINT('',(106.5,-49.8625,0.));
#7326 = VECTOR('',#7327,1.);
#7327 = DIRECTION('',(0.,0.,-1.));
#7328 = ORIENTED_EDGE('',*,*,#7329,.F.);
#7329 = EDGE_CURVE('',#7290,#7322,#7330,.T.);
#7330 = LINE('',#7331,#7332);
#7331 = CARTESIAN_POINT('',(106.5,-49.6375,0.));
#7332 = VECTOR('',#7333,1.);
#7333 = DIRECTION('',(0.,-1.,0.));
#7334 = PLANE('',#7335);
#7335 = AXIS2_PLACEMENT_3D('',#7336,#7337,#7338);
#7336 = CARTESIAN_POINT('',(106.5,-49.6375,0.));
#7337 = DIRECTION('',(-1.,-0.,-0.));
#7338 = DIRECTION('',(0.,-1.,0.));
#7339 = ADVANCED_FACE('',(#7340),#7367,.T.);
#7340 = FACE_BOUND('',#7341,.F.);
#7341 = EDGE_LOOP('',(#7342,#7343,#7352,#7360));
#7342 = ORIENTED_EDGE('',*,*,#7321,.T.);
#7343 = ORIENTED_EDGE('',*,*,#7344,.T.);
#7344 = EDGE_CURVE('',#7314,#7345,#7347,.T.);
#7345 = VERTEX_POINT('',#7346);
#7346 = CARTESIAN_POINT('',(106.3875,-49.975,-4.E-02));
#7347 = CIRCLE('',#7348,0.112498336922);
#7348 = AXIS2_PLACEMENT_3D('',#7349,#7350,#7351);
#7349 = CARTESIAN_POINT('',(106.38750166309,-49.86250166309,-4.E-02));
#7350 = DIRECTION('',(0.,0.,-1.));
#7351 = DIRECTION('',(0.999999999891,1.478324205583E-05,0.));
#7352 = ORIENTED_EDGE('',*,*,#7353,.F.);
#7353 = EDGE_CURVE('',#7354,#7345,#7356,.T.);
#7354 = VERTEX_POINT('',#7355);
#7355 = CARTESIAN_POINT('',(106.3875,-49.975,0.));
#7356 = LINE('',#7357,#7358);
#7357 = CARTESIAN_POINT('',(106.3875,-49.975,0.));
#7358 = VECTOR('',#7359,1.);
#7359 = DIRECTION('',(0.,0.,-1.));
#7360 = ORIENTED_EDGE('',*,*,#7361,.F.);
#7361 = EDGE_CURVE('',#7322,#7354,#7362,.T.);
#7362 = CIRCLE('',#7363,0.112498336922);
#7363 = AXIS2_PLACEMENT_3D('',#7364,#7365,#7366);
#7364 = CARTESIAN_POINT('',(106.38750166309,-49.86250166309,0.));
#7365 = DIRECTION('',(0.,0.,-1.));
#7366 = DIRECTION('',(0.999999999891,1.478324205583E-05,0.));
#7367 = CYLINDRICAL_SURFACE('',#7368,0.112498336922);
#7368 = AXIS2_PLACEMENT_3D('',#7369,#7370,#7371);
#7369 = CARTESIAN_POINT('',(106.38750166309,-49.86250166309,0.));
#7370 = DIRECTION('',(-0.,-0.,1.));
#7371 = DIRECTION('',(0.999999999891,1.478324205583E-05,0.));
#7372 = ADVANCED_FACE('',(#7373),#7398,.F.);
#7373 = FACE_BOUND('',#7374,.F.);
#7374 = EDGE_LOOP('',(#7375,#7376,#7384,#7392));
#7375 = ORIENTED_EDGE('',*,*,#7353,.T.);
#7376 = ORIENTED_EDGE('',*,*,#7377,.T.);
#7377 = EDGE_CURVE('',#7345,#7378,#7380,.T.);
#7378 = VERTEX_POINT('',#7379);
#7379 = CARTESIAN_POINT('',(106.0125,-49.975,-4.E-02));
#7380 = LINE('',#7381,#7382);
#7381 = CARTESIAN_POINT('',(106.3875,-49.975,-4.E-02));
#7382 = VECTOR('',#7383,1.);
#7383 = DIRECTION('',(-1.,0.,0.));
#7384 = ORIENTED_EDGE('',*,*,#7385,.F.);
#7385 = EDGE_CURVE('',#7386,#7378,#7388,.T.);
#7386 = VERTEX_POINT('',#7387);
#7387 = CARTESIAN_POINT('',(106.0125,-49.975,0.));
#7388 = LINE('',#7389,#7390);
#7389 = CARTESIAN_POINT('',(106.0125,-49.975,0.));
#7390 = VECTOR('',#7391,1.);
#7391 = DIRECTION('',(0.,0.,-1.));
#7392 = ORIENTED_EDGE('',*,*,#7393,.F.);
#7393 = EDGE_CURVE('',#7354,#7386,#7394,.T.);
#7394 = LINE('',#7395,#7396);
#7395 = CARTESIAN_POINT('',(106.3875,-49.975,0.));
#7396 = VECTOR('',#7397,1.);
#7397 = DIRECTION('',(-1.,0.,0.));
#7398 = PLANE('',#7399);
#7399 = AXIS2_PLACEMENT_3D('',#7400,#7401,#7402);
#7400 = CARTESIAN_POINT('',(106.3875,-49.975,0.));
#7401 = DIRECTION('',(0.,1.,0.));
#7402 = DIRECTION('',(-1.,0.,0.));
#7403 = ADVANCED_FACE('',(#7404),#7431,.T.);
#7404 = FACE_BOUND('',#7405,.F.);
#7405 = EDGE_LOOP('',(#7406,#7407,#7416,#7424));
#7406 = ORIENTED_EDGE('',*,*,#7385,.T.);
#7407 = ORIENTED_EDGE('',*,*,#7408,.T.);
#7408 = EDGE_CURVE('',#7378,#7409,#7411,.T.);
#7409 = VERTEX_POINT('',#7410);
#7410 = CARTESIAN_POINT('',(105.9,-49.8625,-4.E-02));
#7411 = CIRCLE('',#7412,0.112498336922);
#7412 = AXIS2_PLACEMENT_3D('',#7413,#7414,#7415);
#7413 = CARTESIAN_POINT('',(106.01249833691,-49.86250166309,-4.E-02));
#7414 = DIRECTION('',(0.,0.,-1.));
#7415 = DIRECTION('',(1.478324192951E-05,-0.999999999891,0.));
#7416 = ORIENTED_EDGE('',*,*,#7417,.F.);
#7417 = EDGE_CURVE('',#7418,#7409,#7420,.T.);
#7418 = VERTEX_POINT('',#7419);
#7419 = CARTESIAN_POINT('',(105.9,-49.8625,0.));
#7420 = LINE('',#7421,#7422);
#7421 = CARTESIAN_POINT('',(105.9,-49.8625,0.));
#7422 = VECTOR('',#7423,1.);
#7423 = DIRECTION('',(0.,0.,-1.));
#7424 = ORIENTED_EDGE('',*,*,#7425,.F.);
#7425 = EDGE_CURVE('',#7386,#7418,#7426,.T.);
#7426 = CIRCLE('',#7427,0.112498336922);
#7427 = AXIS2_PLACEMENT_3D('',#7428,#7429,#7430);
#7428 = CARTESIAN_POINT('',(106.01249833691,-49.86250166309,0.));
#7429 = DIRECTION('',(0.,0.,-1.));
#7430 = DIRECTION('',(1.478324192951E-05,-0.999999999891,0.));
#7431 = CYLINDRICAL_SURFACE('',#7432,0.112498336922);
#7432 = AXIS2_PLACEMENT_3D('',#7433,#7434,#7435);
#7433 = CARTESIAN_POINT('',(106.01249833691,-49.86250166309,0.));
#7434 = DIRECTION('',(-0.,-0.,1.));
#7435 = DIRECTION('',(1.478324192951E-05,-0.999999999891,0.));
#7436 = ADVANCED_FACE('',(#7437),#7453,.F.);
#7437 = FACE_BOUND('',#7438,.F.);
#7438 = EDGE_LOOP('',(#7439,#7440,#7446,#7447));
#7439 = ORIENTED_EDGE('',*,*,#7417,.T.);
#7440 = ORIENTED_EDGE('',*,*,#7441,.T.);
#7441 = EDGE_CURVE('',#7409,#7209,#7442,.T.);
#7442 = LINE('',#7443,#7444);
#7443 = CARTESIAN_POINT('',(105.9,-49.8625,-4.E-02));
#7444 = VECTOR('',#7445,1.);
#7445 = DIRECTION('',(0.,1.,0.));
#7446 = ORIENTED_EDGE('',*,*,#7206,.F.);
#7447 = ORIENTED_EDGE('',*,*,#7448,.F.);
#7448 = EDGE_CURVE('',#7418,#7207,#7449,.T.);
#7449 = LINE('',#7450,#7451);
#7450 = CARTESIAN_POINT('',(105.9,-49.8625,0.));
#7451 = VECTOR('',#7452,1.);
#7452 = DIRECTION('',(0.,1.,0.));
#7453 = PLANE('',#7454);
#7454 = AXIS2_PLACEMENT_3D('',#7455,#7456,#7457);
#7455 = CARTESIAN_POINT('',(105.9,-49.8625,0.));
#7456 = DIRECTION('',(1.,-0.,0.));
#7457 = DIRECTION('',(0.,1.,0.));
#7458 = ADVANCED_FACE('',(#7459),#7469,.F.);
#7459 = FACE_BOUND('',#7460,.F.);
#7460 = EDGE_LOOP('',(#7461,#7462,#7463,#7464,#7465,#7466,#7467,#7468));
#7461 = ORIENTED_EDGE('',*,*,#7233,.T.);
#7462 = ORIENTED_EDGE('',*,*,#7265,.T.);
#7463 = ORIENTED_EDGE('',*,*,#7297,.T.);
#7464 = ORIENTED_EDGE('',*,*,#7329,.T.);
#7465 = ORIENTED_EDGE('',*,*,#7361,.T.);
#7466 = ORIENTED_EDGE('',*,*,#7393,.T.);
#7467 = ORIENTED_EDGE('',*,*,#7425,.T.);
#7468 = ORIENTED_EDGE('',*,*,#7448,.T.);
#7469 = PLANE('',#7470);
#7470 = AXIS2_PLACEMENT_3D('',#7471,#7472,#7473);
#7471 = CARTESIAN_POINT('',(0.,0.,0.));
#7472 = DIRECTION('',(-0.,-0.,-1.));
#7473 = DIRECTION('',(-1.,0.,0.));
#7474 = ADVANCED_FACE('',(#7475),#7485,.T.);
#7475 = FACE_BOUND('',#7476,.T.);
#7476 = EDGE_LOOP('',(#7477,#7478,#7479,#7480,#7481,#7482,#7483,#7484));
#7477 = ORIENTED_EDGE('',*,*,#7216,.T.);
#7478 = ORIENTED_EDGE('',*,*,#7249,.T.);
#7479 = ORIENTED_EDGE('',*,*,#7280,.T.);
#7480 = ORIENTED_EDGE('',*,*,#7313,.T.);
#7481 = ORIENTED_EDGE('',*,*,#7344,.T.);
#7482 = ORIENTED_EDGE('',*,*,#7377,.T.);
#7483 = ORIENTED_EDGE('',*,*,#7408,.T.);
#7484 = ORIENTED_EDGE('',*,*,#7441,.T.);
#7485 = PLANE('',#7486);
#7486 = AXIS2_PLACEMENT_3D('',#7487,#7488,#7489);
#7487 = CARTESIAN_POINT('',(0.,0.,-4.E-02));
#7488 = DIRECTION('',(-0.,-0.,-1.));
#7489 = DIRECTION('',(-1.,0.,0.));
#7490 = MANIFOLD_SOLID_BREP('',#7491);
#7491 = CLOSED_SHELL('',(#7492,#7534,#7565,#7598,#7629,#7662,#7693,#7726
    ,#7748,#7764));
#7492 = ADVANCED_FACE('',(#7493),#7529,.T.);
#7493 = FACE_BOUND('',#7494,.F.);
#7494 = EDGE_LOOP('',(#7495,#7505,#7514,#7522));
#7495 = ORIENTED_EDGE('',*,*,#7496,.T.);
#7496 = EDGE_CURVE('',#7497,#7499,#7501,.T.);
#7497 = VERTEX_POINT('',#7498);
#7498 = CARTESIAN_POINT('',(108.,-49.6375,0.));
#7499 = VERTEX_POINT('',#7500);
#7500 = CARTESIAN_POINT('',(108.,-49.6375,-4.E-02));
#7501 = LINE('',#7502,#7503);
#7502 = CARTESIAN_POINT('',(108.,-49.6375,0.));
#7503 = VECTOR('',#7504,1.);
#7504 = DIRECTION('',(0.,0.,-1.));
#7505 = ORIENTED_EDGE('',*,*,#7506,.T.);
#7506 = EDGE_CURVE('',#7499,#7507,#7509,.T.);
#7507 = VERTEX_POINT('',#7508);
#7508 = CARTESIAN_POINT('',(108.1125,-49.525,-4.E-02));
#7509 = CIRCLE('',#7510,0.112498336922);
#7510 = AXIS2_PLACEMENT_3D('',#7511,#7512,#7513);
#7511 = CARTESIAN_POINT('',(108.11249833691,-49.63749833691,-4.E-02));
#7512 = DIRECTION('',(0.,0.,-1.));
#7513 = DIRECTION('',(-0.999999999891,-1.478324205583E-05,-0.));
#7514 = ORIENTED_EDGE('',*,*,#7515,.F.);
#7515 = EDGE_CURVE('',#7516,#7507,#7518,.T.);
#7516 = VERTEX_POINT('',#7517);
#7517 = CARTESIAN_POINT('',(108.1125,-49.525,0.));
#7518 = LINE('',#7519,#7520);
#7519 = CARTESIAN_POINT('',(108.1125,-49.525,0.));
#7520 = VECTOR('',#7521,1.);
#7521 = DIRECTION('',(0.,0.,-1.));
#7522 = ORIENTED_EDGE('',*,*,#7523,.F.);
#7523 = EDGE_CURVE('',#7497,#7516,#7524,.T.);
#7524 = CIRCLE('',#7525,0.112498336922);
#7525 = AXIS2_PLACEMENT_3D('',#7526,#7527,#7528);
#7526 = CARTESIAN_POINT('',(108.11249833691,-49.63749833691,0.));
#7527 = DIRECTION('',(0.,0.,-1.));
#7528 = DIRECTION('',(-0.999999999891,-1.478324205583E-05,-0.));
#7529 = CYLINDRICAL_SURFACE('',#7530,0.112498336922);
#7530 = AXIS2_PLACEMENT_3D('',#7531,#7532,#7533);
#7531 = CARTESIAN_POINT('',(108.11249833691,-49.63749833691,0.));
#7532 = DIRECTION('',(-0.,-0.,1.));
#7533 = DIRECTION('',(-0.999999999891,-1.478324205583E-05,-0.));
#7534 = ADVANCED_FACE('',(#7535),#7560,.F.);
#7535 = FACE_BOUND('',#7536,.F.);
#7536 = EDGE_LOOP('',(#7537,#7538,#7546,#7554));
#7537 = ORIENTED_EDGE('',*,*,#7515,.T.);
#7538 = ORIENTED_EDGE('',*,*,#7539,.T.);
#7539 = EDGE_CURVE('',#7507,#7540,#7542,.T.);
#7540 = VERTEX_POINT('',#7541);
#7541 = CARTESIAN_POINT('',(108.4875,-49.525,-4.E-02));
#7542 = LINE('',#7543,#7544);
#7543 = CARTESIAN_POINT('',(108.1125,-49.525,-4.E-02));
#7544 = VECTOR('',#7545,1.);
#7545 = DIRECTION('',(1.,0.,0.));
#7546 = ORIENTED_EDGE('',*,*,#7547,.F.);
#7547 = EDGE_CURVE('',#7548,#7540,#7550,.T.);
#7548 = VERTEX_POINT('',#7549);
#7549 = CARTESIAN_POINT('',(108.4875,-49.525,0.));
#7550 = LINE('',#7551,#7552);
#7551 = CARTESIAN_POINT('',(108.4875,-49.525,0.));
#7552 = VECTOR('',#7553,1.);
#7553 = DIRECTION('',(0.,0.,-1.));
#7554 = ORIENTED_EDGE('',*,*,#7555,.F.);
#7555 = EDGE_CURVE('',#7516,#7548,#7556,.T.);
#7556 = LINE('',#7557,#7558);
#7557 = CARTESIAN_POINT('',(108.1125,-49.525,0.));
#7558 = VECTOR('',#7559,1.);
#7559 = DIRECTION('',(1.,0.,0.));
#7560 = PLANE('',#7561);
#7561 = AXIS2_PLACEMENT_3D('',#7562,#7563,#7564);
#7562 = CARTESIAN_POINT('',(108.1125,-49.525,0.));
#7563 = DIRECTION('',(0.,-1.,0.));
#7564 = DIRECTION('',(1.,0.,0.));
#7565 = ADVANCED_FACE('',(#7566),#7593,.T.);
#7566 = FACE_BOUND('',#7567,.F.);
#7567 = EDGE_LOOP('',(#7568,#7569,#7578,#7586));
#7568 = ORIENTED_EDGE('',*,*,#7547,.T.);
#7569 = ORIENTED_EDGE('',*,*,#7570,.T.);
#7570 = EDGE_CURVE('',#7540,#7571,#7573,.T.);
#7571 = VERTEX_POINT('',#7572);
#7572 = CARTESIAN_POINT('',(108.6,-49.6375,-4.E-02));
#7573 = CIRCLE('',#7574,0.112498336922);
#7574 = AXIS2_PLACEMENT_3D('',#7575,#7576,#7577);
#7575 = CARTESIAN_POINT('',(108.48750166309,-49.63749833691,-4.E-02));
#7576 = DIRECTION('',(0.,0.,-1.));
#7577 = DIRECTION('',(-1.478324192951E-05,0.999999999891,0.));
#7578 = ORIENTED_EDGE('',*,*,#7579,.F.);
#7579 = EDGE_CURVE('',#7580,#7571,#7582,.T.);
#7580 = VERTEX_POINT('',#7581);
#7581 = CARTESIAN_POINT('',(108.6,-49.6375,0.));
#7582 = LINE('',#7583,#7584);
#7583 = CARTESIAN_POINT('',(108.6,-49.6375,0.));
#7584 = VECTOR('',#7585,1.);
#7585 = DIRECTION('',(0.,0.,-1.));
#7586 = ORIENTED_EDGE('',*,*,#7587,.F.);
#7587 = EDGE_CURVE('',#7548,#7580,#7588,.T.);
#7588 = CIRCLE('',#7589,0.112498336922);
#7589 = AXIS2_PLACEMENT_3D('',#7590,#7591,#7592);
#7590 = CARTESIAN_POINT('',(108.48750166309,-49.63749833691,0.));
#7591 = DIRECTION('',(0.,0.,-1.));
#7592 = DIRECTION('',(-1.478324192951E-05,0.999999999891,0.));
#7593 = CYLINDRICAL_SURFACE('',#7594,0.112498336922);
#7594 = AXIS2_PLACEMENT_3D('',#7595,#7596,#7597);
#7595 = CARTESIAN_POINT('',(108.48750166309,-49.63749833691,0.));
#7596 = DIRECTION('',(-0.,-0.,1.));
#7597 = DIRECTION('',(-1.478324192951E-05,0.999999999891,0.));
#7598 = ADVANCED_FACE('',(#7599),#7624,.F.);
#7599 = FACE_BOUND('',#7600,.F.);
#7600 = EDGE_LOOP('',(#7601,#7602,#7610,#7618));
#7601 = ORIENTED_EDGE('',*,*,#7579,.T.);
#7602 = ORIENTED_EDGE('',*,*,#7603,.T.);
#7603 = EDGE_CURVE('',#7571,#7604,#7606,.T.);
#7604 = VERTEX_POINT('',#7605);
#7605 = CARTESIAN_POINT('',(108.6,-49.8625,-4.E-02));
#7606 = LINE('',#7607,#7608);
#7607 = CARTESIAN_POINT('',(108.6,-49.6375,-4.E-02));
#7608 = VECTOR('',#7609,1.);
#7609 = DIRECTION('',(0.,-1.,0.));
#7610 = ORIENTED_EDGE('',*,*,#7611,.F.);
#7611 = EDGE_CURVE('',#7612,#7604,#7614,.T.);
#7612 = VERTEX_POINT('',#7613);
#7613 = CARTESIAN_POINT('',(108.6,-49.8625,0.));
#7614 = LINE('',#7615,#7616);
#7615 = CARTESIAN_POINT('',(108.6,-49.8625,0.));
#7616 = VECTOR('',#7617,1.);
#7617 = DIRECTION('',(0.,0.,-1.));
#7618 = ORIENTED_EDGE('',*,*,#7619,.F.);
#7619 = EDGE_CURVE('',#7580,#7612,#7620,.T.);
#7620 = LINE('',#7621,#7622);
#7621 = CARTESIAN_POINT('',(108.6,-49.6375,0.));
#7622 = VECTOR('',#7623,1.);
#7623 = DIRECTION('',(0.,-1.,0.));
#7624 = PLANE('',#7625);
#7625 = AXIS2_PLACEMENT_3D('',#7626,#7627,#7628);
#7626 = CARTESIAN_POINT('',(108.6,-49.6375,0.));
#7627 = DIRECTION('',(-1.,-0.,-0.));
#7628 = DIRECTION('',(0.,-1.,0.));
#7629 = ADVANCED_FACE('',(#7630),#7657,.T.);
#7630 = FACE_BOUND('',#7631,.F.);
#7631 = EDGE_LOOP('',(#7632,#7633,#7642,#7650));
#7632 = ORIENTED_EDGE('',*,*,#7611,.T.);
#7633 = ORIENTED_EDGE('',*,*,#7634,.T.);
#7634 = EDGE_CURVE('',#7604,#7635,#7637,.T.);
#7635 = VERTEX_POINT('',#7636);
#7636 = CARTESIAN_POINT('',(108.4875,-49.975,-4.E-02));
#7637 = CIRCLE('',#7638,0.112498336922);
#7638 = AXIS2_PLACEMENT_3D('',#7639,#7640,#7641);
#7639 = CARTESIAN_POINT('',(108.48750166309,-49.86250166309,-4.E-02));
#7640 = DIRECTION('',(0.,0.,-1.));
#7641 = DIRECTION('',(0.999999999891,1.478324205583E-05,0.));
#7642 = ORIENTED_EDGE('',*,*,#7643,.F.);
#7643 = EDGE_CURVE('',#7644,#7635,#7646,.T.);
#7644 = VERTEX_POINT('',#7645);
#7645 = CARTESIAN_POINT('',(108.4875,-49.975,0.));
#7646 = LINE('',#7647,#7648);
#7647 = CARTESIAN_POINT('',(108.4875,-49.975,0.));
#7648 = VECTOR('',#7649,1.);
#7649 = DIRECTION('',(0.,0.,-1.));
#7650 = ORIENTED_EDGE('',*,*,#7651,.F.);
#7651 = EDGE_CURVE('',#7612,#7644,#7652,.T.);
#7652 = CIRCLE('',#7653,0.112498336922);
#7653 = AXIS2_PLACEMENT_3D('',#7654,#7655,#7656);
#7654 = CARTESIAN_POINT('',(108.48750166309,-49.86250166309,0.));
#7655 = DIRECTION('',(0.,0.,-1.));
#7656 = DIRECTION('',(0.999999999891,1.478324205583E-05,0.));
#7657 = CYLINDRICAL_SURFACE('',#7658,0.112498336922);
#7658 = AXIS2_PLACEMENT_3D('',#7659,#7660,#7661);
#7659 = CARTESIAN_POINT('',(108.48750166309,-49.86250166309,0.));
#7660 = DIRECTION('',(-0.,-0.,1.));
#7661 = DIRECTION('',(0.999999999891,1.478324205583E-05,0.));
#7662 = ADVANCED_FACE('',(#7663),#7688,.F.);
#7663 = FACE_BOUND('',#7664,.F.);
#7664 = EDGE_LOOP('',(#7665,#7666,#7674,#7682));
#7665 = ORIENTED_EDGE('',*,*,#7643,.T.);
#7666 = ORIENTED_EDGE('',*,*,#7667,.T.);
#7667 = EDGE_CURVE('',#7635,#7668,#7670,.T.);
#7668 = VERTEX_POINT('',#7669);
#7669 = CARTESIAN_POINT('',(108.1125,-49.975,-4.E-02));
#7670 = LINE('',#7671,#7672);
#7671 = CARTESIAN_POINT('',(108.4875,-49.975,-4.E-02));
#7672 = VECTOR('',#7673,1.);
#7673 = DIRECTION('',(-1.,0.,0.));
#7674 = ORIENTED_EDGE('',*,*,#7675,.F.);
#7675 = EDGE_CURVE('',#7676,#7668,#7678,.T.);
#7676 = VERTEX_POINT('',#7677);
#7677 = CARTESIAN_POINT('',(108.1125,-49.975,0.));
#7678 = LINE('',#7679,#7680);
#7679 = CARTESIAN_POINT('',(108.1125,-49.975,0.));
#7680 = VECTOR('',#7681,1.);
#7681 = DIRECTION('',(0.,0.,-1.));
#7682 = ORIENTED_EDGE('',*,*,#7683,.F.);
#7683 = EDGE_CURVE('',#7644,#7676,#7684,.T.);
#7684 = LINE('',#7685,#7686);
#7685 = CARTESIAN_POINT('',(108.4875,-49.975,0.));
#7686 = VECTOR('',#7687,1.);
#7687 = DIRECTION('',(-1.,0.,0.));
#7688 = PLANE('',#7689);
#7689 = AXIS2_PLACEMENT_3D('',#7690,#7691,#7692);
#7690 = CARTESIAN_POINT('',(108.4875,-49.975,0.));
#7691 = DIRECTION('',(0.,1.,0.));
#7692 = DIRECTION('',(-1.,0.,0.));
#7693 = ADVANCED_FACE('',(#7694),#7721,.T.);
#7694 = FACE_BOUND('',#7695,.F.);
#7695 = EDGE_LOOP('',(#7696,#7697,#7706,#7714));
#7696 = ORIENTED_EDGE('',*,*,#7675,.T.);
#7697 = ORIENTED_EDGE('',*,*,#7698,.T.);
#7698 = EDGE_CURVE('',#7668,#7699,#7701,.T.);
#7699 = VERTEX_POINT('',#7700);
#7700 = CARTESIAN_POINT('',(108.,-49.8625,-4.E-02));
#7701 = CIRCLE('',#7702,0.112498336922);
#7702 = AXIS2_PLACEMENT_3D('',#7703,#7704,#7705);
#7703 = CARTESIAN_POINT('',(108.11249833691,-49.86250166309,-4.E-02));
#7704 = DIRECTION('',(0.,0.,-1.));
#7705 = DIRECTION('',(1.478324192951E-05,-0.999999999891,0.));
#7706 = ORIENTED_EDGE('',*,*,#7707,.F.);
#7707 = EDGE_CURVE('',#7708,#7699,#7710,.T.);
#7708 = VERTEX_POINT('',#7709);
#7709 = CARTESIAN_POINT('',(108.,-49.8625,0.));
#7710 = LINE('',#7711,#7712);
#7711 = CARTESIAN_POINT('',(108.,-49.8625,0.));
#7712 = VECTOR('',#7713,1.);
#7713 = DIRECTION('',(0.,0.,-1.));
#7714 = ORIENTED_EDGE('',*,*,#7715,.F.);
#7715 = EDGE_CURVE('',#7676,#7708,#7716,.T.);
#7716 = CIRCLE('',#7717,0.112498336922);
#7717 = AXIS2_PLACEMENT_3D('',#7718,#7719,#7720);
#7718 = CARTESIAN_POINT('',(108.11249833691,-49.86250166309,0.));
#7719 = DIRECTION('',(0.,0.,-1.));
#7720 = DIRECTION('',(1.478324192951E-05,-0.999999999891,0.));
#7721 = CYLINDRICAL_SURFACE('',#7722,0.112498336922);
#7722 = AXIS2_PLACEMENT_3D('',#7723,#7724,#7725);
#7723 = CARTESIAN_POINT('',(108.11249833691,-49.86250166309,0.));
#7724 = DIRECTION('',(-0.,-0.,1.));
#7725 = DIRECTION('',(1.478324192951E-05,-0.999999999891,0.));
#7726 = ADVANCED_FACE('',(#7727),#7743,.F.);
#7727 = FACE_BOUND('',#7728,.F.);
#7728 = EDGE_LOOP('',(#7729,#7730,#7736,#7737));
#7729 = ORIENTED_EDGE('',*,*,#7707,.T.);
#7730 = ORIENTED_EDGE('',*,*,#7731,.T.);
#7731 = EDGE_CURVE('',#7699,#7499,#7732,.T.);
#7732 = LINE('',#7733,#7734);
#7733 = CARTESIAN_POINT('',(108.,-49.8625,-4.E-02));
#7734 = VECTOR('',#7735,1.);
#7735 = DIRECTION('',(0.,1.,0.));
#7736 = ORIENTED_EDGE('',*,*,#7496,.F.);
#7737 = ORIENTED_EDGE('',*,*,#7738,.F.);
#7738 = EDGE_CURVE('',#7708,#7497,#7739,.T.);
#7739 = LINE('',#7740,#7741);
#7740 = CARTESIAN_POINT('',(108.,-49.8625,0.));
#7741 = VECTOR('',#7742,1.);
#7742 = DIRECTION('',(0.,1.,0.));
#7743 = PLANE('',#7744);
#7744 = AXIS2_PLACEMENT_3D('',#7745,#7746,#7747);
#7745 = CARTESIAN_POINT('',(108.,-49.8625,0.));
#7746 = DIRECTION('',(1.,-0.,0.));
#7747 = DIRECTION('',(0.,1.,0.));
#7748 = ADVANCED_FACE('',(#7749),#7759,.F.);
#7749 = FACE_BOUND('',#7750,.F.);
#7750 = EDGE_LOOP('',(#7751,#7752,#7753,#7754,#7755,#7756,#7757,#7758));
#7751 = ORIENTED_EDGE('',*,*,#7523,.T.);
#7752 = ORIENTED_EDGE('',*,*,#7555,.T.);
#7753 = ORIENTED_EDGE('',*,*,#7587,.T.);
#7754 = ORIENTED_EDGE('',*,*,#7619,.T.);
#7755 = ORIENTED_EDGE('',*,*,#7651,.T.);
#7756 = ORIENTED_EDGE('',*,*,#7683,.T.);
#7757 = ORIENTED_EDGE('',*,*,#7715,.T.);
#7758 = ORIENTED_EDGE('',*,*,#7738,.T.);
#7759 = PLANE('',#7760);
#7760 = AXIS2_PLACEMENT_3D('',#7761,#7762,#7763);
#7761 = CARTESIAN_POINT('',(0.,0.,0.));
#7762 = DIRECTION('',(-0.,-0.,-1.));
#7763 = DIRECTION('',(-1.,0.,0.));
#7764 = ADVANCED_FACE('',(#7765),#7775,.T.);
#7765 = FACE_BOUND('',#7766,.T.);
#7766 = EDGE_LOOP('',(#7767,#7768,#7769,#7770,#7771,#7772,#7773,#7774));
#7767 = ORIENTED_EDGE('',*,*,#7506,.T.);
#7768 = ORIENTED_EDGE('',*,*,#7539,.T.);
#7769 = ORIENTED_EDGE('',*,*,#7570,.T.);
#7770 = ORIENTED_EDGE('',*,*,#7603,.T.);
#7771 = ORIENTED_EDGE('',*,*,#7634,.T.);
#7772 = ORIENTED_EDGE('',*,*,#7667,.T.);
#7773 = ORIENTED_EDGE('',*,*,#7698,.T.);
#7774 = ORIENTED_EDGE('',*,*,#7731,.T.);
#7775 = PLANE('',#7776);
#7776 = AXIS2_PLACEMENT_3D('',#7777,#7778,#7779);
#7777 = CARTESIAN_POINT('',(0.,0.,-4.E-02));
#7778 = DIRECTION('',(-0.,-0.,-1.));
#7779 = DIRECTION('',(-1.,0.,0.));
#7780 = ( GEOMETRIC_REPRESENTATION_CONTEXT(3) 
GLOBAL_UNCERTAINTY_ASSIGNED_CONTEXT((#7784)) 
GLOBAL_UNIT_ASSIGNED_CONTEXT((#7781,#7782,#7783)) REPRESENTATION_CONTEXT
('Context #1','3D Context with UNIT and UNCERTAINTY') );
#7781 = ( LENGTH_UNIT() NAMED_UNIT(*) SI_UNIT(.MILLI.,.METRE.) );
#7782 = ( NAMED_UNIT(*) PLANE_ANGLE_UNIT() SI_UNIT($,.RADIAN.) );
#7783 = ( NAMED_UNIT(*) SI_UNIT($,.STERADIAN.) SOLID_ANGLE_UNIT() );
#7784 = UNCERTAINTY_MEASURE_WITH_UNIT(LENGTH_MEASURE(1.E-07),#7781,
  'distance_accuracy_value','confusion accuracy');
#7785 = CONTEXT_DEPENDENT_SHAPE_REPRESENTATION(#7786,#7788);
#7786 = ( REPRESENTATION_RELATIONSHIP('','',#2603,#10) 
REPRESENTATION_RELATIONSHIP_WITH_TRANSFORMATION(#7787) 
SHAPE_REPRESENTATION_RELATIONSHIP() );
#7787 = ITEM_DEFINED_TRANSFORMATION('','',#11,#27);
#7788 = PRODUCT_DEFINITION_SHAPE('Placement','Placement of an item',
  #7789);
#7789 = NEXT_ASSEMBLY_USAGE_OCCURRENCE('4','=>[0:1:1:4]','',#5,#2598,$);
#7790 = PRODUCT_RELATED_PRODUCT_CATEGORY('part',$,(#2600));
#7791 = SHAPE_DEFINITION_REPRESENTATION(#7792,#7798);
#7792 = PRODUCT_DEFINITION_SHAPE('','',#7793);
#7793 = PRODUCT_DEFINITION('design','',#7794,#7797);
#7794 = PRODUCT_DEFINITION_FORMATION('','',#7795);
#7795 = PRODUCT('VORTAC_TOOL_PCB','VORTAC_TOOL_PCB','',(#7796));
#7796 = PRODUCT_CONTEXT('',#2,'mechanical');
#7797 = PRODUCT_DEFINITION_CONTEXT('part definition',#2,'design');
#7798 = ADVANCED_BREP_SHAPE_REPRESENTATION('',(#11,#7799),#8479);
#7799 = MANIFOLD_SOLID_BREP('',#7800);
#7800 = CLOSED_SHELL('',(#7801,#7843,#7874,#7905,#8067,#8229,#8246,#8263
    ,#8280,#8297,#8309,#8326,#8343,#8360,#8377,#8394,#8411,#8428,#8445,
    #8462));
#7801 = ADVANCED_FACE('',(#7802),#7838,.T.);
#7802 = FACE_BOUND('',#7803,.T.);
#7803 = EDGE_LOOP('',(#7804,#7814,#7823,#7831));
#7804 = ORIENTED_EDGE('',*,*,#7805,.T.);
#7805 = EDGE_CURVE('',#7806,#7808,#7810,.T.);
#7806 = VERTEX_POINT('',#7807);
#7807 = CARTESIAN_POINT('',(109.3,-48.4,0.));
#7808 = VERTEX_POINT('',#7809);
#7809 = CARTESIAN_POINT('',(109.3,-48.4,0.91));
#7810 = LINE('',#7811,#7812);
#7811 = CARTESIAN_POINT('',(109.3,-48.4,0.));
#7812 = VECTOR('',#7813,1.);
#7813 = DIRECTION('',(0.,0.,1.));
#7814 = ORIENTED_EDGE('',*,*,#7815,.T.);
#7815 = EDGE_CURVE('',#7808,#7816,#7818,.T.);
#7816 = VERTEX_POINT('',#7817);
#7817 = CARTESIAN_POINT('',(110.1,-49.2,0.91));
#7818 = CIRCLE('',#7819,0.800001450872);
#7819 = AXIS2_PLACEMENT_3D('',#7820,#7821,#7822);
#7820 = CARTESIAN_POINT('',(109.29999854912,-49.20000145087,0.91));
#7821 = DIRECTION('',(0.,0.,-1.));
#7822 = DIRECTION('',(1.813584994895E-06,0.999999999998,0.));
#7823 = ORIENTED_EDGE('',*,*,#7824,.F.);
#7824 = EDGE_CURVE('',#7825,#7816,#7827,.T.);
#7825 = VERTEX_POINT('',#7826);
#7826 = CARTESIAN_POINT('',(110.1,-49.2,0.));
#7827 = LINE('',#7828,#7829);
#7828 = CARTESIAN_POINT('',(110.1,-49.2,0.));
#7829 = VECTOR('',#7830,1.);
#7830 = DIRECTION('',(0.,0.,1.));
#7831 = ORIENTED_EDGE('',*,*,#7832,.F.);
#7832 = EDGE_CURVE('',#7806,#7825,#7833,.T.);
#7833 = CIRCLE('',#7834,0.800001450872);
#7834 = AXIS2_PLACEMENT_3D('',#7835,#7836,#7837);
#7835 = CARTESIAN_POINT('',(109.29999854912,-49.20000145087,0.));
#7836 = DIRECTION('',(0.,0.,-1.));
#7837 = DIRECTION('',(1.813584994895E-06,0.999999999998,0.));
#7838 = CYLINDRICAL_SURFACE('',#7839,0.800001450872);
#7839 = AXIS2_PLACEMENT_3D('',#7840,#7841,#7842);
#7840 = CARTESIAN_POINT('',(109.29999854912,-49.20000145087,0.));
#7841 = DIRECTION('',(0.,0.,-1.));
#7842 = DIRECTION('',(1.813584994895E-06,0.999999999998,0.));
#7843 = ADVANCED_FACE('',(#7844),#7869,.T.);
#7844 = FACE_BOUND('',#7845,.T.);
#7845 = EDGE_LOOP('',(#7846,#7856,#7862,#7863));
#7846 = ORIENTED_EDGE('',*,*,#7847,.T.);
#7847 = EDGE_CURVE('',#7848,#7850,#7852,.T.);
#7848 = VERTEX_POINT('',#7849);
#7849 = CARTESIAN_POINT('',(92.7,-48.4,0.));
#7850 = VERTEX_POINT('',#7851);
#7851 = CARTESIAN_POINT('',(92.7,-48.4,0.91));
#7852 = LINE('',#7853,#7854);
#7853 = CARTESIAN_POINT('',(92.7,-48.4,0.));
#7854 = VECTOR('',#7855,1.);
#7855 = DIRECTION('',(0.,0.,1.));
#7856 = ORIENTED_EDGE('',*,*,#7857,.T.);
#7857 = EDGE_CURVE('',#7850,#7808,#7858,.T.);
#7858 = LINE('',#7859,#7860);
#7859 = CARTESIAN_POINT('',(92.7,-48.4,0.91));
#7860 = VECTOR('',#7861,1.);
#7861 = DIRECTION('',(1.,0.,0.));
#7862 = ORIENTED_EDGE('',*,*,#7805,.F.);
#7863 = ORIENTED_EDGE('',*,*,#7864,.F.);
#7864 = EDGE_CURVE('',#7848,#7806,#7865,.T.);
#7865 = LINE('',#7866,#7867);
#7866 = CARTESIAN_POINT('',(92.7,-48.4,0.));
#7867 = VECTOR('',#7868,1.);
#7868 = DIRECTION('',(1.,0.,0.));
#7869 = PLANE('',#7870);
#7870 = AXIS2_PLACEMENT_3D('',#7871,#7872,#7873);
#7871 = CARTESIAN_POINT('',(92.7,-48.4,0.));
#7872 = DIRECTION('',(0.,1.,0.));
#7873 = DIRECTION('',(1.,0.,0.));
#7874 = ADVANCED_FACE('',(#7875),#7900,.T.);
#7875 = FACE_BOUND('',#7876,.T.);
#7876 = EDGE_LOOP('',(#7877,#7878,#7886,#7894));
#7877 = ORIENTED_EDGE('',*,*,#7824,.T.);
#7878 = ORIENTED_EDGE('',*,*,#7879,.T.);
#7879 = EDGE_CURVE('',#7816,#7880,#7882,.T.);
#7880 = VERTEX_POINT('',#7881);
#7881 = CARTESIAN_POINT('',(110.1,-55.2,0.91));
#7882 = LINE('',#7883,#7884);
#7883 = CARTESIAN_POINT('',(110.1,-49.2,0.91));
#7884 = VECTOR('',#7885,1.);
#7885 = DIRECTION('',(0.,-1.,0.));
#7886 = ORIENTED_EDGE('',*,*,#7887,.F.);
#7887 = EDGE_CURVE('',#7888,#7880,#7890,.T.);
#7888 = VERTEX_POINT('',#7889);
#7889 = CARTESIAN_POINT('',(110.1,-55.2,0.));
#7890 = LINE('',#7891,#7892);
#7891 = CARTESIAN_POINT('',(110.1,-55.2,0.));
#7892 = VECTOR('',#7893,1.);
#7893 = DIRECTION('',(0.,0.,1.));
#7894 = ORIENTED_EDGE('',*,*,#7895,.F.);
#7895 = EDGE_CURVE('',#7825,#7888,#7896,.T.);
#7896 = LINE('',#7897,#7898);
#7897 = CARTESIAN_POINT('',(110.1,-49.2,0.));
#7898 = VECTOR('',#7899,1.);
#7899 = DIRECTION('',(0.,-1.,0.));
#7900 = PLANE('',#7901);
#7901 = AXIS2_PLACEMENT_3D('',#7902,#7903,#7904);
#7902 = CARTESIAN_POINT('',(110.1,-49.2,0.));
#7903 = DIRECTION('',(1.,0.,-0.));
#7904 = DIRECTION('',(0.,-1.,0.));
#7905 = ADVANCED_FACE('',(#7906,#7952,#7963,#7974,#7985,#7996,#8007,
    #8018,#8029,#8040,#8051),#8062,.F.);
#7906 = FACE_BOUND('',#7907,.F.);
#7907 = EDGE_LOOP('',(#7908,#7909,#7910,#7919,#7927,#7936,#7944,#7951));
#7908 = ORIENTED_EDGE('',*,*,#7832,.F.);
#7909 = ORIENTED_EDGE('',*,*,#7864,.F.);
#7910 = ORIENTED_EDGE('',*,*,#7911,.F.);
#7911 = EDGE_CURVE('',#7912,#7848,#7914,.T.);
#7912 = VERTEX_POINT('',#7913);
#7913 = CARTESIAN_POINT('',(91.9,-49.2,0.));
#7914 = CIRCLE('',#7915,0.800001450872);
#7915 = AXIS2_PLACEMENT_3D('',#7916,#7917,#7918);
#7916 = CARTESIAN_POINT('',(92.700001450871,-49.20000145087,0.));
#7917 = DIRECTION('',(0.,0.,-1.));
#7918 = DIRECTION('',(-0.999999999998,1.813584994895E-06,0.));
#7919 = ORIENTED_EDGE('',*,*,#7920,.F.);
#7920 = EDGE_CURVE('',#7921,#7912,#7923,.T.);
#7921 = VERTEX_POINT('',#7922);
#7922 = CARTESIAN_POINT('',(91.9,-55.2,0.));
#7923 = LINE('',#7924,#7925);
#7924 = CARTESIAN_POINT('',(91.9,-55.2,0.));
#7925 = VECTOR('',#7926,1.);
#7926 = DIRECTION('',(0.,1.,0.));
#7927 = ORIENTED_EDGE('',*,*,#7928,.F.);
#7928 = EDGE_CURVE('',#7929,#7921,#7931,.T.);
#7929 = VERTEX_POINT('',#7930);
#7930 = CARTESIAN_POINT('',(92.7,-56.,0.));
#7931 = CIRCLE('',#7932,0.800001450872);
#7932 = AXIS2_PLACEMENT_3D('',#7933,#7934,#7935);
#7933 = CARTESIAN_POINT('',(92.700001450871,-55.19999854912,0.));
#7934 = DIRECTION('',(0.,0.,-1.));
#7935 = DIRECTION('',(-1.813584994895E-06,-0.999999999998,-0.));
#7936 = ORIENTED_EDGE('',*,*,#7937,.F.);
#7937 = EDGE_CURVE('',#7938,#7929,#7940,.T.);
#7938 = VERTEX_POINT('',#7939);
#7939 = CARTESIAN_POINT('',(109.3,-56.,0.));
#7940 = LINE('',#7941,#7942);
#7941 = CARTESIAN_POINT('',(109.3,-56.,0.));
#7942 = VECTOR('',#7943,1.);
#7943 = DIRECTION('',(-1.,0.,0.));
#7944 = ORIENTED_EDGE('',*,*,#7945,.F.);
#7945 = EDGE_CURVE('',#7888,#7938,#7946,.T.);
#7946 = CIRCLE('',#7947,0.800001450872);
#7947 = AXIS2_PLACEMENT_3D('',#7948,#7949,#7950);
#7948 = CARTESIAN_POINT('',(109.29999854912,-55.19999854912,0.));
#7949 = DIRECTION('',(0.,0.,-1.));
#7950 = DIRECTION('',(0.999999999998,-1.813584994895E-06,0.));
#7951 = ORIENTED_EDGE('',*,*,#7895,.F.);
#7952 = FACE_BOUND('',#7953,.F.);
#7953 = EDGE_LOOP('',(#7954));
#7954 = ORIENTED_EDGE('',*,*,#7955,.T.);
#7955 = EDGE_CURVE('',#7956,#7956,#7958,.T.);
#7956 = VERTEX_POINT('',#7957);
#7957 = CARTESIAN_POINT('',(95.45,-55.2,0.));
#7958 = CIRCLE('',#7959,0.7);
#7959 = AXIS2_PLACEMENT_3D('',#7960,#7961,#7962);
#7960 = CARTESIAN_POINT('',(95.45,-54.5,0.));
#7961 = DIRECTION('',(-0.,0.,-1.));
#7962 = DIRECTION('',(-0.,-1.,0.));
#7963 = FACE_BOUND('',#7964,.F.);
#7964 = EDGE_LOOP('',(#7965));
#7965 = ORIENTED_EDGE('',*,*,#7966,.T.);
#7966 = EDGE_CURVE('',#7967,#7967,#7969,.T.);
#7967 = VERTEX_POINT('',#7968);
#7968 = CARTESIAN_POINT('',(99.25,-55.2,0.));
#7969 = CIRCLE('',#7970,0.7);
#7970 = AXIS2_PLACEMENT_3D('',#7971,#7972,#7973);
#7971 = CARTESIAN_POINT('',(99.25,-54.5,0.));
#7972 = DIRECTION('',(-0.,0.,-1.));
#7973 = DIRECTION('',(-0.,-1.,0.));
#7974 = FACE_BOUND('',#7975,.F.);
#7975 = EDGE_LOOP('',(#7976));
#7976 = ORIENTED_EDGE('',*,*,#7977,.T.);
#7977 = EDGE_CURVE('',#7978,#7978,#7980,.T.);
#7978 = VERTEX_POINT('',#7979);
#7979 = CARTESIAN_POINT('',(103.3,-55.4,0.));
#7980 = CIRCLE('',#7981,0.5);
#7981 = AXIS2_PLACEMENT_3D('',#7982,#7983,#7984);
#7982 = CARTESIAN_POINT('',(103.3,-54.9,0.));
#7983 = DIRECTION('',(-0.,0.,-1.));
#7984 = DIRECTION('',(-0.,-1.,0.));
#7985 = FACE_BOUND('',#7986,.F.);
#7986 = EDGE_LOOP('',(#7987));
#7987 = ORIENTED_EDGE('',*,*,#7988,.T.);
#7988 = EDGE_CURVE('',#7989,#7989,#7991,.T.);
#7989 = VERTEX_POINT('',#7990);
#7990 = CARTESIAN_POINT('',(105.5,-55.4,0.));
#7991 = CIRCLE('',#7992,0.5);
#7992 = AXIS2_PLACEMENT_3D('',#7993,#7994,#7995);
#7993 = CARTESIAN_POINT('',(105.5,-54.9,0.));
#7994 = DIRECTION('',(-0.,0.,-1.));
#7995 = DIRECTION('',(-0.,-1.,0.));
#7996 = FACE_BOUND('',#7997,.F.);
#7997 = EDGE_LOOP('',(#7998));
#7998 = ORIENTED_EDGE('',*,*,#7999,.T.);
#7999 = EDGE_CURVE('',#8000,#8000,#8002,.T.);
#8000 = VERTEX_POINT('',#8001);
#8001 = CARTESIAN_POINT('',(107.7,-55.4,0.));
#8002 = CIRCLE('',#8003,0.5);
#8003 = AXIS2_PLACEMENT_3D('',#8004,#8005,#8006);
#8004 = CARTESIAN_POINT('',(107.7,-54.9,0.));
#8005 = DIRECTION('',(-0.,0.,-1.));
#8006 = DIRECTION('',(-0.,-1.,0.));
#8007 = FACE_BOUND('',#8008,.F.);
#8008 = EDGE_LOOP('',(#8009));
#8009 = ORIENTED_EDGE('',*,*,#8010,.T.);
#8010 = EDGE_CURVE('',#8011,#8011,#8013,.T.);
#8011 = VERTEX_POINT('',#8012);
#8012 = CARTESIAN_POINT('',(93.6,-52.875,0.));
#8013 = CIRCLE('',#8014,0.875);
#8014 = AXIS2_PLACEMENT_3D('',#8015,#8016,#8017);
#8015 = CARTESIAN_POINT('',(93.6,-52.,0.));
#8016 = DIRECTION('',(-0.,0.,-1.));
#8017 = DIRECTION('',(-0.,-1.,0.));
#8018 = FACE_BOUND('',#8019,.F.);
#8019 = EDGE_LOOP('',(#8020));
#8020 = ORIENTED_EDGE('',*,*,#8021,.T.);
#8021 = EDGE_CURVE('',#8022,#8022,#8024,.T.);
#8022 = VERTEX_POINT('',#8023);
#8023 = CARTESIAN_POINT('',(97.2,-52.875,0.));
#8024 = CIRCLE('',#8025,0.875);
#8025 = AXIS2_PLACEMENT_3D('',#8026,#8027,#8028);
#8026 = CARTESIAN_POINT('',(97.2,-52.,0.));
#8027 = DIRECTION('',(-0.,0.,-1.));
#8028 = DIRECTION('',(-0.,-1.,0.));
#8029 = FACE_BOUND('',#8030,.F.);
#8030 = EDGE_LOOP('',(#8031));
#8031 = ORIENTED_EDGE('',*,*,#8032,.T.);
#8032 = EDGE_CURVE('',#8033,#8033,#8035,.T.);
#8033 = VERTEX_POINT('',#8034);
#8034 = CARTESIAN_POINT('',(101.,-52.875,0.));
#8035 = CIRCLE('',#8036,0.875);
#8036 = AXIS2_PLACEMENT_3D('',#8037,#8038,#8039);
#8037 = CARTESIAN_POINT('',(101.,-52.,0.));
#8038 = DIRECTION('',(-0.,0.,-1.));
#8039 = DIRECTION('',(-0.,-1.,0.));
#8040 = FACE_BOUND('',#8041,.F.);
#8041 = EDGE_LOOP('',(#8042));
#8042 = ORIENTED_EDGE('',*,*,#8043,.T.);
#8043 = EDGE_CURVE('',#8044,#8044,#8046,.T.);
#8044 = VERTEX_POINT('',#8045);
#8045 = CARTESIAN_POINT('',(104.8,-52.875,0.));
#8046 = CIRCLE('',#8047,0.875);
#8047 = AXIS2_PLACEMENT_3D('',#8048,#8049,#8050);
#8048 = CARTESIAN_POINT('',(104.8,-52.,0.));
#8049 = DIRECTION('',(-0.,0.,-1.));
#8050 = DIRECTION('',(-0.,-1.,0.));
#8051 = FACE_BOUND('',#8052,.F.);
#8052 = EDGE_LOOP('',(#8053));
#8053 = ORIENTED_EDGE('',*,*,#8054,.T.);
#8054 = EDGE_CURVE('',#8055,#8055,#8057,.T.);
#8055 = VERTEX_POINT('',#8056);
#8056 = CARTESIAN_POINT('',(108.4,-52.875,0.));
#8057 = CIRCLE('',#8058,0.875);
#8058 = AXIS2_PLACEMENT_3D('',#8059,#8060,#8061);
#8059 = CARTESIAN_POINT('',(108.4,-52.,0.));
#8060 = DIRECTION('',(-0.,0.,-1.));
#8061 = DIRECTION('',(-0.,-1.,0.));
#8062 = PLANE('',#8063);
#8063 = AXIS2_PLACEMENT_3D('',#8064,#8065,#8066);
#8064 = CARTESIAN_POINT('',(0.,0.,0.));
#8065 = DIRECTION('',(0.,0.,1.));
#8066 = DIRECTION('',(1.,0.,-0.));
#8067 = ADVANCED_FACE('',(#8068,#8114,#8125,#8136,#8147,#8158,#8169,
    #8180,#8191,#8202,#8213),#8224,.T.);
#8068 = FACE_BOUND('',#8069,.T.);
#8069 = EDGE_LOOP('',(#8070,#8071,#8072,#8081,#8089,#8098,#8106,#8113));
#8070 = ORIENTED_EDGE('',*,*,#7815,.F.);
#8071 = ORIENTED_EDGE('',*,*,#7857,.F.);
#8072 = ORIENTED_EDGE('',*,*,#8073,.F.);
#8073 = EDGE_CURVE('',#8074,#7850,#8076,.T.);
#8074 = VERTEX_POINT('',#8075);
#8075 = CARTESIAN_POINT('',(91.9,-49.2,0.91));
#8076 = CIRCLE('',#8077,0.800001450872);
#8077 = AXIS2_PLACEMENT_3D('',#8078,#8079,#8080);
#8078 = CARTESIAN_POINT('',(92.700001450871,-49.20000145087,0.91));
#8079 = DIRECTION('',(0.,0.,-1.));
#8080 = DIRECTION('',(-0.999999999998,1.813584994895E-06,0.));
#8081 = ORIENTED_EDGE('',*,*,#8082,.F.);
#8082 = EDGE_CURVE('',#8083,#8074,#8085,.T.);
#8083 = VERTEX_POINT('',#8084);
#8084 = CARTESIAN_POINT('',(91.9,-55.2,0.91));
#8085 = LINE('',#8086,#8087);
#8086 = CARTESIAN_POINT('',(91.9,-55.2,0.91));
#8087 = VECTOR('',#8088,1.);
#8088 = DIRECTION('',(0.,1.,0.));
#8089 = ORIENTED_EDGE('',*,*,#8090,.F.);
#8090 = EDGE_CURVE('',#8091,#8083,#8093,.T.);
#8091 = VERTEX_POINT('',#8092);
#8092 = CARTESIAN_POINT('',(92.7,-56.,0.91));
#8093 = CIRCLE('',#8094,0.800001450872);
#8094 = AXIS2_PLACEMENT_3D('',#8095,#8096,#8097);
#8095 = CARTESIAN_POINT('',(92.700001450871,-55.19999854912,0.91));
#8096 = DIRECTION('',(0.,0.,-1.));
#8097 = DIRECTION('',(-1.813584994895E-06,-0.999999999998,-0.));
#8098 = ORIENTED_EDGE('',*,*,#8099,.F.);
#8099 = EDGE_CURVE('',#8100,#8091,#8102,.T.);
#8100 = VERTEX_POINT('',#8101);
#8101 = CARTESIAN_POINT('',(109.3,-56.,0.91));
#8102 = LINE('',#8103,#8104);
#8103 = CARTESIAN_POINT('',(109.3,-56.,0.91));
#8104 = VECTOR('',#8105,1.);
#8105 = DIRECTION('',(-1.,0.,0.));
#8106 = ORIENTED_EDGE('',*,*,#8107,.F.);
#8107 = EDGE_CURVE('',#7880,#8100,#8108,.T.);
#8108 = CIRCLE('',#8109,0.800001450872);
#8109 = AXIS2_PLACEMENT_3D('',#8110,#8111,#8112);
#8110 = CARTESIAN_POINT('',(109.29999854912,-55.19999854912,0.91));
#8111 = DIRECTION('',(0.,0.,-1.));
#8112 = DIRECTION('',(0.999999999998,-1.813584994895E-06,0.));
#8113 = ORIENTED_EDGE('',*,*,#7879,.F.);
#8114 = FACE_BOUND('',#8115,.T.);
#8115 = EDGE_LOOP('',(#8116));
#8116 = ORIENTED_EDGE('',*,*,#8117,.T.);
#8117 = EDGE_CURVE('',#8118,#8118,#8120,.T.);
#8118 = VERTEX_POINT('',#8119);
#8119 = CARTESIAN_POINT('',(95.45,-55.2,0.91));
#8120 = CIRCLE('',#8121,0.7);
#8121 = AXIS2_PLACEMENT_3D('',#8122,#8123,#8124);
#8122 = CARTESIAN_POINT('',(95.45,-54.5,0.91));
#8123 = DIRECTION('',(-0.,0.,-1.));
#8124 = DIRECTION('',(-0.,-1.,0.));
#8125 = FACE_BOUND('',#8126,.T.);
#8126 = EDGE_LOOP('',(#8127));
#8127 = ORIENTED_EDGE('',*,*,#8128,.T.);
#8128 = EDGE_CURVE('',#8129,#8129,#8131,.T.);
#8129 = VERTEX_POINT('',#8130);
#8130 = CARTESIAN_POINT('',(99.25,-55.2,0.91));
#8131 = CIRCLE('',#8132,0.7);
#8132 = AXIS2_PLACEMENT_3D('',#8133,#8134,#8135);
#8133 = CARTESIAN_POINT('',(99.25,-54.5,0.91));
#8134 = DIRECTION('',(-0.,0.,-1.));
#8135 = DIRECTION('',(-0.,-1.,0.));
#8136 = FACE_BOUND('',#8137,.T.);
#8137 = EDGE_LOOP('',(#8138));
#8138 = ORIENTED_EDGE('',*,*,#8139,.T.);
#8139 = EDGE_CURVE('',#8140,#8140,#8142,.T.);
#8140 = VERTEX_POINT('',#8141);
#8141 = CARTESIAN_POINT('',(103.3,-55.4,0.91));
#8142 = CIRCLE('',#8143,0.5);
#8143 = AXIS2_PLACEMENT_3D('',#8144,#8145,#8146);
#8144 = CARTESIAN_POINT('',(103.3,-54.9,0.91));
#8145 = DIRECTION('',(-0.,0.,-1.));
#8146 = DIRECTION('',(-0.,-1.,0.));
#8147 = FACE_BOUND('',#8148,.T.);
#8148 = EDGE_LOOP('',(#8149));
#8149 = ORIENTED_EDGE('',*,*,#8150,.T.);
#8150 = EDGE_CURVE('',#8151,#8151,#8153,.T.);
#8151 = VERTEX_POINT('',#8152);
#8152 = CARTESIAN_POINT('',(105.5,-55.4,0.91));
#8153 = CIRCLE('',#8154,0.5);
#8154 = AXIS2_PLACEMENT_3D('',#8155,#8156,#8157);
#8155 = CARTESIAN_POINT('',(105.5,-54.9,0.91));
#8156 = DIRECTION('',(-0.,0.,-1.));
#8157 = DIRECTION('',(-0.,-1.,0.));
#8158 = FACE_BOUND('',#8159,.T.);
#8159 = EDGE_LOOP('',(#8160));
#8160 = ORIENTED_EDGE('',*,*,#8161,.T.);
#8161 = EDGE_CURVE('',#8162,#8162,#8164,.T.);
#8162 = VERTEX_POINT('',#8163);
#8163 = CARTESIAN_POINT('',(107.7,-55.4,0.91));
#8164 = CIRCLE('',#8165,0.5);
#8165 = AXIS2_PLACEMENT_3D('',#8166,#8167,#8168);
#8166 = CARTESIAN_POINT('',(107.7,-54.9,0.91));
#8167 = DIRECTION('',(-0.,0.,-1.));
#8168 = DIRECTION('',(-0.,-1.,0.));
#8169 = FACE_BOUND('',#8170,.T.);
#8170 = EDGE_LOOP('',(#8171));
#8171 = ORIENTED_EDGE('',*,*,#8172,.T.);
#8172 = EDGE_CURVE('',#8173,#8173,#8175,.T.);
#8173 = VERTEX_POINT('',#8174);
#8174 = CARTESIAN_POINT('',(93.6,-52.875,0.91));
#8175 = CIRCLE('',#8176,0.875);
#8176 = AXIS2_PLACEMENT_3D('',#8177,#8178,#8179);
#8177 = CARTESIAN_POINT('',(93.6,-52.,0.91));
#8178 = DIRECTION('',(-0.,0.,-1.));
#8179 = DIRECTION('',(-0.,-1.,0.));
#8180 = FACE_BOUND('',#8181,.T.);
#8181 = EDGE_LOOP('',(#8182));
#8182 = ORIENTED_EDGE('',*,*,#8183,.T.);
#8183 = EDGE_CURVE('',#8184,#8184,#8186,.T.);
#8184 = VERTEX_POINT('',#8185);
#8185 = CARTESIAN_POINT('',(97.2,-52.875,0.91));
#8186 = CIRCLE('',#8187,0.875);
#8187 = AXIS2_PLACEMENT_3D('',#8188,#8189,#8190);
#8188 = CARTESIAN_POINT('',(97.2,-52.,0.91));
#8189 = DIRECTION('',(-0.,0.,-1.));
#8190 = DIRECTION('',(-0.,-1.,0.));
#8191 = FACE_BOUND('',#8192,.T.);
#8192 = EDGE_LOOP('',(#8193));
#8193 = ORIENTED_EDGE('',*,*,#8194,.T.);
#8194 = EDGE_CURVE('',#8195,#8195,#8197,.T.);
#8195 = VERTEX_POINT('',#8196);
#8196 = CARTESIAN_POINT('',(101.,-52.875,0.91));
#8197 = CIRCLE('',#8198,0.875);
#8198 = AXIS2_PLACEMENT_3D('',#8199,#8200,#8201);
#8199 = CARTESIAN_POINT('',(101.,-52.,0.91));
#8200 = DIRECTION('',(-0.,0.,-1.));
#8201 = DIRECTION('',(-0.,-1.,0.));
#8202 = FACE_BOUND('',#8203,.T.);
#8203 = EDGE_LOOP('',(#8204));
#8204 = ORIENTED_EDGE('',*,*,#8205,.T.);
#8205 = EDGE_CURVE('',#8206,#8206,#8208,.T.);
#8206 = VERTEX_POINT('',#8207);
#8207 = CARTESIAN_POINT('',(104.8,-52.875,0.91));
#8208 = CIRCLE('',#8209,0.875);
#8209 = AXIS2_PLACEMENT_3D('',#8210,#8211,#8212);
#8210 = CARTESIAN_POINT('',(104.8,-52.,0.91));
#8211 = DIRECTION('',(-0.,0.,-1.));
#8212 = DIRECTION('',(-0.,-1.,0.));
#8213 = FACE_BOUND('',#8214,.T.);
#8214 = EDGE_LOOP('',(#8215));
#8215 = ORIENTED_EDGE('',*,*,#8216,.T.);
#8216 = EDGE_CURVE('',#8217,#8217,#8219,.T.);
#8217 = VERTEX_POINT('',#8218);
#8218 = CARTESIAN_POINT('',(108.4,-52.875,0.91));
#8219 = CIRCLE('',#8220,0.875);
#8220 = AXIS2_PLACEMENT_3D('',#8221,#8222,#8223);
#8221 = CARTESIAN_POINT('',(108.4,-52.,0.91));
#8222 = DIRECTION('',(-0.,0.,-1.));
#8223 = DIRECTION('',(-0.,-1.,0.));
#8224 = PLANE('',#8225);
#8225 = AXIS2_PLACEMENT_3D('',#8226,#8227,#8228);
#8226 = CARTESIAN_POINT('',(0.,0.,0.91));
#8227 = DIRECTION('',(0.,0.,1.));
#8228 = DIRECTION('',(1.,0.,-0.));
#8229 = ADVANCED_FACE('',(#8230),#8241,.T.);
#8230 = FACE_BOUND('',#8231,.T.);
#8231 = EDGE_LOOP('',(#8232,#8238,#8239,#8240));
#8232 = ORIENTED_EDGE('',*,*,#8233,.T.);
#8233 = EDGE_CURVE('',#7912,#8074,#8234,.T.);
#8234 = LINE('',#8235,#8236);
#8235 = CARTESIAN_POINT('',(91.9,-49.2,0.));
#8236 = VECTOR('',#8237,1.);
#8237 = DIRECTION('',(0.,0.,1.));
#8238 = ORIENTED_EDGE('',*,*,#8073,.T.);
#8239 = ORIENTED_EDGE('',*,*,#7847,.F.);
#8240 = ORIENTED_EDGE('',*,*,#7911,.F.);
#8241 = CYLINDRICAL_SURFACE('',#8242,0.800001450872);
#8242 = AXIS2_PLACEMENT_3D('',#8243,#8244,#8245);
#8243 = CARTESIAN_POINT('',(92.700001450871,-49.20000145087,0.));
#8244 = DIRECTION('',(0.,0.,-1.));
#8245 = DIRECTION('',(-0.999999999998,1.813584994895E-06,0.));
#8246 = ADVANCED_FACE('',(#8247),#8258,.T.);
#8247 = FACE_BOUND('',#8248,.T.);
#8248 = EDGE_LOOP('',(#8249,#8250,#8251,#8257));
#8249 = ORIENTED_EDGE('',*,*,#7887,.T.);
#8250 = ORIENTED_EDGE('',*,*,#8107,.T.);
#8251 = ORIENTED_EDGE('',*,*,#8252,.F.);
#8252 = EDGE_CURVE('',#7938,#8100,#8253,.T.);
#8253 = LINE('',#8254,#8255);
#8254 = CARTESIAN_POINT('',(109.3,-56.,0.));
#8255 = VECTOR('',#8256,1.);
#8256 = DIRECTION('',(0.,0.,1.));
#8257 = ORIENTED_EDGE('',*,*,#7945,.F.);
#8258 = CYLINDRICAL_SURFACE('',#8259,0.800001450872);
#8259 = AXIS2_PLACEMENT_3D('',#8260,#8261,#8262);
#8260 = CARTESIAN_POINT('',(109.29999854912,-55.19999854912,0.));
#8261 = DIRECTION('',(0.,0.,-1.));
#8262 = DIRECTION('',(0.999999999998,-1.813584994895E-06,0.));
#8263 = ADVANCED_FACE('',(#8264),#8275,.T.);
#8264 = FACE_BOUND('',#8265,.T.);
#8265 = EDGE_LOOP('',(#8266,#8272,#8273,#8274));
#8266 = ORIENTED_EDGE('',*,*,#8267,.T.);
#8267 = EDGE_CURVE('',#7921,#8083,#8268,.T.);
#8268 = LINE('',#8269,#8270);
#8269 = CARTESIAN_POINT('',(91.9,-55.2,0.));
#8270 = VECTOR('',#8271,1.);
#8271 = DIRECTION('',(0.,0.,1.));
#8272 = ORIENTED_EDGE('',*,*,#8082,.T.);
#8273 = ORIENTED_EDGE('',*,*,#8233,.F.);
#8274 = ORIENTED_EDGE('',*,*,#7920,.F.);
#8275 = PLANE('',#8276);
#8276 = AXIS2_PLACEMENT_3D('',#8277,#8278,#8279);
#8277 = CARTESIAN_POINT('',(91.9,-55.2,0.));
#8278 = DIRECTION('',(-1.,0.,0.));
#8279 = DIRECTION('',(0.,1.,0.));
#8280 = ADVANCED_FACE('',(#8281),#8292,.T.);
#8281 = FACE_BOUND('',#8282,.T.);
#8282 = EDGE_LOOP('',(#8283,#8284,#8285,#8291));
#8283 = ORIENTED_EDGE('',*,*,#8252,.T.);
#8284 = ORIENTED_EDGE('',*,*,#8099,.T.);
#8285 = ORIENTED_EDGE('',*,*,#8286,.F.);
#8286 = EDGE_CURVE('',#7929,#8091,#8287,.T.);
#8287 = LINE('',#8288,#8289);
#8288 = CARTESIAN_POINT('',(92.7,-56.,0.));
#8289 = VECTOR('',#8290,1.);
#8290 = DIRECTION('',(0.,0.,1.));
#8291 = ORIENTED_EDGE('',*,*,#7937,.F.);
#8292 = PLANE('',#8293);
#8293 = AXIS2_PLACEMENT_3D('',#8294,#8295,#8296);
#8294 = CARTESIAN_POINT('',(109.3,-56.,0.));
#8295 = DIRECTION('',(0.,-1.,0.));
#8296 = DIRECTION('',(-1.,0.,0.));
#8297 = ADVANCED_FACE('',(#8298),#8304,.T.);
#8298 = FACE_BOUND('',#8299,.T.);
#8299 = EDGE_LOOP('',(#8300,#8301,#8302,#8303));
#8300 = ORIENTED_EDGE('',*,*,#8286,.T.);
#8301 = ORIENTED_EDGE('',*,*,#8090,.T.);
#8302 = ORIENTED_EDGE('',*,*,#8267,.F.);
#8303 = ORIENTED_EDGE('',*,*,#7928,.F.);
#8304 = CYLINDRICAL_SURFACE('',#8305,0.800001450872);
#8305 = AXIS2_PLACEMENT_3D('',#8306,#8307,#8308);
#8306 = CARTESIAN_POINT('',(92.700001450871,-55.19999854912,0.));
#8307 = DIRECTION('',(0.,0.,-1.));
#8308 = DIRECTION('',(-1.813584994895E-06,-0.999999999998,-0.));
#8309 = ADVANCED_FACE('',(#8310),#8321,.F.);
#8310 = FACE_BOUND('',#8311,.T.);
#8311 = EDGE_LOOP('',(#8312,#8313,#8319,#8320));
#8312 = ORIENTED_EDGE('',*,*,#7955,.T.);
#8313 = ORIENTED_EDGE('',*,*,#8314,.T.);
#8314 = EDGE_CURVE('',#7956,#8118,#8315,.T.);
#8315 = LINE('',#8316,#8317);
#8316 = CARTESIAN_POINT('',(95.45,-55.2,-4.6E-02));
#8317 = VECTOR('',#8318,1.);
#8318 = DIRECTION('',(0.,0.,1.));
#8319 = ORIENTED_EDGE('',*,*,#8117,.F.);
#8320 = ORIENTED_EDGE('',*,*,#8314,.F.);
#8321 = CYLINDRICAL_SURFACE('',#8322,0.7);
#8322 = AXIS2_PLACEMENT_3D('',#8323,#8324,#8325);
#8323 = CARTESIAN_POINT('',(95.45,-54.5,-4.6E-02));
#8324 = DIRECTION('',(-0.,-0.,-1.));
#8325 = DIRECTION('',(-0.,-1.,0.));
#8326 = ADVANCED_FACE('',(#8327),#8338,.F.);
#8327 = FACE_BOUND('',#8328,.T.);
#8328 = EDGE_LOOP('',(#8329,#8330,#8336,#8337));
#8329 = ORIENTED_EDGE('',*,*,#7966,.T.);
#8330 = ORIENTED_EDGE('',*,*,#8331,.T.);
#8331 = EDGE_CURVE('',#7967,#8129,#8332,.T.);
#8332 = LINE('',#8333,#8334);
#8333 = CARTESIAN_POINT('',(99.25,-55.2,-4.6E-02));
#8334 = VECTOR('',#8335,1.);
#8335 = DIRECTION('',(0.,0.,1.));
#8336 = ORIENTED_EDGE('',*,*,#8128,.F.);
#8337 = ORIENTED_EDGE('',*,*,#8331,.F.);
#8338 = CYLINDRICAL_SURFACE('',#8339,0.7);
#8339 = AXIS2_PLACEMENT_3D('',#8340,#8341,#8342);
#8340 = CARTESIAN_POINT('',(99.25,-54.5,-4.6E-02));
#8341 = DIRECTION('',(-0.,-0.,-1.));
#8342 = DIRECTION('',(-0.,-1.,0.));
#8343 = ADVANCED_FACE('',(#8344),#8355,.F.);
#8344 = FACE_BOUND('',#8345,.T.);
#8345 = EDGE_LOOP('',(#8346,#8347,#8353,#8354));
#8346 = ORIENTED_EDGE('',*,*,#7977,.T.);
#8347 = ORIENTED_EDGE('',*,*,#8348,.T.);
#8348 = EDGE_CURVE('',#7978,#8140,#8349,.T.);
#8349 = LINE('',#8350,#8351);
#8350 = CARTESIAN_POINT('',(103.3,-55.4,-4.6E-02));
#8351 = VECTOR('',#8352,1.);
#8352 = DIRECTION('',(0.,0.,1.));
#8353 = ORIENTED_EDGE('',*,*,#8139,.F.);
#8354 = ORIENTED_EDGE('',*,*,#8348,.F.);
#8355 = CYLINDRICAL_SURFACE('',#8356,0.5);
#8356 = AXIS2_PLACEMENT_3D('',#8357,#8358,#8359);
#8357 = CARTESIAN_POINT('',(103.3,-54.9,-4.6E-02));
#8358 = DIRECTION('',(-0.,-0.,-1.));
#8359 = DIRECTION('',(-0.,-1.,0.));
#8360 = ADVANCED_FACE('',(#8361),#8372,.F.);
#8361 = FACE_BOUND('',#8362,.T.);
#8362 = EDGE_LOOP('',(#8363,#8364,#8370,#8371));
#8363 = ORIENTED_EDGE('',*,*,#7988,.T.);
#8364 = ORIENTED_EDGE('',*,*,#8365,.T.);
#8365 = EDGE_CURVE('',#7989,#8151,#8366,.T.);
#8366 = LINE('',#8367,#8368);
#8367 = CARTESIAN_POINT('',(105.5,-55.4,-4.6E-02));
#8368 = VECTOR('',#8369,1.);
#8369 = DIRECTION('',(0.,0.,1.));
#8370 = ORIENTED_EDGE('',*,*,#8150,.F.);
#8371 = ORIENTED_EDGE('',*,*,#8365,.F.);
#8372 = CYLINDRICAL_SURFACE('',#8373,0.5);
#8373 = AXIS2_PLACEMENT_3D('',#8374,#8375,#8376);
#8374 = CARTESIAN_POINT('',(105.5,-54.9,-4.6E-02));
#8375 = DIRECTION('',(-0.,-0.,-1.));
#8376 = DIRECTION('',(-0.,-1.,0.));
#8377 = ADVANCED_FACE('',(#8378),#8389,.F.);
#8378 = FACE_BOUND('',#8379,.T.);
#8379 = EDGE_LOOP('',(#8380,#8381,#8387,#8388));
#8380 = ORIENTED_EDGE('',*,*,#7999,.T.);
#8381 = ORIENTED_EDGE('',*,*,#8382,.T.);
#8382 = EDGE_CURVE('',#8000,#8162,#8383,.T.);
#8383 = LINE('',#8384,#8385);
#8384 = CARTESIAN_POINT('',(107.7,-55.4,-4.6E-02));
#8385 = VECTOR('',#8386,1.);
#8386 = DIRECTION('',(0.,0.,1.));
#8387 = ORIENTED_EDGE('',*,*,#8161,.F.);
#8388 = ORIENTED_EDGE('',*,*,#8382,.F.);
#8389 = CYLINDRICAL_SURFACE('',#8390,0.5);
#8390 = AXIS2_PLACEMENT_3D('',#8391,#8392,#8393);
#8391 = CARTESIAN_POINT('',(107.7,-54.9,-4.6E-02));
#8392 = DIRECTION('',(-0.,-0.,-1.));
#8393 = DIRECTION('',(-0.,-1.,0.));
#8394 = ADVANCED_FACE('',(#8395),#8406,.F.);
#8395 = FACE_BOUND('',#8396,.T.);
#8396 = EDGE_LOOP('',(#8397,#8398,#8404,#8405));
#8397 = ORIENTED_EDGE('',*,*,#8010,.T.);
#8398 = ORIENTED_EDGE('',*,*,#8399,.T.);
#8399 = EDGE_CURVE('',#8011,#8173,#8400,.T.);
#8400 = LINE('',#8401,#8402);
#8401 = CARTESIAN_POINT('',(93.6,-52.875,-4.6E-02));
#8402 = VECTOR('',#8403,1.);
#8403 = DIRECTION('',(0.,0.,1.));
#8404 = ORIENTED_EDGE('',*,*,#8172,.F.);
#8405 = ORIENTED_EDGE('',*,*,#8399,.F.);
#8406 = CYLINDRICAL_SURFACE('',#8407,0.875);
#8407 = AXIS2_PLACEMENT_3D('',#8408,#8409,#8410);
#8408 = CARTESIAN_POINT('',(93.6,-52.,-4.6E-02));
#8409 = DIRECTION('',(-0.,-0.,-1.));
#8410 = DIRECTION('',(-0.,-1.,0.));
#8411 = ADVANCED_FACE('',(#8412),#8423,.F.);
#8412 = FACE_BOUND('',#8413,.T.);
#8413 = EDGE_LOOP('',(#8414,#8415,#8421,#8422));
#8414 = ORIENTED_EDGE('',*,*,#8021,.T.);
#8415 = ORIENTED_EDGE('',*,*,#8416,.T.);
#8416 = EDGE_CURVE('',#8022,#8184,#8417,.T.);
#8417 = LINE('',#8418,#8419);
#8418 = CARTESIAN_POINT('',(97.2,-52.875,-4.6E-02));
#8419 = VECTOR('',#8420,1.);
#8420 = DIRECTION('',(0.,0.,1.));
#8421 = ORIENTED_EDGE('',*,*,#8183,.F.);
#8422 = ORIENTED_EDGE('',*,*,#8416,.F.);
#8423 = CYLINDRICAL_SURFACE('',#8424,0.875);
#8424 = AXIS2_PLACEMENT_3D('',#8425,#8426,#8427);
#8425 = CARTESIAN_POINT('',(97.2,-52.,-4.6E-02));
#8426 = DIRECTION('',(-0.,-0.,-1.));
#8427 = DIRECTION('',(-0.,-1.,0.));
#8428 = ADVANCED_FACE('',(#8429),#8440,.F.);
#8429 = FACE_BOUND('',#8430,.T.);
#8430 = EDGE_LOOP('',(#8431,#8432,#8438,#8439));
#8431 = ORIENTED_EDGE('',*,*,#8032,.T.);
#8432 = ORIENTED_EDGE('',*,*,#8433,.T.);
#8433 = EDGE_CURVE('',#8033,#8195,#8434,.T.);
#8434 = LINE('',#8435,#8436);
#8435 = CARTESIAN_POINT('',(101.,-52.875,-4.6E-02));
#8436 = VECTOR('',#8437,1.);
#8437 = DIRECTION('',(0.,0.,1.));
#8438 = ORIENTED_EDGE('',*,*,#8194,.F.);
#8439 = ORIENTED_EDGE('',*,*,#8433,.F.);
#8440 = CYLINDRICAL_SURFACE('',#8441,0.875);
#8441 = AXIS2_PLACEMENT_3D('',#8442,#8443,#8444);
#8442 = CARTESIAN_POINT('',(101.,-52.,-4.6E-02));
#8443 = DIRECTION('',(-0.,-0.,-1.));
#8444 = DIRECTION('',(-0.,-1.,0.));
#8445 = ADVANCED_FACE('',(#8446),#8457,.F.);
#8446 = FACE_BOUND('',#8447,.T.);
#8447 = EDGE_LOOP('',(#8448,#8449,#8455,#8456));
#8448 = ORIENTED_EDGE('',*,*,#8043,.T.);
#8449 = ORIENTED_EDGE('',*,*,#8450,.T.);
#8450 = EDGE_CURVE('',#8044,#8206,#8451,.T.);
#8451 = LINE('',#8452,#8453);
#8452 = CARTESIAN_POINT('',(104.8,-52.875,-4.6E-02));
#8453 = VECTOR('',#8454,1.);
#8454 = DIRECTION('',(0.,0.,1.));
#8455 = ORIENTED_EDGE('',*,*,#8205,.F.);
#8456 = ORIENTED_EDGE('',*,*,#8450,.F.);
#8457 = CYLINDRICAL_SURFACE('',#8458,0.875);
#8458 = AXIS2_PLACEMENT_3D('',#8459,#8460,#8461);
#8459 = CARTESIAN_POINT('',(104.8,-52.,-4.6E-02));
#8460 = DIRECTION('',(-0.,-0.,-1.));
#8461 = DIRECTION('',(-0.,-1.,0.));
#8462 = ADVANCED_FACE('',(#8463),#8474,.F.);
#8463 = FACE_BOUND('',#8464,.T.);
#8464 = EDGE_LOOP('',(#8465,#8466,#8472,#8473));
#8465 = ORIENTED_EDGE('',*,*,#8054,.T.);
#8466 = ORIENTED_EDGE('',*,*,#8467,.T.);
#8467 = EDGE_CURVE('',#8055,#8217,#8468,.T.);
#8468 = LINE('',#8469,#8470);
#8469 = CARTESIAN_POINT('',(108.4,-52.875,-4.6E-02));
#8470 = VECTOR('',#8471,1.);
#8471 = DIRECTION('',(0.,0.,1.));
#8472 = ORIENTED_EDGE('',*,*,#8216,.F.);
#8473 = ORIENTED_EDGE('',*,*,#8467,.F.);
#8474 = CYLINDRICAL_SURFACE('',#8475,0.875);
#8475 = AXIS2_PLACEMENT_3D('',#8476,#8477,#8478);
#8476 = CARTESIAN_POINT('',(108.4,-52.,-4.6E-02));
#8477 = DIRECTION('',(-0.,-0.,-1.));
#8478 = DIRECTION('',(-0.,-1.,0.));
#8479 = ( GEOMETRIC_REPRESENTATION_CONTEXT(3) 
GLOBAL_UNCERTAINTY_ASSIGNED_CONTEXT((#8483)) 
GLOBAL_UNIT_ASSIGNED_CONTEXT((#8480,#8481,#8482)) REPRESENTATION_CONTEXT
('Context #1','3D Context with UNIT and UNCERTAINTY') );
#8480 = ( LENGTH_UNIT() NAMED_UNIT(*) SI_UNIT(.MILLI.,.METRE.) );
#8481 = ( NAMED_UNIT(*) PLANE_ANGLE_UNIT() SI_UNIT($,.RADIAN.) );
#8482 = ( NAMED_UNIT(*) SI_UNIT($,.STERADIAN.) SOLID_ANGLE_UNIT() );
#8483 = UNCERTAINTY_MEASURE_WITH_UNIT(LENGTH_MEASURE(1.E-07),#8480,
  'distance_accuracy_value','confusion accuracy');
#8484 = CONTEXT_DEPENDENT_SHAPE_REPRESENTATION(#8485,#8487);
#8485 = ( REPRESENTATION_RELATIONSHIP('','',#7798,#10) 
REPRESENTATION_RELATIONSHIP_WITH_TRANSFORMATION(#8486) 
SHAPE_REPRESENTATION_RELATIONSHIP() );
#8486 = ITEM_DEFINED_TRANSFORMATION('','',#11,#31);
#8487 = PRODUCT_DEFINITION_SHAPE('Placement','Placement of an item',
  #8488);
#8488 = NEXT_ASSEMBLY_USAGE_OCCURRENCE('5','=>[0:1:1:5]','',#5,#7793,$);
#8489 = PRODUCT_RELATED_PRODUCT_CATEGORY('part',$,(#7795));
#8490 = MECHANICAL_DESIGN_GEOMETRIC_PRESENTATION_REPRESENTATION('',(
    #8491),#8479);
#8491 = STYLED_ITEM('color',(#8492),#7799);
#8492 = PRESENTATION_STYLE_ASSIGNMENT((#8493));
#8493 = SURFACE_STYLE_USAGE(.BOTH.,#8494);
#8494 = SURFACE_SIDE_STYLE('',(#8495));
#8495 = SURFACE_STYLE_FILL_AREA(#8496);
#8496 = FILL_AREA_STYLE('',(#8497));
#8497 = FILL_AREA_STYLE_COLOUR('',#8498);
#8498 = COLOUR_RGB('',0.313304153717,0.484529207832,0.410020903123);
#8499 = MECHANICAL_DESIGN_GEOMETRIC_PRESENTATION_REPRESENTATION('',(
    #8500,#8508,#8515,#8522,#8529,#8536,#8544,#8551,#8558,#8565,#8572,
    #8579,#8586,#8593,#8600,#8607,#8614,#8621,#8628,#8635,#8642,#8649,
    #8656,#8663,#8670,#8677,#8684,#8691,#8698,#8705,#8712,#8719,#8726,
    #8733,#8740,#8747,#8754,#8761,#8768,#8775,#8782,#8789,#8796,#8803,
    #8810,#8817,#8824,#8831,#8838,#8845,#8852,#8859,#8866,#8873,#8880,
    #8888,#8895,#8902,#8909,#8916,#8923,#8930,#8937,#8944,#8951,#8958,
    #8965),#1849);
#8500 = STYLED_ITEM('color',(#8501),#51);
#8501 = PRESENTATION_STYLE_ASSIGNMENT((#8502));
#8502 = SURFACE_STYLE_USAGE(.BOTH.,#8503);
#8503 = SURFACE_SIDE_STYLE('',(#8504));
#8504 = SURFACE_STYLE_FILL_AREA(#8505);
#8505 = FILL_AREA_STYLE('',(#8506));
#8506 = FILL_AREA_STYLE_COLOUR('',#8507);
#8507 = COLOUR_RGB('',0.823529417451,0.819607860991,0.780392170416);
#8508 = STYLED_ITEM('color',(#8509),#91);
#8509 = PRESENTATION_STYLE_ASSIGNMENT((#8510));
#8510 = SURFACE_STYLE_USAGE(.BOTH.,#8511);
#8511 = SURFACE_SIDE_STYLE('',(#8512));
#8512 = SURFACE_STYLE_FILL_AREA(#8513);
#8513 = FILL_AREA_STYLE('',(#8514));
#8514 = FILL_AREA_STYLE_COLOUR('',#8507);
#8515 = STYLED_ITEM('color',(#8516),#124);
#8516 = PRESENTATION_STYLE_ASSIGNMENT((#8517));
#8517 = SURFACE_STYLE_USAGE(.BOTH.,#8518);
#8518 = SURFACE_SIDE_STYLE('',(#8519));
#8519 = SURFACE_STYLE_FILL_AREA(#8520);
#8520 = FILL_AREA_STYLE('',(#8521));
#8521 = FILL_AREA_STYLE_COLOUR('',#8507);
#8522 = STYLED_ITEM('color',(#8523),#157);
#8523 = PRESENTATION_STYLE_ASSIGNMENT((#8524));
#8524 = SURFACE_STYLE_USAGE(.BOTH.,#8525);
#8525 = SURFACE_SIDE_STYLE('',(#8526));
#8526 = SURFACE_STYLE_FILL_AREA(#8527);
#8527 = FILL_AREA_STYLE('',(#8528));
#8528 = FILL_AREA_STYLE_COLOUR('',#8507);
#8529 = STYLED_ITEM('color',(#8530),#224);
#8530 = PRESENTATION_STYLE_ASSIGNMENT((#8531));
#8531 = SURFACE_STYLE_USAGE(.BOTH.,#8532);
#8532 = SURFACE_SIDE_STYLE('',(#8533));
#8533 = SURFACE_STYLE_FILL_AREA(#8534);
#8534 = FILL_AREA_STYLE('',(#8535));
#8535 = FILL_AREA_STYLE_COLOUR('',#8507);
#8536 = STYLED_ITEM('color',(#8537),#291);
#8537 = PRESENTATION_STYLE_ASSIGNMENT((#8538));
#8538 = SURFACE_STYLE_USAGE(.BOTH.,#8539);
#8539 = SURFACE_SIDE_STYLE('',(#8540));
#8540 = SURFACE_STYLE_FILL_AREA(#8541);
#8541 = FILL_AREA_STYLE('',(#8542));
#8542 = FILL_AREA_STYLE_COLOUR('',#8543);
#8543 = COLOUR_RGB('',0.145098047169,0.14117647753,0.14117647753);
#8544 = STYLED_ITEM('color',(#8545),#336);
#8545 = PRESENTATION_STYLE_ASSIGNMENT((#8546));
#8546 = SURFACE_STYLE_USAGE(.BOTH.,#8547);
#8547 = SURFACE_SIDE_STYLE('',(#8548));
#8548 = SURFACE_STYLE_FILL_AREA(#8549);
#8549 = FILL_AREA_STYLE('',(#8550));
#8550 = FILL_AREA_STYLE_COLOUR('',#8507);
#8551 = STYLED_ITEM('color',(#8552),#353);
#8552 = PRESENTATION_STYLE_ASSIGNMENT((#8553));
#8553 = SURFACE_STYLE_USAGE(.BOTH.,#8554);
#8554 = SURFACE_SIDE_STYLE('',(#8555));
#8555 = SURFACE_STYLE_FILL_AREA(#8556);
#8556 = FILL_AREA_STYLE('',(#8557));
#8557 = FILL_AREA_STYLE_COLOUR('',#8543);
#8558 = STYLED_ITEM('color',(#8559),#376);
#8559 = PRESENTATION_STYLE_ASSIGNMENT((#8560));
#8560 = SURFACE_STYLE_USAGE(.BOTH.,#8561);
#8561 = SURFACE_SIDE_STYLE('',(#8562));
#8562 = SURFACE_STYLE_FILL_AREA(#8563);
#8563 = FILL_AREA_STYLE('',(#8564));
#8564 = FILL_AREA_STYLE_COLOUR('',#8507);
#8565 = STYLED_ITEM('color',(#8566),#398);
#8566 = PRESENTATION_STYLE_ASSIGNMENT((#8567));
#8567 = SURFACE_STYLE_USAGE(.BOTH.,#8568);
#8568 = SURFACE_SIDE_STYLE('',(#8569));
#8569 = SURFACE_STYLE_FILL_AREA(#8570);
#8570 = FILL_AREA_STYLE('',(#8571));
#8571 = FILL_AREA_STYLE_COLOUR('',#8507);
#8572 = STYLED_ITEM('color',(#8573),#415);
#8573 = PRESENTATION_STYLE_ASSIGNMENT((#8574));
#8574 = SURFACE_STYLE_USAGE(.BOTH.,#8575);
#8575 = SURFACE_SIDE_STYLE('',(#8576));
#8576 = SURFACE_STYLE_FILL_AREA(#8577);
#8577 = FILL_AREA_STYLE('',(#8578));
#8578 = FILL_AREA_STYLE_COLOUR('',#8507);
#8579 = STYLED_ITEM('color',(#8580),#432);
#8580 = PRESENTATION_STYLE_ASSIGNMENT((#8581));
#8581 = SURFACE_STYLE_USAGE(.BOTH.,#8582);
#8582 = SURFACE_SIDE_STYLE('',(#8583));
#8583 = SURFACE_STYLE_FILL_AREA(#8584);
#8584 = FILL_AREA_STYLE('',(#8585));
#8585 = FILL_AREA_STYLE_COLOUR('',#8507);
#8586 = STYLED_ITEM('color',(#8587),#449);
#8587 = PRESENTATION_STYLE_ASSIGNMENT((#8588));
#8588 = SURFACE_STYLE_USAGE(.BOTH.,#8589);
#8589 = SURFACE_SIDE_STYLE('',(#8590));
#8590 = SURFACE_STYLE_FILL_AREA(#8591);
#8591 = FILL_AREA_STYLE('',(#8592));
#8592 = FILL_AREA_STYLE_COLOUR('',#8507);
#8593 = STYLED_ITEM('color',(#8594),#461);
#8594 = PRESENTATION_STYLE_ASSIGNMENT((#8595));
#8595 = SURFACE_STYLE_USAGE(.BOTH.,#8596);
#8596 = SURFACE_SIDE_STYLE('',(#8597));
#8597 = SURFACE_STYLE_FILL_AREA(#8598);
#8598 = FILL_AREA_STYLE('',(#8599));
#8599 = FILL_AREA_STYLE_COLOUR('',#8543);
#8600 = STYLED_ITEM('color',(#8601),#484);
#8601 = PRESENTATION_STYLE_ASSIGNMENT((#8602));
#8602 = SURFACE_STYLE_USAGE(.BOTH.,#8603);
#8603 = SURFACE_SIDE_STYLE('',(#8604));
#8604 = SURFACE_STYLE_FILL_AREA(#8605);
#8605 = FILL_AREA_STYLE('',(#8606));
#8606 = FILL_AREA_STYLE_COLOUR('',#8543);
#8607 = STYLED_ITEM('color',(#8608),#547);
#8608 = PRESENTATION_STYLE_ASSIGNMENT((#8609));
#8609 = SURFACE_STYLE_USAGE(.BOTH.,#8610);
#8610 = SURFACE_SIDE_STYLE('',(#8611));
#8611 = SURFACE_STYLE_FILL_AREA(#8612);
#8612 = FILL_AREA_STYLE('',(#8613));
#8613 = FILL_AREA_STYLE_COLOUR('',#8543);
#8614 = STYLED_ITEM('color',(#8615),#570);
#8615 = PRESENTATION_STYLE_ASSIGNMENT((#8616));
#8616 = SURFACE_STYLE_USAGE(.BOTH.,#8617);
#8617 = SURFACE_SIDE_STYLE('',(#8618));
#8618 = SURFACE_STYLE_FILL_AREA(#8619);
#8619 = FILL_AREA_STYLE('',(#8620));
#8620 = FILL_AREA_STYLE_COLOUR('',#8543);
#8621 = STYLED_ITEM('color',(#8622),#593);
#8622 = PRESENTATION_STYLE_ASSIGNMENT((#8623));
#8623 = SURFACE_STYLE_USAGE(.BOTH.,#8624);
#8624 = SURFACE_SIDE_STYLE('',(#8625));
#8625 = SURFACE_STYLE_FILL_AREA(#8626);
#8626 = FILL_AREA_STYLE('',(#8627));
#8627 = FILL_AREA_STYLE_COLOUR('',#8543);
#8628 = STYLED_ITEM('color',(#8629),#616);
#8629 = PRESENTATION_STYLE_ASSIGNMENT((#8630));
#8630 = SURFACE_STYLE_USAGE(.BOTH.,#8631);
#8631 = SURFACE_SIDE_STYLE('',(#8632));
#8632 = SURFACE_STYLE_FILL_AREA(#8633);
#8633 = FILL_AREA_STYLE('',(#8634));
#8634 = FILL_AREA_STYLE_COLOUR('',#8543);
#8635 = STYLED_ITEM('color',(#8636),#646);
#8636 = PRESENTATION_STYLE_ASSIGNMENT((#8637));
#8637 = SURFACE_STYLE_USAGE(.BOTH.,#8638);
#8638 = SURFACE_SIDE_STYLE('',(#8639));
#8639 = SURFACE_STYLE_FILL_AREA(#8640);
#8640 = FILL_AREA_STYLE('',(#8641));
#8641 = FILL_AREA_STYLE_COLOUR('',#8507);
#8642 = STYLED_ITEM('color',(#8643),#670);
#8643 = PRESENTATION_STYLE_ASSIGNMENT((#8644));
#8644 = SURFACE_STYLE_USAGE(.BOTH.,#8645);
#8645 = SURFACE_SIDE_STYLE('',(#8646));
#8646 = SURFACE_STYLE_FILL_AREA(#8647);
#8647 = FILL_AREA_STYLE('',(#8648));
#8648 = FILL_AREA_STYLE_COLOUR('',#8543);
#8649 = STYLED_ITEM('color',(#8650),#693);
#8650 = PRESENTATION_STYLE_ASSIGNMENT((#8651));
#8651 = SURFACE_STYLE_USAGE(.BOTH.,#8652);
#8652 = SURFACE_SIDE_STYLE('',(#8653));
#8653 = SURFACE_STYLE_FILL_AREA(#8654);
#8654 = FILL_AREA_STYLE('',(#8655));
#8655 = FILL_AREA_STYLE_COLOUR('',#8543);
#8656 = STYLED_ITEM('color',(#8657),#716);
#8657 = PRESENTATION_STYLE_ASSIGNMENT((#8658));
#8658 = SURFACE_STYLE_USAGE(.BOTH.,#8659);
#8659 = SURFACE_SIDE_STYLE('',(#8660));
#8660 = SURFACE_STYLE_FILL_AREA(#8661);
#8661 = FILL_AREA_STYLE('',(#8662));
#8662 = FILL_AREA_STYLE_COLOUR('',#8543);
#8663 = STYLED_ITEM('color',(#8664),#761);
#8664 = PRESENTATION_STYLE_ASSIGNMENT((#8665));
#8665 = SURFACE_STYLE_USAGE(.BOTH.,#8666);
#8666 = SURFACE_SIDE_STYLE('',(#8667));
#8667 = SURFACE_STYLE_FILL_AREA(#8668);
#8668 = FILL_AREA_STYLE('',(#8669));
#8669 = FILL_AREA_STYLE_COLOUR('',#8543);
#8670 = STYLED_ITEM('color',(#8671),#784);
#8671 = PRESENTATION_STYLE_ASSIGNMENT((#8672));
#8672 = SURFACE_STYLE_USAGE(.BOTH.,#8673);
#8673 = SURFACE_SIDE_STYLE('',(#8674));
#8674 = SURFACE_STYLE_FILL_AREA(#8675);
#8675 = FILL_AREA_STYLE('',(#8676));
#8676 = FILL_AREA_STYLE_COLOUR('',#8543);
#8677 = STYLED_ITEM('color',(#8678),#801);
#8678 = PRESENTATION_STYLE_ASSIGNMENT((#8679));
#8679 = SURFACE_STYLE_USAGE(.BOTH.,#8680);
#8680 = SURFACE_SIDE_STYLE('',(#8681));
#8681 = SURFACE_STYLE_FILL_AREA(#8682);
#8682 = FILL_AREA_STYLE('',(#8683));
#8683 = FILL_AREA_STYLE_COLOUR('',#8543);
#8684 = STYLED_ITEM('color',(#8685),#824);
#8685 = PRESENTATION_STYLE_ASSIGNMENT((#8686));
#8686 = SURFACE_STYLE_USAGE(.BOTH.,#8687);
#8687 = SURFACE_SIDE_STYLE('',(#8688));
#8688 = SURFACE_STYLE_FILL_AREA(#8689);
#8689 = FILL_AREA_STYLE('',(#8690));
#8690 = FILL_AREA_STYLE_COLOUR('',#8543);
#8691 = STYLED_ITEM('color',(#8692),#841);
#8692 = PRESENTATION_STYLE_ASSIGNMENT((#8693));
#8693 = SURFACE_STYLE_USAGE(.BOTH.,#8694);
#8694 = SURFACE_SIDE_STYLE('',(#8695));
#8695 = SURFACE_STYLE_FILL_AREA(#8696);
#8696 = FILL_AREA_STYLE('',(#8697));
#8697 = FILL_AREA_STYLE_COLOUR('',#8543);
#8698 = STYLED_ITEM('color',(#8699),#864);
#8699 = PRESENTATION_STYLE_ASSIGNMENT((#8700));
#8700 = SURFACE_STYLE_USAGE(.BOTH.,#8701);
#8701 = SURFACE_SIDE_STYLE('',(#8702));
#8702 = SURFACE_STYLE_FILL_AREA(#8703);
#8703 = FILL_AREA_STYLE('',(#8704));
#8704 = FILL_AREA_STYLE_COLOUR('',#8543);
#8705 = STYLED_ITEM('color',(#8706),#887);
#8706 = PRESENTATION_STYLE_ASSIGNMENT((#8707));
#8707 = SURFACE_STYLE_USAGE(.BOTH.,#8708);
#8708 = SURFACE_SIDE_STYLE('',(#8709));
#8709 = SURFACE_STYLE_FILL_AREA(#8710);
#8710 = FILL_AREA_STYLE('',(#8711));
#8711 = FILL_AREA_STYLE_COLOUR('',#8543);
#8712 = STYLED_ITEM('color',(#8713),#918);
#8713 = PRESENTATION_STYLE_ASSIGNMENT((#8714));
#8714 = SURFACE_STYLE_USAGE(.BOTH.,#8715);
#8715 = SURFACE_SIDE_STYLE('',(#8716));
#8716 = SURFACE_STYLE_FILL_AREA(#8717);
#8717 = FILL_AREA_STYLE('',(#8718));
#8718 = FILL_AREA_STYLE_COLOUR('',#8543);
#8719 = STYLED_ITEM('color',(#8720),#941);
#8720 = PRESENTATION_STYLE_ASSIGNMENT((#8721));
#8721 = SURFACE_STYLE_USAGE(.BOTH.,#8722);
#8722 = SURFACE_SIDE_STYLE('',(#8723));
#8723 = SURFACE_STYLE_FILL_AREA(#8724);
#8724 = FILL_AREA_STYLE('',(#8725));
#8725 = FILL_AREA_STYLE_COLOUR('',#8543);
#8726 = STYLED_ITEM('color',(#8727),#964);
#8727 = PRESENTATION_STYLE_ASSIGNMENT((#8728));
#8728 = SURFACE_STYLE_USAGE(.BOTH.,#8729);
#8729 = SURFACE_SIDE_STYLE('',(#8730));
#8730 = SURFACE_STYLE_FILL_AREA(#8731);
#8731 = FILL_AREA_STYLE('',(#8732));
#8732 = FILL_AREA_STYLE_COLOUR('',#8543);
#8733 = STYLED_ITEM('color',(#8734),#994);
#8734 = PRESENTATION_STYLE_ASSIGNMENT((#8735));
#8735 = SURFACE_STYLE_USAGE(.BOTH.,#8736);
#8736 = SURFACE_SIDE_STYLE('',(#8737));
#8737 = SURFACE_STYLE_FILL_AREA(#8738);
#8738 = FILL_AREA_STYLE('',(#8739));
#8739 = FILL_AREA_STYLE_COLOUR('',#8543);
#8740 = STYLED_ITEM('color',(#8741),#1024);
#8741 = PRESENTATION_STYLE_ASSIGNMENT((#8742));
#8742 = SURFACE_STYLE_USAGE(.BOTH.,#8743);
#8743 = SURFACE_SIDE_STYLE('',(#8744));
#8744 = SURFACE_STYLE_FILL_AREA(#8745);
#8745 = FILL_AREA_STYLE('',(#8746));
#8746 = FILL_AREA_STYLE_COLOUR('',#8507);
#8747 = STYLED_ITEM('color',(#8748),#1057);
#8748 = PRESENTATION_STYLE_ASSIGNMENT((#8749));
#8749 = SURFACE_STYLE_USAGE(.BOTH.,#8750);
#8750 = SURFACE_SIDE_STYLE('',(#8751));
#8751 = SURFACE_STYLE_FILL_AREA(#8752);
#8752 = FILL_AREA_STYLE('',(#8753));
#8753 = FILL_AREA_STYLE_COLOUR('',#8543);
#8754 = STYLED_ITEM('color',(#8755),#1074);
#8755 = PRESENTATION_STYLE_ASSIGNMENT((#8756));
#8756 = SURFACE_STYLE_USAGE(.BOTH.,#8757);
#8757 = SURFACE_SIDE_STYLE('',(#8758));
#8758 = SURFACE_STYLE_FILL_AREA(#8759);
#8759 = FILL_AREA_STYLE('',(#8760));
#8760 = FILL_AREA_STYLE_COLOUR('',#8543);
#8761 = STYLED_ITEM('color',(#8762),#1091);
#8762 = PRESENTATION_STYLE_ASSIGNMENT((#8763));
#8763 = SURFACE_STYLE_USAGE(.BOTH.,#8764);
#8764 = SURFACE_SIDE_STYLE('',(#8765));
#8765 = SURFACE_STYLE_FILL_AREA(#8766);
#8766 = FILL_AREA_STYLE('',(#8767));
#8767 = FILL_AREA_STYLE_COLOUR('',#8543);
#8768 = STYLED_ITEM('color',(#8769),#1114);
#8769 = PRESENTATION_STYLE_ASSIGNMENT((#8770));
#8770 = SURFACE_STYLE_USAGE(.BOTH.,#8771);
#8771 = SURFACE_SIDE_STYLE('',(#8772));
#8772 = SURFACE_STYLE_FILL_AREA(#8773);
#8773 = FILL_AREA_STYLE('',(#8774));
#8774 = FILL_AREA_STYLE_COLOUR('',#8543);
#8775 = STYLED_ITEM('color',(#8776),#1137);
#8776 = PRESENTATION_STYLE_ASSIGNMENT((#8777));
#8777 = SURFACE_STYLE_USAGE(.BOTH.,#8778);
#8778 = SURFACE_SIDE_STYLE('',(#8779));
#8779 = SURFACE_STYLE_FILL_AREA(#8780);
#8780 = FILL_AREA_STYLE('',(#8781));
#8781 = FILL_AREA_STYLE_COLOUR('',#8543);
#8782 = STYLED_ITEM('color',(#8783),#1227);
#8783 = PRESENTATION_STYLE_ASSIGNMENT((#8784));
#8784 = SURFACE_STYLE_USAGE(.BOTH.,#8785);
#8785 = SURFACE_SIDE_STYLE('',(#8786));
#8786 = SURFACE_STYLE_FILL_AREA(#8787);
#8787 = FILL_AREA_STYLE('',(#8788));
#8788 = FILL_AREA_STYLE_COLOUR('',#8543);
#8789 = STYLED_ITEM('color',(#8790),#1243);
#8790 = PRESENTATION_STYLE_ASSIGNMENT((#8791));
#8791 = SURFACE_STYLE_USAGE(.BOTH.,#8792);
#8792 = SURFACE_SIDE_STYLE('',(#8793));
#8793 = SURFACE_STYLE_FILL_AREA(#8794);
#8794 = FILL_AREA_STYLE('',(#8795));
#8795 = FILL_AREA_STYLE_COLOUR('',#8543);
#8796 = STYLED_ITEM('color',(#8797),#1266);
#8797 = PRESENTATION_STYLE_ASSIGNMENT((#8798));
#8798 = SURFACE_STYLE_USAGE(.BOTH.,#8799);
#8799 = SURFACE_SIDE_STYLE('',(#8800));
#8800 = SURFACE_STYLE_FILL_AREA(#8801);
#8801 = FILL_AREA_STYLE('',(#8802));
#8802 = FILL_AREA_STYLE_COLOUR('',#8543);
#8803 = STYLED_ITEM('color',(#8804),#1296);
#8804 = PRESENTATION_STYLE_ASSIGNMENT((#8805));
#8805 = SURFACE_STYLE_USAGE(.BOTH.,#8806);
#8806 = SURFACE_SIDE_STYLE('',(#8807));
#8807 = SURFACE_STYLE_FILL_AREA(#8808);
#8808 = FILL_AREA_STYLE('',(#8809));
#8809 = FILL_AREA_STYLE_COLOUR('',#8507);
#8810 = STYLED_ITEM('color',(#8811),#1371);
#8811 = PRESENTATION_STYLE_ASSIGNMENT((#8812));
#8812 = SURFACE_STYLE_USAGE(.BOTH.,#8813);
#8813 = SURFACE_SIDE_STYLE('',(#8814));
#8814 = SURFACE_STYLE_FILL_AREA(#8815);
#8815 = FILL_AREA_STYLE('',(#8816));
#8816 = FILL_AREA_STYLE_COLOUR('',#8507);
#8817 = STYLED_ITEM('color',(#8818),#1446);
#8818 = PRESENTATION_STYLE_ASSIGNMENT((#8819));
#8819 = SURFACE_STYLE_USAGE(.BOTH.,#8820);
#8820 = SURFACE_SIDE_STYLE('',(#8821));
#8821 = SURFACE_STYLE_FILL_AREA(#8822);
#8822 = FILL_AREA_STYLE('',(#8823));
#8823 = FILL_AREA_STYLE_COLOUR('',#8543);
#8824 = STYLED_ITEM('color',(#8825),#1476);
#8825 = PRESENTATION_STYLE_ASSIGNMENT((#8826));
#8826 = SURFACE_STYLE_USAGE(.BOTH.,#8827);
#8827 = SURFACE_SIDE_STYLE('',(#8828));
#8828 = SURFACE_STYLE_FILL_AREA(#8829);
#8829 = FILL_AREA_STYLE('',(#8830));
#8830 = FILL_AREA_STYLE_COLOUR('',#8507);
#8831 = STYLED_ITEM('color',(#8832),#1493);
#8832 = PRESENTATION_STYLE_ASSIGNMENT((#8833));
#8833 = SURFACE_STYLE_USAGE(.BOTH.,#8834);
#8834 = SURFACE_SIDE_STYLE('',(#8835));
#8835 = SURFACE_STYLE_FILL_AREA(#8836);
#8836 = FILL_AREA_STYLE('',(#8837));
#8837 = FILL_AREA_STYLE_COLOUR('',#8543);
#8838 = STYLED_ITEM('color',(#8839),#1510);
#8839 = PRESENTATION_STYLE_ASSIGNMENT((#8840));
#8840 = SURFACE_STYLE_USAGE(.BOTH.,#8841);
#8841 = SURFACE_SIDE_STYLE('',(#8842));
#8842 = SURFACE_STYLE_FILL_AREA(#8843);
#8843 = FILL_AREA_STYLE('',(#8844));
#8844 = FILL_AREA_STYLE_COLOUR('',#8543);
#8845 = STYLED_ITEM('color',(#8846),#1527);
#8846 = PRESENTATION_STYLE_ASSIGNMENT((#8847));
#8847 = SURFACE_STYLE_USAGE(.BOTH.,#8848);
#8848 = SURFACE_SIDE_STYLE('',(#8849));
#8849 = SURFACE_STYLE_FILL_AREA(#8850);
#8850 = FILL_AREA_STYLE('',(#8851));
#8851 = FILL_AREA_STYLE_COLOUR('',#8543);
#8852 = STYLED_ITEM('color',(#8853),#1543);
#8853 = PRESENTATION_STYLE_ASSIGNMENT((#8854));
#8854 = SURFACE_STYLE_USAGE(.BOTH.,#8855);
#8855 = SURFACE_SIDE_STYLE('',(#8856));
#8856 = SURFACE_STYLE_FILL_AREA(#8857);
#8857 = FILL_AREA_STYLE('',(#8858));
#8858 = FILL_AREA_STYLE_COLOUR('',#8543);
#8859 = STYLED_ITEM('color',(#8860),#1570);
#8860 = PRESENTATION_STYLE_ASSIGNMENT((#8861));
#8861 = SURFACE_STYLE_USAGE(.BOTH.,#8862);
#8862 = SURFACE_SIDE_STYLE('',(#8863));
#8863 = SURFACE_STYLE_FILL_AREA(#8864);
#8864 = FILL_AREA_STYLE('',(#8865));
#8865 = FILL_AREA_STYLE_COLOUR('',#8543);
#8866 = STYLED_ITEM('color',(#8867),#1586);
#8867 = PRESENTATION_STYLE_ASSIGNMENT((#8868));
#8868 = SURFACE_STYLE_USAGE(.BOTH.,#8869);
#8869 = SURFACE_SIDE_STYLE('',(#8870));
#8870 = SURFACE_STYLE_FILL_AREA(#8871);
#8871 = FILL_AREA_STYLE('',(#8872));
#8872 = FILL_AREA_STYLE_COLOUR('',#8543);
#8873 = STYLED_ITEM('color',(#8874),#1598);
#8874 = PRESENTATION_STYLE_ASSIGNMENT((#8875));
#8875 = SURFACE_STYLE_USAGE(.BOTH.,#8876);
#8876 = SURFACE_SIDE_STYLE('',(#8877));
#8877 = SURFACE_STYLE_FILL_AREA(#8878);
#8878 = FILL_AREA_STYLE('',(#8879));
#8879 = FILL_AREA_STYLE_COLOUR('',#8543);
#8880 = STYLED_ITEM('color',(#8881),#1610);
#8881 = PRESENTATION_STYLE_ASSIGNMENT((#8882));
#8882 = SURFACE_STYLE_USAGE(.BOTH.,#8883);
#8883 = SURFACE_SIDE_STYLE('',(#8884));
#8884 = SURFACE_STYLE_FILL_AREA(#8885);
#8885 = FILL_AREA_STYLE('',(#8886));
#8886 = FILL_AREA_STYLE_COLOUR('',#8887);
#8887 = COLOUR_RGB('',0.690196106937,0.662745111292,0.596078458879);
#8888 = STYLED_ITEM('color',(#8889),#1641);
#8889 = PRESENTATION_STYLE_ASSIGNMENT((#8890));
#8890 = SURFACE_STYLE_USAGE(.BOTH.,#8891);
#8891 = SURFACE_SIDE_STYLE('',(#8892));
#8892 = SURFACE_STYLE_FILL_AREA(#8893);
#8893 = FILL_AREA_STYLE('',(#8894));
#8894 = FILL_AREA_STYLE_COLOUR('',#8887);
#8895 = STYLED_ITEM('color',(#8896),#1665);
#8896 = PRESENTATION_STYLE_ASSIGNMENT((#8897));
#8897 = SURFACE_STYLE_USAGE(.BOTH.,#8898);
#8898 = SURFACE_SIDE_STYLE('',(#8899));
#8899 = SURFACE_STYLE_FILL_AREA(#8900);
#8900 = FILL_AREA_STYLE('',(#8901));
#8901 = FILL_AREA_STYLE_COLOUR('',#8887);
#8902 = STYLED_ITEM('color',(#8903),#1689);
#8903 = PRESENTATION_STYLE_ASSIGNMENT((#8904));
#8904 = SURFACE_STYLE_USAGE(.BOTH.,#8905);
#8905 = SURFACE_SIDE_STYLE('',(#8906));
#8906 = SURFACE_STYLE_FILL_AREA(#8907);
#8907 = FILL_AREA_STYLE('',(#8908));
#8908 = FILL_AREA_STYLE_COLOUR('',#8887);
#8909 = STYLED_ITEM('color',(#8910),#1706);
#8910 = PRESENTATION_STYLE_ASSIGNMENT((#8911));
#8911 = SURFACE_STYLE_USAGE(.BOTH.,#8912);
#8912 = SURFACE_SIDE_STYLE('',(#8913));
#8913 = SURFACE_STYLE_FILL_AREA(#8914);
#8914 = FILL_AREA_STYLE('',(#8915));
#8915 = FILL_AREA_STYLE_COLOUR('',#8507);
#8916 = STYLED_ITEM('color',(#8917),#1723);
#8917 = PRESENTATION_STYLE_ASSIGNMENT((#8918));
#8918 = SURFACE_STYLE_USAGE(.BOTH.,#8919);
#8919 = SURFACE_SIDE_STYLE('',(#8920));
#8920 = SURFACE_STYLE_FILL_AREA(#8921);
#8921 = FILL_AREA_STYLE('',(#8922));
#8922 = FILL_AREA_STYLE_COLOUR('',#8507);
#8923 = STYLED_ITEM('color',(#8924),#1740);
#8924 = PRESENTATION_STYLE_ASSIGNMENT((#8925));
#8925 = SURFACE_STYLE_USAGE(.BOTH.,#8926);
#8926 = SURFACE_SIDE_STYLE('',(#8927));
#8927 = SURFACE_STYLE_FILL_AREA(#8928);
#8928 = FILL_AREA_STYLE('',(#8929));
#8929 = FILL_AREA_STYLE_COLOUR('',#8507);
#8930 = STYLED_ITEM('color',(#8931),#1757);
#8931 = PRESENTATION_STYLE_ASSIGNMENT((#8932));
#8932 = SURFACE_STYLE_USAGE(.BOTH.,#8933);
#8933 = SURFACE_SIDE_STYLE('',(#8934));
#8934 = SURFACE_STYLE_FILL_AREA(#8935);
#8935 = FILL_AREA_STYLE('',(#8936));
#8936 = FILL_AREA_STYLE_COLOUR('',#8507);
#8937 = STYLED_ITEM('color',(#8938),#1774);
#8938 = PRESENTATION_STYLE_ASSIGNMENT((#8939));
#8939 = SURFACE_STYLE_USAGE(.BOTH.,#8940);
#8940 = SURFACE_SIDE_STYLE('',(#8941));
#8941 = SURFACE_STYLE_FILL_AREA(#8942);
#8942 = FILL_AREA_STYLE('',(#8943));
#8943 = FILL_AREA_STYLE_COLOUR('',#8507);
#8944 = STYLED_ITEM('color',(#8945),#1791);
#8945 = PRESENTATION_STYLE_ASSIGNMENT((#8946));
#8946 = SURFACE_STYLE_USAGE(.BOTH.,#8947);
#8947 = SURFACE_SIDE_STYLE('',(#8948));
#8948 = SURFACE_STYLE_FILL_AREA(#8949);
#8949 = FILL_AREA_STYLE('',(#8950));
#8950 = FILL_AREA_STYLE_COLOUR('',#8507);
#8951 = STYLED_ITEM('color',(#8952),#1808);
#8952 = PRESENTATION_STYLE_ASSIGNMENT((#8953));
#8953 = SURFACE_STYLE_USAGE(.BOTH.,#8954);
#8954 = SURFACE_SIDE_STYLE('',(#8955));
#8955 = SURFACE_STYLE_FILL_AREA(#8956);
#8956 = FILL_AREA_STYLE('',(#8957));
#8957 = FILL_AREA_STYLE_COLOUR('',#8507);
#8958 = STYLED_ITEM('color',(#8959),#1825);
#8959 = PRESENTATION_STYLE_ASSIGNMENT((#8960));
#8960 = SURFACE_STYLE_USAGE(.BOTH.,#8961);
#8961 = SURFACE_SIDE_STYLE('',(#8962));
#8962 = SURFACE_STYLE_FILL_AREA(#8963);
#8963 = FILL_AREA_STYLE('',(#8964));
#8964 = FILL_AREA_STYLE_COLOUR('',#8507);
#8965 = STYLED_ITEM('color',(#8966),#1837);
#8966 = PRESENTATION_STYLE_ASSIGNMENT((#8967));
#8967 = SURFACE_STYLE_USAGE(.BOTH.,#8968);
#8968 = SURFACE_SIDE_STYLE('',(#8969));
#8969 = SURFACE_STYLE_FILL_AREA(#8970);
#8970 = FILL_AREA_STYLE('',(#8971));
#8971 = FILL_AREA_STYLE_COLOUR('',#8887);
#8972 = MECHANICAL_DESIGN_GEOMETRIC_PRESENTATION_REPRESENTATION('',(
    #8973,#8981,#8988,#8995,#9002,#9009,#9017,#9024,#9031,#9038,#9045,
    #9052,#9059,#9066,#9073,#9080,#9087,#9094,#9101,#9109,#9116,#9123,
    #9130,#9137,#9144,#9151,#9158),#2580);
#8973 = STYLED_ITEM('color',(#8974),#1870);
#8974 = PRESENTATION_STYLE_ASSIGNMENT((#8975));
#8975 = SURFACE_STYLE_USAGE(.BOTH.,#8976);
#8976 = SURFACE_SIDE_STYLE('',(#8977));
#8977 = SURFACE_STYLE_FILL_AREA(#8978);
#8978 = FILL_AREA_STYLE('',(#8979));
#8979 = FILL_AREA_STYLE_COLOUR('',#8980);
#8980 = COLOUR_RGB('',0.823999987314,0.819999987296,0.781000009244);
#8981 = STYLED_ITEM('color',(#8982),#1910);
#8982 = PRESENTATION_STYLE_ASSIGNMENT((#8983));
#8983 = SURFACE_STYLE_USAGE(.BOTH.,#8984);
#8984 = SURFACE_SIDE_STYLE('',(#8985));
#8985 = SURFACE_STYLE_FILL_AREA(#8986);
#8986 = FILL_AREA_STYLE('',(#8987));
#8987 = FILL_AREA_STYLE_COLOUR('',#8980);
#8988 = STYLED_ITEM('color',(#8989),#1943);
#8989 = PRESENTATION_STYLE_ASSIGNMENT((#8990));
#8990 = SURFACE_STYLE_USAGE(.BOTH.,#8991);
#8991 = SURFACE_SIDE_STYLE('',(#8992));
#8992 = SURFACE_STYLE_FILL_AREA(#8993);
#8993 = FILL_AREA_STYLE('',(#8994));
#8994 = FILL_AREA_STYLE_COLOUR('',#8980);
#8995 = STYLED_ITEM('color',(#8996),#1967);
#8996 = PRESENTATION_STYLE_ASSIGNMENT((#8997));
#8997 = SURFACE_STYLE_USAGE(.BOTH.,#8998);
#8998 = SURFACE_SIDE_STYLE('',(#8999));
#8999 = SURFACE_STYLE_FILL_AREA(#9000);
#9000 = FILL_AREA_STYLE('',(#9001));
#9001 = FILL_AREA_STYLE_COLOUR('',#8980);
#9002 = STYLED_ITEM('color',(#9003),#1993);
#9003 = PRESENTATION_STYLE_ASSIGNMENT((#9004));
#9004 = SURFACE_STYLE_USAGE(.BOTH.,#9005);
#9005 = SURFACE_SIDE_STYLE('',(#9006));
#9006 = SURFACE_STYLE_FILL_AREA(#9007);
#9007 = FILL_AREA_STYLE('',(#9008));
#9008 = FILL_AREA_STYLE_COLOUR('',#8980);
#9009 = STYLED_ITEM('color',(#9010),#2010);
#9010 = PRESENTATION_STYLE_ASSIGNMENT((#9011));
#9011 = SURFACE_STYLE_USAGE(.BOTH.,#9012);
#9012 = SURFACE_SIDE_STYLE('',(#9013));
#9013 = SURFACE_STYLE_FILL_AREA(#9014);
#9014 = FILL_AREA_STYLE('',(#9015));
#9015 = FILL_AREA_STYLE_COLOUR('',#9016);
#9016 = COLOUR_RGB('',0.147999998088,0.144999993226,0.144999993226);
#9017 = STYLED_ITEM('color',(#9018),#2040);
#9018 = PRESENTATION_STYLE_ASSIGNMENT((#9019));
#9019 = SURFACE_STYLE_USAGE(.BOTH.,#9020);
#9020 = SURFACE_SIDE_STYLE('',(#9021));
#9021 = SURFACE_STYLE_FILL_AREA(#9022);
#9022 = FILL_AREA_STYLE('',(#9023));
#9023 = FILL_AREA_STYLE_COLOUR('',#9016);
#9024 = STYLED_ITEM('color',(#9025),#2078);
#9025 = PRESENTATION_STYLE_ASSIGNMENT((#9026));
#9026 = SURFACE_STYLE_USAGE(.BOTH.,#9027);
#9027 = SURFACE_SIDE_STYLE('',(#9028));
#9028 = SURFACE_STYLE_FILL_AREA(#9029);
#9029 = FILL_AREA_STYLE('',(#9030));
#9030 = FILL_AREA_STYLE_COLOUR('',#9016);
#9031 = STYLED_ITEM('color',(#9032),#2101);
#9032 = PRESENTATION_STYLE_ASSIGNMENT((#9033));
#9033 = SURFACE_STYLE_USAGE(.BOTH.,#9034);
#9034 = SURFACE_SIDE_STYLE('',(#9035));
#9035 = SURFACE_STYLE_FILL_AREA(#9036);
#9036 = FILL_AREA_STYLE('',(#9037));
#9037 = FILL_AREA_STYLE_COLOUR('',#9016);
#9038 = STYLED_ITEM('color',(#9039),#2150);
#9039 = PRESENTATION_STYLE_ASSIGNMENT((#9040));
#9040 = SURFACE_STYLE_USAGE(.BOTH.,#9041);
#9041 = SURFACE_SIDE_STYLE('',(#9042));
#9042 = SURFACE_STYLE_FILL_AREA(#9043);
#9043 = FILL_AREA_STYLE('',(#9044));
#9044 = FILL_AREA_STYLE_COLOUR('',#9016);
#9045 = STYLED_ITEM('color',(#9046),#2173);
#9046 = PRESENTATION_STYLE_ASSIGNMENT((#9047));
#9047 = SURFACE_STYLE_USAGE(.BOTH.,#9048);
#9048 = SURFACE_SIDE_STYLE('',(#9049));
#9049 = SURFACE_STYLE_FILL_AREA(#9050);
#9050 = FILL_AREA_STYLE('',(#9051));
#9051 = FILL_AREA_STYLE_COLOUR('',#9016);
#9052 = STYLED_ITEM('color',(#9053),#2196);
#9053 = PRESENTATION_STYLE_ASSIGNMENT((#9054));
#9054 = SURFACE_STYLE_USAGE(.BOTH.,#9055);
#9055 = SURFACE_SIDE_STYLE('',(#9056));
#9056 = SURFACE_STYLE_FILL_AREA(#9057);
#9057 = FILL_AREA_STYLE('',(#9058));
#9058 = FILL_AREA_STYLE_COLOUR('',#9016);
#9059 = STYLED_ITEM('color',(#9060),#2254);
#9060 = PRESENTATION_STYLE_ASSIGNMENT((#9061));
#9061 = SURFACE_STYLE_USAGE(.BOTH.,#9062);
#9062 = SURFACE_SIDE_STYLE('',(#9063));
#9063 = SURFACE_STYLE_FILL_AREA(#9064);
#9064 = FILL_AREA_STYLE('',(#9065));
#9065 = FILL_AREA_STYLE_COLOUR('',#9016);
#9066 = STYLED_ITEM('color',(#9067),#2277);
#9067 = PRESENTATION_STYLE_ASSIGNMENT((#9068));
#9068 = SURFACE_STYLE_USAGE(.BOTH.,#9069);
#9069 = SURFACE_SIDE_STYLE('',(#9070));
#9070 = SURFACE_STYLE_FILL_AREA(#9071);
#9071 = FILL_AREA_STYLE('',(#9072));
#9072 = FILL_AREA_STYLE_COLOUR('',#9016);
#9073 = STYLED_ITEM('color',(#9074),#2293);
#9074 = PRESENTATION_STYLE_ASSIGNMENT((#9075));
#9075 = SURFACE_STYLE_USAGE(.BOTH.,#9076);
#9076 = SURFACE_SIDE_STYLE('',(#9077));
#9077 = SURFACE_STYLE_FILL_AREA(#9078);
#9078 = FILL_AREA_STYLE('',(#9079));
#9079 = FILL_AREA_STYLE_COLOUR('',#9016);
#9080 = STYLED_ITEM('color',(#9081),#2319);
#9081 = PRESENTATION_STYLE_ASSIGNMENT((#9082));
#9082 = SURFACE_STYLE_USAGE(.BOTH.,#9083);
#9083 = SURFACE_SIDE_STYLE('',(#9084));
#9084 = SURFACE_STYLE_FILL_AREA(#9085);
#9085 = FILL_AREA_STYLE('',(#9086));
#9086 = FILL_AREA_STYLE_COLOUR('',#8980);
#9087 = STYLED_ITEM('color',(#9088),#2350);
#9088 = PRESENTATION_STYLE_ASSIGNMENT((#9089));
#9089 = SURFACE_STYLE_USAGE(.BOTH.,#9090);
#9090 = SURFACE_SIDE_STYLE('',(#9091));
#9091 = SURFACE_STYLE_FILL_AREA(#9092);
#9092 = FILL_AREA_STYLE('',(#9093));
#9093 = FILL_AREA_STYLE_COLOUR('',#9016);
#9094 = STYLED_ITEM('color',(#9095),#2376);
#9095 = PRESENTATION_STYLE_ASSIGNMENT((#9096));
#9096 = SURFACE_STYLE_USAGE(.BOTH.,#9097);
#9097 = SURFACE_SIDE_STYLE('',(#9098));
#9098 = SURFACE_STYLE_FILL_AREA(#9099);
#9099 = FILL_AREA_STYLE('',(#9100));
#9100 = FILL_AREA_STYLE_COLOUR('',#9016);
#9101 = STYLED_ITEM('color',(#9102),#2395);
#9102 = PRESENTATION_STYLE_ASSIGNMENT((#9103));
#9103 = SURFACE_STYLE_USAGE(.BOTH.,#9104);
#9104 = SURFACE_SIDE_STYLE('',(#9105));
#9105 = SURFACE_STYLE_FILL_AREA(#9106);
#9106 = FILL_AREA_STYLE('',(#9107));
#9107 = FILL_AREA_STYLE_COLOUR('',#9108);
#9108 = COLOUR_RGB('',0.690999977303,0.663999984767,0.597999987832);
#9109 = STYLED_ITEM('color',(#9110),#2426);
#9110 = PRESENTATION_STYLE_ASSIGNMENT((#9111));
#9111 = SURFACE_STYLE_USAGE(.BOTH.,#9112);
#9112 = SURFACE_SIDE_STYLE('',(#9113));
#9113 = SURFACE_STYLE_FILL_AREA(#9114);
#9114 = FILL_AREA_STYLE('',(#9115));
#9115 = FILL_AREA_STYLE_COLOUR('',#9108);
#9116 = STYLED_ITEM('color',(#9117),#2450);
#9117 = PRESENTATION_STYLE_ASSIGNMENT((#9118));
#9118 = SURFACE_STYLE_USAGE(.BOTH.,#9119);
#9119 = SURFACE_SIDE_STYLE('',(#9120));
#9120 = SURFACE_STYLE_FILL_AREA(#9121);
#9121 = FILL_AREA_STYLE('',(#9122));
#9122 = FILL_AREA_STYLE_COLOUR('',#9108);
#9123 = STYLED_ITEM('color',(#9124),#2474);
#9124 = PRESENTATION_STYLE_ASSIGNMENT((#9125));
#9125 = SURFACE_STYLE_USAGE(.BOTH.,#9126);
#9126 = SURFACE_SIDE_STYLE('',(#9127));
#9127 = SURFACE_STYLE_FILL_AREA(#9128);
#9128 = FILL_AREA_STYLE('',(#9129));
#9129 = FILL_AREA_STYLE_COLOUR('',#9108);
#9130 = STYLED_ITEM('color',(#9131),#2491);
#9131 = PRESENTATION_STYLE_ASSIGNMENT((#9132));
#9132 = SURFACE_STYLE_USAGE(.BOTH.,#9133);
#9133 = SURFACE_SIDE_STYLE('',(#9134));
#9134 = SURFACE_STYLE_FILL_AREA(#9135);
#9135 = FILL_AREA_STYLE('',(#9136));
#9136 = FILL_AREA_STYLE_COLOUR('',#8980);
#9137 = STYLED_ITEM('color',(#9138),#2515);
#9138 = PRESENTATION_STYLE_ASSIGNMENT((#9139));
#9139 = SURFACE_STYLE_USAGE(.BOTH.,#9140);
#9140 = SURFACE_SIDE_STYLE('',(#9141));
#9141 = SURFACE_STYLE_FILL_AREA(#9142);
#9142 = FILL_AREA_STYLE('',(#9143));
#9143 = FILL_AREA_STYLE_COLOUR('',#8980);
#9144 = STYLED_ITEM('color',(#9145),#2539);
#9145 = PRESENTATION_STYLE_ASSIGNMENT((#9146));
#9146 = SURFACE_STYLE_USAGE(.BOTH.,#9147);
#9147 = SURFACE_SIDE_STYLE('',(#9148));
#9148 = SURFACE_STYLE_FILL_AREA(#9149);
#9149 = FILL_AREA_STYLE('',(#9150));
#9150 = FILL_AREA_STYLE_COLOUR('',#8980);
#9151 = STYLED_ITEM('color',(#9152),#2556);
#9152 = PRESENTATION_STYLE_ASSIGNMENT((#9153));
#9153 = SURFACE_STYLE_USAGE(.BOTH.,#9154);
#9154 = SURFACE_SIDE_STYLE('',(#9155));
#9155 = SURFACE_STYLE_FILL_AREA(#9156);
#9156 = FILL_AREA_STYLE('',(#9157));
#9157 = FILL_AREA_STYLE_COLOUR('',#8980);
#9158 = STYLED_ITEM('color',(#9159),#2568);
#9159 = PRESENTATION_STYLE_ASSIGNMENT((#9160));
#9160 = SURFACE_STYLE_USAGE(.BOTH.,#9161);
#9161 = SURFACE_SIDE_STYLE('',(#9162));
#9162 = SURFACE_STYLE_FILL_AREA(#9163);
#9163 = FILL_AREA_STYLE('',(#9164));
#9164 = FILL_AREA_STYLE_COLOUR('',#9108);
#9165 = MECHANICAL_DESIGN_GEOMETRIC_PRESENTATION_REPRESENTATION('',(
    #9166,#9174,#9181,#9188,#9195,#9202,#9209,#9216,#9223,#9230,#9237,
    #9244,#9251,#9258,#9265,#9272,#9279,#9286,#9293,#9300,#9307,#9314,
    #9321,#9328,#9335,#9342,#9349,#9356,#9363,#9370,#9377,#9384,#9391,
    #9398,#9405,#9412),#7780);
#9166 = STYLED_ITEM('color',(#9167),#2604);
#9167 = PRESENTATION_STYLE_ASSIGNMENT((#9168));
#9168 = SURFACE_STYLE_USAGE(.BOTH.,#9169);
#9169 = SURFACE_SIDE_STYLE('',(#9170));
#9170 = SURFACE_STYLE_FILL_AREA(#9171);
#9171 = FILL_AREA_STYLE('',(#9172));
#9172 = FILL_AREA_STYLE_COLOUR('',#9173);
#9173 = COLOUR_RGB('',0.735356983052,0.735356983052,0.735356983052);
#9174 = STYLED_ITEM('color',(#9175),#2933);
#9175 = PRESENTATION_STYLE_ASSIGNMENT((#9176));
#9176 = SURFACE_STYLE_USAGE(.BOTH.,#9177);
#9177 = SURFACE_SIDE_STYLE('',(#9178));
#9178 = SURFACE_STYLE_FILL_AREA(#9179);
#9179 = FILL_AREA_STYLE('',(#9180));
#9180 = FILL_AREA_STYLE_COLOUR('',#9173);
#9181 = STYLED_ITEM('color',(#9182),#3262);
#9182 = PRESENTATION_STYLE_ASSIGNMENT((#9183));
#9183 = SURFACE_STYLE_USAGE(.BOTH.,#9184);
#9184 = SURFACE_SIDE_STYLE('',(#9185));
#9185 = SURFACE_STYLE_FILL_AREA(#9186);
#9186 = FILL_AREA_STYLE('',(#9187));
#9187 = FILL_AREA_STYLE_COLOUR('',#9173);
#9188 = STYLED_ITEM('color',(#9189),#3354);
#9189 = PRESENTATION_STYLE_ASSIGNMENT((#9190));
#9190 = SURFACE_STYLE_USAGE(.BOTH.,#9191);
#9191 = SURFACE_SIDE_STYLE('',(#9192));
#9192 = SURFACE_STYLE_FILL_AREA(#9193);
#9193 = FILL_AREA_STYLE('',(#9194));
#9194 = FILL_AREA_STYLE_COLOUR('',#9173);
#9195 = STYLED_ITEM('color',(#9196),#3547);
#9196 = PRESENTATION_STYLE_ASSIGNMENT((#9197));
#9197 = SURFACE_STYLE_USAGE(.BOTH.,#9198);
#9198 = SURFACE_SIDE_STYLE('',(#9199));
#9199 = SURFACE_STYLE_FILL_AREA(#9200);
#9200 = FILL_AREA_STYLE('',(#9201));
#9201 = FILL_AREA_STYLE_COLOUR('',#9173);
#9202 = STYLED_ITEM('color',(#9203),#3740);
#9203 = PRESENTATION_STYLE_ASSIGNMENT((#9204));
#9204 = SURFACE_STYLE_USAGE(.BOTH.,#9205);
#9205 = SURFACE_SIDE_STYLE('',(#9206));
#9206 = SURFACE_STYLE_FILL_AREA(#9207);
#9207 = FILL_AREA_STYLE('',(#9208));
#9208 = FILL_AREA_STYLE_COLOUR('',#9173);
#9209 = STYLED_ITEM('color',(#9210),#3832);
#9210 = PRESENTATION_STYLE_ASSIGNMENT((#9211));
#9211 = SURFACE_STYLE_USAGE(.BOTH.,#9212);
#9212 = SURFACE_SIDE_STYLE('',(#9213));
#9213 = SURFACE_STYLE_FILL_AREA(#9214);
#9214 = FILL_AREA_STYLE('',(#9215));
#9215 = FILL_AREA_STYLE_COLOUR('',#9173);
#9216 = STYLED_ITEM('color',(#9217),#3924);
#9217 = PRESENTATION_STYLE_ASSIGNMENT((#9218));
#9218 = SURFACE_STYLE_USAGE(.BOTH.,#9219);
#9219 = SURFACE_SIDE_STYLE('',(#9220));
#9220 = SURFACE_STYLE_FILL_AREA(#9221);
#9221 = FILL_AREA_STYLE('',(#9222));
#9222 = FILL_AREA_STYLE_COLOUR('',#9173);
#9223 = STYLED_ITEM('color',(#9224),#4016);
#9224 = PRESENTATION_STYLE_ASSIGNMENT((#9225));
#9225 = SURFACE_STYLE_USAGE(.BOTH.,#9226);
#9226 = SURFACE_SIDE_STYLE('',(#9227));
#9227 = SURFACE_STYLE_FILL_AREA(#9228);
#9228 = FILL_AREA_STYLE('',(#9229));
#9229 = FILL_AREA_STYLE_COLOUR('',#9173);
#9230 = STYLED_ITEM('color',(#9231),#4108);
#9231 = PRESENTATION_STYLE_ASSIGNMENT((#9232));
#9232 = SURFACE_STYLE_USAGE(.BOTH.,#9233);
#9233 = SURFACE_SIDE_STYLE('',(#9234));
#9234 = SURFACE_STYLE_FILL_AREA(#9235);
#9235 = FILL_AREA_STYLE('',(#9236));
#9236 = FILL_AREA_STYLE_COLOUR('',#9173);
#9237 = STYLED_ITEM('color',(#9238),#4200);
#9238 = PRESENTATION_STYLE_ASSIGNMENT((#9239));
#9239 = SURFACE_STYLE_USAGE(.BOTH.,#9240);
#9240 = SURFACE_SIDE_STYLE('',(#9241));
#9241 = SURFACE_STYLE_FILL_AREA(#9242);
#9242 = FILL_AREA_STYLE('',(#9243));
#9243 = FILL_AREA_STYLE_COLOUR('',#9173);
#9244 = STYLED_ITEM('color',(#9245),#4292);
#9245 = PRESENTATION_STYLE_ASSIGNMENT((#9246));
#9246 = SURFACE_STYLE_USAGE(.BOTH.,#9247);
#9247 = SURFACE_SIDE_STYLE('',(#9248));
#9248 = SURFACE_STYLE_FILL_AREA(#9249);
#9249 = FILL_AREA_STYLE('',(#9250));
#9250 = FILL_AREA_STYLE_COLOUR('',#9173);
#9251 = STYLED_ITEM('color',(#9252),#4384);
#9252 = PRESENTATION_STYLE_ASSIGNMENT((#9253));
#9253 = SURFACE_STYLE_USAGE(.BOTH.,#9254);
#9254 = SURFACE_SIDE_STYLE('',(#9255));
#9255 = SURFACE_STYLE_FILL_AREA(#9256);
#9256 = FILL_AREA_STYLE('',(#9257));
#9257 = FILL_AREA_STYLE_COLOUR('',#9173);
#9258 = STYLED_ITEM('color',(#9259),#4476);
#9259 = PRESENTATION_STYLE_ASSIGNMENT((#9260));
#9260 = SURFACE_STYLE_USAGE(.BOTH.,#9261);
#9261 = SURFACE_SIDE_STYLE('',(#9262));
#9262 = SURFACE_STYLE_FILL_AREA(#9263);
#9263 = FILL_AREA_STYLE('',(#9264));
#9264 = FILL_AREA_STYLE_COLOUR('',#9173);
#9265 = STYLED_ITEM('color',(#9266),#4568);
#9266 = PRESENTATION_STYLE_ASSIGNMENT((#9267));
#9267 = SURFACE_STYLE_USAGE(.BOTH.,#9268);
#9268 = SURFACE_SIDE_STYLE('',(#9269));
#9269 = SURFACE_STYLE_FILL_AREA(#9270);
#9270 = FILL_AREA_STYLE('',(#9271));
#9271 = FILL_AREA_STYLE_COLOUR('',#9173);
#9272 = STYLED_ITEM('color',(#9273),#4660);
#9273 = PRESENTATION_STYLE_ASSIGNMENT((#9274));
#9274 = SURFACE_STYLE_USAGE(.BOTH.,#9275);
#9275 = SURFACE_SIDE_STYLE('',(#9276));
#9276 = SURFACE_STYLE_FILL_AREA(#9277);
#9277 = FILL_AREA_STYLE('',(#9278));
#9278 = FILL_AREA_STYLE_COLOUR('',#9173);
#9279 = STYLED_ITEM('color',(#9280),#4752);
#9280 = PRESENTATION_STYLE_ASSIGNMENT((#9281));
#9281 = SURFACE_STYLE_USAGE(.BOTH.,#9282);
#9282 = SURFACE_SIDE_STYLE('',(#9283));
#9283 = SURFACE_STYLE_FILL_AREA(#9284);
#9284 = FILL_AREA_STYLE('',(#9285));
#9285 = FILL_AREA_STYLE_COLOUR('',#9173);
#9286 = STYLED_ITEM('color',(#9287),#4844);
#9287 = PRESENTATION_STYLE_ASSIGNMENT((#9288));
#9288 = SURFACE_STYLE_USAGE(.BOTH.,#9289);
#9289 = SURFACE_SIDE_STYLE('',(#9290));
#9290 = SURFACE_STYLE_FILL_AREA(#9291);
#9291 = FILL_AREA_STYLE('',(#9292));
#9292 = FILL_AREA_STYLE_COLOUR('',#9173);
#9293 = STYLED_ITEM('color',(#9294),#4936);
#9294 = PRESENTATION_STYLE_ASSIGNMENT((#9295));
#9295 = SURFACE_STYLE_USAGE(.BOTH.,#9296);
#9296 = SURFACE_SIDE_STYLE('',(#9297));
#9297 = SURFACE_STYLE_FILL_AREA(#9298);
#9298 = FILL_AREA_STYLE('',(#9299));
#9299 = FILL_AREA_STYLE_COLOUR('',#9173);
#9300 = STYLED_ITEM('color',(#9301),#5028);
#9301 = PRESENTATION_STYLE_ASSIGNMENT((#9302));
#9302 = SURFACE_STYLE_USAGE(.BOTH.,#9303);
#9303 = SURFACE_SIDE_STYLE('',(#9304));
#9304 = SURFACE_STYLE_FILL_AREA(#9305);
#9305 = FILL_AREA_STYLE('',(#9306));
#9306 = FILL_AREA_STYLE_COLOUR('',#9173);
#9307 = STYLED_ITEM('color',(#9308),#5120);
#9308 = PRESENTATION_STYLE_ASSIGNMENT((#9309));
#9309 = SURFACE_STYLE_USAGE(.BOTH.,#9310);
#9310 = SURFACE_SIDE_STYLE('',(#9311));
#9311 = SURFACE_STYLE_FILL_AREA(#9312);
#9312 = FILL_AREA_STYLE('',(#9313));
#9313 = FILL_AREA_STYLE_COLOUR('',#9173);
#9314 = STYLED_ITEM('color',(#9315),#5212);
#9315 = PRESENTATION_STYLE_ASSIGNMENT((#9316));
#9316 = SURFACE_STYLE_USAGE(.BOTH.,#9317);
#9317 = SURFACE_SIDE_STYLE('',(#9318));
#9318 = SURFACE_STYLE_FILL_AREA(#9319);
#9319 = FILL_AREA_STYLE('',(#9320));
#9320 = FILL_AREA_STYLE_COLOUR('',#9173);
#9321 = STYLED_ITEM('color',(#9322),#5304);
#9322 = PRESENTATION_STYLE_ASSIGNMENT((#9323));
#9323 = SURFACE_STYLE_USAGE(.BOTH.,#9324);
#9324 = SURFACE_SIDE_STYLE('',(#9325));
#9325 = SURFACE_STYLE_FILL_AREA(#9326);
#9326 = FILL_AREA_STYLE('',(#9327));
#9327 = FILL_AREA_STYLE_COLOUR('',#9173);
#9328 = STYLED_ITEM('color',(#9329),#5396);
#9329 = PRESENTATION_STYLE_ASSIGNMENT((#9330));
#9330 = SURFACE_STYLE_USAGE(.BOTH.,#9331);
#9331 = SURFACE_SIDE_STYLE('',(#9332));
#9332 = SURFACE_STYLE_FILL_AREA(#9333);
#9333 = FILL_AREA_STYLE('',(#9334));
#9334 = FILL_AREA_STYLE_COLOUR('',#9173);
#9335 = STYLED_ITEM('color',(#9336),#5488);
#9336 = PRESENTATION_STYLE_ASSIGNMENT((#9337));
#9337 = SURFACE_STYLE_USAGE(.BOTH.,#9338);
#9338 = SURFACE_SIDE_STYLE('',(#9339));
#9339 = SURFACE_STYLE_FILL_AREA(#9340);
#9340 = FILL_AREA_STYLE('',(#9341));
#9341 = FILL_AREA_STYLE_COLOUR('',#9173);
#9342 = STYLED_ITEM('color',(#9343),#5580);
#9343 = PRESENTATION_STYLE_ASSIGNMENT((#9344));
#9344 = SURFACE_STYLE_USAGE(.BOTH.,#9345);
#9345 = SURFACE_SIDE_STYLE('',(#9346));
#9346 = SURFACE_STYLE_FILL_AREA(#9347);
#9347 = FILL_AREA_STYLE('',(#9348));
#9348 = FILL_AREA_STYLE_COLOUR('',#9173);
#9349 = STYLED_ITEM('color',(#9350),#5672);
#9350 = PRESENTATION_STYLE_ASSIGNMENT((#9351));
#9351 = SURFACE_STYLE_USAGE(.BOTH.,#9352);
#9352 = SURFACE_SIDE_STYLE('',(#9353));
#9353 = SURFACE_STYLE_FILL_AREA(#9354);
#9354 = FILL_AREA_STYLE('',(#9355));
#9355 = FILL_AREA_STYLE_COLOUR('',#9173);
#9356 = STYLED_ITEM('color',(#9357),#5764);
#9357 = PRESENTATION_STYLE_ASSIGNMENT((#9358));
#9358 = SURFACE_STYLE_USAGE(.BOTH.,#9359);
#9359 = SURFACE_SIDE_STYLE('',(#9360));
#9360 = SURFACE_STYLE_FILL_AREA(#9361);
#9361 = FILL_AREA_STYLE('',(#9362));
#9362 = FILL_AREA_STYLE_COLOUR('',#9173);
#9363 = STYLED_ITEM('color',(#9364),#5856);
#9364 = PRESENTATION_STYLE_ASSIGNMENT((#9365));
#9365 = SURFACE_STYLE_USAGE(.BOTH.,#9366);
#9366 = SURFACE_SIDE_STYLE('',(#9367));
#9367 = SURFACE_STYLE_FILL_AREA(#9368);
#9368 = FILL_AREA_STYLE('',(#9369));
#9369 = FILL_AREA_STYLE_COLOUR('',#9173);
#9370 = STYLED_ITEM('color',(#9371),#5948);
#9371 = PRESENTATION_STYLE_ASSIGNMENT((#9372));
#9372 = SURFACE_STYLE_USAGE(.BOTH.,#9373);
#9373 = SURFACE_SIDE_STYLE('',(#9374));
#9374 = SURFACE_STYLE_FILL_AREA(#9375);
#9375 = FILL_AREA_STYLE('',(#9376));
#9376 = FILL_AREA_STYLE_COLOUR('',#9173);
#9377 = STYLED_ITEM('color',(#9378),#6040);
#9378 = PRESENTATION_STYLE_ASSIGNMENT((#9379));
#9379 = SURFACE_STYLE_USAGE(.BOTH.,#9380);
#9380 = SURFACE_SIDE_STYLE('',(#9381));
#9381 = SURFACE_STYLE_FILL_AREA(#9382);
#9382 = FILL_AREA_STYLE('',(#9383));
#9383 = FILL_AREA_STYLE_COLOUR('',#9173);
#9384 = STYLED_ITEM('color',(#9385),#6330);
#9385 = PRESENTATION_STYLE_ASSIGNMENT((#9386));
#9386 = SURFACE_STYLE_USAGE(.BOTH.,#9387);
#9387 = SURFACE_SIDE_STYLE('',(#9388));
#9388 = SURFACE_STYLE_FILL_AREA(#9389);
#9389 = FILL_AREA_STYLE('',(#9390));
#9390 = FILL_AREA_STYLE_COLOUR('',#9173);
#9391 = STYLED_ITEM('color',(#9392),#6620);
#9392 = PRESENTATION_STYLE_ASSIGNMENT((#9393));
#9393 = SURFACE_STYLE_USAGE(.BOTH.,#9394);
#9394 = SURFACE_SIDE_STYLE('',(#9395));
#9395 = SURFACE_STYLE_FILL_AREA(#9396);
#9396 = FILL_AREA_STYLE('',(#9397));
#9397 = FILL_AREA_STYLE_COLOUR('',#9173);
#9398 = STYLED_ITEM('color',(#9399),#6910);
#9399 = PRESENTATION_STYLE_ASSIGNMENT((#9400));
#9400 = SURFACE_STYLE_USAGE(.BOTH.,#9401);
#9401 = SURFACE_SIDE_STYLE('',(#9402));
#9402 = SURFACE_STYLE_FILL_AREA(#9403);
#9403 = FILL_AREA_STYLE('',(#9404));
#9404 = FILL_AREA_STYLE_COLOUR('',#9173);
#9405 = STYLED_ITEM('color',(#9406),#7200);
#9406 = PRESENTATION_STYLE_ASSIGNMENT((#9407));
#9407 = SURFACE_STYLE_USAGE(.BOTH.,#9408);
#9408 = SURFACE_SIDE_STYLE('',(#9409));
#9409 = SURFACE_STYLE_FILL_AREA(#9410);
#9410 = FILL_AREA_STYLE('',(#9411));
#9411 = FILL_AREA_STYLE_COLOUR('',#9173);
#9412 = STYLED_ITEM('color',(#9413),#7490);
#9413 = PRESENTATION_STYLE_ASSIGNMENT((#9414));
#9414 = SURFACE_STYLE_USAGE(.BOTH.,#9415);
#9415 = SURFACE_SIDE_STYLE('',(#9416));
#9416 = SURFACE_STYLE_FILL_AREA(#9417);
#9417 = FILL_AREA_STYLE('',(#9418));
#9418 = FILL_AREA_STYLE_COLOUR('',#9173);
ENDSEC;
END-ISO-10303-21;
